Core, 0
Cumulative Cycles, 109300549           
Cumulative Instructions, 99999999            
Cumulative IPC, 0.91491
Periodic Cycles, 109300549           
Periodic Instructions, 99999999            
Periodic IPC, 0.91491

BTB_ON_PATH_MISS_count,      10118581
BTB_ON_PATH_MISS_pct,       43.306
BTB_ON_PATH_MISS_total_count,      10118581
BTB_ON_PATH_MISS_total_pct,       43.306

BTB_ON_PATH_HIT_count,      13246614
BTB_ON_PATH_HIT_pct,       56.694
BTB_ON_PATH_HIT_total_count,      13246614
BTB_ON_PATH_HIT_total_pct,       56.694
BTB_ON_PATH_HIT_sum_count,      23365195
BTB_ON_PATH_HIT_sum_pct,      100.000
BTB_ON_PATH_HIT_sum_total_count,      23365195
BTB_ON_PATH_HIT_sum_total_pct,      100.000
BTB_ON_PATH_HIT_mean,         0.57
BTB_ON_PATH_HIT_stddev,         0.54
BTB_ON_PATH_HIT_total_mean,         0.57
BTB_ON_PATH_HIT_total_stddev,         0.54

BTB_OFF_PATH_MISS_count,       9632597
BTB_OFF_PATH_MISS_pct,       48.188
BTB_OFF_PATH_MISS_total_count,       9632597
BTB_OFF_PATH_MISS_total_pct,       48.188

BTB_OFF_PATH_HIT_count,      10357019
BTB_OFF_PATH_HIT_pct,       51.812
BTB_OFF_PATH_HIT_total_count,      10357019
BTB_OFF_PATH_HIT_total_pct,       51.812
BTB_OFF_PATH_HIT_sum_count,      19989616
BTB_OFF_PATH_HIT_sum_pct,      100.000
BTB_OFF_PATH_HIT_sum_total_count,      19989616
BTB_OFF_PATH_HIT_sum_total_pct,      100.000
BTB_OFF_PATH_HIT_mean,         0.52
BTB_OFF_PATH_HIT_stddev,         0.51
BTB_OFF_PATH_HIT_total_mean,         0.52
BTB_OFF_PATH_HIT_total_stddev,         0.51

BTB_ON_PATH_WRITE_count,       1139470
BTB_ON_PATH_WRITE_pct,       97.156
BTB_ON_PATH_WRITE_total_count,       1139470
BTB_ON_PATH_WRITE_total_pct,       97.156

BTB_OFF_PATH_WRITE_count,         33360
BTB_OFF_PATH_WRITE_pct,        2.844
BTB_OFF_PATH_WRITE_total_count,         33360
BTB_OFF_PATH_WRITE_total_pct,        2.844
BTB_OFF_PATH_WRITE_sum_count,       1172830
BTB_OFF_PATH_WRITE_sum_pct,      100.000
BTB_OFF_PATH_WRITE_sum_total_count,       1172830
BTB_OFF_PATH_WRITE_sum_total_pct,      100.000
BTB_OFF_PATH_WRITE_mean,         0.03
BTB_OFF_PATH_WRITE_stddev,         0.16
BTB_OFF_PATH_WRITE_total_mean,         0.03
BTB_OFF_PATH_WRITE_total_stddev,         0.16

BP_ON_PATH_CORRECT_count,      23053109
BP_ON_PATH_CORRECT_pct,       98.664
BP_ON_PATH_CORRECT_total_count,      23053109
BP_ON_PATH_CORRECT_total_pct,       98.664

BP_ON_PATH_MISPREDICT_count,        262418
BP_ON_PATH_MISPREDICT_pct,        1.123
BP_ON_PATH_MISPREDICT_total_count,        262418
BP_ON_PATH_MISPREDICT_total_pct,        1.123

BP_ON_PATH_MISFETCH_count,         49668
BP_ON_PATH_MISFETCH_pct,        0.213
BP_ON_PATH_MISFETCH_total_count,         49668
BP_ON_PATH_MISFETCH_total_pct,        0.213
BP_ON_PATH_MISFETCH_sum_count,      23365195
BP_ON_PATH_MISFETCH_sum_pct,      100.000
BP_ON_PATH_MISFETCH_sum_total_count,      23365195
BP_ON_PATH_MISFETCH_sum_total_pct,      100.000
BP_ON_PATH_MISFETCH_mean,         0.02
BP_ON_PATH_MISFETCH_stddev,         0.14
BP_ON_PATH_MISFETCH_total_mean,         0.02
BP_ON_PATH_MISFETCH_total_stddev,         0.14

BP_OFF_PATH_CORRECT_count,      18736081
BP_OFF_PATH_CORRECT_pct,       93.729
BP_OFF_PATH_CORRECT_total_count,      18736081
BP_OFF_PATH_CORRECT_total_pct,       93.729

BP_OFF_PATH_MISPREDICT_count,        443750
BP_OFF_PATH_MISPREDICT_pct,        2.220
BP_OFF_PATH_MISPREDICT_total_count,        443750
BP_OFF_PATH_MISPREDICT_total_pct,        2.220

BP_OFF_PATH_MISFETCH_count,        809785
BP_OFF_PATH_MISFETCH_pct,        4.051
BP_OFF_PATH_MISFETCH_total_count,        809785
BP_OFF_PATH_MISFETCH_total_pct,        4.051
BP_OFF_PATH_MISFETCH_sum_count,      19989616
BP_OFF_PATH_MISFETCH_sum_pct,      100.000
BP_OFF_PATH_MISFETCH_sum_total_count,      19989616
BP_OFF_PATH_MISFETCH_sum_total_pct,      100.000
BP_OFF_PATH_MISFETCH_mean,         0.10
BP_OFF_PATH_MISFETCH_stddev,         0.41
BP_OFF_PATH_MISFETCH_total_mean,         0.10
BP_OFF_PATH_MISFETCH_total_stddev,         0.41

LATE_BP_ON_PATH_CORRECT_count,      23365195
LATE_BP_ON_PATH_CORRECT_pct,      100.000
LATE_BP_ON_PATH_CORRECT_total_count,      23365195
LATE_BP_ON_PATH_CORRECT_total_pct,      100.000

LATE_BP_ON_PATH_MISPREDICT_count,             0
LATE_BP_ON_PATH_MISPREDICT_pct,        0.000
LATE_BP_ON_PATH_MISPREDICT_total_count,             0
LATE_BP_ON_PATH_MISPREDICT_total_pct,        0.000

LATE_BP_ON_PATH_MISFETCH_count,             0
LATE_BP_ON_PATH_MISFETCH_pct,        0.000
LATE_BP_ON_PATH_MISFETCH_total_count,             0
LATE_BP_ON_PATH_MISFETCH_total_pct,        0.000
LATE_BP_ON_PATH_MISFETCH_sum_count,      23365195
LATE_BP_ON_PATH_MISFETCH_sum_pct,      100.000
LATE_BP_ON_PATH_MISFETCH_sum_total_count,      23365195
LATE_BP_ON_PATH_MISFETCH_sum_total_pct,      100.000
LATE_BP_ON_PATH_MISFETCH_mean,         0.00
LATE_BP_ON_PATH_MISFETCH_stddev,         0.00
LATE_BP_ON_PATH_MISFETCH_total_mean,         0.00
LATE_BP_ON_PATH_MISFETCH_total_stddev,         0.00

LATE_BP_OFF_PATH_CORRECT_count,      19989616
LATE_BP_OFF_PATH_CORRECT_pct,      100.000
LATE_BP_OFF_PATH_CORRECT_total_count,      19989616
LATE_BP_OFF_PATH_CORRECT_total_pct,      100.000

LATE_BP_OFF_PATH_MISPREDICT_count,             0
LATE_BP_OFF_PATH_MISPREDICT_pct,        0.000
LATE_BP_OFF_PATH_MISPREDICT_total_count,             0
LATE_BP_OFF_PATH_MISPREDICT_total_pct,        0.000

LATE_BP_OFF_PATH_MISFETCH_count,             0
LATE_BP_OFF_PATH_MISFETCH_pct,        0.000
LATE_BP_OFF_PATH_MISFETCH_total_count,             0
LATE_BP_OFF_PATH_MISFETCH_total_pct,        0.000
LATE_BP_OFF_PATH_MISFETCH_sum_count,      19989616
LATE_BP_OFF_PATH_MISFETCH_sum_pct,      100.000
LATE_BP_OFF_PATH_MISFETCH_sum_total_count,      19989616
LATE_BP_OFF_PATH_MISFETCH_sum_total_pct,      100.000
LATE_BP_OFF_PATH_MISFETCH_mean,         0.00
LATE_BP_OFF_PATH_MISFETCH_stddev,         0.00
LATE_BP_OFF_PATH_MISFETCH_total_mean,         0.00
LATE_BP_OFF_PATH_MISFETCH_total_stddev,         0.00

BP_ON_PATH_CONF_PVN_count,             0
BP_ON_PATH_CONF_PVN_pct,         -nan
BP_ON_PATH_CONF_PVN_total_count,             0
BP_ON_PATH_CONF_PVN_total_pct,         -nan

BP_ON_PATH_CONF_PVN_BOT_count,             0
BP_ON_PATH_CONF_PVN_BOT_pct,         -nan
BP_ON_PATH_CONF_PVN_BOT_total_count,             0
BP_ON_PATH_CONF_PVN_BOT_total_pct,         -nan
BP_ON_PATH_CONF_PVN_BOT_sum_count,             0
BP_ON_PATH_CONF_PVN_BOT_sum_pct,         -nan
BP_ON_PATH_CONF_PVN_BOT_sum_total_count,             0
BP_ON_PATH_CONF_PVN_BOT_sum_total_pct,         -nan
BP_ON_PATH_CONF_PVN_BOT_mean,         -nan
BP_ON_PATH_CONF_PVN_BOT_stddev,         -nan
BP_ON_PATH_CONF_PVN_BOT_total_mean,         -nan
BP_ON_PATH_CONF_PVN_BOT_total_stddev,         -nan

BP_ON_PATH_CONF_PVP_count,             0
BP_ON_PATH_CONF_PVP_pct,         -nan
BP_ON_PATH_CONF_PVP_total_count,             0
BP_ON_PATH_CONF_PVP_total_pct,         -nan

BP_ON_PATH_CONF_PVP_BOT_count,             0
BP_ON_PATH_CONF_PVP_BOT_pct,         -nan
BP_ON_PATH_CONF_PVP_BOT_total_count,             0
BP_ON_PATH_CONF_PVP_BOT_total_pct,         -nan
BP_ON_PATH_CONF_PVP_BOT_sum_count,             0
BP_ON_PATH_CONF_PVP_BOT_sum_pct,         -nan
BP_ON_PATH_CONF_PVP_BOT_sum_total_count,             0
BP_ON_PATH_CONF_PVP_BOT_sum_total_pct,         -nan
BP_ON_PATH_CONF_PVP_BOT_mean,         -nan
BP_ON_PATH_CONF_PVP_BOT_stddev,         -nan
BP_ON_PATH_CONF_PVP_BOT_total_mean,         -nan
BP_ON_PATH_CONF_PVP_BOT_total_stddev,         -nan

BP_ON_PATH_CONF_SPEC_count,             0
BP_ON_PATH_CONF_SPEC_pct,         -nan
BP_ON_PATH_CONF_SPEC_total_count,             0
BP_ON_PATH_CONF_SPEC_total_pct,         -nan

BP_ON_PATH_CONF_SPEC_BOT_count,             0
BP_ON_PATH_CONF_SPEC_BOT_pct,         -nan
BP_ON_PATH_CONF_SPEC_BOT_total_count,             0
BP_ON_PATH_CONF_SPEC_BOT_total_pct,         -nan
BP_ON_PATH_CONF_SPEC_BOT_sum_count,             0
BP_ON_PATH_CONF_SPEC_BOT_sum_pct,         -nan
BP_ON_PATH_CONF_SPEC_BOT_sum_total_count,             0
BP_ON_PATH_CONF_SPEC_BOT_sum_total_pct,         -nan
BP_ON_PATH_CONF_SPEC_BOT_mean,         -nan
BP_ON_PATH_CONF_SPEC_BOT_stddev,         -nan
BP_ON_PATH_CONF_SPEC_BOT_total_mean,         -nan
BP_ON_PATH_CONF_SPEC_BOT_total_stddev,         -nan

CRS_MISS_ON_PATH_count,         26840
CRS_MISS_ON_PATH_pct,        0.804
CRS_MISS_ON_PATH_total_count,         26840
CRS_MISS_ON_PATH_total_pct,        0.804

CRS_HIT_ON_PATH_count,       3310545
CRS_HIT_ON_PATH_pct,       99.196
CRS_HIT_ON_PATH_total_count,       3310545
CRS_HIT_ON_PATH_total_pct,       99.196
CRS_HIT_ON_PATH_sum_count,       3337385
CRS_HIT_ON_PATH_sum_pct,      100.000
CRS_HIT_ON_PATH_sum_total_count,       3337385
CRS_HIT_ON_PATH_sum_total_pct,      100.000
CRS_HIT_ON_PATH_mean,         0.99
CRS_HIT_ON_PATH_stddev,         0.99
CRS_HIT_ON_PATH_total_mean,         0.99
CRS_HIT_ON_PATH_total_stddev,         0.99

CRS_MISS_OFF_PATH_count,        800157
CRS_MISS_OFF_PATH_pct,       34.827
CRS_MISS_OFF_PATH_total_count,        800157
CRS_MISS_OFF_PATH_total_pct,       34.827

CRS_HIT_OFF_PATH_count,       1497344
CRS_HIT_OFF_PATH_pct,       65.173
CRS_HIT_OFF_PATH_total_count,       1497344
CRS_HIT_OFF_PATH_total_pct,       65.173
CRS_HIT_OFF_PATH_sum_count,       2297501
CRS_HIT_OFF_PATH_sum_pct,      100.000
CRS_HIT_OFF_PATH_sum_total_count,       2297501
CRS_HIT_OFF_PATH_sum_total_pct,      100.000
CRS_HIT_OFF_PATH_mean,         0.65
CRS_HIT_OFF_PATH_stddev,         0.60
CRS_HIT_OFF_PATH_total_mean,         0.65
CRS_HIT_OFF_PATH_total_stddev,         0.60

CRS_CLOBBER_count,             0
CRS_CLOBBER_total_count,             0

TARG_ON_PATH_MISS_count,         61109
TARG_ON_PATH_MISS_pct,       12.173
TARG_ON_PATH_MISS_total_count,         61109
TARG_ON_PATH_MISS_total_pct,       12.173

TARG_ON_PATH_HIT_count,        440915
TARG_ON_PATH_HIT_pct,       87.827
TARG_ON_PATH_HIT_total_count,        440915
TARG_ON_PATH_HIT_total_pct,       87.827
TARG_ON_PATH_HIT_sum_count,        502024
TARG_ON_PATH_HIT_sum_pct,      100.000
TARG_ON_PATH_HIT_sum_total_count,        502024
TARG_ON_PATH_HIT_sum_total_pct,      100.000
TARG_ON_PATH_HIT_mean,         0.88
TARG_ON_PATH_HIT_stddev,         0.83
TARG_ON_PATH_HIT_total_mean,         0.88
TARG_ON_PATH_HIT_total_stddev,         0.83

TARG_OFF_PATH_MISS_count,        302219
TARG_OFF_PATH_MISS_pct,       58.767
TARG_OFF_PATH_MISS_total_count,        302219
TARG_OFF_PATH_MISS_total_pct,       58.767

TARG_OFF_PATH_HIT_count,        212049
TARG_OFF_PATH_HIT_pct,       41.233
TARG_OFF_PATH_HIT_total_count,        212049
TARG_OFF_PATH_HIT_total_pct,       41.233
TARG_OFF_PATH_HIT_sum_count,        514268
TARG_OFF_PATH_HIT_sum_pct,      100.000
TARG_OFF_PATH_HIT_sum_total_count,        514268
TARG_OFF_PATH_HIT_sum_total_pct,      100.000
TARG_OFF_PATH_HIT_mean,         0.41
TARG_OFF_PATH_HIT_stddev,         0.46
TARG_OFF_PATH_HIT_total_mean,         0.41
TARG_OFF_PATH_HIT_total_stddev,         0.46

TARG_ON_PATH_WRITE_count,        502024
TARG_ON_PATH_WRITE_pct,       94.430
TARG_ON_PATH_WRITE_total_count,        502024
TARG_ON_PATH_WRITE_total_pct,       94.430

TARG_OFF_PATH_WRITE_count,         29611
TARG_OFF_PATH_WRITE_pct,        5.570
TARG_OFF_PATH_WRITE_total_count,         29611
TARG_OFF_PATH_WRITE_total_pct,        5.570
TARG_OFF_PATH_WRITE_sum_count,        531635
TARG_OFF_PATH_WRITE_sum_pct,      100.000
TARG_OFF_PATH_WRITE_sum_total_count,        531635
TARG_OFF_PATH_WRITE_sum_total_pct,      100.000
TARG_OFF_PATH_WRITE_mean,         0.06
TARG_OFF_PATH_WRITE_stddev,         0.22
TARG_OFF_PATH_WRITE_total_mean,         0.06
TARG_OFF_PATH_WRITE_total_stddev,         0.22

TARG_HYBRID_CORRECT_TAGLESS_count,             0
TARG_HYBRID_CORRECT_TAGLESS_pct,         -nan
TARG_HYBRID_CORRECT_TAGLESS_total_count,             0
TARG_HYBRID_CORRECT_TAGLESS_total_pct,         -nan

TARG_HYBRID_CORRECT_TAGGED_count,             0
TARG_HYBRID_CORRECT_TAGGED_pct,         -nan
TARG_HYBRID_CORRECT_TAGGED_total_count,             0
TARG_HYBRID_CORRECT_TAGGED_total_pct,         -nan

TARG_HYBRID_MISPRED_TAGLESS_count,             0
TARG_HYBRID_MISPRED_TAGLESS_pct,         -nan
TARG_HYBRID_MISPRED_TAGLESS_total_count,             0
TARG_HYBRID_MISPRED_TAGLESS_total_pct,         -nan

TARG_HYBRID_MISPRED_TAGGED_count,             0
TARG_HYBRID_MISPRED_TAGGED_pct,         -nan
TARG_HYBRID_MISPRED_TAGGED_total_count,             0
TARG_HYBRID_MISPRED_TAGGED_total_pct,         -nan

TARG_HYBRID_NO_PRED_count,             0
TARG_HYBRID_NO_PRED_pct,         -nan
TARG_HYBRID_NO_PRED_total_count,             0
TARG_HYBRID_NO_PRED_total_pct,         -nan
TARG_HYBRID_NO_PRED_sum_count,             0
TARG_HYBRID_NO_PRED_sum_pct,         -nan
TARG_HYBRID_NO_PRED_sum_total_count,             0
TARG_HYBRID_NO_PRED_sum_total_pct,         -nan
TARG_HYBRID_NO_PRED_mean,         -nan
TARG_HYBRID_NO_PRED_stddev,         -nan
TARG_HYBRID_NO_PRED_total_mean,         -nan
TARG_HYBRID_NO_PRED_total_stddev,         -nan

TARG_VP_INDIRECT_MISPRED_count,             0
TARG_VP_INDIRECT_MISPRED_pct,         -nan
TARG_VP_INDIRECT_MISPRED_total_count,             0
TARG_VP_INDIRECT_MISPRED_total_pct,         -nan

TARG_VP_INDIRECT_NOPRED_count,             0
TARG_VP_INDIRECT_NOPRED_pct,         -nan
TARG_VP_INDIRECT_NOPRED_total_count,             0
TARG_VP_INDIRECT_NOPRED_total_pct,         -nan

TARG_VP_INDIRECT_CORRECT_count,             0
TARG_VP_INDIRECT_CORRECT_pct,         -nan
TARG_VP_INDIRECT_CORRECT_total_count,             0
TARG_VP_INDIRECT_CORRECT_total_pct,         -nan
TARG_VP_INDIRECT_CORRECT_sum_count,             0
TARG_VP_INDIRECT_CORRECT_sum_pct,         -nan
TARG_VP_INDIRECT_CORRECT_sum_total_count,             0
TARG_VP_INDIRECT_CORRECT_sum_total_pct,         -nan
TARG_VP_INDIRECT_CORRECT_mean,         -nan
TARG_VP_INDIRECT_CORRECT_stddev,         -nan
TARG_VP_INDIRECT_CORRECT_total_mean,         -nan
TARG_VP_INDIRECT_CORRECT_total_stddev,         -nan

CBR_ON_PATH_CORRECT_count,      15689052
CBR_ON_PATH_CORRECT_pct,       98.806
CBR_ON_PATH_CORRECT_total_count,      15689052
CBR_ON_PATH_CORRECT_total_pct,       98.806

CBR_ON_PATH_MISPREDICT_count,        189623
CBR_ON_PATH_MISPREDICT_pct,        1.194
CBR_ON_PATH_MISPREDICT_total_count,        189623
CBR_ON_PATH_MISPREDICT_total_pct,        1.194
CBR_ON_PATH_MISPREDICT_sum_count,      15878675
CBR_ON_PATH_MISPREDICT_sum_pct,      100.000
CBR_ON_PATH_MISPREDICT_sum_total_count,      15878675
CBR_ON_PATH_MISPREDICT_sum_total_pct,      100.000
CBR_ON_PATH_MISPREDICT_mean,         0.01
CBR_ON_PATH_MISPREDICT_stddev,         0.11
CBR_ON_PATH_MISPREDICT_total_mean,         0.01
CBR_ON_PATH_MISPREDICT_total_stddev,         0.11

CBR_OFF_PATH_CORRECT_count,      14158656
CBR_OFF_PATH_CORRECT_pct,       99.080
CBR_OFF_PATH_CORRECT_total_count,      14158656
CBR_OFF_PATH_CORRECT_total_pct,       99.080

CBR_OFF_PATH_MISPREDICT_count,        131492
CBR_OFF_PATH_MISPREDICT_pct,        0.920
CBR_OFF_PATH_MISPREDICT_total_count,        131492
CBR_OFF_PATH_MISPREDICT_total_pct,        0.920
CBR_OFF_PATH_MISPREDICT_sum_count,      14290148
CBR_OFF_PATH_MISPREDICT_sum_pct,      100.000
CBR_OFF_PATH_MISPREDICT_sum_total_count,      14290148
CBR_OFF_PATH_MISPREDICT_sum_total_pct,      100.000
CBR_OFF_PATH_MISPREDICT_mean,         0.01
CBR_OFF_PATH_MISPREDICT_stddev,         0.10
CBR_OFF_PATH_MISPREDICT_total_mean,         0.01
CBR_OFF_PATH_MISPREDICT_total_stddev,         0.10

CBR_ON_PATH_CORRECT_PER1000INST_count,      15689052
CBR_ON_PATH_CORRECT_PER1000INST_pct,      156.891
CBR_ON_PATH_CORRECT_PER1000INST_total_count,      15689052
CBR_ON_PATH_CORRECT_PER1000INST_total_pct,      156.891

CBR_ON_PATH_MISPREDICT_PER1000INST_count,        189623
CBR_ON_PATH_MISPREDICT_PER1000INST_pct,        1.896
CBR_ON_PATH_MISPREDICT_PER1000INST_total_count,        189623
CBR_ON_PATH_MISPREDICT_PER1000INST_total_pct,        1.896

PRED_TO_UPDATE_CYCLES_0_count,             0
PRED_TO_UPDATE_CYCLES_0_pct,         -nan
PRED_TO_UPDATE_CYCLES_0_total_count,             0
PRED_TO_UPDATE_CYCLES_0_total_pct,         -nan

PRED_TO_UPDATE_CYCLES_1_count,             0
PRED_TO_UPDATE_CYCLES_1_pct,         -nan
PRED_TO_UPDATE_CYCLES_1_total_count,             0
PRED_TO_UPDATE_CYCLES_1_total_pct,         -nan

PRED_TO_UPDATE_CYCLES_2_count,             0
PRED_TO_UPDATE_CYCLES_2_pct,         -nan
PRED_TO_UPDATE_CYCLES_2_total_count,             0
PRED_TO_UPDATE_CYCLES_2_total_pct,         -nan

PRED_TO_UPDATE_CYCLES_3_count,             0
PRED_TO_UPDATE_CYCLES_3_pct,         -nan
PRED_TO_UPDATE_CYCLES_3_total_count,             0
PRED_TO_UPDATE_CYCLES_3_total_pct,         -nan

PRED_TO_UPDATE_CYCLES_4_count,             0
PRED_TO_UPDATE_CYCLES_4_pct,         -nan
PRED_TO_UPDATE_CYCLES_4_total_count,             0
PRED_TO_UPDATE_CYCLES_4_total_pct,         -nan

PRED_TO_UPDATE_CYCLES_5_count,             0
PRED_TO_UPDATE_CYCLES_5_pct,         -nan
PRED_TO_UPDATE_CYCLES_5_total_count,             0
PRED_TO_UPDATE_CYCLES_5_total_pct,         -nan

PRED_TO_UPDATE_CYCLES_6_count,             0
PRED_TO_UPDATE_CYCLES_6_pct,         -nan
PRED_TO_UPDATE_CYCLES_6_total_count,             0
PRED_TO_UPDATE_CYCLES_6_total_pct,         -nan

PRED_TO_UPDATE_CYCLES_7_count,             0
PRED_TO_UPDATE_CYCLES_7_pct,         -nan
PRED_TO_UPDATE_CYCLES_7_total_count,             0
PRED_TO_UPDATE_CYCLES_7_total_pct,         -nan

PRED_TO_UPDATE_CYCLES_8_count,             0
PRED_TO_UPDATE_CYCLES_8_pct,         -nan
PRED_TO_UPDATE_CYCLES_8_total_count,             0
PRED_TO_UPDATE_CYCLES_8_total_pct,         -nan

PRED_TO_UPDATE_CYCLES_9_count,             0
PRED_TO_UPDATE_CYCLES_9_pct,         -nan
PRED_TO_UPDATE_CYCLES_9_total_count,             0
PRED_TO_UPDATE_CYCLES_9_total_pct,         -nan

PRED_TO_UPDATE_CYCLES_10_count,             0
PRED_TO_UPDATE_CYCLES_10_pct,         -nan
PRED_TO_UPDATE_CYCLES_10_total_count,             0
PRED_TO_UPDATE_CYCLES_10_total_pct,         -nan

PRED_TO_UPDATE_CYCLES_11_count,             0
PRED_TO_UPDATE_CYCLES_11_pct,         -nan
PRED_TO_UPDATE_CYCLES_11_total_count,             0
PRED_TO_UPDATE_CYCLES_11_total_pct,         -nan

PRED_TO_UPDATE_CYCLES_12_count,             0
PRED_TO_UPDATE_CYCLES_12_pct,         -nan
PRED_TO_UPDATE_CYCLES_12_total_count,             0
PRED_TO_UPDATE_CYCLES_12_total_pct,         -nan

PRED_TO_UPDATE_CYCLES_13_count,             0
PRED_TO_UPDATE_CYCLES_13_pct,         -nan
PRED_TO_UPDATE_CYCLES_13_total_count,             0
PRED_TO_UPDATE_CYCLES_13_total_pct,         -nan

PRED_TO_UPDATE_CYCLES_14_count,             0
PRED_TO_UPDATE_CYCLES_14_pct,         -nan
PRED_TO_UPDATE_CYCLES_14_total_count,             0
PRED_TO_UPDATE_CYCLES_14_total_pct,         -nan

PRED_TO_UPDATE_CYCLES_15_count,             0
PRED_TO_UPDATE_CYCLES_15_pct,         -nan
PRED_TO_UPDATE_CYCLES_15_total_count,             0
PRED_TO_UPDATE_CYCLES_15_total_pct,         -nan

PRED_TO_UPDATE_CYCLES_16_count,             0
PRED_TO_UPDATE_CYCLES_16_pct,         -nan
PRED_TO_UPDATE_CYCLES_16_total_count,             0
PRED_TO_UPDATE_CYCLES_16_total_pct,         -nan

PRED_TO_UPDATE_CYCLES_17_count,             0
PRED_TO_UPDATE_CYCLES_17_pct,         -nan
PRED_TO_UPDATE_CYCLES_17_total_count,             0
PRED_TO_UPDATE_CYCLES_17_total_pct,         -nan

PRED_TO_UPDATE_CYCLES_18_count,             0
PRED_TO_UPDATE_CYCLES_18_pct,         -nan
PRED_TO_UPDATE_CYCLES_18_total_count,             0
PRED_TO_UPDATE_CYCLES_18_total_pct,         -nan

PRED_TO_UPDATE_CYCLES_19_count,             0
PRED_TO_UPDATE_CYCLES_19_pct,         -nan
PRED_TO_UPDATE_CYCLES_19_total_count,             0
PRED_TO_UPDATE_CYCLES_19_total_pct,         -nan

PRED_TO_UPDATE_CYCLES_20_count,             0
PRED_TO_UPDATE_CYCLES_20_pct,         -nan
PRED_TO_UPDATE_CYCLES_20_total_count,             0
PRED_TO_UPDATE_CYCLES_20_total_pct,         -nan

PRED_TO_UPDATE_CYCLES_21_count,             0
PRED_TO_UPDATE_CYCLES_21_pct,         -nan
PRED_TO_UPDATE_CYCLES_21_total_count,             0
PRED_TO_UPDATE_CYCLES_21_total_pct,         -nan

PRED_TO_UPDATE_CYCLES_22_count,             0
PRED_TO_UPDATE_CYCLES_22_pct,         -nan
PRED_TO_UPDATE_CYCLES_22_total_count,             0
PRED_TO_UPDATE_CYCLES_22_total_pct,         -nan

PRED_TO_UPDATE_CYCLES_23_count,             0
PRED_TO_UPDATE_CYCLES_23_pct,         -nan
PRED_TO_UPDATE_CYCLES_23_total_count,             0
PRED_TO_UPDATE_CYCLES_23_total_pct,         -nan

PRED_TO_UPDATE_CYCLES_24_count,             0
PRED_TO_UPDATE_CYCLES_24_pct,         -nan
PRED_TO_UPDATE_CYCLES_24_total_count,             0
PRED_TO_UPDATE_CYCLES_24_total_pct,         -nan

PRED_TO_UPDATE_CYCLES_25_count,             0
PRED_TO_UPDATE_CYCLES_25_pct,         -nan
PRED_TO_UPDATE_CYCLES_25_total_count,             0
PRED_TO_UPDATE_CYCLES_25_total_pct,         -nan

PRED_TO_UPDATE_CYCLES_26_count,             0
PRED_TO_UPDATE_CYCLES_26_pct,         -nan
PRED_TO_UPDATE_CYCLES_26_total_count,             0
PRED_TO_UPDATE_CYCLES_26_total_pct,         -nan

PRED_TO_UPDATE_CYCLES_27_count,             0
PRED_TO_UPDATE_CYCLES_27_pct,         -nan
PRED_TO_UPDATE_CYCLES_27_total_count,             0
PRED_TO_UPDATE_CYCLES_27_total_pct,         -nan

PRED_TO_UPDATE_CYCLES_28_count,             0
PRED_TO_UPDATE_CYCLES_28_pct,         -nan
PRED_TO_UPDATE_CYCLES_28_total_count,             0
PRED_TO_UPDATE_CYCLES_28_total_pct,         -nan

PRED_TO_UPDATE_CYCLES_29_count,             0
PRED_TO_UPDATE_CYCLES_29_pct,         -nan
PRED_TO_UPDATE_CYCLES_29_total_count,             0
PRED_TO_UPDATE_CYCLES_29_total_pct,         -nan

PRED_TO_UPDATE_CYCLES_30_count,             0
PRED_TO_UPDATE_CYCLES_30_pct,         -nan
PRED_TO_UPDATE_CYCLES_30_total_count,             0
PRED_TO_UPDATE_CYCLES_30_total_pct,         -nan
PRED_TO_UPDATE_CYCLES_30_sum_count,             0
PRED_TO_UPDATE_CYCLES_30_sum_pct,         -nan
PRED_TO_UPDATE_CYCLES_30_sum_total_count,             0
PRED_TO_UPDATE_CYCLES_30_sum_total_pct,         -nan
PRED_TO_UPDATE_CYCLES_30_mean,         -nan
PRED_TO_UPDATE_CYCLES_30_stddev,         -nan
PRED_TO_UPDATE_CYCLES_30_total_mean,         -nan
PRED_TO_UPDATE_CYCLES_30_total_stddev,         -nan

BP_CORRECTED_count,             0
BP_CORRECTED_pct,         -nan
BP_CORRECTED_total_count,             0
BP_CORRECTED_total_pct,         -nan

BP_NOT_CORRECTED_count,             0
BP_NOT_CORRECTED_pct,         -nan
BP_NOT_CORRECTED_total_count,             0
BP_NOT_CORRECTED_total_pct,         -nan
BP_NOT_CORRECTED_sum_count,             0
BP_NOT_CORRECTED_sum_pct,         -nan
BP_NOT_CORRECTED_sum_total_count,             0
BP_NOT_CORRECTED_sum_total_pct,         -nan
BP_NOT_CORRECTED_mean,         -nan
BP_NOT_CORRECTED_stddev,         -nan
BP_NOT_CORRECTED_total_mean,         -nan
BP_NOT_CORRECTED_total_stddev,         -nan

TARG_CORRECTED_count,             0
TARG_CORRECTED_pct,         -nan
TARG_CORRECTED_total_count,             0
TARG_CORRECTED_total_pct,         -nan

TARG_NOT_CORRECTED_count,             0
TARG_NOT_CORRECTED_pct,         -nan
TARG_NOT_CORRECTED_total_count,             0
TARG_NOT_CORRECTED_total_pct,         -nan
TARG_NOT_CORRECTED_sum_count,             0
TARG_NOT_CORRECTED_sum_pct,         -nan
TARG_NOT_CORRECTED_sum_total_count,             0
TARG_NOT_CORRECTED_sum_total_pct,         -nan
TARG_NOT_CORRECTED_mean,         -nan
TARG_NOT_CORRECTED_stddev,         -nan
TARG_NOT_CORRECTED_total_mean,         -nan
TARG_NOT_CORRECTED_total_stddev,         -nan

BP_MISP_PENALTY_count,       5331924
BP_MISP_PENALTY_total_count,       5331924

BP_ON_PATH_CONF_MISPRED_count,             0
BP_ON_PATH_CONF_MISPRED_pct,         -nan
BP_ON_PATH_CONF_MISPRED_total_count,             0
BP_ON_PATH_CONF_MISPRED_total_pct,         -nan

BP_ON_PATH_CONF_CORRECT_count,             0
BP_ON_PATH_CONF_CORRECT_pct,         -nan
BP_ON_PATH_CONF_CORRECT_total_count,             0
BP_ON_PATH_CONF_CORRECT_total_pct,         -nan
BP_ON_PATH_CONF_CORRECT_sum_count,             0
BP_ON_PATH_CONF_CORRECT_sum_pct,         -nan
BP_ON_PATH_CONF_CORRECT_sum_total_count,             0
BP_ON_PATH_CONF_CORRECT_sum_total_pct,         -nan
BP_ON_PATH_CONF_CORRECT_mean,         -nan
BP_ON_PATH_CONF_CORRECT_stddev,         -nan
BP_ON_PATH_CONF_CORRECT_total_mean,         -nan
BP_ON_PATH_CONF_CORRECT_total_stddev,         -nan

BP_OFF_PATH_CONF_MISPRED_count,             0
BP_OFF_PATH_CONF_MISPRED_pct,         -nan
BP_OFF_PATH_CONF_MISPRED_total_count,             0
BP_OFF_PATH_CONF_MISPRED_total_pct,         -nan

BP_OFF_PATH_CONF_CORRECT_count,             0
BP_OFF_PATH_CONF_CORRECT_pct,         -nan
BP_OFF_PATH_CONF_CORRECT_total_count,             0
BP_OFF_PATH_CONF_CORRECT_total_pct,         -nan
BP_OFF_PATH_CONF_CORRECT_sum_count,             0
BP_OFF_PATH_CONF_CORRECT_sum_pct,         -nan
BP_OFF_PATH_CONF_CORRECT_sum_total_count,             0
BP_OFF_PATH_CONF_CORRECT_sum_total_pct,         -nan
BP_OFF_PATH_CONF_CORRECT_mean,         -nan
BP_OFF_PATH_CONF_CORRECT_stddev,         -nan
BP_OFF_PATH_CONF_CORRECT_total_mean,         -nan
BP_OFF_PATH_CONF_CORRECT_total_stddev,         -nan

BP_ON_PATH_PRED_MIS_CONF_MISPRED_count,             0
BP_ON_PATH_PRED_MIS_CONF_MISPRED_pct,         -nan
BP_ON_PATH_PRED_MIS_CONF_MISPRED_total_count,             0
BP_ON_PATH_PRED_MIS_CONF_MISPRED_total_pct,         -nan

BP_ON_PATH_PRED_MIS_CONF_CORRECT_count,             0
BP_ON_PATH_PRED_MIS_CONF_CORRECT_pct,         -nan
BP_ON_PATH_PRED_MIS_CONF_CORRECT_total_count,             0
BP_ON_PATH_PRED_MIS_CONF_CORRECT_total_pct,         -nan
BP_ON_PATH_PRED_MIS_CONF_CORRECT_sum_count,             0
BP_ON_PATH_PRED_MIS_CONF_CORRECT_sum_pct,         -nan
BP_ON_PATH_PRED_MIS_CONF_CORRECT_sum_total_count,             0
BP_ON_PATH_PRED_MIS_CONF_CORRECT_sum_total_pct,         -nan
BP_ON_PATH_PRED_MIS_CONF_CORRECT_mean,         -nan
BP_ON_PATH_PRED_MIS_CONF_CORRECT_stddev,         -nan
BP_ON_PATH_PRED_MIS_CONF_CORRECT_total_mean,         -nan
BP_ON_PATH_PRED_MIS_CONF_CORRECT_total_stddev,         -nan

BP_ON_PATH_PRED_COR_CONF_MISPRED_count,             0
BP_ON_PATH_PRED_COR_CONF_MISPRED_pct,         -nan
BP_ON_PATH_PRED_COR_CONF_MISPRED_total_count,             0
BP_ON_PATH_PRED_COR_CONF_MISPRED_total_pct,         -nan

BP_ON_PATH_PRED_COR_CONF_CORRECT_count,             0
BP_ON_PATH_PRED_COR_CONF_CORRECT_pct,         -nan
BP_ON_PATH_PRED_COR_CONF_CORRECT_total_count,             0
BP_ON_PATH_PRED_COR_CONF_CORRECT_total_pct,         -nan
BP_ON_PATH_PRED_COR_CONF_CORRECT_sum_count,             0
BP_ON_PATH_PRED_COR_CONF_CORRECT_sum_pct,         -nan
BP_ON_PATH_PRED_COR_CONF_CORRECT_sum_total_count,             0
BP_ON_PATH_PRED_COR_CONF_CORRECT_sum_total_pct,         -nan
BP_ON_PATH_PRED_COR_CONF_CORRECT_mean,         -nan
BP_ON_PATH_PRED_COR_CONF_CORRECT_stddev,         -nan
BP_ON_PATH_PRED_COR_CONF_CORRECT_total_mean,         -nan
BP_ON_PATH_PRED_COR_CONF_CORRECT_total_stddev,         -nan

BP_OFF_PATH_PRED_MIS_CONF_MISPRED_count,             0
BP_OFF_PATH_PRED_MIS_CONF_MISPRED_pct,         -nan
BP_OFF_PATH_PRED_MIS_CONF_MISPRED_total_count,             0
BP_OFF_PATH_PRED_MIS_CONF_MISPRED_total_pct,         -nan

BP_OFF_PATH_PRED_MIS_CONF_CORRECT_count,             0
BP_OFF_PATH_PRED_MIS_CONF_CORRECT_pct,         -nan
BP_OFF_PATH_PRED_MIS_CONF_CORRECT_total_count,             0
BP_OFF_PATH_PRED_MIS_CONF_CORRECT_total_pct,         -nan
BP_OFF_PATH_PRED_MIS_CONF_CORRECT_sum_count,             0
BP_OFF_PATH_PRED_MIS_CONF_CORRECT_sum_pct,         -nan
BP_OFF_PATH_PRED_MIS_CONF_CORRECT_sum_total_count,             0
BP_OFF_PATH_PRED_MIS_CONF_CORRECT_sum_total_pct,         -nan
BP_OFF_PATH_PRED_MIS_CONF_CORRECT_mean,         -nan
BP_OFF_PATH_PRED_MIS_CONF_CORRECT_stddev,         -nan
BP_OFF_PATH_PRED_MIS_CONF_CORRECT_total_mean,         -nan
BP_OFF_PATH_PRED_MIS_CONF_CORRECT_total_stddev,         -nan

BP_OFF_PATH_PRED_COR_CONF_MISPRED_count,             0
BP_OFF_PATH_PRED_COR_CONF_MISPRED_pct,         -nan
BP_OFF_PATH_PRED_COR_CONF_MISPRED_total_count,             0
BP_OFF_PATH_PRED_COR_CONF_MISPRED_total_pct,         -nan

BP_OFF_PATH_PRED_COR_CONF_CORRECT_count,             0
BP_OFF_PATH_PRED_COR_CONF_CORRECT_pct,         -nan
BP_OFF_PATH_PRED_COR_CONF_CORRECT_total_count,             0
BP_OFF_PATH_PRED_COR_CONF_CORRECT_total_pct,         -nan
BP_OFF_PATH_PRED_COR_CONF_CORRECT_sum_count,             0
BP_OFF_PATH_PRED_COR_CONF_CORRECT_sum_pct,         -nan
BP_OFF_PATH_PRED_COR_CONF_CORRECT_sum_total_count,             0
BP_OFF_PATH_PRED_COR_CONF_CORRECT_sum_total_pct,         -nan
BP_OFF_PATH_PRED_COR_CONF_CORRECT_mean,         -nan
BP_OFF_PATH_PRED_COR_CONF_CORRECT_stddev,         -nan
BP_OFF_PATH_PRED_COR_CONF_CORRECT_total_mean,         -nan
BP_OFF_PATH_PRED_COR_CONF_CORRECT_total_stddev,         -nan

ONPATH_CONF_MISPRED_count,             0
ONPATH_CONF_MISPRED_pct,         -nan
ONPATH_CONF_MISPRED_total_count,             0
ONPATH_CONF_MISPRED_total_pct,         -nan

ONPATH_CONF_CORRECT_count,             0
ONPATH_CONF_CORRECT_pct,         -nan
ONPATH_CONF_CORRECT_total_count,             0
ONPATH_CONF_CORRECT_total_pct,         -nan
ONPATH_CONF_CORRECT_sum_count,             0
ONPATH_CONF_CORRECT_sum_pct,         -nan
ONPATH_CONF_CORRECT_sum_total_count,             0
ONPATH_CONF_CORRECT_sum_total_pct,         -nan
ONPATH_CONF_CORRECT_mean,         -nan
ONPATH_CONF_CORRECT_stddev,         -nan
ONPATH_CONF_CORRECT_total_mean,         -nan
ONPATH_CONF_CORRECT_total_stddev,         -nan

ONPATH_ON_PATH_CONF_MISPRED_count,             0
ONPATH_ON_PATH_CONF_MISPRED_pct,         -nan
ONPATH_ON_PATH_CONF_MISPRED_total_count,             0
ONPATH_ON_PATH_CONF_MISPRED_total_pct,         -nan

ONPATH_ON_PATH_CONF_CORRECT_count,             0
ONPATH_ON_PATH_CONF_CORRECT_pct,         -nan
ONPATH_ON_PATH_CONF_CORRECT_total_count,             0
ONPATH_ON_PATH_CONF_CORRECT_total_pct,         -nan
ONPATH_ON_PATH_CONF_CORRECT_sum_count,             0
ONPATH_ON_PATH_CONF_CORRECT_sum_pct,         -nan
ONPATH_ON_PATH_CONF_CORRECT_sum_total_count,             0
ONPATH_ON_PATH_CONF_CORRECT_sum_total_pct,         -nan
ONPATH_ON_PATH_CONF_CORRECT_mean,         -nan
ONPATH_ON_PATH_CONF_CORRECT_stddev,         -nan
ONPATH_ON_PATH_CONF_CORRECT_total_mean,         -nan
ONPATH_ON_PATH_CONF_CORRECT_total_stddev,         -nan

ONPATH_OFF_PATH_CONF_MISPRED_count,             0
ONPATH_OFF_PATH_CONF_MISPRED_pct,         -nan
ONPATH_OFF_PATH_CONF_MISPRED_total_count,             0
ONPATH_OFF_PATH_CONF_MISPRED_total_pct,         -nan

ONPATH_OFF_PATH_CONF_CORRECT_count,             0
ONPATH_OFF_PATH_CONF_CORRECT_pct,         -nan
ONPATH_OFF_PATH_CONF_CORRECT_total_count,             0
ONPATH_OFF_PATH_CONF_CORRECT_total_pct,         -nan
ONPATH_OFF_PATH_CONF_CORRECT_sum_count,             0
ONPATH_OFF_PATH_CONF_CORRECT_sum_pct,         -nan
ONPATH_OFF_PATH_CONF_CORRECT_sum_total_count,             0
ONPATH_OFF_PATH_CONF_CORRECT_sum_total_pct,         -nan
ONPATH_OFF_PATH_CONF_CORRECT_mean,         -nan
ONPATH_OFF_PATH_CONF_CORRECT_stddev,         -nan
ONPATH_OFF_PATH_CONF_CORRECT_total_mean,         -nan
ONPATH_OFF_PATH_CONF_CORRECT_total_stddev,         -nan

PRED_ONPATH_CONF_MISPRED_count,             0
PRED_ONPATH_CONF_MISPRED_pct,         -nan
PRED_ONPATH_CONF_MISPRED_total_count,             0
PRED_ONPATH_CONF_MISPRED_total_pct,         -nan

PRED_ONPATH_CONF_CORRECT_count,             0
PRED_ONPATH_CONF_CORRECT_pct,         -nan
PRED_ONPATH_CONF_CORRECT_total_count,             0
PRED_ONPATH_CONF_CORRECT_total_pct,         -nan
PRED_ONPATH_CONF_CORRECT_sum_count,             0
PRED_ONPATH_CONF_CORRECT_sum_pct,         -nan
PRED_ONPATH_CONF_CORRECT_sum_total_count,             0
PRED_ONPATH_CONF_CORRECT_sum_total_pct,         -nan
PRED_ONPATH_CONF_CORRECT_mean,         -nan
PRED_ONPATH_CONF_CORRECT_stddev,         -nan
PRED_ONPATH_CONF_CORRECT_total_mean,         -nan
PRED_ONPATH_CONF_CORRECT_total_stddev,         -nan

PRED_OFFPATH_CONF_MISPRED_count,             0
PRED_OFFPATH_CONF_MISPRED_pct,         -nan
PRED_OFFPATH_CONF_MISPRED_total_count,             0
PRED_OFFPATH_CONF_MISPRED_total_pct,         -nan

PRED_OFFPATH_CONF_CORRECT_count,             0
PRED_OFFPATH_CONF_CORRECT_pct,         -nan
PRED_OFFPATH_CONF_CORRECT_total_count,             0
PRED_OFFPATH_CONF_CORRECT_total_pct,         -nan
PRED_OFFPATH_CONF_CORRECT_sum_count,             0
PRED_OFFPATH_CONF_CORRECT_sum_pct,         -nan
PRED_OFFPATH_CONF_CORRECT_sum_total_count,             0
PRED_OFFPATH_CONF_CORRECT_sum_total_pct,         -nan
PRED_OFFPATH_CONF_CORRECT_mean,         -nan
PRED_OFFPATH_CONF_CORRECT_stddev,         -nan
PRED_OFFPATH_CONF_CORRECT_total_mean,         -nan
PRED_OFFPATH_CONF_CORRECT_total_stddev,         -nan

LONG_OVWT_MIS_count,             0
LONG_OVWT_MIS_pct,         -nan
LONG_OVWT_MIS_total_count,             0
LONG_OVWT_MIS_total_pct,         -nan

LONG_OVWT_COR_count,             0
LONG_OVWT_COR_pct,         -nan
LONG_OVWT_COR_total_count,             0
LONG_OVWT_COR_total_pct,         -nan
LONG_OVWT_COR_sum_count,             0
LONG_OVWT_COR_sum_pct,         -nan
LONG_OVWT_COR_sum_total_count,             0
LONG_OVWT_COR_sum_total_pct,         -nan
LONG_OVWT_COR_mean,         -nan
LONG_OVWT_COR_stddev,         -nan
LONG_OVWT_COR_total_mean,         -nan
LONG_OVWT_COR_total_stddev,         -nan

OPC_LENGTH_0_7_MIS_count,             0
OPC_LENGTH_0_7_MIS_pct,         -nan
OPC_LENGTH_0_7_MIS_total_count,             0
OPC_LENGTH_0_7_MIS_total_pct,         -nan

OPC_LENGTH_0_7_COR_count,             0
OPC_LENGTH_0_7_COR_pct,         -nan
OPC_LENGTH_0_7_COR_total_count,             0
OPC_LENGTH_0_7_COR_total_pct,         -nan
OPC_LENGTH_0_7_COR_sum_count,             0
OPC_LENGTH_0_7_COR_sum_pct,         -nan
OPC_LENGTH_0_7_COR_sum_total_count,             0
OPC_LENGTH_0_7_COR_sum_total_pct,         -nan
OPC_LENGTH_0_7_COR_mean,         -nan
OPC_LENGTH_0_7_COR_stddev,         -nan
OPC_LENGTH_0_7_COR_total_mean,         -nan
OPC_LENGTH_0_7_COR_total_stddev,         -nan

OPC_LENGTH_8_15_MIS_count,             0
OPC_LENGTH_8_15_MIS_pct,         -nan
OPC_LENGTH_8_15_MIS_total_count,             0
OPC_LENGTH_8_15_MIS_total_pct,         -nan

OPC_LENGTH_8_15_COR_count,             0
OPC_LENGTH_8_15_COR_pct,         -nan
OPC_LENGTH_8_15_COR_total_count,             0
OPC_LENGTH_8_15_COR_total_pct,         -nan
OPC_LENGTH_8_15_COR_sum_count,             0
OPC_LENGTH_8_15_COR_sum_pct,         -nan
OPC_LENGTH_8_15_COR_sum_total_count,             0
OPC_LENGTH_8_15_COR_sum_total_pct,         -nan
OPC_LENGTH_8_15_COR_mean,         -nan
OPC_LENGTH_8_15_COR_stddev,         -nan
OPC_LENGTH_8_15_COR_total_mean,         -nan
OPC_LENGTH_8_15_COR_total_stddev,         -nan

OPC_LENGTH_16_23_MIS_count,             0
OPC_LENGTH_16_23_MIS_pct,         -nan
OPC_LENGTH_16_23_MIS_total_count,             0
OPC_LENGTH_16_23_MIS_total_pct,         -nan

OPC_LENGTH_16_23_COR_count,             0
OPC_LENGTH_16_23_COR_pct,         -nan
OPC_LENGTH_16_23_COR_total_count,             0
OPC_LENGTH_16_23_COR_total_pct,         -nan
OPC_LENGTH_16_23_COR_sum_count,             0
OPC_LENGTH_16_23_COR_sum_pct,         -nan
OPC_LENGTH_16_23_COR_sum_total_count,             0
OPC_LENGTH_16_23_COR_sum_total_pct,         -nan
OPC_LENGTH_16_23_COR_mean,         -nan
OPC_LENGTH_16_23_COR_stddev,         -nan
OPC_LENGTH_16_23_COR_total_mean,         -nan
OPC_LENGTH_16_23_COR_total_stddev,         -nan

OPC_LENGTH_24_31_MIS_count,             0
OPC_LENGTH_24_31_MIS_pct,         -nan
OPC_LENGTH_24_31_MIS_total_count,             0
OPC_LENGTH_24_31_MIS_total_pct,         -nan

OPC_LENGTH_24_31_COR_count,             0
OPC_LENGTH_24_31_COR_pct,         -nan
OPC_LENGTH_24_31_COR_total_count,             0
OPC_LENGTH_24_31_COR_total_pct,         -nan
OPC_LENGTH_24_31_COR_sum_count,             0
OPC_LENGTH_24_31_COR_sum_pct,         -nan
OPC_LENGTH_24_31_COR_sum_total_count,             0
OPC_LENGTH_24_31_COR_sum_total_pct,         -nan
OPC_LENGTH_24_31_COR_mean,         -nan
OPC_LENGTH_24_31_COR_stddev,         -nan
OPC_LENGTH_24_31_COR_total_mean,         -nan
OPC_LENGTH_24_31_COR_total_stddev,         -nan

OPC_LENGTH_32_39_MIS_count,             0
OPC_LENGTH_32_39_MIS_pct,         -nan
OPC_LENGTH_32_39_MIS_total_count,             0
OPC_LENGTH_32_39_MIS_total_pct,         -nan

OPC_LENGTH_32_39_COR_count,             0
OPC_LENGTH_32_39_COR_pct,         -nan
OPC_LENGTH_32_39_COR_total_count,             0
OPC_LENGTH_32_39_COR_total_pct,         -nan
OPC_LENGTH_32_39_COR_sum_count,             0
OPC_LENGTH_32_39_COR_sum_pct,         -nan
OPC_LENGTH_32_39_COR_sum_total_count,             0
OPC_LENGTH_32_39_COR_sum_total_pct,         -nan
OPC_LENGTH_32_39_COR_mean,         -nan
OPC_LENGTH_32_39_COR_stddev,         -nan
OPC_LENGTH_32_39_COR_total_mean,         -nan
OPC_LENGTH_32_39_COR_total_stddev,         -nan

OPC_LENGTH_40_47_MIS_count,             0
OPC_LENGTH_40_47_MIS_pct,         -nan
OPC_LENGTH_40_47_MIS_total_count,             0
OPC_LENGTH_40_47_MIS_total_pct,         -nan

OPC_LENGTH_40_47_COR_count,             0
OPC_LENGTH_40_47_COR_pct,         -nan
OPC_LENGTH_40_47_COR_total_count,             0
OPC_LENGTH_40_47_COR_total_pct,         -nan
OPC_LENGTH_40_47_COR_sum_count,             0
OPC_LENGTH_40_47_COR_sum_pct,         -nan
OPC_LENGTH_40_47_COR_sum_total_count,             0
OPC_LENGTH_40_47_COR_sum_total_pct,         -nan
OPC_LENGTH_40_47_COR_mean,         -nan
OPC_LENGTH_40_47_COR_stddev,         -nan
OPC_LENGTH_40_47_COR_total_mean,         -nan
OPC_LENGTH_40_47_COR_total_stddev,         -nan

OPC_LENGTH_48_55_MIS_count,             0
OPC_LENGTH_48_55_MIS_pct,         -nan
OPC_LENGTH_48_55_MIS_total_count,             0
OPC_LENGTH_48_55_MIS_total_pct,         -nan

OPC_LENGTH_48_55_COR_count,             0
OPC_LENGTH_48_55_COR_pct,         -nan
OPC_LENGTH_48_55_COR_total_count,             0
OPC_LENGTH_48_55_COR_total_pct,         -nan
OPC_LENGTH_48_55_COR_sum_count,             0
OPC_LENGTH_48_55_COR_sum_pct,         -nan
OPC_LENGTH_48_55_COR_sum_total_count,             0
OPC_LENGTH_48_55_COR_sum_total_pct,         -nan
OPC_LENGTH_48_55_COR_mean,         -nan
OPC_LENGTH_48_55_COR_stddev,         -nan
OPC_LENGTH_48_55_COR_total_mean,         -nan
OPC_LENGTH_48_55_COR_total_stddev,         -nan

OPC_LENGTH_56_63_MIS_count,             0
OPC_LENGTH_56_63_MIS_pct,         -nan
OPC_LENGTH_56_63_MIS_total_count,             0
OPC_LENGTH_56_63_MIS_total_pct,         -nan

OPC_LENGTH_56_63_COR_count,             0
OPC_LENGTH_56_63_COR_pct,         -nan
OPC_LENGTH_56_63_COR_total_count,             0
OPC_LENGTH_56_63_COR_total_pct,         -nan
OPC_LENGTH_56_63_COR_sum_count,             0
OPC_LENGTH_56_63_COR_sum_pct,         -nan
OPC_LENGTH_56_63_COR_sum_total_count,             0
OPC_LENGTH_56_63_COR_sum_total_pct,         -nan
OPC_LENGTH_56_63_COR_mean,         -nan
OPC_LENGTH_56_63_COR_stddev,         -nan
OPC_LENGTH_56_63_COR_total_mean,         -nan
OPC_LENGTH_56_63_COR_total_stddev,         -nan

OPC_LENGTH_64_71_MIS_count,             0
OPC_LENGTH_64_71_MIS_pct,         -nan
OPC_LENGTH_64_71_MIS_total_count,             0
OPC_LENGTH_64_71_MIS_total_pct,         -nan

OPC_LENGTH_64_71_COR_count,             0
OPC_LENGTH_64_71_COR_pct,         -nan
OPC_LENGTH_64_71_COR_total_count,             0
OPC_LENGTH_64_71_COR_total_pct,         -nan
OPC_LENGTH_64_71_COR_sum_count,             0
OPC_LENGTH_64_71_COR_sum_pct,         -nan
OPC_LENGTH_64_71_COR_sum_total_count,             0
OPC_LENGTH_64_71_COR_sum_total_pct,         -nan
OPC_LENGTH_64_71_COR_mean,         -nan
OPC_LENGTH_64_71_COR_stddev,         -nan
OPC_LENGTH_64_71_COR_total_mean,         -nan
OPC_LENGTH_64_71_COR_total_stddev,         -nan

OPC_LENGTH_72_79_MIS_count,             0
OPC_LENGTH_72_79_MIS_pct,         -nan
OPC_LENGTH_72_79_MIS_total_count,             0
OPC_LENGTH_72_79_MIS_total_pct,         -nan

OPC_LENGTH_72_79_COR_count,             0
OPC_LENGTH_72_79_COR_pct,         -nan
OPC_LENGTH_72_79_COR_total_count,             0
OPC_LENGTH_72_79_COR_total_pct,         -nan
OPC_LENGTH_72_79_COR_sum_count,             0
OPC_LENGTH_72_79_COR_sum_pct,         -nan
OPC_LENGTH_72_79_COR_sum_total_count,             0
OPC_LENGTH_72_79_COR_sum_total_pct,         -nan
OPC_LENGTH_72_79_COR_mean,         -nan
OPC_LENGTH_72_79_COR_stddev,         -nan
OPC_LENGTH_72_79_COR_total_mean,         -nan
OPC_LENGTH_72_79_COR_total_stddev,         -nan

OPC_LENGTH_80_MIS_count,             0
OPC_LENGTH_80_MIS_pct,         -nan
OPC_LENGTH_80_MIS_total_count,             0
OPC_LENGTH_80_MIS_total_pct,         -nan

OPC_LENGTH_80_COR_count,             0
OPC_LENGTH_80_COR_pct,         -nan
OPC_LENGTH_80_COR_total_count,             0
OPC_LENGTH_80_COR_total_pct,         -nan
OPC_LENGTH_80_COR_sum_count,             0
OPC_LENGTH_80_COR_sum_pct,         -nan
OPC_LENGTH_80_COR_sum_total_count,             0
OPC_LENGTH_80_COR_sum_total_pct,         -nan
OPC_LENGTH_80_COR_mean,         -nan
OPC_LENGTH_80_COR_stddev,         -nan
OPC_LENGTH_80_COR_total_mean,         -nan
OPC_LENGTH_80_COR_total_stddev,         -nan

ALL_ONES_MIS_count,             0
ALL_ONES_MIS_pct,         -nan
ALL_ONES_MIS_total_count,             0
ALL_ONES_MIS_total_pct,         -nan

ALL_ONES_COR_count,             0
ALL_ONES_COR_pct,         -nan
ALL_ONES_COR_total_count,             0
ALL_ONES_COR_total_pct,         -nan
ALL_ONES_COR_sum_count,             0
ALL_ONES_COR_sum_pct,         -nan
ALL_ONES_COR_sum_total_count,             0
ALL_ONES_COR_sum_total_pct,         -nan
ALL_ONES_COR_mean,         -nan
ALL_ONES_COR_stddev,         -nan
ALL_ONES_COR_total_mean,         -nan
ALL_ONES_COR_total_stddev,         -nan

FIRST_ONE_MIS_count,             0
FIRST_ONE_MIS_pct,         -nan
FIRST_ONE_MIS_total_count,             0
FIRST_ONE_MIS_total_pct,         -nan

FIRST_ONE_COR_count,             0
FIRST_ONE_COR_pct,         -nan
FIRST_ONE_COR_total_count,             0
FIRST_ONE_COR_total_pct,         -nan
FIRST_ONE_COR_sum_count,             0
FIRST_ONE_COR_sum_pct,         -nan
FIRST_ONE_COR_sum_total_count,             0
FIRST_ONE_COR_sum_total_pct,         -nan
FIRST_ONE_COR_mean,         -nan
FIRST_ONE_COR_stddev,         -nan
FIRST_ONE_COR_total_mean,         -nan
FIRST_ONE_COR_total_stddev,         -nan

ZEROS_0_1_MIS_count,             0
ZEROS_0_1_MIS_pct,         -nan
ZEROS_0_1_MIS_total_count,             0
ZEROS_0_1_MIS_total_pct,         -nan

ZEROS_0_1_COR_count,             0
ZEROS_0_1_COR_pct,         -nan
ZEROS_0_1_COR_total_count,             0
ZEROS_0_1_COR_total_pct,         -nan
ZEROS_0_1_COR_sum_count,             0
ZEROS_0_1_COR_sum_pct,         -nan
ZEROS_0_1_COR_sum_total_count,             0
ZEROS_0_1_COR_sum_total_pct,         -nan
ZEROS_0_1_COR_mean,         -nan
ZEROS_0_1_COR_stddev,         -nan
ZEROS_0_1_COR_total_mean,         -nan
ZEROS_0_1_COR_total_stddev,         -nan

ZEROS_2_3_MIS_count,             0
ZEROS_2_3_MIS_pct,         -nan
ZEROS_2_3_MIS_total_count,             0
ZEROS_2_3_MIS_total_pct,         -nan

ZEROS_2_3_COR_count,             0
ZEROS_2_3_COR_pct,         -nan
ZEROS_2_3_COR_total_count,             0
ZEROS_2_3_COR_total_pct,         -nan
ZEROS_2_3_COR_sum_count,             0
ZEROS_2_3_COR_sum_pct,         -nan
ZEROS_2_3_COR_sum_total_count,             0
ZEROS_2_3_COR_sum_total_pct,         -nan
ZEROS_2_3_COR_mean,         -nan
ZEROS_2_3_COR_stddev,         -nan
ZEROS_2_3_COR_total_mean,         -nan
ZEROS_2_3_COR_total_stddev,         -nan

ZEROS_4_5_MIS_count,             0
ZEROS_4_5_MIS_pct,         -nan
ZEROS_4_5_MIS_total_count,             0
ZEROS_4_5_MIS_total_pct,         -nan

ZEROS_4_5_COR_count,             0
ZEROS_4_5_COR_pct,         -nan
ZEROS_4_5_COR_total_count,             0
ZEROS_4_5_COR_total_pct,         -nan
ZEROS_4_5_COR_sum_count,             0
ZEROS_4_5_COR_sum_pct,         -nan
ZEROS_4_5_COR_sum_total_count,             0
ZEROS_4_5_COR_sum_total_pct,         -nan
ZEROS_4_5_COR_mean,         -nan
ZEROS_4_5_COR_stddev,         -nan
ZEROS_4_5_COR_total_mean,         -nan
ZEROS_4_5_COR_total_stddev,         -nan

ZEROS_6_7_MIS_count,             0
ZEROS_6_7_MIS_pct,         -nan
ZEROS_6_7_MIS_total_count,             0
ZEROS_6_7_MIS_total_pct,         -nan

ZEROS_6_7_COR_count,             0
ZEROS_6_7_COR_pct,         -nan
ZEROS_6_7_COR_total_count,             0
ZEROS_6_7_COR_total_pct,         -nan
ZEROS_6_7_COR_sum_count,             0
ZEROS_6_7_COR_sum_pct,         -nan
ZEROS_6_7_COR_sum_total_count,             0
ZEROS_6_7_COR_sum_total_pct,         -nan
ZEROS_6_7_COR_mean,         -nan
ZEROS_6_7_COR_stddev,         -nan
ZEROS_6_7_COR_total_mean,         -nan
ZEROS_6_7_COR_total_stddev,         -nan

ZEROS_8_9_MIS_count,             0
ZEROS_8_9_MIS_pct,         -nan
ZEROS_8_9_MIS_total_count,             0
ZEROS_8_9_MIS_total_pct,         -nan

ZEROS_8_9_COR_count,             0
ZEROS_8_9_COR_pct,         -nan
ZEROS_8_9_COR_total_count,             0
ZEROS_8_9_COR_total_pct,         -nan
ZEROS_8_9_COR_sum_count,             0
ZEROS_8_9_COR_sum_pct,         -nan
ZEROS_8_9_COR_sum_total_count,             0
ZEROS_8_9_COR_sum_total_pct,         -nan
ZEROS_8_9_COR_mean,         -nan
ZEROS_8_9_COR_stddev,         -nan
ZEROS_8_9_COR_total_mean,         -nan
ZEROS_8_9_COR_total_stddev,         -nan

ZEROS_10_11_MIS_count,             0
ZEROS_10_11_MIS_pct,         -nan
ZEROS_10_11_MIS_total_count,             0
ZEROS_10_11_MIS_total_pct,         -nan

ZEROS_10_11_COR_count,             0
ZEROS_10_11_COR_pct,         -nan
ZEROS_10_11_COR_total_count,             0
ZEROS_10_11_COR_total_pct,         -nan
ZEROS_10_11_COR_sum_count,             0
ZEROS_10_11_COR_sum_pct,         -nan
ZEROS_10_11_COR_sum_total_count,             0
ZEROS_10_11_COR_sum_total_pct,         -nan
ZEROS_10_11_COR_mean,         -nan
ZEROS_10_11_COR_stddev,         -nan
ZEROS_10_11_COR_total_mean,         -nan
ZEROS_10_11_COR_total_stddev,         -nan

ZEROS_12_13_MIS_count,             0
ZEROS_12_13_MIS_pct,         -nan
ZEROS_12_13_MIS_total_count,             0
ZEROS_12_13_MIS_total_pct,         -nan

ZEROS_12_13_COR_count,             0
ZEROS_12_13_COR_pct,         -nan
ZEROS_12_13_COR_total_count,             0
ZEROS_12_13_COR_total_pct,         -nan
ZEROS_12_13_COR_sum_count,             0
ZEROS_12_13_COR_sum_pct,         -nan
ZEROS_12_13_COR_sum_total_count,             0
ZEROS_12_13_COR_sum_total_pct,         -nan
ZEROS_12_13_COR_mean,         -nan
ZEROS_12_13_COR_stddev,         -nan
ZEROS_12_13_COR_total_mean,         -nan
ZEROS_12_13_COR_total_stddev,         -nan

ZEROS_14_15_MIS_count,             0
ZEROS_14_15_MIS_pct,         -nan
ZEROS_14_15_MIS_total_count,             0
ZEROS_14_15_MIS_total_pct,         -nan

ZEROS_14_15_COR_count,             0
ZEROS_14_15_COR_pct,         -nan
ZEROS_14_15_COR_total_count,             0
ZEROS_14_15_COR_total_pct,         -nan
ZEROS_14_15_COR_sum_count,             0
ZEROS_14_15_COR_sum_pct,         -nan
ZEROS_14_15_COR_sum_total_count,             0
ZEROS_14_15_COR_sum_total_pct,         -nan
ZEROS_14_15_COR_mean,         -nan
ZEROS_14_15_COR_stddev,         -nan
ZEROS_14_15_COR_total_mean,         -nan
ZEROS_14_15_COR_total_stddev,         -nan

ZEROS_16_MIS_count,             0
ZEROS_16_MIS_pct,         -nan
ZEROS_16_MIS_total_count,             0
ZEROS_16_MIS_total_pct,         -nan

ZEROS_16_COR_count,             0
ZEROS_16_COR_pct,         -nan
ZEROS_16_COR_total_count,             0
ZEROS_16_COR_total_pct,         -nan
ZEROS_16_COR_sum_count,             0
ZEROS_16_COR_sum_pct,         -nan
ZEROS_16_COR_sum_total_count,             0
ZEROS_16_COR_sum_total_pct,         -nan
ZEROS_16_COR_mean,         -nan
ZEROS_16_COR_stddev,         -nan
ZEROS_16_COR_total_mean,         -nan
ZEROS_16_COR_total_stddev,         -nan

GS2BC_GSHARE_count,             0
GS2BC_GSHARE_pct,         -nan
GS2BC_GSHARE_total_count,             0
GS2BC_GSHARE_total_pct,         -nan

GS2BC_2BC_count,             0
GS2BC_2BC_pct,         -nan
GS2BC_2BC_total_count,             0
GS2BC_2BC_total_pct,         -nan
GS2BC_2BC_sum_count,             0
GS2BC_2BC_sum_pct,         -nan
GS2BC_2BC_sum_total_count,             0
GS2BC_2BC_sum_total_pct,         -nan
GS2BC_2BC_mean,         -nan
GS2BC_2BC_stddev,         -nan
GS2BC_2BC_total_mean,         -nan
GS2BC_2BC_total_stddev,         -nan

GSKEW2BC_VOTE_count,             0
GSKEW2BC_VOTE_pct,         -nan
GSKEW2BC_VOTE_total_count,             0
GSKEW2BC_VOTE_total_pct,         -nan

GSKEW2BC_2BC_count,             0
GSKEW2BC_2BC_pct,         -nan
GSKEW2BC_2BC_total_count,             0
GSKEW2BC_2BC_total_pct,         -nan
GSKEW2BC_2BC_sum_count,             0
GSKEW2BC_2BC_sum_pct,         -nan
GSKEW2BC_2BC_sum_total_count,             0
GSKEW2BC_2BC_sum_total_pct,         -nan
GSKEW2BC_2BC_mean,         -nan
GSKEW2BC_2BC_stddev,         -nan
GSKEW2BC_2BC_total_mean,         -nan
GSKEW2BC_2BC_total_stddev,         -nan

FUTGSHARE_INIT_ON_PATH_CORRECT_count,             0
FUTGSHARE_INIT_ON_PATH_CORRECT_pct,         -nan
FUTGSHARE_INIT_ON_PATH_CORRECT_total_count,             0
FUTGSHARE_INIT_ON_PATH_CORRECT_total_pct,         -nan

FUTGSHARE_INIT_ON_PATH_MISPREDICT_count,             0
FUTGSHARE_INIT_ON_PATH_MISPREDICT_pct,         -nan
FUTGSHARE_INIT_ON_PATH_MISPREDICT_total_count,             0
FUTGSHARE_INIT_ON_PATH_MISPREDICT_total_pct,         -nan
FUTGSHARE_INIT_ON_PATH_MISPREDICT_sum_count,             0
FUTGSHARE_INIT_ON_PATH_MISPREDICT_sum_pct,         -nan
FUTGSHARE_INIT_ON_PATH_MISPREDICT_sum_total_count,             0
FUTGSHARE_INIT_ON_PATH_MISPREDICT_sum_total_pct,         -nan
FUTGSHARE_INIT_ON_PATH_MISPREDICT_mean,         -nan
FUTGSHARE_INIT_ON_PATH_MISPREDICT_stddev,         -nan
FUTGSHARE_INIT_ON_PATH_MISPREDICT_total_mean,         -nan
FUTGSHARE_INIT_ON_PATH_MISPREDICT_total_stddev,         -nan

FUTGSHARE_INIT_OFF_PATH_CORRECT_count,             0
FUTGSHARE_INIT_OFF_PATH_CORRECT_pct,         -nan
FUTGSHARE_INIT_OFF_PATH_CORRECT_total_count,             0
FUTGSHARE_INIT_OFF_PATH_CORRECT_total_pct,         -nan

FUTGSHARE_INIT_OFF_PATH_MISPREDICT_count,             0
FUTGSHARE_INIT_OFF_PATH_MISPREDICT_pct,         -nan
FUTGSHARE_INIT_OFF_PATH_MISPREDICT_total_count,             0
FUTGSHARE_INIT_OFF_PATH_MISPREDICT_total_pct,         -nan
FUTGSHARE_INIT_OFF_PATH_MISPREDICT_sum_count,             0
FUTGSHARE_INIT_OFF_PATH_MISPREDICT_sum_pct,         -nan
FUTGSHARE_INIT_OFF_PATH_MISPREDICT_sum_total_count,             0
FUTGSHARE_INIT_OFF_PATH_MISPREDICT_sum_total_pct,         -nan
FUTGSHARE_INIT_OFF_PATH_MISPREDICT_mean,         -nan
FUTGSHARE_INIT_OFF_PATH_MISPREDICT_stddev,         -nan
FUTGSHARE_INIT_OFF_PATH_MISPREDICT_total_mean,         -nan
FUTGSHARE_INIT_OFF_PATH_MISPREDICT_total_stddev,         -nan

FUTGSHARE_CHANGED_CORRECTED_ON_PATH_count,             0
FUTGSHARE_CHANGED_CORRECTED_ON_PATH_pct,         -nan
FUTGSHARE_CHANGED_CORRECTED_ON_PATH_total_count,             0
FUTGSHARE_CHANGED_CORRECTED_ON_PATH_total_pct,         -nan

FUTGSHARE_CHANGED_SCREWED_ON_PATH_count,             0
FUTGSHARE_CHANGED_SCREWED_ON_PATH_pct,         -nan
FUTGSHARE_CHANGED_SCREWED_ON_PATH_total_count,             0
FUTGSHARE_CHANGED_SCREWED_ON_PATH_total_pct,         -nan
FUTGSHARE_CHANGED_SCREWED_ON_PATH_sum_count,             0
FUTGSHARE_CHANGED_SCREWED_ON_PATH_sum_pct,         -nan
FUTGSHARE_CHANGED_SCREWED_ON_PATH_sum_total_count,             0
FUTGSHARE_CHANGED_SCREWED_ON_PATH_sum_total_pct,         -nan
FUTGSHARE_CHANGED_SCREWED_ON_PATH_mean,         -nan
FUTGSHARE_CHANGED_SCREWED_ON_PATH_stddev,         -nan
FUTGSHARE_CHANGED_SCREWED_ON_PATH_total_mean,         -nan
FUTGSHARE_CHANGED_SCREWED_ON_PATH_total_stddev,         -nan

FUTGSHARE_CHANGED_CORRECTED_OFF_PATH_count,             0
FUTGSHARE_CHANGED_CORRECTED_OFF_PATH_pct,         -nan
FUTGSHARE_CHANGED_CORRECTED_OFF_PATH_total_count,             0
FUTGSHARE_CHANGED_CORRECTED_OFF_PATH_total_pct,         -nan

FUTGSHARE_CHANGED_SCREWED_OFF_PATH_count,             0
FUTGSHARE_CHANGED_SCREWED_OFF_PATH_pct,         -nan
FUTGSHARE_CHANGED_SCREWED_OFF_PATH_total_count,             0
FUTGSHARE_CHANGED_SCREWED_OFF_PATH_total_pct,         -nan
FUTGSHARE_CHANGED_SCREWED_OFF_PATH_sum_count,             0
FUTGSHARE_CHANGED_SCREWED_OFF_PATH_sum_pct,         -nan
FUTGSHARE_CHANGED_SCREWED_OFF_PATH_sum_total_count,             0
FUTGSHARE_CHANGED_SCREWED_OFF_PATH_sum_total_pct,         -nan
FUTGSHARE_CHANGED_SCREWED_OFF_PATH_mean,         -nan
FUTGSHARE_CHANGED_SCREWED_OFF_PATH_stddev,         -nan
FUTGSHARE_CHANGED_SCREWED_OFF_PATH_total_mean,         -nan
FUTGSHARE_CHANGED_SCREWED_OFF_PATH_total_stddev,         -nan

FUTGSHARE_ORIG_CORRECT_FUT_CORRECT_ON_PATH_count,             0
FUTGSHARE_ORIG_CORRECT_FUT_CORRECT_ON_PATH_pct,         -nan
FUTGSHARE_ORIG_CORRECT_FUT_CORRECT_ON_PATH_total_count,             0
FUTGSHARE_ORIG_CORRECT_FUT_CORRECT_ON_PATH_total_pct,         -nan

FUTGSHARE_ORIG_MISPRED_FUT_CORRECT_ON_PATH_count,             0
FUTGSHARE_ORIG_MISPRED_FUT_CORRECT_ON_PATH_pct,         -nan
FUTGSHARE_ORIG_MISPRED_FUT_CORRECT_ON_PATH_total_count,             0
FUTGSHARE_ORIG_MISPRED_FUT_CORRECT_ON_PATH_total_pct,         -nan

FUTGSHARE_ORIG_CORRECT_FUT_MISPRED_ON_PATH_count,             0
FUTGSHARE_ORIG_CORRECT_FUT_MISPRED_ON_PATH_pct,         -nan
FUTGSHARE_ORIG_CORRECT_FUT_MISPRED_ON_PATH_total_count,             0
FUTGSHARE_ORIG_CORRECT_FUT_MISPRED_ON_PATH_total_pct,         -nan

FUTGSHARE_ORIG_MISPRED_FUT_MISPRED_ON_PATH_count,             0
FUTGSHARE_ORIG_MISPRED_FUT_MISPRED_ON_PATH_pct,         -nan
FUTGSHARE_ORIG_MISPRED_FUT_MISPRED_ON_PATH_total_count,             0
FUTGSHARE_ORIG_MISPRED_FUT_MISPRED_ON_PATH_total_pct,         -nan
FUTGSHARE_ORIG_MISPRED_FUT_MISPRED_ON_PATH_sum_count,             0
FUTGSHARE_ORIG_MISPRED_FUT_MISPRED_ON_PATH_sum_pct,         -nan
FUTGSHARE_ORIG_MISPRED_FUT_MISPRED_ON_PATH_sum_total_count,             0
FUTGSHARE_ORIG_MISPRED_FUT_MISPRED_ON_PATH_sum_total_pct,         -nan
FUTGSHARE_ORIG_MISPRED_FUT_MISPRED_ON_PATH_mean,         -nan
FUTGSHARE_ORIG_MISPRED_FUT_MISPRED_ON_PATH_stddev,         -nan
FUTGSHARE_ORIG_MISPRED_FUT_MISPRED_ON_PATH_total_mean,         -nan
FUTGSHARE_ORIG_MISPRED_FUT_MISPRED_ON_PATH_total_stddev,         -nan

FUTGSHARE_ORIG_CORRECT_FUT_CORRECT_OFF_PATH_count,             0
FUTGSHARE_ORIG_CORRECT_FUT_CORRECT_OFF_PATH_pct,         -nan
FUTGSHARE_ORIG_CORRECT_FUT_CORRECT_OFF_PATH_total_count,             0
FUTGSHARE_ORIG_CORRECT_FUT_CORRECT_OFF_PATH_total_pct,         -nan

FUTGSHARE_ORIG_MISPRED_FUT_CORRECT_OFF_PATH_count,             0
FUTGSHARE_ORIG_MISPRED_FUT_CORRECT_OFF_PATH_pct,         -nan
FUTGSHARE_ORIG_MISPRED_FUT_CORRECT_OFF_PATH_total_count,             0
FUTGSHARE_ORIG_MISPRED_FUT_CORRECT_OFF_PATH_total_pct,         -nan

FUTGSHARE_ORIG_CORRECT_FUT_MISPRED_OFF_PATH_count,             0
FUTGSHARE_ORIG_CORRECT_FUT_MISPRED_OFF_PATH_pct,         -nan
FUTGSHARE_ORIG_CORRECT_FUT_MISPRED_OFF_PATH_total_count,             0
FUTGSHARE_ORIG_CORRECT_FUT_MISPRED_OFF_PATH_total_pct,         -nan

FUTGSHARE_ORIG_MISPRED_FUT_MISPRED_OFF_PATH_count,             0
FUTGSHARE_ORIG_MISPRED_FUT_MISPRED_OFF_PATH_pct,         -nan
FUTGSHARE_ORIG_MISPRED_FUT_MISPRED_OFF_PATH_total_count,             0
FUTGSHARE_ORIG_MISPRED_FUT_MISPRED_OFF_PATH_total_pct,         -nan
FUTGSHARE_ORIG_MISPRED_FUT_MISPRED_OFF_PATH_sum_count,             0
FUTGSHARE_ORIG_MISPRED_FUT_MISPRED_OFF_PATH_sum_pct,         -nan
FUTGSHARE_ORIG_MISPRED_FUT_MISPRED_OFF_PATH_sum_total_count,             0
FUTGSHARE_ORIG_MISPRED_FUT_MISPRED_OFF_PATH_sum_total_pct,         -nan
FUTGSHARE_ORIG_MISPRED_FUT_MISPRED_OFF_PATH_mean,         -nan
FUTGSHARE_ORIG_MISPRED_FUT_MISPRED_OFF_PATH_stddev,         -nan
FUTGSHARE_ORIG_MISPRED_FUT_MISPRED_OFF_PATH_total_mean,         -nan
FUTGSHARE_ORIG_MISPRED_FUT_MISPRED_OFF_PATH_total_stddev,         -nan

FUTGSHARE_ON_PATH_CORRECT_0_count,             0
FUTGSHARE_ON_PATH_CORRECT_0_pct,         -nan
FUTGSHARE_ON_PATH_CORRECT_0_total_count,             0
FUTGSHARE_ON_PATH_CORRECT_0_total_pct,         -nan

FUTGSHARE_ON_PATH_MISPREDICT_0_count,             0
FUTGSHARE_ON_PATH_MISPREDICT_0_pct,         -nan
FUTGSHARE_ON_PATH_MISPREDICT_0_total_count,             0
FUTGSHARE_ON_PATH_MISPREDICT_0_total_pct,         -nan
FUTGSHARE_ON_PATH_MISPREDICT_0_sum_count,             0
FUTGSHARE_ON_PATH_MISPREDICT_0_sum_pct,         -nan
FUTGSHARE_ON_PATH_MISPREDICT_0_sum_total_count,             0
FUTGSHARE_ON_PATH_MISPREDICT_0_sum_total_pct,         -nan
FUTGSHARE_ON_PATH_MISPREDICT_0_mean,         -nan
FUTGSHARE_ON_PATH_MISPREDICT_0_stddev,         -nan
FUTGSHARE_ON_PATH_MISPREDICT_0_total_mean,         -nan
FUTGSHARE_ON_PATH_MISPREDICT_0_total_stddev,         -nan

FUTGSHARE_OFF_PATH_CORRECT_0_count,             0
FUTGSHARE_OFF_PATH_CORRECT_0_pct,         -nan
FUTGSHARE_OFF_PATH_CORRECT_0_total_count,             0
FUTGSHARE_OFF_PATH_CORRECT_0_total_pct,         -nan

FUTGSHARE_OFF_PATH_MISPREDICT_0_count,             0
FUTGSHARE_OFF_PATH_MISPREDICT_0_pct,         -nan
FUTGSHARE_OFF_PATH_MISPREDICT_0_total_count,             0
FUTGSHARE_OFF_PATH_MISPREDICT_0_total_pct,         -nan
FUTGSHARE_OFF_PATH_MISPREDICT_0_sum_count,             0
FUTGSHARE_OFF_PATH_MISPREDICT_0_sum_pct,         -nan
FUTGSHARE_OFF_PATH_MISPREDICT_0_sum_total_count,             0
FUTGSHARE_OFF_PATH_MISPREDICT_0_sum_total_pct,         -nan
FUTGSHARE_OFF_PATH_MISPREDICT_0_mean,         -nan
FUTGSHARE_OFF_PATH_MISPREDICT_0_stddev,         -nan
FUTGSHARE_OFF_PATH_MISPREDICT_0_total_mean,         -nan
FUTGSHARE_OFF_PATH_MISPREDICT_0_total_stddev,         -nan

FUTGSHARE_ON_PATH_CORRECT_1_count,             0
FUTGSHARE_ON_PATH_CORRECT_1_pct,         -nan
FUTGSHARE_ON_PATH_CORRECT_1_total_count,             0
FUTGSHARE_ON_PATH_CORRECT_1_total_pct,         -nan

FUTGSHARE_ON_PATH_MISPREDICT_1_count,             0
FUTGSHARE_ON_PATH_MISPREDICT_1_pct,         -nan
FUTGSHARE_ON_PATH_MISPREDICT_1_total_count,             0
FUTGSHARE_ON_PATH_MISPREDICT_1_total_pct,         -nan
FUTGSHARE_ON_PATH_MISPREDICT_1_sum_count,             0
FUTGSHARE_ON_PATH_MISPREDICT_1_sum_pct,         -nan
FUTGSHARE_ON_PATH_MISPREDICT_1_sum_total_count,             0
FUTGSHARE_ON_PATH_MISPREDICT_1_sum_total_pct,         -nan
FUTGSHARE_ON_PATH_MISPREDICT_1_mean,         -nan
FUTGSHARE_ON_PATH_MISPREDICT_1_stddev,         -nan
FUTGSHARE_ON_PATH_MISPREDICT_1_total_mean,         -nan
FUTGSHARE_ON_PATH_MISPREDICT_1_total_stddev,         -nan

FUTGSHARE_OFF_PATH_CORRECT_1_count,             0
FUTGSHARE_OFF_PATH_CORRECT_1_pct,         -nan
FUTGSHARE_OFF_PATH_CORRECT_1_total_count,             0
FUTGSHARE_OFF_PATH_CORRECT_1_total_pct,         -nan

FUTGSHARE_OFF_PATH_MISPREDICT_1_count,             0
FUTGSHARE_OFF_PATH_MISPREDICT_1_pct,         -nan
FUTGSHARE_OFF_PATH_MISPREDICT_1_total_count,             0
FUTGSHARE_OFF_PATH_MISPREDICT_1_total_pct,         -nan
FUTGSHARE_OFF_PATH_MISPREDICT_1_sum_count,             0
FUTGSHARE_OFF_PATH_MISPREDICT_1_sum_pct,         -nan
FUTGSHARE_OFF_PATH_MISPREDICT_1_sum_total_count,             0
FUTGSHARE_OFF_PATH_MISPREDICT_1_sum_total_pct,         -nan
FUTGSHARE_OFF_PATH_MISPREDICT_1_mean,         -nan
FUTGSHARE_OFF_PATH_MISPREDICT_1_stddev,         -nan
FUTGSHARE_OFF_PATH_MISPREDICT_1_total_mean,         -nan
FUTGSHARE_OFF_PATH_MISPREDICT_1_total_stddev,         -nan

FUTGSHARE_ON_PATH_CORRECT_2_count,             0
FUTGSHARE_ON_PATH_CORRECT_2_pct,         -nan
FUTGSHARE_ON_PATH_CORRECT_2_total_count,             0
FUTGSHARE_ON_PATH_CORRECT_2_total_pct,         -nan

FUTGSHARE_ON_PATH_MISPREDICT_2_count,             0
FUTGSHARE_ON_PATH_MISPREDICT_2_pct,         -nan
FUTGSHARE_ON_PATH_MISPREDICT_2_total_count,             0
FUTGSHARE_ON_PATH_MISPREDICT_2_total_pct,         -nan
FUTGSHARE_ON_PATH_MISPREDICT_2_sum_count,             0
FUTGSHARE_ON_PATH_MISPREDICT_2_sum_pct,         -nan
FUTGSHARE_ON_PATH_MISPREDICT_2_sum_total_count,             0
FUTGSHARE_ON_PATH_MISPREDICT_2_sum_total_pct,         -nan
FUTGSHARE_ON_PATH_MISPREDICT_2_mean,         -nan
FUTGSHARE_ON_PATH_MISPREDICT_2_stddev,         -nan
FUTGSHARE_ON_PATH_MISPREDICT_2_total_mean,         -nan
FUTGSHARE_ON_PATH_MISPREDICT_2_total_stddev,         -nan

FUTGSHARE_OFF_PATH_CORRECT_2_count,             0
FUTGSHARE_OFF_PATH_CORRECT_2_pct,         -nan
FUTGSHARE_OFF_PATH_CORRECT_2_total_count,             0
FUTGSHARE_OFF_PATH_CORRECT_2_total_pct,         -nan

FUTGSHARE_OFF_PATH_MISPREDICT_2_count,             0
FUTGSHARE_OFF_PATH_MISPREDICT_2_pct,         -nan
FUTGSHARE_OFF_PATH_MISPREDICT_2_total_count,             0
FUTGSHARE_OFF_PATH_MISPREDICT_2_total_pct,         -nan
FUTGSHARE_OFF_PATH_MISPREDICT_2_sum_count,             0
FUTGSHARE_OFF_PATH_MISPREDICT_2_sum_pct,         -nan
FUTGSHARE_OFF_PATH_MISPREDICT_2_sum_total_count,             0
FUTGSHARE_OFF_PATH_MISPREDICT_2_sum_total_pct,         -nan
FUTGSHARE_OFF_PATH_MISPREDICT_2_mean,         -nan
FUTGSHARE_OFF_PATH_MISPREDICT_2_stddev,         -nan
FUTGSHARE_OFF_PATH_MISPREDICT_2_total_mean,         -nan
FUTGSHARE_OFF_PATH_MISPREDICT_2_total_stddev,         -nan

FUTGSHARE_ON_PATH_CORRECT_3_count,             0
FUTGSHARE_ON_PATH_CORRECT_3_pct,         -nan
FUTGSHARE_ON_PATH_CORRECT_3_total_count,             0
FUTGSHARE_ON_PATH_CORRECT_3_total_pct,         -nan

FUTGSHARE_ON_PATH_MISPREDICT_3_count,             0
FUTGSHARE_ON_PATH_MISPREDICT_3_pct,         -nan
FUTGSHARE_ON_PATH_MISPREDICT_3_total_count,             0
FUTGSHARE_ON_PATH_MISPREDICT_3_total_pct,         -nan
FUTGSHARE_ON_PATH_MISPREDICT_3_sum_count,             0
FUTGSHARE_ON_PATH_MISPREDICT_3_sum_pct,         -nan
FUTGSHARE_ON_PATH_MISPREDICT_3_sum_total_count,             0
FUTGSHARE_ON_PATH_MISPREDICT_3_sum_total_pct,         -nan
FUTGSHARE_ON_PATH_MISPREDICT_3_mean,         -nan
FUTGSHARE_ON_PATH_MISPREDICT_3_stddev,         -nan
FUTGSHARE_ON_PATH_MISPREDICT_3_total_mean,         -nan
FUTGSHARE_ON_PATH_MISPREDICT_3_total_stddev,         -nan

FUTGSHARE_OFF_PATH_CORRECT_3_count,             0
FUTGSHARE_OFF_PATH_CORRECT_3_pct,         -nan
FUTGSHARE_OFF_PATH_CORRECT_3_total_count,             0
FUTGSHARE_OFF_PATH_CORRECT_3_total_pct,         -nan

FUTGSHARE_OFF_PATH_MISPREDICT_3_count,             0
FUTGSHARE_OFF_PATH_MISPREDICT_3_pct,         -nan
FUTGSHARE_OFF_PATH_MISPREDICT_3_total_count,             0
FUTGSHARE_OFF_PATH_MISPREDICT_3_total_pct,         -nan
FUTGSHARE_OFF_PATH_MISPREDICT_3_sum_count,             0
FUTGSHARE_OFF_PATH_MISPREDICT_3_sum_pct,         -nan
FUTGSHARE_OFF_PATH_MISPREDICT_3_sum_total_count,             0
FUTGSHARE_OFF_PATH_MISPREDICT_3_sum_total_pct,         -nan
FUTGSHARE_OFF_PATH_MISPREDICT_3_mean,         -nan
FUTGSHARE_OFF_PATH_MISPREDICT_3_stddev,         -nan
FUTGSHARE_OFF_PATH_MISPREDICT_3_total_mean,         -nan
FUTGSHARE_OFF_PATH_MISPREDICT_3_total_stddev,         -nan

FUTGSHARE_ON_PATH_CORRECT_4_count,             0
FUTGSHARE_ON_PATH_CORRECT_4_pct,         -nan
FUTGSHARE_ON_PATH_CORRECT_4_total_count,             0
FUTGSHARE_ON_PATH_CORRECT_4_total_pct,         -nan

FUTGSHARE_ON_PATH_MISPREDICT_4_count,             0
FUTGSHARE_ON_PATH_MISPREDICT_4_pct,         -nan
FUTGSHARE_ON_PATH_MISPREDICT_4_total_count,             0
FUTGSHARE_ON_PATH_MISPREDICT_4_total_pct,         -nan
FUTGSHARE_ON_PATH_MISPREDICT_4_sum_count,             0
FUTGSHARE_ON_PATH_MISPREDICT_4_sum_pct,         -nan
FUTGSHARE_ON_PATH_MISPREDICT_4_sum_total_count,             0
FUTGSHARE_ON_PATH_MISPREDICT_4_sum_total_pct,         -nan
FUTGSHARE_ON_PATH_MISPREDICT_4_mean,         -nan
FUTGSHARE_ON_PATH_MISPREDICT_4_stddev,         -nan
FUTGSHARE_ON_PATH_MISPREDICT_4_total_mean,         -nan
FUTGSHARE_ON_PATH_MISPREDICT_4_total_stddev,         -nan

FUTGSHARE_OFF_PATH_CORRECT_4_count,             0
FUTGSHARE_OFF_PATH_CORRECT_4_pct,         -nan
FUTGSHARE_OFF_PATH_CORRECT_4_total_count,             0
FUTGSHARE_OFF_PATH_CORRECT_4_total_pct,         -nan

FUTGSHARE_OFF_PATH_MISPREDICT_4_count,             0
FUTGSHARE_OFF_PATH_MISPREDICT_4_pct,         -nan
FUTGSHARE_OFF_PATH_MISPREDICT_4_total_count,             0
FUTGSHARE_OFF_PATH_MISPREDICT_4_total_pct,         -nan
FUTGSHARE_OFF_PATH_MISPREDICT_4_sum_count,             0
FUTGSHARE_OFF_PATH_MISPREDICT_4_sum_pct,         -nan
FUTGSHARE_OFF_PATH_MISPREDICT_4_sum_total_count,             0
FUTGSHARE_OFF_PATH_MISPREDICT_4_sum_total_pct,         -nan
FUTGSHARE_OFF_PATH_MISPREDICT_4_mean,         -nan
FUTGSHARE_OFF_PATH_MISPREDICT_4_stddev,         -nan
FUTGSHARE_OFF_PATH_MISPREDICT_4_total_mean,         -nan
FUTGSHARE_OFF_PATH_MISPREDICT_4_total_stddev,         -nan

FUTGSHARE_ON_PATH_CORRECT_5_count,             0
FUTGSHARE_ON_PATH_CORRECT_5_pct,         -nan
FUTGSHARE_ON_PATH_CORRECT_5_total_count,             0
FUTGSHARE_ON_PATH_CORRECT_5_total_pct,         -nan

FUTGSHARE_ON_PATH_MISPREDICT_5_count,             0
FUTGSHARE_ON_PATH_MISPREDICT_5_pct,         -nan
FUTGSHARE_ON_PATH_MISPREDICT_5_total_count,             0
FUTGSHARE_ON_PATH_MISPREDICT_5_total_pct,         -nan
FUTGSHARE_ON_PATH_MISPREDICT_5_sum_count,             0
FUTGSHARE_ON_PATH_MISPREDICT_5_sum_pct,         -nan
FUTGSHARE_ON_PATH_MISPREDICT_5_sum_total_count,             0
FUTGSHARE_ON_PATH_MISPREDICT_5_sum_total_pct,         -nan
FUTGSHARE_ON_PATH_MISPREDICT_5_mean,         -nan
FUTGSHARE_ON_PATH_MISPREDICT_5_stddev,         -nan
FUTGSHARE_ON_PATH_MISPREDICT_5_total_mean,         -nan
FUTGSHARE_ON_PATH_MISPREDICT_5_total_stddev,         -nan

FUTGSHARE_OFF_PATH_CORRECT_5_count,             0
FUTGSHARE_OFF_PATH_CORRECT_5_pct,         -nan
FUTGSHARE_OFF_PATH_CORRECT_5_total_count,             0
FUTGSHARE_OFF_PATH_CORRECT_5_total_pct,         -nan

FUTGSHARE_OFF_PATH_MISPREDICT_5_count,             0
FUTGSHARE_OFF_PATH_MISPREDICT_5_pct,         -nan
FUTGSHARE_OFF_PATH_MISPREDICT_5_total_count,             0
FUTGSHARE_OFF_PATH_MISPREDICT_5_total_pct,         -nan
FUTGSHARE_OFF_PATH_MISPREDICT_5_sum_count,             0
FUTGSHARE_OFF_PATH_MISPREDICT_5_sum_pct,         -nan
FUTGSHARE_OFF_PATH_MISPREDICT_5_sum_total_count,             0
FUTGSHARE_OFF_PATH_MISPREDICT_5_sum_total_pct,         -nan
FUTGSHARE_OFF_PATH_MISPREDICT_5_mean,         -nan
FUTGSHARE_OFF_PATH_MISPREDICT_5_stddev,         -nan
FUTGSHARE_OFF_PATH_MISPREDICT_5_total_mean,         -nan
FUTGSHARE_OFF_PATH_MISPREDICT_5_total_stddev,         -nan

FUTGSHARE_ON_PATH_CORRECT_6_count,             0
FUTGSHARE_ON_PATH_CORRECT_6_pct,         -nan
FUTGSHARE_ON_PATH_CORRECT_6_total_count,             0
FUTGSHARE_ON_PATH_CORRECT_6_total_pct,         -nan

FUTGSHARE_ON_PATH_MISPREDICT_6_count,             0
FUTGSHARE_ON_PATH_MISPREDICT_6_pct,         -nan
FUTGSHARE_ON_PATH_MISPREDICT_6_total_count,             0
FUTGSHARE_ON_PATH_MISPREDICT_6_total_pct,         -nan
FUTGSHARE_ON_PATH_MISPREDICT_6_sum_count,             0
FUTGSHARE_ON_PATH_MISPREDICT_6_sum_pct,         -nan
FUTGSHARE_ON_PATH_MISPREDICT_6_sum_total_count,             0
FUTGSHARE_ON_PATH_MISPREDICT_6_sum_total_pct,         -nan
FUTGSHARE_ON_PATH_MISPREDICT_6_mean,         -nan
FUTGSHARE_ON_PATH_MISPREDICT_6_stddev,         -nan
FUTGSHARE_ON_PATH_MISPREDICT_6_total_mean,         -nan
FUTGSHARE_ON_PATH_MISPREDICT_6_total_stddev,         -nan

FUTGSHARE_OFF_PATH_CORRECT_6_count,             0
FUTGSHARE_OFF_PATH_CORRECT_6_pct,         -nan
FUTGSHARE_OFF_PATH_CORRECT_6_total_count,             0
FUTGSHARE_OFF_PATH_CORRECT_6_total_pct,         -nan

FUTGSHARE_OFF_PATH_MISPREDICT_6_count,             0
FUTGSHARE_OFF_PATH_MISPREDICT_6_pct,         -nan
FUTGSHARE_OFF_PATH_MISPREDICT_6_total_count,             0
FUTGSHARE_OFF_PATH_MISPREDICT_6_total_pct,         -nan
FUTGSHARE_OFF_PATH_MISPREDICT_6_sum_count,             0
FUTGSHARE_OFF_PATH_MISPREDICT_6_sum_pct,         -nan
FUTGSHARE_OFF_PATH_MISPREDICT_6_sum_total_count,             0
FUTGSHARE_OFF_PATH_MISPREDICT_6_sum_total_pct,         -nan
FUTGSHARE_OFF_PATH_MISPREDICT_6_mean,         -nan
FUTGSHARE_OFF_PATH_MISPREDICT_6_stddev,         -nan
FUTGSHARE_OFF_PATH_MISPREDICT_6_total_mean,         -nan
FUTGSHARE_OFF_PATH_MISPREDICT_6_total_stddev,         -nan

FUTGSHARE_ON_PATH_CORRECT_7_count,             0
FUTGSHARE_ON_PATH_CORRECT_7_pct,         -nan
FUTGSHARE_ON_PATH_CORRECT_7_total_count,             0
FUTGSHARE_ON_PATH_CORRECT_7_total_pct,         -nan

FUTGSHARE_ON_PATH_MISPREDICT_7_count,             0
FUTGSHARE_ON_PATH_MISPREDICT_7_pct,         -nan
FUTGSHARE_ON_PATH_MISPREDICT_7_total_count,             0
FUTGSHARE_ON_PATH_MISPREDICT_7_total_pct,         -nan
FUTGSHARE_ON_PATH_MISPREDICT_7_sum_count,             0
FUTGSHARE_ON_PATH_MISPREDICT_7_sum_pct,         -nan
FUTGSHARE_ON_PATH_MISPREDICT_7_sum_total_count,             0
FUTGSHARE_ON_PATH_MISPREDICT_7_sum_total_pct,         -nan
FUTGSHARE_ON_PATH_MISPREDICT_7_mean,         -nan
FUTGSHARE_ON_PATH_MISPREDICT_7_stddev,         -nan
FUTGSHARE_ON_PATH_MISPREDICT_7_total_mean,         -nan
FUTGSHARE_ON_PATH_MISPREDICT_7_total_stddev,         -nan

FUTGSHARE_OFF_PATH_CORRECT_7_count,             0
FUTGSHARE_OFF_PATH_CORRECT_7_pct,         -nan
FUTGSHARE_OFF_PATH_CORRECT_7_total_count,             0
FUTGSHARE_OFF_PATH_CORRECT_7_total_pct,         -nan

FUTGSHARE_OFF_PATH_MISPREDICT_7_count,             0
FUTGSHARE_OFF_PATH_MISPREDICT_7_pct,         -nan
FUTGSHARE_OFF_PATH_MISPREDICT_7_total_count,             0
FUTGSHARE_OFF_PATH_MISPREDICT_7_total_pct,         -nan
FUTGSHARE_OFF_PATH_MISPREDICT_7_sum_count,             0
FUTGSHARE_OFF_PATH_MISPREDICT_7_sum_pct,         -nan
FUTGSHARE_OFF_PATH_MISPREDICT_7_sum_total_count,             0
FUTGSHARE_OFF_PATH_MISPREDICT_7_sum_total_pct,         -nan
FUTGSHARE_OFF_PATH_MISPREDICT_7_mean,         -nan
FUTGSHARE_OFF_PATH_MISPREDICT_7_stddev,         -nan
FUTGSHARE_OFF_PATH_MISPREDICT_7_total_mean,         -nan
FUTGSHARE_OFF_PATH_MISPREDICT_7_total_stddev,         -nan

FUTGSHARE_ON_PATH_CORRECT_8_count,             0
FUTGSHARE_ON_PATH_CORRECT_8_pct,         -nan
FUTGSHARE_ON_PATH_CORRECT_8_total_count,             0
FUTGSHARE_ON_PATH_CORRECT_8_total_pct,         -nan

FUTGSHARE_ON_PATH_MISPREDICT_8_count,             0
FUTGSHARE_ON_PATH_MISPREDICT_8_pct,         -nan
FUTGSHARE_ON_PATH_MISPREDICT_8_total_count,             0
FUTGSHARE_ON_PATH_MISPREDICT_8_total_pct,         -nan
FUTGSHARE_ON_PATH_MISPREDICT_8_sum_count,             0
FUTGSHARE_ON_PATH_MISPREDICT_8_sum_pct,         -nan
FUTGSHARE_ON_PATH_MISPREDICT_8_sum_total_count,             0
FUTGSHARE_ON_PATH_MISPREDICT_8_sum_total_pct,         -nan
FUTGSHARE_ON_PATH_MISPREDICT_8_mean,         -nan
FUTGSHARE_ON_PATH_MISPREDICT_8_stddev,         -nan
FUTGSHARE_ON_PATH_MISPREDICT_8_total_mean,         -nan
FUTGSHARE_ON_PATH_MISPREDICT_8_total_stddev,         -nan

FUTGSHARE_OFF_PATH_CORRECT_8_count,             0
FUTGSHARE_OFF_PATH_CORRECT_8_pct,         -nan
FUTGSHARE_OFF_PATH_CORRECT_8_total_count,             0
FUTGSHARE_OFF_PATH_CORRECT_8_total_pct,         -nan

FUTGSHARE_OFF_PATH_MISPREDICT_8_count,             0
FUTGSHARE_OFF_PATH_MISPREDICT_8_pct,         -nan
FUTGSHARE_OFF_PATH_MISPREDICT_8_total_count,             0
FUTGSHARE_OFF_PATH_MISPREDICT_8_total_pct,         -nan
FUTGSHARE_OFF_PATH_MISPREDICT_8_sum_count,             0
FUTGSHARE_OFF_PATH_MISPREDICT_8_sum_pct,         -nan
FUTGSHARE_OFF_PATH_MISPREDICT_8_sum_total_count,             0
FUTGSHARE_OFF_PATH_MISPREDICT_8_sum_total_pct,         -nan
FUTGSHARE_OFF_PATH_MISPREDICT_8_mean,         -nan
FUTGSHARE_OFF_PATH_MISPREDICT_8_stddev,         -nan
FUTGSHARE_OFF_PATH_MISPREDICT_8_total_mean,         -nan
FUTGSHARE_OFF_PATH_MISPREDICT_8_total_stddev,         -nan

FUTGSHARE_ON_PATH_CORRECT_9_count,             0
FUTGSHARE_ON_PATH_CORRECT_9_pct,         -nan
FUTGSHARE_ON_PATH_CORRECT_9_total_count,             0
FUTGSHARE_ON_PATH_CORRECT_9_total_pct,         -nan

FUTGSHARE_ON_PATH_MISPREDICT_9_count,             0
FUTGSHARE_ON_PATH_MISPREDICT_9_pct,         -nan
FUTGSHARE_ON_PATH_MISPREDICT_9_total_count,             0
FUTGSHARE_ON_PATH_MISPREDICT_9_total_pct,         -nan
FUTGSHARE_ON_PATH_MISPREDICT_9_sum_count,             0
FUTGSHARE_ON_PATH_MISPREDICT_9_sum_pct,         -nan
FUTGSHARE_ON_PATH_MISPREDICT_9_sum_total_count,             0
FUTGSHARE_ON_PATH_MISPREDICT_9_sum_total_pct,         -nan
FUTGSHARE_ON_PATH_MISPREDICT_9_mean,         -nan
FUTGSHARE_ON_PATH_MISPREDICT_9_stddev,         -nan
FUTGSHARE_ON_PATH_MISPREDICT_9_total_mean,         -nan
FUTGSHARE_ON_PATH_MISPREDICT_9_total_stddev,         -nan

FUTGSHARE_OFF_PATH_CORRECT_9_count,             0
FUTGSHARE_OFF_PATH_CORRECT_9_pct,         -nan
FUTGSHARE_OFF_PATH_CORRECT_9_total_count,             0
FUTGSHARE_OFF_PATH_CORRECT_9_total_pct,         -nan

FUTGSHARE_OFF_PATH_MISPREDICT_9_count,             0
FUTGSHARE_OFF_PATH_MISPREDICT_9_pct,         -nan
FUTGSHARE_OFF_PATH_MISPREDICT_9_total_count,             0
FUTGSHARE_OFF_PATH_MISPREDICT_9_total_pct,         -nan
FUTGSHARE_OFF_PATH_MISPREDICT_9_sum_count,             0
FUTGSHARE_OFF_PATH_MISPREDICT_9_sum_pct,         -nan
FUTGSHARE_OFF_PATH_MISPREDICT_9_sum_total_count,             0
FUTGSHARE_OFF_PATH_MISPREDICT_9_sum_total_pct,         -nan
FUTGSHARE_OFF_PATH_MISPREDICT_9_mean,         -nan
FUTGSHARE_OFF_PATH_MISPREDICT_9_stddev,         -nan
FUTGSHARE_OFF_PATH_MISPREDICT_9_total_mean,         -nan
FUTGSHARE_OFF_PATH_MISPREDICT_9_total_stddev,         -nan

FUTGSHARE_ON_PATH_CORRECT_10_count,             0
FUTGSHARE_ON_PATH_CORRECT_10_pct,         -nan
FUTGSHARE_ON_PATH_CORRECT_10_total_count,             0
FUTGSHARE_ON_PATH_CORRECT_10_total_pct,         -nan

FUTGSHARE_ON_PATH_MISPREDICT_10_count,             0
FUTGSHARE_ON_PATH_MISPREDICT_10_pct,         -nan
FUTGSHARE_ON_PATH_MISPREDICT_10_total_count,             0
FUTGSHARE_ON_PATH_MISPREDICT_10_total_pct,         -nan
FUTGSHARE_ON_PATH_MISPREDICT_10_sum_count,             0
FUTGSHARE_ON_PATH_MISPREDICT_10_sum_pct,         -nan
FUTGSHARE_ON_PATH_MISPREDICT_10_sum_total_count,             0
FUTGSHARE_ON_PATH_MISPREDICT_10_sum_total_pct,         -nan
FUTGSHARE_ON_PATH_MISPREDICT_10_mean,         -nan
FUTGSHARE_ON_PATH_MISPREDICT_10_stddev,         -nan
FUTGSHARE_ON_PATH_MISPREDICT_10_total_mean,         -nan
FUTGSHARE_ON_PATH_MISPREDICT_10_total_stddev,         -nan

FUTGSHARE_OFF_PATH_CORRECT_10_count,             0
FUTGSHARE_OFF_PATH_CORRECT_10_pct,         -nan
FUTGSHARE_OFF_PATH_CORRECT_10_total_count,             0
FUTGSHARE_OFF_PATH_CORRECT_10_total_pct,         -nan

FUTGSHARE_OFF_PATH_MISPREDICT_10_count,             0
FUTGSHARE_OFF_PATH_MISPREDICT_10_pct,         -nan
FUTGSHARE_OFF_PATH_MISPREDICT_10_total_count,             0
FUTGSHARE_OFF_PATH_MISPREDICT_10_total_pct,         -nan
FUTGSHARE_OFF_PATH_MISPREDICT_10_sum_count,             0
FUTGSHARE_OFF_PATH_MISPREDICT_10_sum_pct,         -nan
FUTGSHARE_OFF_PATH_MISPREDICT_10_sum_total_count,             0
FUTGSHARE_OFF_PATH_MISPREDICT_10_sum_total_pct,         -nan
FUTGSHARE_OFF_PATH_MISPREDICT_10_mean,         -nan
FUTGSHARE_OFF_PATH_MISPREDICT_10_stddev,         -nan
FUTGSHARE_OFF_PATH_MISPREDICT_10_total_mean,         -nan
FUTGSHARE_OFF_PATH_MISPREDICT_10_total_stddev,         -nan

FUTGSHARE_ON_PATH_CORRECT_11_count,             0
FUTGSHARE_ON_PATH_CORRECT_11_pct,         -nan
FUTGSHARE_ON_PATH_CORRECT_11_total_count,             0
FUTGSHARE_ON_PATH_CORRECT_11_total_pct,         -nan

FUTGSHARE_ON_PATH_MISPREDICT_11_count,             0
FUTGSHARE_ON_PATH_MISPREDICT_11_pct,         -nan
FUTGSHARE_ON_PATH_MISPREDICT_11_total_count,             0
FUTGSHARE_ON_PATH_MISPREDICT_11_total_pct,         -nan
FUTGSHARE_ON_PATH_MISPREDICT_11_sum_count,             0
FUTGSHARE_ON_PATH_MISPREDICT_11_sum_pct,         -nan
FUTGSHARE_ON_PATH_MISPREDICT_11_sum_total_count,             0
FUTGSHARE_ON_PATH_MISPREDICT_11_sum_total_pct,         -nan
FUTGSHARE_ON_PATH_MISPREDICT_11_mean,         -nan
FUTGSHARE_ON_PATH_MISPREDICT_11_stddev,         -nan
FUTGSHARE_ON_PATH_MISPREDICT_11_total_mean,         -nan
FUTGSHARE_ON_PATH_MISPREDICT_11_total_stddev,         -nan

FUTGSHARE_OFF_PATH_CORRECT_11_count,             0
FUTGSHARE_OFF_PATH_CORRECT_11_pct,         -nan
FUTGSHARE_OFF_PATH_CORRECT_11_total_count,             0
FUTGSHARE_OFF_PATH_CORRECT_11_total_pct,         -nan

FUTGSHARE_OFF_PATH_MISPREDICT_11_count,             0
FUTGSHARE_OFF_PATH_MISPREDICT_11_pct,         -nan
FUTGSHARE_OFF_PATH_MISPREDICT_11_total_count,             0
FUTGSHARE_OFF_PATH_MISPREDICT_11_total_pct,         -nan
FUTGSHARE_OFF_PATH_MISPREDICT_11_sum_count,             0
FUTGSHARE_OFF_PATH_MISPREDICT_11_sum_pct,         -nan
FUTGSHARE_OFF_PATH_MISPREDICT_11_sum_total_count,             0
FUTGSHARE_OFF_PATH_MISPREDICT_11_sum_total_pct,         -nan
FUTGSHARE_OFF_PATH_MISPREDICT_11_mean,         -nan
FUTGSHARE_OFF_PATH_MISPREDICT_11_stddev,         -nan
FUTGSHARE_OFF_PATH_MISPREDICT_11_total_mean,         -nan
FUTGSHARE_OFF_PATH_MISPREDICT_11_total_stddev,         -nan

FUTGSHARE_ON_PATH_CORRECT_12_count,             0
FUTGSHARE_ON_PATH_CORRECT_12_pct,         -nan
FUTGSHARE_ON_PATH_CORRECT_12_total_count,             0
FUTGSHARE_ON_PATH_CORRECT_12_total_pct,         -nan

FUTGSHARE_ON_PATH_MISPREDICT_12_count,             0
FUTGSHARE_ON_PATH_MISPREDICT_12_pct,         -nan
FUTGSHARE_ON_PATH_MISPREDICT_12_total_count,             0
FUTGSHARE_ON_PATH_MISPREDICT_12_total_pct,         -nan
FUTGSHARE_ON_PATH_MISPREDICT_12_sum_count,             0
FUTGSHARE_ON_PATH_MISPREDICT_12_sum_pct,         -nan
FUTGSHARE_ON_PATH_MISPREDICT_12_sum_total_count,             0
FUTGSHARE_ON_PATH_MISPREDICT_12_sum_total_pct,         -nan
FUTGSHARE_ON_PATH_MISPREDICT_12_mean,         -nan
FUTGSHARE_ON_PATH_MISPREDICT_12_stddev,         -nan
FUTGSHARE_ON_PATH_MISPREDICT_12_total_mean,         -nan
FUTGSHARE_ON_PATH_MISPREDICT_12_total_stddev,         -nan

FUTGSHARE_OFF_PATH_CORRECT_12_count,             0
FUTGSHARE_OFF_PATH_CORRECT_12_pct,         -nan
FUTGSHARE_OFF_PATH_CORRECT_12_total_count,             0
FUTGSHARE_OFF_PATH_CORRECT_12_total_pct,         -nan

FUTGSHARE_OFF_PATH_MISPREDICT_12_count,             0
FUTGSHARE_OFF_PATH_MISPREDICT_12_pct,         -nan
FUTGSHARE_OFF_PATH_MISPREDICT_12_total_count,             0
FUTGSHARE_OFF_PATH_MISPREDICT_12_total_pct,         -nan
FUTGSHARE_OFF_PATH_MISPREDICT_12_sum_count,             0
FUTGSHARE_OFF_PATH_MISPREDICT_12_sum_pct,         -nan
FUTGSHARE_OFF_PATH_MISPREDICT_12_sum_total_count,             0
FUTGSHARE_OFF_PATH_MISPREDICT_12_sum_total_pct,         -nan
FUTGSHARE_OFF_PATH_MISPREDICT_12_mean,         -nan
FUTGSHARE_OFF_PATH_MISPREDICT_12_stddev,         -nan
FUTGSHARE_OFF_PATH_MISPREDICT_12_total_mean,         -nan
FUTGSHARE_OFF_PATH_MISPREDICT_12_total_stddev,         -nan

FUTGSHARE_ON_PATH_CORRECT_13_count,             0
FUTGSHARE_ON_PATH_CORRECT_13_pct,         -nan
FUTGSHARE_ON_PATH_CORRECT_13_total_count,             0
FUTGSHARE_ON_PATH_CORRECT_13_total_pct,         -nan

FUTGSHARE_ON_PATH_MISPREDICT_13_count,             0
FUTGSHARE_ON_PATH_MISPREDICT_13_pct,         -nan
FUTGSHARE_ON_PATH_MISPREDICT_13_total_count,             0
FUTGSHARE_ON_PATH_MISPREDICT_13_total_pct,         -nan
FUTGSHARE_ON_PATH_MISPREDICT_13_sum_count,             0
FUTGSHARE_ON_PATH_MISPREDICT_13_sum_pct,         -nan
FUTGSHARE_ON_PATH_MISPREDICT_13_sum_total_count,             0
FUTGSHARE_ON_PATH_MISPREDICT_13_sum_total_pct,         -nan
FUTGSHARE_ON_PATH_MISPREDICT_13_mean,         -nan
FUTGSHARE_ON_PATH_MISPREDICT_13_stddev,         -nan
FUTGSHARE_ON_PATH_MISPREDICT_13_total_mean,         -nan
FUTGSHARE_ON_PATH_MISPREDICT_13_total_stddev,         -nan

FUTGSHARE_OFF_PATH_CORRECT_13_count,             0
FUTGSHARE_OFF_PATH_CORRECT_13_pct,         -nan
FUTGSHARE_OFF_PATH_CORRECT_13_total_count,             0
FUTGSHARE_OFF_PATH_CORRECT_13_total_pct,         -nan

FUTGSHARE_OFF_PATH_MISPREDICT_13_count,             0
FUTGSHARE_OFF_PATH_MISPREDICT_13_pct,         -nan
FUTGSHARE_OFF_PATH_MISPREDICT_13_total_count,             0
FUTGSHARE_OFF_PATH_MISPREDICT_13_total_pct,         -nan
FUTGSHARE_OFF_PATH_MISPREDICT_13_sum_count,             0
FUTGSHARE_OFF_PATH_MISPREDICT_13_sum_pct,         -nan
FUTGSHARE_OFF_PATH_MISPREDICT_13_sum_total_count,             0
FUTGSHARE_OFF_PATH_MISPREDICT_13_sum_total_pct,         -nan
FUTGSHARE_OFF_PATH_MISPREDICT_13_mean,         -nan
FUTGSHARE_OFF_PATH_MISPREDICT_13_stddev,         -nan
FUTGSHARE_OFF_PATH_MISPREDICT_13_total_mean,         -nan
FUTGSHARE_OFF_PATH_MISPREDICT_13_total_stddev,         -nan

FUTGSHARE_ON_PATH_CORRECT_14_count,             0
FUTGSHARE_ON_PATH_CORRECT_14_pct,         -nan
FUTGSHARE_ON_PATH_CORRECT_14_total_count,             0
FUTGSHARE_ON_PATH_CORRECT_14_total_pct,         -nan

FUTGSHARE_ON_PATH_MISPREDICT_14_count,             0
FUTGSHARE_ON_PATH_MISPREDICT_14_pct,         -nan
FUTGSHARE_ON_PATH_MISPREDICT_14_total_count,             0
FUTGSHARE_ON_PATH_MISPREDICT_14_total_pct,         -nan
FUTGSHARE_ON_PATH_MISPREDICT_14_sum_count,             0
FUTGSHARE_ON_PATH_MISPREDICT_14_sum_pct,         -nan
FUTGSHARE_ON_PATH_MISPREDICT_14_sum_total_count,             0
FUTGSHARE_ON_PATH_MISPREDICT_14_sum_total_pct,         -nan
FUTGSHARE_ON_PATH_MISPREDICT_14_mean,         -nan
FUTGSHARE_ON_PATH_MISPREDICT_14_stddev,         -nan
FUTGSHARE_ON_PATH_MISPREDICT_14_total_mean,         -nan
FUTGSHARE_ON_PATH_MISPREDICT_14_total_stddev,         -nan

FUTGSHARE_OFF_PATH_CORRECT_14_count,             0
FUTGSHARE_OFF_PATH_CORRECT_14_pct,         -nan
FUTGSHARE_OFF_PATH_CORRECT_14_total_count,             0
FUTGSHARE_OFF_PATH_CORRECT_14_total_pct,         -nan

FUTGSHARE_OFF_PATH_MISPREDICT_14_count,             0
FUTGSHARE_OFF_PATH_MISPREDICT_14_pct,         -nan
FUTGSHARE_OFF_PATH_MISPREDICT_14_total_count,             0
FUTGSHARE_OFF_PATH_MISPREDICT_14_total_pct,         -nan
FUTGSHARE_OFF_PATH_MISPREDICT_14_sum_count,             0
FUTGSHARE_OFF_PATH_MISPREDICT_14_sum_pct,         -nan
FUTGSHARE_OFF_PATH_MISPREDICT_14_sum_total_count,             0
FUTGSHARE_OFF_PATH_MISPREDICT_14_sum_total_pct,         -nan
FUTGSHARE_OFF_PATH_MISPREDICT_14_mean,         -nan
FUTGSHARE_OFF_PATH_MISPREDICT_14_stddev,         -nan
FUTGSHARE_OFF_PATH_MISPREDICT_14_total_mean,         -nan
FUTGSHARE_OFF_PATH_MISPREDICT_14_total_stddev,         -nan

FUTGSHARE_ON_PATH_CORRECT_15_count,             0
FUTGSHARE_ON_PATH_CORRECT_15_pct,         -nan
FUTGSHARE_ON_PATH_CORRECT_15_total_count,             0
FUTGSHARE_ON_PATH_CORRECT_15_total_pct,         -nan

FUTGSHARE_ON_PATH_MISPREDICT_15_count,             0
FUTGSHARE_ON_PATH_MISPREDICT_15_pct,         -nan
FUTGSHARE_ON_PATH_MISPREDICT_15_total_count,             0
FUTGSHARE_ON_PATH_MISPREDICT_15_total_pct,         -nan
FUTGSHARE_ON_PATH_MISPREDICT_15_sum_count,             0
FUTGSHARE_ON_PATH_MISPREDICT_15_sum_pct,         -nan
FUTGSHARE_ON_PATH_MISPREDICT_15_sum_total_count,             0
FUTGSHARE_ON_PATH_MISPREDICT_15_sum_total_pct,         -nan
FUTGSHARE_ON_PATH_MISPREDICT_15_mean,         -nan
FUTGSHARE_ON_PATH_MISPREDICT_15_stddev,         -nan
FUTGSHARE_ON_PATH_MISPREDICT_15_total_mean,         -nan
FUTGSHARE_ON_PATH_MISPREDICT_15_total_stddev,         -nan

FUTGSHARE_OFF_PATH_CORRECT_15_count,             0
FUTGSHARE_OFF_PATH_CORRECT_15_pct,         -nan
FUTGSHARE_OFF_PATH_CORRECT_15_total_count,             0
FUTGSHARE_OFF_PATH_CORRECT_15_total_pct,         -nan

FUTGSHARE_OFF_PATH_MISPREDICT_15_count,             0
FUTGSHARE_OFF_PATH_MISPREDICT_15_pct,         -nan
FUTGSHARE_OFF_PATH_MISPREDICT_15_total_count,             0
FUTGSHARE_OFF_PATH_MISPREDICT_15_total_pct,         -nan
FUTGSHARE_OFF_PATH_MISPREDICT_15_sum_count,             0
FUTGSHARE_OFF_PATH_MISPREDICT_15_sum_pct,         -nan
FUTGSHARE_OFF_PATH_MISPREDICT_15_sum_total_count,             0
FUTGSHARE_OFF_PATH_MISPREDICT_15_sum_total_pct,         -nan
FUTGSHARE_OFF_PATH_MISPREDICT_15_mean,         -nan
FUTGSHARE_OFF_PATH_MISPREDICT_15_stddev,         -nan
FUTGSHARE_OFF_PATH_MISPREDICT_15_total_mean,         -nan
FUTGSHARE_OFF_PATH_MISPREDICT_15_total_stddev,         -nan

FUTGSHARE_CHANGED_CORRECTED_ON_PATH_0_count,             0
FUTGSHARE_CHANGED_CORRECTED_ON_PATH_0_pct,         -nan
FUTGSHARE_CHANGED_CORRECTED_ON_PATH_0_total_count,             0
FUTGSHARE_CHANGED_CORRECTED_ON_PATH_0_total_pct,         -nan

FUTGSHARE_CHANGED_SCREWED_ON_PATH_0_count,             0
FUTGSHARE_CHANGED_SCREWED_ON_PATH_0_pct,         -nan
FUTGSHARE_CHANGED_SCREWED_ON_PATH_0_total_count,             0
FUTGSHARE_CHANGED_SCREWED_ON_PATH_0_total_pct,         -nan
FUTGSHARE_CHANGED_SCREWED_ON_PATH_0_sum_count,             0
FUTGSHARE_CHANGED_SCREWED_ON_PATH_0_sum_pct,         -nan
FUTGSHARE_CHANGED_SCREWED_ON_PATH_0_sum_total_count,             0
FUTGSHARE_CHANGED_SCREWED_ON_PATH_0_sum_total_pct,         -nan
FUTGSHARE_CHANGED_SCREWED_ON_PATH_0_mean,         -nan
FUTGSHARE_CHANGED_SCREWED_ON_PATH_0_stddev,         -nan
FUTGSHARE_CHANGED_SCREWED_ON_PATH_0_total_mean,         -nan
FUTGSHARE_CHANGED_SCREWED_ON_PATH_0_total_stddev,         -nan

FUTGSHARE_CHANGED_CORRECTED_OFF_PATH_0_count,             0
FUTGSHARE_CHANGED_CORRECTED_OFF_PATH_0_pct,         -nan
FUTGSHARE_CHANGED_CORRECTED_OFF_PATH_0_total_count,             0
FUTGSHARE_CHANGED_CORRECTED_OFF_PATH_0_total_pct,         -nan

FUTGSHARE_CHANGED_SCREWED_OFF_PATH_0_count,             0
FUTGSHARE_CHANGED_SCREWED_OFF_PATH_0_pct,         -nan
FUTGSHARE_CHANGED_SCREWED_OFF_PATH_0_total_count,             0
FUTGSHARE_CHANGED_SCREWED_OFF_PATH_0_total_pct,         -nan
FUTGSHARE_CHANGED_SCREWED_OFF_PATH_0_sum_count,             0
FUTGSHARE_CHANGED_SCREWED_OFF_PATH_0_sum_pct,         -nan
FUTGSHARE_CHANGED_SCREWED_OFF_PATH_0_sum_total_count,             0
FUTGSHARE_CHANGED_SCREWED_OFF_PATH_0_sum_total_pct,         -nan
FUTGSHARE_CHANGED_SCREWED_OFF_PATH_0_mean,         -nan
FUTGSHARE_CHANGED_SCREWED_OFF_PATH_0_stddev,         -nan
FUTGSHARE_CHANGED_SCREWED_OFF_PATH_0_total_mean,         -nan
FUTGSHARE_CHANGED_SCREWED_OFF_PATH_0_total_stddev,         -nan

FUTGSHARE_CHANGED_CORRECTED_ON_PATH_1_count,             0
FUTGSHARE_CHANGED_CORRECTED_ON_PATH_1_pct,         -nan
FUTGSHARE_CHANGED_CORRECTED_ON_PATH_1_total_count,             0
FUTGSHARE_CHANGED_CORRECTED_ON_PATH_1_total_pct,         -nan

FUTGSHARE_CHANGED_SCREWED_ON_PATH_1_count,             0
FUTGSHARE_CHANGED_SCREWED_ON_PATH_1_pct,         -nan
FUTGSHARE_CHANGED_SCREWED_ON_PATH_1_total_count,             0
FUTGSHARE_CHANGED_SCREWED_ON_PATH_1_total_pct,         -nan
FUTGSHARE_CHANGED_SCREWED_ON_PATH_1_sum_count,             0
FUTGSHARE_CHANGED_SCREWED_ON_PATH_1_sum_pct,         -nan
FUTGSHARE_CHANGED_SCREWED_ON_PATH_1_sum_total_count,             0
FUTGSHARE_CHANGED_SCREWED_ON_PATH_1_sum_total_pct,         -nan
FUTGSHARE_CHANGED_SCREWED_ON_PATH_1_mean,         -nan
FUTGSHARE_CHANGED_SCREWED_ON_PATH_1_stddev,         -nan
FUTGSHARE_CHANGED_SCREWED_ON_PATH_1_total_mean,         -nan
FUTGSHARE_CHANGED_SCREWED_ON_PATH_1_total_stddev,         -nan

FUTGSHARE_CHANGED_CORRECTED_OFF_PATH_1_count,             0
FUTGSHARE_CHANGED_CORRECTED_OFF_PATH_1_pct,         -nan
FUTGSHARE_CHANGED_CORRECTED_OFF_PATH_1_total_count,             0
FUTGSHARE_CHANGED_CORRECTED_OFF_PATH_1_total_pct,         -nan

FUTGSHARE_CHANGED_SCREWED_OFF_PATH_1_count,             0
FUTGSHARE_CHANGED_SCREWED_OFF_PATH_1_pct,         -nan
FUTGSHARE_CHANGED_SCREWED_OFF_PATH_1_total_count,             0
FUTGSHARE_CHANGED_SCREWED_OFF_PATH_1_total_pct,         -nan
FUTGSHARE_CHANGED_SCREWED_OFF_PATH_1_sum_count,             0
FUTGSHARE_CHANGED_SCREWED_OFF_PATH_1_sum_pct,         -nan
FUTGSHARE_CHANGED_SCREWED_OFF_PATH_1_sum_total_count,             0
FUTGSHARE_CHANGED_SCREWED_OFF_PATH_1_sum_total_pct,         -nan
FUTGSHARE_CHANGED_SCREWED_OFF_PATH_1_mean,         -nan
FUTGSHARE_CHANGED_SCREWED_OFF_PATH_1_stddev,         -nan
FUTGSHARE_CHANGED_SCREWED_OFF_PATH_1_total_mean,         -nan
FUTGSHARE_CHANGED_SCREWED_OFF_PATH_1_total_stddev,         -nan

FUTGSHARE_CHANGED_CORRECTED_ON_PATH_2_count,             0
FUTGSHARE_CHANGED_CORRECTED_ON_PATH_2_pct,         -nan
FUTGSHARE_CHANGED_CORRECTED_ON_PATH_2_total_count,             0
FUTGSHARE_CHANGED_CORRECTED_ON_PATH_2_total_pct,         -nan

FUTGSHARE_CHANGED_SCREWED_ON_PATH_2_count,             0
FUTGSHARE_CHANGED_SCREWED_ON_PATH_2_pct,         -nan
FUTGSHARE_CHANGED_SCREWED_ON_PATH_2_total_count,             0
FUTGSHARE_CHANGED_SCREWED_ON_PATH_2_total_pct,         -nan
FUTGSHARE_CHANGED_SCREWED_ON_PATH_2_sum_count,             0
FUTGSHARE_CHANGED_SCREWED_ON_PATH_2_sum_pct,         -nan
FUTGSHARE_CHANGED_SCREWED_ON_PATH_2_sum_total_count,             0
FUTGSHARE_CHANGED_SCREWED_ON_PATH_2_sum_total_pct,         -nan
FUTGSHARE_CHANGED_SCREWED_ON_PATH_2_mean,         -nan
FUTGSHARE_CHANGED_SCREWED_ON_PATH_2_stddev,         -nan
FUTGSHARE_CHANGED_SCREWED_ON_PATH_2_total_mean,         -nan
FUTGSHARE_CHANGED_SCREWED_ON_PATH_2_total_stddev,         -nan

FUTGSHARE_CHANGED_CORRECTED_OFF_PATH_2_count,             0
FUTGSHARE_CHANGED_CORRECTED_OFF_PATH_2_pct,         -nan
FUTGSHARE_CHANGED_CORRECTED_OFF_PATH_2_total_count,             0
FUTGSHARE_CHANGED_CORRECTED_OFF_PATH_2_total_pct,         -nan

FUTGSHARE_CHANGED_SCREWED_OFF_PATH_2_count,             0
FUTGSHARE_CHANGED_SCREWED_OFF_PATH_2_pct,         -nan
FUTGSHARE_CHANGED_SCREWED_OFF_PATH_2_total_count,             0
FUTGSHARE_CHANGED_SCREWED_OFF_PATH_2_total_pct,         -nan
FUTGSHARE_CHANGED_SCREWED_OFF_PATH_2_sum_count,             0
FUTGSHARE_CHANGED_SCREWED_OFF_PATH_2_sum_pct,         -nan
FUTGSHARE_CHANGED_SCREWED_OFF_PATH_2_sum_total_count,             0
FUTGSHARE_CHANGED_SCREWED_OFF_PATH_2_sum_total_pct,         -nan
FUTGSHARE_CHANGED_SCREWED_OFF_PATH_2_mean,         -nan
FUTGSHARE_CHANGED_SCREWED_OFF_PATH_2_stddev,         -nan
FUTGSHARE_CHANGED_SCREWED_OFF_PATH_2_total_mean,         -nan
FUTGSHARE_CHANGED_SCREWED_OFF_PATH_2_total_stddev,         -nan

FUTGSHARE_CHANGED_CORRECTED_ON_PATH_3_count,             0
FUTGSHARE_CHANGED_CORRECTED_ON_PATH_3_pct,         -nan
FUTGSHARE_CHANGED_CORRECTED_ON_PATH_3_total_count,             0
FUTGSHARE_CHANGED_CORRECTED_ON_PATH_3_total_pct,         -nan

FUTGSHARE_CHANGED_SCREWED_ON_PATH_3_count,             0
FUTGSHARE_CHANGED_SCREWED_ON_PATH_3_pct,         -nan
FUTGSHARE_CHANGED_SCREWED_ON_PATH_3_total_count,             0
FUTGSHARE_CHANGED_SCREWED_ON_PATH_3_total_pct,         -nan
FUTGSHARE_CHANGED_SCREWED_ON_PATH_3_sum_count,             0
FUTGSHARE_CHANGED_SCREWED_ON_PATH_3_sum_pct,         -nan
FUTGSHARE_CHANGED_SCREWED_ON_PATH_3_sum_total_count,             0
FUTGSHARE_CHANGED_SCREWED_ON_PATH_3_sum_total_pct,         -nan
FUTGSHARE_CHANGED_SCREWED_ON_PATH_3_mean,         -nan
FUTGSHARE_CHANGED_SCREWED_ON_PATH_3_stddev,         -nan
FUTGSHARE_CHANGED_SCREWED_ON_PATH_3_total_mean,         -nan
FUTGSHARE_CHANGED_SCREWED_ON_PATH_3_total_stddev,         -nan

FUTGSHARE_CHANGED_CORRECTED_OFF_PATH_3_count,             0
FUTGSHARE_CHANGED_CORRECTED_OFF_PATH_3_pct,         -nan
FUTGSHARE_CHANGED_CORRECTED_OFF_PATH_3_total_count,             0
FUTGSHARE_CHANGED_CORRECTED_OFF_PATH_3_total_pct,         -nan

FUTGSHARE_CHANGED_SCREWED_OFF_PATH_3_count,             0
FUTGSHARE_CHANGED_SCREWED_OFF_PATH_3_pct,         -nan
FUTGSHARE_CHANGED_SCREWED_OFF_PATH_3_total_count,             0
FUTGSHARE_CHANGED_SCREWED_OFF_PATH_3_total_pct,         -nan
FUTGSHARE_CHANGED_SCREWED_OFF_PATH_3_sum_count,             0
FUTGSHARE_CHANGED_SCREWED_OFF_PATH_3_sum_pct,         -nan
FUTGSHARE_CHANGED_SCREWED_OFF_PATH_3_sum_total_count,             0
FUTGSHARE_CHANGED_SCREWED_OFF_PATH_3_sum_total_pct,         -nan
FUTGSHARE_CHANGED_SCREWED_OFF_PATH_3_mean,         -nan
FUTGSHARE_CHANGED_SCREWED_OFF_PATH_3_stddev,         -nan
FUTGSHARE_CHANGED_SCREWED_OFF_PATH_3_total_mean,         -nan
FUTGSHARE_CHANGED_SCREWED_OFF_PATH_3_total_stddev,         -nan

FUTGSHARE_CHANGED_CORRECTED_ON_PATH_4_count,             0
FUTGSHARE_CHANGED_CORRECTED_ON_PATH_4_pct,         -nan
FUTGSHARE_CHANGED_CORRECTED_ON_PATH_4_total_count,             0
FUTGSHARE_CHANGED_CORRECTED_ON_PATH_4_total_pct,         -nan

FUTGSHARE_CHANGED_SCREWED_ON_PATH_4_count,             0
FUTGSHARE_CHANGED_SCREWED_ON_PATH_4_pct,         -nan
FUTGSHARE_CHANGED_SCREWED_ON_PATH_4_total_count,             0
FUTGSHARE_CHANGED_SCREWED_ON_PATH_4_total_pct,         -nan
FUTGSHARE_CHANGED_SCREWED_ON_PATH_4_sum_count,             0
FUTGSHARE_CHANGED_SCREWED_ON_PATH_4_sum_pct,         -nan
FUTGSHARE_CHANGED_SCREWED_ON_PATH_4_sum_total_count,             0
FUTGSHARE_CHANGED_SCREWED_ON_PATH_4_sum_total_pct,         -nan
FUTGSHARE_CHANGED_SCREWED_ON_PATH_4_mean,         -nan
FUTGSHARE_CHANGED_SCREWED_ON_PATH_4_stddev,         -nan
FUTGSHARE_CHANGED_SCREWED_ON_PATH_4_total_mean,         -nan
FUTGSHARE_CHANGED_SCREWED_ON_PATH_4_total_stddev,         -nan

FUTGSHARE_CHANGED_CORRECTED_OFF_PATH_4_count,             0
FUTGSHARE_CHANGED_CORRECTED_OFF_PATH_4_pct,         -nan
FUTGSHARE_CHANGED_CORRECTED_OFF_PATH_4_total_count,             0
FUTGSHARE_CHANGED_CORRECTED_OFF_PATH_4_total_pct,         -nan

FUTGSHARE_CHANGED_SCREWED_OFF_PATH_4_count,             0
FUTGSHARE_CHANGED_SCREWED_OFF_PATH_4_pct,         -nan
FUTGSHARE_CHANGED_SCREWED_OFF_PATH_4_total_count,             0
FUTGSHARE_CHANGED_SCREWED_OFF_PATH_4_total_pct,         -nan
FUTGSHARE_CHANGED_SCREWED_OFF_PATH_4_sum_count,             0
FUTGSHARE_CHANGED_SCREWED_OFF_PATH_4_sum_pct,         -nan
FUTGSHARE_CHANGED_SCREWED_OFF_PATH_4_sum_total_count,             0
FUTGSHARE_CHANGED_SCREWED_OFF_PATH_4_sum_total_pct,         -nan
FUTGSHARE_CHANGED_SCREWED_OFF_PATH_4_mean,         -nan
FUTGSHARE_CHANGED_SCREWED_OFF_PATH_4_stddev,         -nan
FUTGSHARE_CHANGED_SCREWED_OFF_PATH_4_total_mean,         -nan
FUTGSHARE_CHANGED_SCREWED_OFF_PATH_4_total_stddev,         -nan

FUTGSHARE_CHANGED_CORRECTED_ON_PATH_5_count,             0
FUTGSHARE_CHANGED_CORRECTED_ON_PATH_5_pct,         -nan
FUTGSHARE_CHANGED_CORRECTED_ON_PATH_5_total_count,             0
FUTGSHARE_CHANGED_CORRECTED_ON_PATH_5_total_pct,         -nan

FUTGSHARE_CHANGED_SCREWED_ON_PATH_5_count,             0
FUTGSHARE_CHANGED_SCREWED_ON_PATH_5_pct,         -nan
FUTGSHARE_CHANGED_SCREWED_ON_PATH_5_total_count,             0
FUTGSHARE_CHANGED_SCREWED_ON_PATH_5_total_pct,         -nan
FUTGSHARE_CHANGED_SCREWED_ON_PATH_5_sum_count,             0
FUTGSHARE_CHANGED_SCREWED_ON_PATH_5_sum_pct,         -nan
FUTGSHARE_CHANGED_SCREWED_ON_PATH_5_sum_total_count,             0
FUTGSHARE_CHANGED_SCREWED_ON_PATH_5_sum_total_pct,         -nan
FUTGSHARE_CHANGED_SCREWED_ON_PATH_5_mean,         -nan
FUTGSHARE_CHANGED_SCREWED_ON_PATH_5_stddev,         -nan
FUTGSHARE_CHANGED_SCREWED_ON_PATH_5_total_mean,         -nan
FUTGSHARE_CHANGED_SCREWED_ON_PATH_5_total_stddev,         -nan

FUTGSHARE_CHANGED_CORRECTED_OFF_PATH_5_count,             0
FUTGSHARE_CHANGED_CORRECTED_OFF_PATH_5_pct,         -nan
FUTGSHARE_CHANGED_CORRECTED_OFF_PATH_5_total_count,             0
FUTGSHARE_CHANGED_CORRECTED_OFF_PATH_5_total_pct,         -nan

FUTGSHARE_CHANGED_SCREWED_OFF_PATH_5_count,             0
FUTGSHARE_CHANGED_SCREWED_OFF_PATH_5_pct,         -nan
FUTGSHARE_CHANGED_SCREWED_OFF_PATH_5_total_count,             0
FUTGSHARE_CHANGED_SCREWED_OFF_PATH_5_total_pct,         -nan
FUTGSHARE_CHANGED_SCREWED_OFF_PATH_5_sum_count,             0
FUTGSHARE_CHANGED_SCREWED_OFF_PATH_5_sum_pct,         -nan
FUTGSHARE_CHANGED_SCREWED_OFF_PATH_5_sum_total_count,             0
FUTGSHARE_CHANGED_SCREWED_OFF_PATH_5_sum_total_pct,         -nan
FUTGSHARE_CHANGED_SCREWED_OFF_PATH_5_mean,         -nan
FUTGSHARE_CHANGED_SCREWED_OFF_PATH_5_stddev,         -nan
FUTGSHARE_CHANGED_SCREWED_OFF_PATH_5_total_mean,         -nan
FUTGSHARE_CHANGED_SCREWED_OFF_PATH_5_total_stddev,         -nan

FUTGSHARE_CHANGED_CORRECTED_ON_PATH_6_count,             0
FUTGSHARE_CHANGED_CORRECTED_ON_PATH_6_pct,         -nan
FUTGSHARE_CHANGED_CORRECTED_ON_PATH_6_total_count,             0
FUTGSHARE_CHANGED_CORRECTED_ON_PATH_6_total_pct,         -nan

FUTGSHARE_CHANGED_SCREWED_ON_PATH_6_count,             0
FUTGSHARE_CHANGED_SCREWED_ON_PATH_6_pct,         -nan
FUTGSHARE_CHANGED_SCREWED_ON_PATH_6_total_count,             0
FUTGSHARE_CHANGED_SCREWED_ON_PATH_6_total_pct,         -nan
FUTGSHARE_CHANGED_SCREWED_ON_PATH_6_sum_count,             0
FUTGSHARE_CHANGED_SCREWED_ON_PATH_6_sum_pct,         -nan
FUTGSHARE_CHANGED_SCREWED_ON_PATH_6_sum_total_count,             0
FUTGSHARE_CHANGED_SCREWED_ON_PATH_6_sum_total_pct,         -nan
FUTGSHARE_CHANGED_SCREWED_ON_PATH_6_mean,         -nan
FUTGSHARE_CHANGED_SCREWED_ON_PATH_6_stddev,         -nan
FUTGSHARE_CHANGED_SCREWED_ON_PATH_6_total_mean,         -nan
FUTGSHARE_CHANGED_SCREWED_ON_PATH_6_total_stddev,         -nan

FUTGSHARE_CHANGED_CORRECTED_OFF_PATH_6_count,             0
FUTGSHARE_CHANGED_CORRECTED_OFF_PATH_6_pct,         -nan
FUTGSHARE_CHANGED_CORRECTED_OFF_PATH_6_total_count,             0
FUTGSHARE_CHANGED_CORRECTED_OFF_PATH_6_total_pct,         -nan

FUTGSHARE_CHANGED_SCREWED_OFF_PATH_6_count,             0
FUTGSHARE_CHANGED_SCREWED_OFF_PATH_6_pct,         -nan
FUTGSHARE_CHANGED_SCREWED_OFF_PATH_6_total_count,             0
FUTGSHARE_CHANGED_SCREWED_OFF_PATH_6_total_pct,         -nan
FUTGSHARE_CHANGED_SCREWED_OFF_PATH_6_sum_count,             0
FUTGSHARE_CHANGED_SCREWED_OFF_PATH_6_sum_pct,         -nan
FUTGSHARE_CHANGED_SCREWED_OFF_PATH_6_sum_total_count,             0
FUTGSHARE_CHANGED_SCREWED_OFF_PATH_6_sum_total_pct,         -nan
FUTGSHARE_CHANGED_SCREWED_OFF_PATH_6_mean,         -nan
FUTGSHARE_CHANGED_SCREWED_OFF_PATH_6_stddev,         -nan
FUTGSHARE_CHANGED_SCREWED_OFF_PATH_6_total_mean,         -nan
FUTGSHARE_CHANGED_SCREWED_OFF_PATH_6_total_stddev,         -nan

FUTGSHARE_CHANGED_CORRECTED_ON_PATH_7_count,             0
FUTGSHARE_CHANGED_CORRECTED_ON_PATH_7_pct,         -nan
FUTGSHARE_CHANGED_CORRECTED_ON_PATH_7_total_count,             0
FUTGSHARE_CHANGED_CORRECTED_ON_PATH_7_total_pct,         -nan

FUTGSHARE_CHANGED_SCREWED_ON_PATH_7_count,             0
FUTGSHARE_CHANGED_SCREWED_ON_PATH_7_pct,         -nan
FUTGSHARE_CHANGED_SCREWED_ON_PATH_7_total_count,             0
FUTGSHARE_CHANGED_SCREWED_ON_PATH_7_total_pct,         -nan
FUTGSHARE_CHANGED_SCREWED_ON_PATH_7_sum_count,             0
FUTGSHARE_CHANGED_SCREWED_ON_PATH_7_sum_pct,         -nan
FUTGSHARE_CHANGED_SCREWED_ON_PATH_7_sum_total_count,             0
FUTGSHARE_CHANGED_SCREWED_ON_PATH_7_sum_total_pct,         -nan
FUTGSHARE_CHANGED_SCREWED_ON_PATH_7_mean,         -nan
FUTGSHARE_CHANGED_SCREWED_ON_PATH_7_stddev,         -nan
FUTGSHARE_CHANGED_SCREWED_ON_PATH_7_total_mean,         -nan
FUTGSHARE_CHANGED_SCREWED_ON_PATH_7_total_stddev,         -nan

FUTGSHARE_CHANGED_CORRECTED_OFF_PATH_7_count,             0
FUTGSHARE_CHANGED_CORRECTED_OFF_PATH_7_pct,         -nan
FUTGSHARE_CHANGED_CORRECTED_OFF_PATH_7_total_count,             0
FUTGSHARE_CHANGED_CORRECTED_OFF_PATH_7_total_pct,         -nan

FUTGSHARE_CHANGED_SCREWED_OFF_PATH_7_count,             0
FUTGSHARE_CHANGED_SCREWED_OFF_PATH_7_pct,         -nan
FUTGSHARE_CHANGED_SCREWED_OFF_PATH_7_total_count,             0
FUTGSHARE_CHANGED_SCREWED_OFF_PATH_7_total_pct,         -nan
FUTGSHARE_CHANGED_SCREWED_OFF_PATH_7_sum_count,             0
FUTGSHARE_CHANGED_SCREWED_OFF_PATH_7_sum_pct,         -nan
FUTGSHARE_CHANGED_SCREWED_OFF_PATH_7_sum_total_count,             0
FUTGSHARE_CHANGED_SCREWED_OFF_PATH_7_sum_total_pct,         -nan
FUTGSHARE_CHANGED_SCREWED_OFF_PATH_7_mean,         -nan
FUTGSHARE_CHANGED_SCREWED_OFF_PATH_7_stddev,         -nan
FUTGSHARE_CHANGED_SCREWED_OFF_PATH_7_total_mean,         -nan
FUTGSHARE_CHANGED_SCREWED_OFF_PATH_7_total_stddev,         -nan

FUTGSHARE_CHANGED_CORRECTED_ON_PATH_8_count,             0
FUTGSHARE_CHANGED_CORRECTED_ON_PATH_8_pct,         -nan
FUTGSHARE_CHANGED_CORRECTED_ON_PATH_8_total_count,             0
FUTGSHARE_CHANGED_CORRECTED_ON_PATH_8_total_pct,         -nan

FUTGSHARE_CHANGED_SCREWED_ON_PATH_8_count,             0
FUTGSHARE_CHANGED_SCREWED_ON_PATH_8_pct,         -nan
FUTGSHARE_CHANGED_SCREWED_ON_PATH_8_total_count,             0
FUTGSHARE_CHANGED_SCREWED_ON_PATH_8_total_pct,         -nan
FUTGSHARE_CHANGED_SCREWED_ON_PATH_8_sum_count,             0
FUTGSHARE_CHANGED_SCREWED_ON_PATH_8_sum_pct,         -nan
FUTGSHARE_CHANGED_SCREWED_ON_PATH_8_sum_total_count,             0
FUTGSHARE_CHANGED_SCREWED_ON_PATH_8_sum_total_pct,         -nan
FUTGSHARE_CHANGED_SCREWED_ON_PATH_8_mean,         -nan
FUTGSHARE_CHANGED_SCREWED_ON_PATH_8_stddev,         -nan
FUTGSHARE_CHANGED_SCREWED_ON_PATH_8_total_mean,         -nan
FUTGSHARE_CHANGED_SCREWED_ON_PATH_8_total_stddev,         -nan

FUTGSHARE_CHANGED_CORRECTED_OFF_PATH_8_count,             0
FUTGSHARE_CHANGED_CORRECTED_OFF_PATH_8_pct,         -nan
FUTGSHARE_CHANGED_CORRECTED_OFF_PATH_8_total_count,             0
FUTGSHARE_CHANGED_CORRECTED_OFF_PATH_8_total_pct,         -nan

FUTGSHARE_CHANGED_SCREWED_OFF_PATH_8_count,             0
FUTGSHARE_CHANGED_SCREWED_OFF_PATH_8_pct,         -nan
FUTGSHARE_CHANGED_SCREWED_OFF_PATH_8_total_count,             0
FUTGSHARE_CHANGED_SCREWED_OFF_PATH_8_total_pct,         -nan
FUTGSHARE_CHANGED_SCREWED_OFF_PATH_8_sum_count,             0
FUTGSHARE_CHANGED_SCREWED_OFF_PATH_8_sum_pct,         -nan
FUTGSHARE_CHANGED_SCREWED_OFF_PATH_8_sum_total_count,             0
FUTGSHARE_CHANGED_SCREWED_OFF_PATH_8_sum_total_pct,         -nan
FUTGSHARE_CHANGED_SCREWED_OFF_PATH_8_mean,         -nan
FUTGSHARE_CHANGED_SCREWED_OFF_PATH_8_stddev,         -nan
FUTGSHARE_CHANGED_SCREWED_OFF_PATH_8_total_mean,         -nan
FUTGSHARE_CHANGED_SCREWED_OFF_PATH_8_total_stddev,         -nan

FUTGSHARE_CHANGED_CORRECTED_ON_PATH_9_count,             0
FUTGSHARE_CHANGED_CORRECTED_ON_PATH_9_pct,         -nan
FUTGSHARE_CHANGED_CORRECTED_ON_PATH_9_total_count,             0
FUTGSHARE_CHANGED_CORRECTED_ON_PATH_9_total_pct,         -nan

FUTGSHARE_CHANGED_SCREWED_ON_PATH_9_count,             0
FUTGSHARE_CHANGED_SCREWED_ON_PATH_9_pct,         -nan
FUTGSHARE_CHANGED_SCREWED_ON_PATH_9_total_count,             0
FUTGSHARE_CHANGED_SCREWED_ON_PATH_9_total_pct,         -nan
FUTGSHARE_CHANGED_SCREWED_ON_PATH_9_sum_count,             0
FUTGSHARE_CHANGED_SCREWED_ON_PATH_9_sum_pct,         -nan
FUTGSHARE_CHANGED_SCREWED_ON_PATH_9_sum_total_count,             0
FUTGSHARE_CHANGED_SCREWED_ON_PATH_9_sum_total_pct,         -nan
FUTGSHARE_CHANGED_SCREWED_ON_PATH_9_mean,         -nan
FUTGSHARE_CHANGED_SCREWED_ON_PATH_9_stddev,         -nan
FUTGSHARE_CHANGED_SCREWED_ON_PATH_9_total_mean,         -nan
FUTGSHARE_CHANGED_SCREWED_ON_PATH_9_total_stddev,         -nan

FUTGSHARE_CHANGED_CORRECTED_OFF_PATH_9_count,             0
FUTGSHARE_CHANGED_CORRECTED_OFF_PATH_9_pct,         -nan
FUTGSHARE_CHANGED_CORRECTED_OFF_PATH_9_total_count,             0
FUTGSHARE_CHANGED_CORRECTED_OFF_PATH_9_total_pct,         -nan

FUTGSHARE_CHANGED_SCREWED_OFF_PATH_9_count,             0
FUTGSHARE_CHANGED_SCREWED_OFF_PATH_9_pct,         -nan
FUTGSHARE_CHANGED_SCREWED_OFF_PATH_9_total_count,             0
FUTGSHARE_CHANGED_SCREWED_OFF_PATH_9_total_pct,         -nan
FUTGSHARE_CHANGED_SCREWED_OFF_PATH_9_sum_count,             0
FUTGSHARE_CHANGED_SCREWED_OFF_PATH_9_sum_pct,         -nan
FUTGSHARE_CHANGED_SCREWED_OFF_PATH_9_sum_total_count,             0
FUTGSHARE_CHANGED_SCREWED_OFF_PATH_9_sum_total_pct,         -nan
FUTGSHARE_CHANGED_SCREWED_OFF_PATH_9_mean,         -nan
FUTGSHARE_CHANGED_SCREWED_OFF_PATH_9_stddev,         -nan
FUTGSHARE_CHANGED_SCREWED_OFF_PATH_9_total_mean,         -nan
FUTGSHARE_CHANGED_SCREWED_OFF_PATH_9_total_stddev,         -nan

FUTGSHARE_CHANGED_CORRECTED_ON_PATH_10_count,             0
FUTGSHARE_CHANGED_CORRECTED_ON_PATH_10_pct,         -nan
FUTGSHARE_CHANGED_CORRECTED_ON_PATH_10_total_count,             0
FUTGSHARE_CHANGED_CORRECTED_ON_PATH_10_total_pct,         -nan

FUTGSHARE_CHANGED_SCREWED_ON_PATH_10_count,             0
FUTGSHARE_CHANGED_SCREWED_ON_PATH_10_pct,         -nan
FUTGSHARE_CHANGED_SCREWED_ON_PATH_10_total_count,             0
FUTGSHARE_CHANGED_SCREWED_ON_PATH_10_total_pct,         -nan
FUTGSHARE_CHANGED_SCREWED_ON_PATH_10_sum_count,             0
FUTGSHARE_CHANGED_SCREWED_ON_PATH_10_sum_pct,         -nan
FUTGSHARE_CHANGED_SCREWED_ON_PATH_10_sum_total_count,             0
FUTGSHARE_CHANGED_SCREWED_ON_PATH_10_sum_total_pct,         -nan
FUTGSHARE_CHANGED_SCREWED_ON_PATH_10_mean,         -nan
FUTGSHARE_CHANGED_SCREWED_ON_PATH_10_stddev,         -nan
FUTGSHARE_CHANGED_SCREWED_ON_PATH_10_total_mean,         -nan
FUTGSHARE_CHANGED_SCREWED_ON_PATH_10_total_stddev,         -nan

FUTGSHARE_CHANGED_CORRECTED_OFF_PATH_10_count,             0
FUTGSHARE_CHANGED_CORRECTED_OFF_PATH_10_pct,         -nan
FUTGSHARE_CHANGED_CORRECTED_OFF_PATH_10_total_count,             0
FUTGSHARE_CHANGED_CORRECTED_OFF_PATH_10_total_pct,         -nan

FUTGSHARE_CHANGED_SCREWED_OFF_PATH_10_count,             0
FUTGSHARE_CHANGED_SCREWED_OFF_PATH_10_pct,         -nan
FUTGSHARE_CHANGED_SCREWED_OFF_PATH_10_total_count,             0
FUTGSHARE_CHANGED_SCREWED_OFF_PATH_10_total_pct,         -nan
FUTGSHARE_CHANGED_SCREWED_OFF_PATH_10_sum_count,             0
FUTGSHARE_CHANGED_SCREWED_OFF_PATH_10_sum_pct,         -nan
FUTGSHARE_CHANGED_SCREWED_OFF_PATH_10_sum_total_count,             0
FUTGSHARE_CHANGED_SCREWED_OFF_PATH_10_sum_total_pct,         -nan
FUTGSHARE_CHANGED_SCREWED_OFF_PATH_10_mean,         -nan
FUTGSHARE_CHANGED_SCREWED_OFF_PATH_10_stddev,         -nan
FUTGSHARE_CHANGED_SCREWED_OFF_PATH_10_total_mean,         -nan
FUTGSHARE_CHANGED_SCREWED_OFF_PATH_10_total_stddev,         -nan

FUTGSHARE_CHANGED_CORRECTED_ON_PATH_11_count,             0
FUTGSHARE_CHANGED_CORRECTED_ON_PATH_11_pct,         -nan
FUTGSHARE_CHANGED_CORRECTED_ON_PATH_11_total_count,             0
FUTGSHARE_CHANGED_CORRECTED_ON_PATH_11_total_pct,         -nan

FUTGSHARE_CHANGED_SCREWED_ON_PATH_11_count,             0
FUTGSHARE_CHANGED_SCREWED_ON_PATH_11_pct,         -nan
FUTGSHARE_CHANGED_SCREWED_ON_PATH_11_total_count,             0
FUTGSHARE_CHANGED_SCREWED_ON_PATH_11_total_pct,         -nan
FUTGSHARE_CHANGED_SCREWED_ON_PATH_11_sum_count,             0
FUTGSHARE_CHANGED_SCREWED_ON_PATH_11_sum_pct,         -nan
FUTGSHARE_CHANGED_SCREWED_ON_PATH_11_sum_total_count,             0
FUTGSHARE_CHANGED_SCREWED_ON_PATH_11_sum_total_pct,         -nan
FUTGSHARE_CHANGED_SCREWED_ON_PATH_11_mean,         -nan
FUTGSHARE_CHANGED_SCREWED_ON_PATH_11_stddev,         -nan
FUTGSHARE_CHANGED_SCREWED_ON_PATH_11_total_mean,         -nan
FUTGSHARE_CHANGED_SCREWED_ON_PATH_11_total_stddev,         -nan

FUTGSHARE_CHANGED_CORRECTED_OFF_PATH_11_count,             0
FUTGSHARE_CHANGED_CORRECTED_OFF_PATH_11_pct,         -nan
FUTGSHARE_CHANGED_CORRECTED_OFF_PATH_11_total_count,             0
FUTGSHARE_CHANGED_CORRECTED_OFF_PATH_11_total_pct,         -nan

FUTGSHARE_CHANGED_SCREWED_OFF_PATH_11_count,             0
FUTGSHARE_CHANGED_SCREWED_OFF_PATH_11_pct,         -nan
FUTGSHARE_CHANGED_SCREWED_OFF_PATH_11_total_count,             0
FUTGSHARE_CHANGED_SCREWED_OFF_PATH_11_total_pct,         -nan
FUTGSHARE_CHANGED_SCREWED_OFF_PATH_11_sum_count,             0
FUTGSHARE_CHANGED_SCREWED_OFF_PATH_11_sum_pct,         -nan
FUTGSHARE_CHANGED_SCREWED_OFF_PATH_11_sum_total_count,             0
FUTGSHARE_CHANGED_SCREWED_OFF_PATH_11_sum_total_pct,         -nan
FUTGSHARE_CHANGED_SCREWED_OFF_PATH_11_mean,         -nan
FUTGSHARE_CHANGED_SCREWED_OFF_PATH_11_stddev,         -nan
FUTGSHARE_CHANGED_SCREWED_OFF_PATH_11_total_mean,         -nan
FUTGSHARE_CHANGED_SCREWED_OFF_PATH_11_total_stddev,         -nan

FUTGSHARE_CHANGED_CORRECTED_ON_PATH_12_count,             0
FUTGSHARE_CHANGED_CORRECTED_ON_PATH_12_pct,         -nan
FUTGSHARE_CHANGED_CORRECTED_ON_PATH_12_total_count,             0
FUTGSHARE_CHANGED_CORRECTED_ON_PATH_12_total_pct,         -nan

FUTGSHARE_CHANGED_SCREWED_ON_PATH_12_count,             0
FUTGSHARE_CHANGED_SCREWED_ON_PATH_12_pct,         -nan
FUTGSHARE_CHANGED_SCREWED_ON_PATH_12_total_count,             0
FUTGSHARE_CHANGED_SCREWED_ON_PATH_12_total_pct,         -nan
FUTGSHARE_CHANGED_SCREWED_ON_PATH_12_sum_count,             0
FUTGSHARE_CHANGED_SCREWED_ON_PATH_12_sum_pct,         -nan
FUTGSHARE_CHANGED_SCREWED_ON_PATH_12_sum_total_count,             0
FUTGSHARE_CHANGED_SCREWED_ON_PATH_12_sum_total_pct,         -nan
FUTGSHARE_CHANGED_SCREWED_ON_PATH_12_mean,         -nan
FUTGSHARE_CHANGED_SCREWED_ON_PATH_12_stddev,         -nan
FUTGSHARE_CHANGED_SCREWED_ON_PATH_12_total_mean,         -nan
FUTGSHARE_CHANGED_SCREWED_ON_PATH_12_total_stddev,         -nan

FUTGSHARE_CHANGED_CORRECTED_OFF_PATH_12_count,             0
FUTGSHARE_CHANGED_CORRECTED_OFF_PATH_12_pct,         -nan
FUTGSHARE_CHANGED_CORRECTED_OFF_PATH_12_total_count,             0
FUTGSHARE_CHANGED_CORRECTED_OFF_PATH_12_total_pct,         -nan

FUTGSHARE_CHANGED_SCREWED_OFF_PATH_12_count,             0
FUTGSHARE_CHANGED_SCREWED_OFF_PATH_12_pct,         -nan
FUTGSHARE_CHANGED_SCREWED_OFF_PATH_12_total_count,             0
FUTGSHARE_CHANGED_SCREWED_OFF_PATH_12_total_pct,         -nan
FUTGSHARE_CHANGED_SCREWED_OFF_PATH_12_sum_count,             0
FUTGSHARE_CHANGED_SCREWED_OFF_PATH_12_sum_pct,         -nan
FUTGSHARE_CHANGED_SCREWED_OFF_PATH_12_sum_total_count,             0
FUTGSHARE_CHANGED_SCREWED_OFF_PATH_12_sum_total_pct,         -nan
FUTGSHARE_CHANGED_SCREWED_OFF_PATH_12_mean,         -nan
FUTGSHARE_CHANGED_SCREWED_OFF_PATH_12_stddev,         -nan
FUTGSHARE_CHANGED_SCREWED_OFF_PATH_12_total_mean,         -nan
FUTGSHARE_CHANGED_SCREWED_OFF_PATH_12_total_stddev,         -nan

FUTGSHARE_CHANGED_CORRECTED_ON_PATH_13_count,             0
FUTGSHARE_CHANGED_CORRECTED_ON_PATH_13_pct,         -nan
FUTGSHARE_CHANGED_CORRECTED_ON_PATH_13_total_count,             0
FUTGSHARE_CHANGED_CORRECTED_ON_PATH_13_total_pct,         -nan

FUTGSHARE_CHANGED_SCREWED_ON_PATH_13_count,             0
FUTGSHARE_CHANGED_SCREWED_ON_PATH_13_pct,         -nan
FUTGSHARE_CHANGED_SCREWED_ON_PATH_13_total_count,             0
FUTGSHARE_CHANGED_SCREWED_ON_PATH_13_total_pct,         -nan
FUTGSHARE_CHANGED_SCREWED_ON_PATH_13_sum_count,             0
FUTGSHARE_CHANGED_SCREWED_ON_PATH_13_sum_pct,         -nan
FUTGSHARE_CHANGED_SCREWED_ON_PATH_13_sum_total_count,             0
FUTGSHARE_CHANGED_SCREWED_ON_PATH_13_sum_total_pct,         -nan
FUTGSHARE_CHANGED_SCREWED_ON_PATH_13_mean,         -nan
FUTGSHARE_CHANGED_SCREWED_ON_PATH_13_stddev,         -nan
FUTGSHARE_CHANGED_SCREWED_ON_PATH_13_total_mean,         -nan
FUTGSHARE_CHANGED_SCREWED_ON_PATH_13_total_stddev,         -nan

FUTGSHARE_CHANGED_CORRECTED_OFF_PATH_13_count,             0
FUTGSHARE_CHANGED_CORRECTED_OFF_PATH_13_pct,         -nan
FUTGSHARE_CHANGED_CORRECTED_OFF_PATH_13_total_count,             0
FUTGSHARE_CHANGED_CORRECTED_OFF_PATH_13_total_pct,         -nan

FUTGSHARE_CHANGED_SCREWED_OFF_PATH_13_count,             0
FUTGSHARE_CHANGED_SCREWED_OFF_PATH_13_pct,         -nan
FUTGSHARE_CHANGED_SCREWED_OFF_PATH_13_total_count,             0
FUTGSHARE_CHANGED_SCREWED_OFF_PATH_13_total_pct,         -nan
FUTGSHARE_CHANGED_SCREWED_OFF_PATH_13_sum_count,             0
FUTGSHARE_CHANGED_SCREWED_OFF_PATH_13_sum_pct,         -nan
FUTGSHARE_CHANGED_SCREWED_OFF_PATH_13_sum_total_count,             0
FUTGSHARE_CHANGED_SCREWED_OFF_PATH_13_sum_total_pct,         -nan
FUTGSHARE_CHANGED_SCREWED_OFF_PATH_13_mean,         -nan
FUTGSHARE_CHANGED_SCREWED_OFF_PATH_13_stddev,         -nan
FUTGSHARE_CHANGED_SCREWED_OFF_PATH_13_total_mean,         -nan
FUTGSHARE_CHANGED_SCREWED_OFF_PATH_13_total_stddev,         -nan

FUTGSHARE_CHANGED_CORRECTED_ON_PATH_14_count,             0
FUTGSHARE_CHANGED_CORRECTED_ON_PATH_14_pct,         -nan
FUTGSHARE_CHANGED_CORRECTED_ON_PATH_14_total_count,             0
FUTGSHARE_CHANGED_CORRECTED_ON_PATH_14_total_pct,         -nan

FUTGSHARE_CHANGED_SCREWED_ON_PATH_14_count,             0
FUTGSHARE_CHANGED_SCREWED_ON_PATH_14_pct,         -nan
FUTGSHARE_CHANGED_SCREWED_ON_PATH_14_total_count,             0
FUTGSHARE_CHANGED_SCREWED_ON_PATH_14_total_pct,         -nan
FUTGSHARE_CHANGED_SCREWED_ON_PATH_14_sum_count,             0
FUTGSHARE_CHANGED_SCREWED_ON_PATH_14_sum_pct,         -nan
FUTGSHARE_CHANGED_SCREWED_ON_PATH_14_sum_total_count,             0
FUTGSHARE_CHANGED_SCREWED_ON_PATH_14_sum_total_pct,         -nan
FUTGSHARE_CHANGED_SCREWED_ON_PATH_14_mean,         -nan
FUTGSHARE_CHANGED_SCREWED_ON_PATH_14_stddev,         -nan
FUTGSHARE_CHANGED_SCREWED_ON_PATH_14_total_mean,         -nan
FUTGSHARE_CHANGED_SCREWED_ON_PATH_14_total_stddev,         -nan

FUTGSHARE_CHANGED_CORRECTED_OFF_PATH_14_count,             0
FUTGSHARE_CHANGED_CORRECTED_OFF_PATH_14_pct,         -nan
FUTGSHARE_CHANGED_CORRECTED_OFF_PATH_14_total_count,             0
FUTGSHARE_CHANGED_CORRECTED_OFF_PATH_14_total_pct,         -nan

FUTGSHARE_CHANGED_SCREWED_OFF_PATH_14_count,             0
FUTGSHARE_CHANGED_SCREWED_OFF_PATH_14_pct,         -nan
FUTGSHARE_CHANGED_SCREWED_OFF_PATH_14_total_count,             0
FUTGSHARE_CHANGED_SCREWED_OFF_PATH_14_total_pct,         -nan
FUTGSHARE_CHANGED_SCREWED_OFF_PATH_14_sum_count,             0
FUTGSHARE_CHANGED_SCREWED_OFF_PATH_14_sum_pct,         -nan
FUTGSHARE_CHANGED_SCREWED_OFF_PATH_14_sum_total_count,             0
FUTGSHARE_CHANGED_SCREWED_OFF_PATH_14_sum_total_pct,         -nan
FUTGSHARE_CHANGED_SCREWED_OFF_PATH_14_mean,         -nan
FUTGSHARE_CHANGED_SCREWED_OFF_PATH_14_stddev,         -nan
FUTGSHARE_CHANGED_SCREWED_OFF_PATH_14_total_mean,         -nan
FUTGSHARE_CHANGED_SCREWED_OFF_PATH_14_total_stddev,         -nan

FUTGSHARE_CHANGED_CORRECTED_ON_PATH_15_count,             0
FUTGSHARE_CHANGED_CORRECTED_ON_PATH_15_pct,         -nan
FUTGSHARE_CHANGED_CORRECTED_ON_PATH_15_total_count,             0
FUTGSHARE_CHANGED_CORRECTED_ON_PATH_15_total_pct,         -nan

FUTGSHARE_CHANGED_SCREWED_ON_PATH_15_count,             0
FUTGSHARE_CHANGED_SCREWED_ON_PATH_15_pct,         -nan
FUTGSHARE_CHANGED_SCREWED_ON_PATH_15_total_count,             0
FUTGSHARE_CHANGED_SCREWED_ON_PATH_15_total_pct,         -nan
FUTGSHARE_CHANGED_SCREWED_ON_PATH_15_sum_count,             0
FUTGSHARE_CHANGED_SCREWED_ON_PATH_15_sum_pct,         -nan
FUTGSHARE_CHANGED_SCREWED_ON_PATH_15_sum_total_count,             0
FUTGSHARE_CHANGED_SCREWED_ON_PATH_15_sum_total_pct,         -nan
FUTGSHARE_CHANGED_SCREWED_ON_PATH_15_mean,         -nan
FUTGSHARE_CHANGED_SCREWED_ON_PATH_15_stddev,         -nan
FUTGSHARE_CHANGED_SCREWED_ON_PATH_15_total_mean,         -nan
FUTGSHARE_CHANGED_SCREWED_ON_PATH_15_total_stddev,         -nan

FUTGSHARE_CHANGED_CORRECTED_OFF_PATH_15_count,             0
FUTGSHARE_CHANGED_CORRECTED_OFF_PATH_15_pct,         -nan
FUTGSHARE_CHANGED_CORRECTED_OFF_PATH_15_total_count,             0
FUTGSHARE_CHANGED_CORRECTED_OFF_PATH_15_total_pct,         -nan

FUTGSHARE_CHANGED_SCREWED_OFF_PATH_15_count,             0
FUTGSHARE_CHANGED_SCREWED_OFF_PATH_15_pct,         -nan
FUTGSHARE_CHANGED_SCREWED_OFF_PATH_15_total_count,             0
FUTGSHARE_CHANGED_SCREWED_OFF_PATH_15_total_pct,         -nan
FUTGSHARE_CHANGED_SCREWED_OFF_PATH_15_sum_count,             0
FUTGSHARE_CHANGED_SCREWED_OFF_PATH_15_sum_pct,         -nan
FUTGSHARE_CHANGED_SCREWED_OFF_PATH_15_sum_total_count,             0
FUTGSHARE_CHANGED_SCREWED_OFF_PATH_15_sum_total_pct,         -nan
FUTGSHARE_CHANGED_SCREWED_OFF_PATH_15_mean,         -nan
FUTGSHARE_CHANGED_SCREWED_OFF_PATH_15_stddev,         -nan
FUTGSHARE_CHANGED_SCREWED_OFF_PATH_15_total_mean,         -nan
FUTGSHARE_CHANGED_SCREWED_OFF_PATH_15_total_stddev,         -nan

FRAGHIST_BIN_0_count,             0
FRAGHIST_BIN_0_pct,         -nan
FRAGHIST_BIN_0_total_count,             0
FRAGHIST_BIN_0_total_pct,         -nan

FRAGHIST_BIN_1_count,             0
FRAGHIST_BIN_1_pct,         -nan
FRAGHIST_BIN_1_total_count,             0
FRAGHIST_BIN_1_total_pct,         -nan

FRAGHIST_BIN_2_count,             0
FRAGHIST_BIN_2_pct,         -nan
FRAGHIST_BIN_2_total_count,             0
FRAGHIST_BIN_2_total_pct,         -nan

FRAGHIST_BIN_3_count,             0
FRAGHIST_BIN_3_pct,         -nan
FRAGHIST_BIN_3_total_count,             0
FRAGHIST_BIN_3_total_pct,         -nan

FRAGHIST_BIN_4_count,             0
FRAGHIST_BIN_4_pct,         -nan
FRAGHIST_BIN_4_total_count,             0
FRAGHIST_BIN_4_total_pct,         -nan

FRAGHIST_BIN_5_count,             0
FRAGHIST_BIN_5_pct,         -nan
FRAGHIST_BIN_5_total_count,             0
FRAGHIST_BIN_5_total_pct,         -nan

FRAGHIST_BIN_6_count,             0
FRAGHIST_BIN_6_pct,         -nan
FRAGHIST_BIN_6_total_count,             0
FRAGHIST_BIN_6_total_pct,         -nan

FRAGHIST_BIN_7_count,             0
FRAGHIST_BIN_7_pct,         -nan
FRAGHIST_BIN_7_total_count,             0
FRAGHIST_BIN_7_total_pct,         -nan

FRAGHIST_BIN_8_count,             0
FRAGHIST_BIN_8_pct,         -nan
FRAGHIST_BIN_8_total_count,             0
FRAGHIST_BIN_8_total_pct,         -nan

FRAGHIST_BIN_9_count,             0
FRAGHIST_BIN_9_pct,         -nan
FRAGHIST_BIN_9_total_count,             0
FRAGHIST_BIN_9_total_pct,         -nan

FRAGHIST_BIN_10_count,             0
FRAGHIST_BIN_10_pct,         -nan
FRAGHIST_BIN_10_total_count,             0
FRAGHIST_BIN_10_total_pct,         -nan

FRAGHIST_BIN_11_count,             0
FRAGHIST_BIN_11_pct,         -nan
FRAGHIST_BIN_11_total_count,             0
FRAGHIST_BIN_11_total_pct,         -nan

FRAGHIST_BIN_12_count,             0
FRAGHIST_BIN_12_pct,         -nan
FRAGHIST_BIN_12_total_count,             0
FRAGHIST_BIN_12_total_pct,         -nan

FRAGHIST_BIN_13_count,             0
FRAGHIST_BIN_13_pct,         -nan
FRAGHIST_BIN_13_total_count,             0
FRAGHIST_BIN_13_total_pct,         -nan

FRAGHIST_BIN_14_count,             0
FRAGHIST_BIN_14_pct,         -nan
FRAGHIST_BIN_14_total_count,             0
FRAGHIST_BIN_14_total_pct,         -nan

FRAGHIST_BIN_15_count,             0
FRAGHIST_BIN_15_pct,         -nan
FRAGHIST_BIN_15_total_count,             0
FRAGHIST_BIN_15_total_pct,         -nan

FRAGHIST_BIN_16_count,             0
FRAGHIST_BIN_16_pct,         -nan
FRAGHIST_BIN_16_total_count,             0
FRAGHIST_BIN_16_total_pct,         -nan

FRAGHIST_BIN_17_count,             0
FRAGHIST_BIN_17_pct,         -nan
FRAGHIST_BIN_17_total_count,             0
FRAGHIST_BIN_17_total_pct,         -nan

FRAGHIST_BIN_18_count,             0
FRAGHIST_BIN_18_pct,         -nan
FRAGHIST_BIN_18_total_count,             0
FRAGHIST_BIN_18_total_pct,         -nan

FRAGHIST_BIN_19_count,             0
FRAGHIST_BIN_19_pct,         -nan
FRAGHIST_BIN_19_total_count,             0
FRAGHIST_BIN_19_total_pct,         -nan

FRAGHIST_BIN_20_count,             0
FRAGHIST_BIN_20_pct,         -nan
FRAGHIST_BIN_20_total_count,             0
FRAGHIST_BIN_20_total_pct,         -nan

FRAGHIST_BIN_21_count,             0
FRAGHIST_BIN_21_pct,         -nan
FRAGHIST_BIN_21_total_count,             0
FRAGHIST_BIN_21_total_pct,         -nan

FRAGHIST_BIN_22_count,             0
FRAGHIST_BIN_22_pct,         -nan
FRAGHIST_BIN_22_total_count,             0
FRAGHIST_BIN_22_total_pct,         -nan

FRAGHIST_BIN_23_count,             0
FRAGHIST_BIN_23_pct,         -nan
FRAGHIST_BIN_23_total_count,             0
FRAGHIST_BIN_23_total_pct,         -nan

FRAGHIST_BIN_24_count,             0
FRAGHIST_BIN_24_pct,         -nan
FRAGHIST_BIN_24_total_count,             0
FRAGHIST_BIN_24_total_pct,         -nan

FRAGHIST_BIN_25_count,             0
FRAGHIST_BIN_25_pct,         -nan
FRAGHIST_BIN_25_total_count,             0
FRAGHIST_BIN_25_total_pct,         -nan

FRAGHIST_BIN_26_count,             0
FRAGHIST_BIN_26_pct,         -nan
FRAGHIST_BIN_26_total_count,             0
FRAGHIST_BIN_26_total_pct,         -nan

FRAGHIST_BIN_27_count,             0
FRAGHIST_BIN_27_pct,         -nan
FRAGHIST_BIN_27_total_count,             0
FRAGHIST_BIN_27_total_pct,         -nan

FRAGHIST_BIN_28_count,             0
FRAGHIST_BIN_28_pct,         -nan
FRAGHIST_BIN_28_total_count,             0
FRAGHIST_BIN_28_total_pct,         -nan

FRAGHIST_BIN_29_count,             0
FRAGHIST_BIN_29_pct,         -nan
FRAGHIST_BIN_29_total_count,             0
FRAGHIST_BIN_29_total_pct,         -nan

FRAGHIST_BIN_30_count,             0
FRAGHIST_BIN_30_pct,         -nan
FRAGHIST_BIN_30_total_count,             0
FRAGHIST_BIN_30_total_pct,         -nan

FRAGHIST_BIN_31_count,             0
FRAGHIST_BIN_31_pct,         -nan
FRAGHIST_BIN_31_total_count,             0
FRAGHIST_BIN_31_total_pct,         -nan

FRAGHIST_BIN_32_count,             0
FRAGHIST_BIN_32_pct,         -nan
FRAGHIST_BIN_32_total_count,             0
FRAGHIST_BIN_32_total_pct,         -nan
FRAGHIST_BIN_32_sum_count,             0
FRAGHIST_BIN_32_sum_pct,         -nan
FRAGHIST_BIN_32_sum_total_count,             0
FRAGHIST_BIN_32_sum_total_pct,         -nan
FRAGHIST_BIN_32_mean,         -nan
FRAGHIST_BIN_32_stddev,         -nan
FRAGHIST_BIN_32_total_mean,         -nan
FRAGHIST_BIN_32_total_stddev,         -nan

CF_BR_USED_TARGET_CORRECT_count,        693350
CF_BR_USED_TARGET_CORRECT_pct,        6.026
CF_BR_USED_TARGET_CORRECT_total_count,        693350
CF_BR_USED_TARGET_CORRECT_total_pct,        6.026

CF_BR_USED_TARGET_INCORRECT_count,         16236
CF_BR_USED_TARGET_INCORRECT_pct,        0.141
CF_BR_USED_TARGET_INCORRECT_total_count,         16236
CF_BR_USED_TARGET_INCORRECT_total_pct,        0.141

CF_CBR_USED_TARGET_CORRECT_count,       3911454
CF_CBR_USED_TARGET_CORRECT_pct,       33.994
CF_CBR_USED_TARGET_CORRECT_total_count,       3911454
CF_CBR_USED_TARGET_CORRECT_total_pct,       33.994

CF_CBR_USED_TARGET_INCORRECT_count,        108212
CF_CBR_USED_TARGET_INCORRECT_pct,        0.940
CF_CBR_USED_TARGET_INCORRECT_total_count,        108212
CF_CBR_USED_TARGET_INCORRECT_total_pct,        0.940

CF_CALL_USED_TARGET_CORRECT_count,       2885113
CF_CALL_USED_TARGET_CORRECT_pct,       25.074
CF_CALL_USED_TARGET_CORRECT_total_count,       2885113
CF_CALL_USED_TARGET_CORRECT_total_pct,       25.074

CF_CALL_USED_TARGET_INCORRECT_count,         52412
CF_CALL_USED_TARGET_INCORRECT_pct,        0.456
CF_CALL_USED_TARGET_INCORRECT_total_count,         52412
CF_CALL_USED_TARGET_INCORRECT_total_pct,        0.456

CF_IBR_USED_TARGET_CORRECT_count,         93928
CF_IBR_USED_TARGET_CORRECT_pct,        0.816
CF_IBR_USED_TARGET_CORRECT_total_count,         93928
CF_IBR_USED_TARGET_CORRECT_total_pct,        0.816

CF_IBR_USED_TARGET_INCORRECT_count,          8230
CF_IBR_USED_TARGET_INCORRECT_pct,        0.072
CF_IBR_USED_TARGET_INCORRECT_total_count,          8230
CF_IBR_USED_TARGET_INCORRECT_total_pct,        0.072

CF_ICALL_USED_TARGET_CORRECT_count,        381121
CF_ICALL_USED_TARGET_CORRECT_pct,        3.312
CF_ICALL_USED_TARGET_CORRECT_total_count,        381121
CF_ICALL_USED_TARGET_CORRECT_total_pct,        3.312

CF_ICALL_USED_TARGET_INCORRECT_count,         18745
CF_ICALL_USED_TARGET_INCORRECT_pct,        0.163
CF_ICALL_USED_TARGET_INCORRECT_total_count,         18745
CF_ICALL_USED_TARGET_INCORRECT_total_pct,        0.163

CF_ICO_USED_TARGET_CORRECT_count,             0
CF_ICO_USED_TARGET_CORRECT_pct,        0.000
CF_ICO_USED_TARGET_CORRECT_total_count,             0
CF_ICO_USED_TARGET_CORRECT_total_pct,        0.000

CF_ICO_USED_TARGET_INCORRECT_count,             0
CF_ICO_USED_TARGET_INCORRECT_pct,        0.000
CF_ICO_USED_TARGET_INCORRECT_total_count,             0
CF_ICO_USED_TARGET_INCORRECT_total_pct,        0.000

CF_RET_USED_TARGET_CORRECT_count,       3310545
CF_RET_USED_TARGET_CORRECT_pct,       28.772
CF_RET_USED_TARGET_CORRECT_total_count,       3310545
CF_RET_USED_TARGET_CORRECT_total_pct,       28.772

CF_RET_USED_TARGET_INCORRECT_count,         26840
CF_RET_USED_TARGET_INCORRECT_pct,        0.233
CF_RET_USED_TARGET_INCORRECT_total_count,         26840
CF_RET_USED_TARGET_INCORRECT_total_pct,        0.233

CF_DEFAULT_USED_TARGET_CORRECT_count,             0
CF_DEFAULT_USED_TARGET_CORRECT_pct,        0.000
CF_DEFAULT_USED_TARGET_CORRECT_total_count,             0
CF_DEFAULT_USED_TARGET_CORRECT_total_pct,        0.000

CF_DEFAULT_USED_TARGET_INCORRECT_count,             0
CF_DEFAULT_USED_TARGET_INCORRECT_pct,        0.000
CF_DEFAULT_USED_TARGET_INCORRECT_total_count,             0
CF_DEFAULT_USED_TARGET_INCORRECT_total_pct,        0.000
CF_DEFAULT_USED_TARGET_INCORRECT_sum_count,      11506186
CF_DEFAULT_USED_TARGET_INCORRECT_sum_pct,      100.000
CF_DEFAULT_USED_TARGET_INCORRECT_sum_total_count,      11506186
CF_DEFAULT_USED_TARGET_INCORRECT_sum_total_pct,      100.000
CF_DEFAULT_USED_TARGET_INCORRECT_mean,         5.55
CF_DEFAULT_USED_TARGET_INCORRECT_stddev,         4.16
CF_DEFAULT_USED_TARGET_INCORRECT_total_mean,         5.55
CF_DEFAULT_USED_TARGET_INCORRECT_total_stddev,         4.16

BTB_UPDATE_BTB_MISS_count,        185545
BTB_UPDATE_BTB_MISS_pct,      100.000
BTB_UPDATE_BTB_MISS_total_count,        185545
BTB_UPDATE_BTB_MISS_total_pct,      100.000

BTB_UPDATE_BTB_HIT_TAKEN_count,             0
BTB_UPDATE_BTB_HIT_TAKEN_pct,        0.000
BTB_UPDATE_BTB_HIT_TAKEN_total_count,             0
BTB_UPDATE_BTB_HIT_TAKEN_total_pct,        0.000
BTB_UPDATE_BTB_HIT_TAKEN_sum_count,        185545
BTB_UPDATE_BTB_HIT_TAKEN_sum_pct,      100.000
BTB_UPDATE_BTB_HIT_TAKEN_sum_total_count,        185545
BTB_UPDATE_BTB_HIT_TAKEN_sum_total_pct,      100.000
BTB_UPDATE_BTB_HIT_TAKEN_mean,         0.00
BTB_UPDATE_BTB_HIT_TAKEN_stddev,         0.00
BTB_UPDATE_BTB_HIT_TAKEN_total_mean,         0.00
BTB_UPDATE_BTB_HIT_TAKEN_total_stddev,         0.00

BTB_UPDATE_BTB_HIT_JITTED_NOT_CF_count,             0
BTB_UPDATE_BTB_HIT_JITTED_NOT_CF_pct,        0.000
BTB_UPDATE_BTB_HIT_JITTED_NOT_CF_total_count,             0
BTB_UPDATE_BTB_HIT_JITTED_NOT_CF_total_pct,        0.000

BTB_UPDATE_BTB_HIT_JITTED_CF_BR_count,            48
BTB_UPDATE_BTB_HIT_JITTED_CF_BR_pct,        0.005
BTB_UPDATE_BTB_HIT_JITTED_CF_BR_total_count,            48
BTB_UPDATE_BTB_HIT_JITTED_CF_BR_total_pct,        0.005

BTB_UPDATE_BTB_HIT_JITTED_CF_CBR_count,             0
BTB_UPDATE_BTB_HIT_JITTED_CF_CBR_pct,        0.000
BTB_UPDATE_BTB_HIT_JITTED_CF_CBR_total_count,             0
BTB_UPDATE_BTB_HIT_JITTED_CF_CBR_total_pct,        0.000

BTB_UPDATE_BTB_HIT_JITTED_CF_CALL_count,             2
BTB_UPDATE_BTB_HIT_JITTED_CF_CALL_pct,        0.000
BTB_UPDATE_BTB_HIT_JITTED_CF_CALL_total_count,             2
BTB_UPDATE_BTB_HIT_JITTED_CF_CALL_total_pct,        0.000

BTB_UPDATE_BTB_HIT_JITTED_CF_IBR_count,          9564
BTB_UPDATE_BTB_HIT_JITTED_CF_IBR_pct,        0.969
BTB_UPDATE_BTB_HIT_JITTED_CF_IBR_total_count,          9564
BTB_UPDATE_BTB_HIT_JITTED_CF_IBR_total_pct,        0.969

BTB_UPDATE_BTB_HIT_JITTED_CF_ICALL_count,         25183
BTB_UPDATE_BTB_HIT_JITTED_CF_ICALL_pct,        2.551
BTB_UPDATE_BTB_HIT_JITTED_CF_ICALL_total_count,         25183
BTB_UPDATE_BTB_HIT_JITTED_CF_ICALL_total_pct,        2.551

BTB_UPDATE_BTB_HIT_JITTED_CF_ICO_count,             0
BTB_UPDATE_BTB_HIT_JITTED_CF_ICO_pct,        0.000
BTB_UPDATE_BTB_HIT_JITTED_CF_ICO_total_count,             0
BTB_UPDATE_BTB_HIT_JITTED_CF_ICO_total_pct,        0.000

BTB_UPDATE_BTB_HIT_JITTED_CF_RET_count,        952486
BTB_UPDATE_BTB_HIT_JITTED_CF_RET_pct,       96.475
BTB_UPDATE_BTB_HIT_JITTED_CF_RET_total_count,        952486
BTB_UPDATE_BTB_HIT_JITTED_CF_RET_total_pct,       96.475
BTB_UPDATE_BTB_HIT_JITTED_CF_RET_sum_count,        987283
BTB_UPDATE_BTB_HIT_JITTED_CF_RET_sum_pct,      100.000
BTB_UPDATE_BTB_HIT_JITTED_CF_RET_sum_total_count,        987283
BTB_UPDATE_BTB_HIT_JITTED_CF_RET_sum_total_pct,      100.000
BTB_UPDATE_BTB_HIT_JITTED_CF_RET_mean,         6.92
BTB_UPDATE_BTB_HIT_JITTED_CF_RET_stddev,         6.81
BTB_UPDATE_BTB_HIT_JITTED_CF_RET_total_mean,         6.92
BTB_UPDATE_BTB_HIT_JITTED_CF_RET_total_stddev,         6.81

RESTEER_BTB_MISS_NOT_CF_count,             2
RESTEER_BTB_MISS_NOT_CF_pct,        0.001
RESTEER_BTB_MISS_NOT_CF_total_count,             2
RESTEER_BTB_MISS_NOT_CF_total_pct,        0.001

RESTEER_BTB_MISS_CF_BR_count,             0
RESTEER_BTB_MISS_CF_BR_pct,        0.000
RESTEER_BTB_MISS_CF_BR_total_count,             0
RESTEER_BTB_MISS_CF_BR_total_pct,        0.000

RESTEER_BTB_MISS_CF_CBR_count,         16236
RESTEER_BTB_MISS_CF_CBR_pct,        5.078
RESTEER_BTB_MISS_CF_CBR_total_count,         16236
RESTEER_BTB_MISS_CF_CBR_total_pct,        5.078

RESTEER_BTB_MISS_CF_CALL_count,         27680
RESTEER_BTB_MISS_CF_CALL_pct,        8.658
RESTEER_BTB_MISS_CF_CALL_total_count,         27680
RESTEER_BTB_MISS_CF_CALL_total_pct,        8.658

RESTEER_BTB_MISS_CF_IBR_count,         52412
RESTEER_BTB_MISS_CF_IBR_pct,       16.394
RESTEER_BTB_MISS_CF_IBR_total_count,         52412
RESTEER_BTB_MISS_CF_IBR_total_pct,       16.394

RESTEER_BTB_MISS_CF_ICALL_count,             0
RESTEER_BTB_MISS_CF_ICALL_pct,        0.000
RESTEER_BTB_MISS_CF_ICALL_total_count,             0
RESTEER_BTB_MISS_CF_ICALL_total_pct,        0.000

RESTEER_BTB_MISS_CF_ICO_count,             0
RESTEER_BTB_MISS_CF_ICO_pct,        0.000
RESTEER_BTB_MISS_CF_ICO_total_count,             0
RESTEER_BTB_MISS_CF_ICO_total_pct,        0.000

RESTEER_BTB_MISS_CF_RET_count,             0
RESTEER_BTB_MISS_CF_RET_pct,        0.000
RESTEER_BTB_MISS_CF_RET_total_count,             0
RESTEER_BTB_MISS_CF_RET_total_pct,        0.000

RESTEER_MISPRED_NOT_CF_count,             0
RESTEER_MISPRED_NOT_CF_pct,        0.000
RESTEER_MISPRED_NOT_CF_total_count,             0
RESTEER_MISPRED_NOT_CF_total_pct,        0.000

RESTEER_MISPRED_CF_BR_count,             0
RESTEER_MISPRED_CF_BR_pct,        0.000
RESTEER_MISPRED_CF_BR_total_count,             0
RESTEER_MISPRED_CF_BR_total_pct,        0.000

RESTEER_MISPRED_CF_CBR_count,        161943
RESTEER_MISPRED_CF_CBR_pct,       50.653
RESTEER_MISPRED_CF_CBR_total_count,        161943
RESTEER_MISPRED_CF_CBR_total_pct,       50.653

RESTEER_MISPRED_CF_CALL_count,             0
RESTEER_MISPRED_CF_CALL_pct,        0.000
RESTEER_MISPRED_CF_CALL_total_count,             0
RESTEER_MISPRED_CF_CALL_total_pct,        0.000

RESTEER_MISPRED_CF_IBR_count,           147
RESTEER_MISPRED_CF_IBR_pct,        0.046
RESTEER_MISPRED_CF_IBR_total_count,           147
RESTEER_MISPRED_CF_IBR_total_pct,        0.046

RESTEER_MISPRED_CF_ICALL_count,          3979
RESTEER_MISPRED_CF_ICALL_pct,        1.245
RESTEER_MISPRED_CF_ICALL_total_count,          3979
RESTEER_MISPRED_CF_ICALL_total_pct,        1.245

RESTEER_MISPRED_CF_ICO_count,             0
RESTEER_MISPRED_CF_ICO_pct,        0.000
RESTEER_MISPRED_CF_ICO_total_count,             0
RESTEER_MISPRED_CF_ICO_total_pct,        0.000

RESTEER_MISPRED_CF_RET_count,            21
RESTEER_MISPRED_CF_RET_pct,        0.007
RESTEER_MISPRED_CF_RET_total_count,            21
RESTEER_MISPRED_CF_RET_total_pct,        0.007

RESTEER_MISFETCH_NOT_CF_count,             0
RESTEER_MISFETCH_NOT_CF_pct,        0.000
RESTEER_MISFETCH_NOT_CF_total_count,             0
RESTEER_MISFETCH_NOT_CF_total_pct,        0.000

RESTEER_MISFETCH_CF_BR_count,             0
RESTEER_MISFETCH_CF_BR_pct,        0.000
RESTEER_MISFETCH_CF_BR_total_count,             0
RESTEER_MISFETCH_CF_BR_total_pct,        0.000

RESTEER_MISFETCH_CF_CBR_count,          7620
RESTEER_MISFETCH_CF_CBR_pct,        2.383
RESTEER_MISFETCH_CF_CBR_total_count,          7620
RESTEER_MISFETCH_CF_CBR_total_pct,        2.383

RESTEER_MISFETCH_CF_CALL_count,             0
RESTEER_MISFETCH_CF_CALL_pct,        0.000
RESTEER_MISFETCH_CF_CALL_total_count,             0
RESTEER_MISFETCH_CF_CALL_total_pct,        0.000

RESTEER_MISFETCH_CF_IBR_count,          8083
RESTEER_MISFETCH_CF_IBR_pct,        2.528
RESTEER_MISFETCH_CF_IBR_total_count,          8083
RESTEER_MISFETCH_CF_IBR_total_pct,        2.528

RESTEER_MISFETCH_CF_ICALL_count,         14766
RESTEER_MISFETCH_CF_ICALL_pct,        4.619
RESTEER_MISFETCH_CF_ICALL_total_count,         14766
RESTEER_MISFETCH_CF_ICALL_total_pct,        4.619

RESTEER_MISFETCH_CF_ICO_count,             0
RESTEER_MISFETCH_CF_ICO_pct,        0.000
RESTEER_MISFETCH_CF_ICO_total_count,             0
RESTEER_MISFETCH_CF_ICO_total_pct,        0.000

RESTEER_MISFETCH_CF_RET_count,         26819
RESTEER_MISFETCH_CF_RET_pct,        8.389
RESTEER_MISFETCH_CF_RET_total_count,         26819
RESTEER_MISFETCH_CF_RET_total_pct,        8.389

RESTEER_NO_TARGET_CF_IBR_count,             0
RESTEER_NO_TARGET_CF_IBR_pct,        0.000
RESTEER_NO_TARGET_CF_IBR_total_count,             0
RESTEER_NO_TARGET_CF_IBR_total_pct,        0.000

RESTEER_NO_TARGET_CF_ICALL_count,             0
RESTEER_NO_TARGET_CF_ICALL_pct,        0.000
RESTEER_NO_TARGET_CF_ICALL_total_count,             0
RESTEER_NO_TARGET_CF_ICALL_total_pct,        0.000

RESTEER_NO_TARGET_CF_ICO_count,             0
RESTEER_NO_TARGET_CF_ICO_pct,        0.000
RESTEER_NO_TARGET_CF_ICO_total_count,             0
RESTEER_NO_TARGET_CF_ICO_total_pct,        0.000

RESTEER_NO_TARGET_CF_RET_count,             0
RESTEER_NO_TARGET_CF_RET_pct,        0.000
RESTEER_NO_TARGET_CF_RET_total_count,             0
RESTEER_NO_TARGET_CF_RET_total_pct,        0.000
RESTEER_NO_TARGET_CF_RET_sum_count,        319708
RESTEER_NO_TARGET_CF_RET_sum_pct,      100.000
RESTEER_NO_TARGET_CF_RET_sum_total_count,        319708
RESTEER_NO_TARGET_CF_RET_sum_total_pct,      100.000
RESTEER_NO_TARGET_CF_RET_mean,        10.08
RESTEER_NO_TARGET_CF_RET_stddev,         6.11
RESTEER_NO_TARGET_CF_RET_total_mean,        10.08
RESTEER_NO_TARGET_CF_RET_total_stddev,         6.11

CBR_CORRECT_count,       5723137
CBR_CORRECT_pct,       36.043
CBR_CORRECT_total_count,       5723137
CBR_CORRECT_total_pct,       36.043

CBR_CORRECT_BTB_MISS_NT_NT_count,       9958295
CBR_CORRECT_BTB_MISS_NT_NT_pct,       62.715
CBR_CORRECT_BTB_MISS_NT_NT_total_count,       9958295
CBR_CORRECT_BTB_MISS_NT_NT_total_pct,       62.715

CBR_RECOVER_MISPREDICT_count,        153236
CBR_RECOVER_MISPREDICT_pct,        0.965
CBR_RECOVER_MISPREDICT_total_count,        153236
CBR_RECOVER_MISPREDICT_total_pct,        0.965

CBR_RECOVER_MISFETCH_count,             0
CBR_RECOVER_MISFETCH_pct,        0.000
CBR_RECOVER_MISFETCH_total_count,             0
CBR_RECOVER_MISFETCH_total_pct,        0.000

CBR_RECOVER_BTB_MISS_T_T_count,         27680
CBR_RECOVER_BTB_MISS_T_T_pct,        0.174
CBR_RECOVER_BTB_MISS_T_T_total_count,         27680
CBR_RECOVER_BTB_MISS_T_T_total_pct,        0.174

CBR_RECOVER_BTB_MISS_T_NT_count,          7620
CBR_RECOVER_BTB_MISS_T_NT_pct,        0.048
CBR_RECOVER_BTB_MISS_T_NT_total_count,          7620
CBR_RECOVER_BTB_MISS_T_NT_total_pct,        0.048

CBR_RECOVER_BTB_MISS_NT_T_count,          8707
CBR_RECOVER_BTB_MISS_NT_T_pct,        0.055
CBR_RECOVER_BTB_MISS_NT_T_total_count,          8707
CBR_RECOVER_BTB_MISS_NT_T_total_pct,        0.055
CBR_RECOVER_BTB_MISS_NT_T_sum_count,      15878675
CBR_RECOVER_BTB_MISS_NT_T_sum_pct,      100.000
CBR_RECOVER_BTB_MISS_NT_T_sum_total_count,      15878675
CBR_RECOVER_BTB_MISS_NT_T_sum_total_pct,      100.000
CBR_RECOVER_BTB_MISS_NT_T_mean,         0.66
CBR_RECOVER_BTB_MISS_NT_T_stddev,         0.37
CBR_RECOVER_BTB_MISS_NT_T_total_mean,         0.66
CBR_RECOVER_BTB_MISS_NT_T_total_stddev,         0.37

BR_CORRECT_count,        693350
BR_CORRECT_pct,       97.712
BR_CORRECT_total_count,        693350
BR_CORRECT_total_pct,       97.712

BR_RECOVER_count,         16236
BR_RECOVER_pct,        2.288
BR_RECOVER_total_count,         16236
BR_RECOVER_total_pct,        2.288
BR_RECOVER_sum_count,        709586
BR_RECOVER_sum_pct,      100.000
BR_RECOVER_sum_total_count,        709586
BR_RECOVER_sum_total_pct,      100.000
BR_RECOVER_mean,         0.02
BR_RECOVER_stddev,         0.15
BR_RECOVER_total_mean,         0.02
BR_RECOVER_total_stddev,         0.15

ICALL_CORRECT_IBTB_count,        360134
ICALL_CORRECT_IBTB_pct,       90.064
ICALL_CORRECT_IBTB_total_count,        360134
ICALL_CORRECT_IBTB_total_pct,       90.064

ICALL_CORRECT_BTB_count,         20987
ICALL_CORRECT_BTB_pct,        5.249
ICALL_CORRECT_BTB_total_count,         20987
ICALL_CORRECT_BTB_total_pct,        5.249

ICALL_RECOVER_IBTB_MISFETCH_count,         12598
ICALL_RECOVER_IBTB_MISFETCH_pct,        3.151
ICALL_RECOVER_IBTB_MISFETCH_total_count,         12598
ICALL_RECOVER_IBTB_MISFETCH_total_pct,        3.151

ICALL_RECOVER_BTB_MISFETCH_count,          2168
ICALL_RECOVER_BTB_MISFETCH_pct,        0.542
ICALL_RECOVER_BTB_MISFETCH_total_count,          2168
ICALL_RECOVER_BTB_MISFETCH_total_pct,        0.542

ICALL_RECOVER_XBTB_MISS_count,          3979
ICALL_RECOVER_XBTB_MISS_pct,        0.995
ICALL_RECOVER_XBTB_MISS_total_count,          3979
ICALL_RECOVER_XBTB_MISS_total_pct,        0.995
ICALL_RECOVER_XBTB_MISS_sum_count,        399866
ICALL_RECOVER_XBTB_MISS_sum_pct,      100.000
ICALL_RECOVER_XBTB_MISS_sum_total_count,        399866
ICALL_RECOVER_XBTB_MISS_sum_total_pct,      100.000
ICALL_RECOVER_XBTB_MISS_mean,         0.17
ICALL_RECOVER_XBTB_MISS_stddev,         0.58
ICALL_RECOVER_XBTB_MISS_total_mean,         0.17
ICALL_RECOVER_XBTB_MISS_total_stddev,         0.58

IBR_CORRECT_IBTB_count,         80781
IBR_CORRECT_IBTB_pct,       79.075
IBR_CORRECT_IBTB_total_count,         80781
IBR_CORRECT_IBTB_total_pct,       79.075

IBR_CORRECT_BTB_count,         13147
IBR_CORRECT_BTB_pct,       12.869
IBR_CORRECT_BTB_total_count,         13147
IBR_CORRECT_BTB_total_pct,       12.869

IBR_RECOVER_IBTB_MISFETCH_count,          7702
IBR_RECOVER_IBTB_MISFETCH_pct,        7.539
IBR_RECOVER_IBTB_MISFETCH_total_count,          7702
IBR_RECOVER_IBTB_MISFETCH_total_pct,        7.539

IBR_RECOVER_BTB_MISFETCH_count,           381
IBR_RECOVER_BTB_MISFETCH_pct,        0.373
IBR_RECOVER_BTB_MISFETCH_total_count,           381
IBR_RECOVER_BTB_MISFETCH_total_pct,        0.373

IBR_RECOVER_XBTB_MISS_count,           147
IBR_RECOVER_XBTB_MISS_pct,        0.144
IBR_RECOVER_XBTB_MISS_total_count,           147
IBR_RECOVER_XBTB_MISS_total_pct,        0.144
IBR_RECOVER_XBTB_MISS_sum_count,        102158
IBR_RECOVER_XBTB_MISS_sum_pct,      100.000
IBR_RECOVER_XBTB_MISS_sum_total_count,        102158
IBR_RECOVER_XBTB_MISS_sum_total_pct,      100.000
IBR_RECOVER_XBTB_MISS_mean,         0.30
IBR_RECOVER_XBTB_MISS_stddev,         0.57
IBR_RECOVER_XBTB_MISS_total_mean,         0.30
IBR_RECOVER_XBTB_MISS_total_stddev,         0.57

ICO_CORRECT_count,             0
ICO_CORRECT_pct,         -nan
ICO_CORRECT_total_count,             0
ICO_CORRECT_total_pct,         -nan

ICO_RECOVER_count,             0
ICO_RECOVER_pct,         -nan
ICO_RECOVER_total_count,             0
ICO_RECOVER_total_pct,         -nan
ICO_RECOVER_sum_count,             0
ICO_RECOVER_sum_pct,         -nan
ICO_RECOVER_sum_total_count,             0
ICO_RECOVER_sum_total_pct,         -nan
ICO_RECOVER_mean,         -nan
ICO_RECOVER_stddev,         -nan
ICO_RECOVER_total_mean,         -nan
ICO_RECOVER_total_stddev,         -nan

RET_CORRECT_count,       3310545
RET_CORRECT_pct,       99.196
RET_CORRECT_total_count,       3310545
RET_CORRECT_total_pct,       99.196

RET_RECOVER_count,         26819
RET_RECOVER_pct,        0.804
RET_RECOVER_total_count,         26819
RET_RECOVER_total_pct,        0.804

RET_RECOVER_UFLOW_count,            21
RET_RECOVER_UFLOW_pct,        0.001
RET_RECOVER_UFLOW_total_count,            21
RET_RECOVER_UFLOW_total_pct,        0.001
RET_RECOVER_UFLOW_sum_count,       3337385
RET_RECOVER_UFLOW_sum_pct,      100.000
RET_RECOVER_UFLOW_sum_total_count,       3337385
RET_RECOVER_UFLOW_sum_total_pct,      100.000
RET_RECOVER_UFLOW_mean,         0.01
RET_RECOVER_UFLOW_stddev,         0.09
RET_RECOVER_UFLOW_total_mean,         0.01
RET_RECOVER_UFLOW_total_stddev,         0.09

CALL_CORRECT_count,       2885113
CALL_CORRECT_pct,       98.216
CALL_CORRECT_total_count,       2885113
CALL_CORRECT_total_pct,       98.216

CALL_RECOVER_count,         52412
CALL_RECOVER_pct,        1.784
CALL_RECOVER_total_count,         52412
CALL_RECOVER_total_pct,        1.784
CALL_RECOVER_sum_count,       2937525
CALL_RECOVER_sum_pct,      100.000
CALL_RECOVER_sum_total_count,       2937525
CALL_RECOVER_sum_total_pct,      100.000
CALL_RECOVER_mean,         0.02
CALL_RECOVER_stddev,         0.13
CALL_RECOVER_total_mean,         0.02
CALL_RECOVER_total_stddev,         0.13

BTB_CORRECT_count,       9943024
BTB_CORRECT_pct,       49.644
BTB_CORRECT_total_count,       9943024
BTB_CORRECT_total_pct,       49.644

BTB_INCORRECT_BUT_TARGET_CORRECT_count,           768
BTB_INCORRECT_BUT_TARGET_CORRECT_pct,        0.004
BTB_INCORRECT_BUT_TARGET_CORRECT_total_count,           768
BTB_INCORRECT_BUT_TARGET_CORRECT_total_pct,        0.004

BTB_INCORRECT_count,      10084786
BTB_INCORRECT_pct,       50.352
BTB_INCORRECT_total_count,      10084786
BTB_INCORRECT_total_pct,       50.352
BTB_INCORRECT_sum_count,      20028578
BTB_INCORRECT_sum_pct,      100.000
BTB_INCORRECT_sum_total_count,      20028578
BTB_INCORRECT_sum_total_pct,      100.000
BTB_INCORRECT_mean,         1.01
BTB_INCORRECT_stddev,         1.00
BTB_INCORRECT_total_mean,         1.01
BTB_INCORRECT_total_stddev,         1.00

IBTB_CORRECT_count,        461215
IBTB_CORRECT_pct,       91.871
IBTB_CORRECT_total_count,        461215
IBTB_CORRECT_total_pct,       91.871

IBTB_INCORRECT_count,         40809
IBTB_INCORRECT_pct,        8.129
IBTB_INCORRECT_total_count,         40809
IBTB_INCORRECT_total_pct,        8.129
IBTB_INCORRECT_sum_count,        502024
IBTB_INCORRECT_sum_pct,      100.000
IBTB_INCORRECT_sum_total_count,        502024
IBTB_INCORRECT_sum_total_pct,      100.000
IBTB_INCORRECT_mean,         0.08
IBTB_INCORRECT_stddev,         0.26
IBTB_INCORRECT_total_mean,         0.08
IBTB_INCORRECT_total_stddev,         0.26

CBR_CORRECT_OFF_PATH_count,       5104437
CBR_CORRECT_OFF_PATH_pct,       35.720
CBR_CORRECT_OFF_PATH_total_count,       5104437
CBR_CORRECT_OFF_PATH_total_pct,       35.720

CBR_CORRECT_BTB_MISS_NT_NT_OFF_PATH_count,       9054219
CBR_CORRECT_BTB_MISS_NT_NT_OFF_PATH_pct,       63.360
CBR_CORRECT_BTB_MISS_NT_NT_OFF_PATH_total_count,       9054219
CBR_CORRECT_BTB_MISS_NT_NT_OFF_PATH_total_pct,       63.360

CBR_RECOVER_MISPREDICT_OFF_PATH_count,             0
CBR_RECOVER_MISPREDICT_OFF_PATH_pct,        0.000
CBR_RECOVER_MISPREDICT_OFF_PATH_total_count,             0
CBR_RECOVER_MISPREDICT_OFF_PATH_total_pct,        0.000

CBR_RECOVER_MISFETCH_OFF_PATH_count,             0
CBR_RECOVER_MISFETCH_OFF_PATH_pct,        0.000
CBR_RECOVER_MISFETCH_OFF_PATH_total_count,             0
CBR_RECOVER_MISFETCH_OFF_PATH_total_pct,        0.000

CBR_RECOVER_BTB_MISS_T_T_OFF_PATH_count,        131492
CBR_RECOVER_BTB_MISS_T_T_OFF_PATH_pct,        0.920
CBR_RECOVER_BTB_MISS_T_T_OFF_PATH_total_count,        131492
CBR_RECOVER_BTB_MISS_T_T_OFF_PATH_total_pct,        0.920

CBR_RECOVER_BTB_MISS_T_NT_OFF_PATH_count,             0
CBR_RECOVER_BTB_MISS_T_NT_OFF_PATH_pct,        0.000
CBR_RECOVER_BTB_MISS_T_NT_OFF_PATH_total_count,             0
CBR_RECOVER_BTB_MISS_T_NT_OFF_PATH_total_pct,        0.000

CBR_RECOVER_BTB_MISS_NT_T_OFF_PATH_count,             0
CBR_RECOVER_BTB_MISS_NT_T_OFF_PATH_pct,        0.000
CBR_RECOVER_BTB_MISS_NT_T_OFF_PATH_total_count,             0
CBR_RECOVER_BTB_MISS_NT_T_OFF_PATH_total_pct,        0.000
CBR_RECOVER_BTB_MISS_NT_T_OFF_PATH_sum_count,      14290148
CBR_RECOVER_BTB_MISS_NT_T_OFF_PATH_sum_pct,      100.000
CBR_RECOVER_BTB_MISS_NT_T_OFF_PATH_sum_total_count,      14290148
CBR_RECOVER_BTB_MISS_NT_T_OFF_PATH_sum_total_pct,      100.000
CBR_RECOVER_BTB_MISS_NT_T_OFF_PATH_mean,         0.67
CBR_RECOVER_BTB_MISS_NT_T_OFF_PATH_stddev,         0.41
CBR_RECOVER_BTB_MISS_NT_T_OFF_PATH_total_mean,         0.67
CBR_RECOVER_BTB_MISS_NT_T_OFF_PATH_total_stddev,         0.41

BR_CORRECT_OFF_PATH_count,        799934
BR_CORRECT_OFF_PATH_pct,       90.907
BR_CORRECT_OFF_PATH_total_count,        799934
BR_CORRECT_OFF_PATH_total_pct,       90.907

BR_RECOVER_OFF_PATH_count,         80015
BR_RECOVER_OFF_PATH_pct,        9.093
BR_RECOVER_OFF_PATH_total_count,         80015
BR_RECOVER_OFF_PATH_total_pct,        9.093
BR_RECOVER_OFF_PATH_sum_count,        879949
BR_RECOVER_OFF_PATH_sum_pct,      100.000
BR_RECOVER_OFF_PATH_sum_total_count,        879949
BR_RECOVER_OFF_PATH_sum_total_pct,      100.000
BR_RECOVER_OFF_PATH_mean,         0.09
BR_RECOVER_OFF_PATH_stddev,         0.28
BR_RECOVER_OFF_PATH_total_mean,         0.09
BR_RECOVER_OFF_PATH_total_stddev,         0.28

ICALL_CORRECT_IBTB_OFF_PATH_count,        185286
ICALL_CORRECT_IBTB_OFF_PATH_pct,       43.399
ICALL_CORRECT_IBTB_OFF_PATH_total_count,        185286
ICALL_CORRECT_IBTB_OFF_PATH_total_pct,       43.399

ICALL_CORRECT_BTB_OFF_PATH_count,        196110
ICALL_CORRECT_BTB_OFF_PATH_pct,       45.934
ICALL_CORRECT_BTB_OFF_PATH_total_count,        196110
ICALL_CORRECT_BTB_OFF_PATH_total_pct,       45.934

ICALL_RECOVER_IBTB_MISFETCH_OFF_PATH_count,          8868
ICALL_RECOVER_IBTB_MISFETCH_OFF_PATH_pct,        2.077
ICALL_RECOVER_IBTB_MISFETCH_OFF_PATH_total_count,          8868
ICALL_RECOVER_IBTB_MISFETCH_OFF_PATH_total_pct,        2.077

ICALL_RECOVER_BTB_MISFETCH_OFF_PATH_count,          2336
ICALL_RECOVER_BTB_MISFETCH_OFF_PATH_pct,        0.547
ICALL_RECOVER_BTB_MISFETCH_OFF_PATH_total_count,          2336
ICALL_RECOVER_BTB_MISFETCH_OFF_PATH_total_pct,        0.547

ICALL_RECOVER_XBTB_MISS_OFF_PATH_count,         34341
ICALL_RECOVER_XBTB_MISS_OFF_PATH_pct,        8.044
ICALL_RECOVER_XBTB_MISS_OFF_PATH_total_count,         34341
ICALL_RECOVER_XBTB_MISS_OFF_PATH_total_pct,        8.044
ICALL_RECOVER_XBTB_MISS_OFF_PATH_sum_count,        426941
ICALL_RECOVER_XBTB_MISS_OFF_PATH_sum_pct,      100.000
ICALL_RECOVER_XBTB_MISS_OFF_PATH_sum_total_count,        426941
ICALL_RECOVER_XBTB_MISS_OFF_PATH_sum_total_pct,      100.000
ICALL_RECOVER_XBTB_MISS_OFF_PATH_mean,         0.84
ICALL_RECOVER_XBTB_MISS_OFF_PATH_stddev,         0.96
ICALL_RECOVER_XBTB_MISS_OFF_PATH_total_mean,         0.84
ICALL_RECOVER_XBTB_MISS_OFF_PATH_total_stddev,         0.96

IBR_CORRECT_IBTB_OFF_PATH_count,         26763
IBR_CORRECT_IBTB_OFF_PATH_pct,       30.647
IBR_CORRECT_IBTB_OFF_PATH_total_count,         26763
IBR_CORRECT_IBTB_OFF_PATH_total_pct,       30.647

IBR_CORRECT_BTB_OFF_PATH_count,         51917
IBR_CORRECT_BTB_OFF_PATH_pct,       59.451
IBR_CORRECT_BTB_OFF_PATH_total_count,         51917
IBR_CORRECT_BTB_OFF_PATH_total_pct,       59.451

IBR_RECOVER_IBTB_MISFETCH_OFF_PATH_count,          7166
IBR_RECOVER_IBTB_MISFETCH_OFF_PATH_pct,        8.206
IBR_RECOVER_IBTB_MISFETCH_OFF_PATH_total_count,          7166
IBR_RECOVER_IBTB_MISFETCH_OFF_PATH_total_pct,        8.206

IBR_RECOVER_BTB_MISFETCH_OFF_PATH_count,           727
IBR_RECOVER_BTB_MISFETCH_OFF_PATH_pct,        0.833
IBR_RECOVER_BTB_MISFETCH_OFF_PATH_total_count,           727
IBR_RECOVER_BTB_MISFETCH_OFF_PATH_total_pct,        0.833

IBR_RECOVER_XBTB_MISS_OFF_PATH_count,           754
IBR_RECOVER_XBTB_MISS_OFF_PATH_pct,        0.863
IBR_RECOVER_XBTB_MISS_OFF_PATH_total_count,           754
IBR_RECOVER_XBTB_MISS_OFF_PATH_total_pct,        0.863
IBR_RECOVER_XBTB_MISS_OFF_PATH_sum_count,         87327
IBR_RECOVER_XBTB_MISS_OFF_PATH_sum_pct,      100.000
IBR_RECOVER_XBTB_MISS_OFF_PATH_sum_total_count,         87327
IBR_RECOVER_XBTB_MISS_OFF_PATH_sum_total_pct,      100.000
IBR_RECOVER_XBTB_MISS_OFF_PATH_mean,         0.82
IBR_RECOVER_XBTB_MISS_OFF_PATH_stddev,         0.52
IBR_RECOVER_XBTB_MISS_OFF_PATH_total_mean,         0.82
IBR_RECOVER_XBTB_MISS_OFF_PATH_total_stddev,         0.52

ICO_CORRECT_OFF_PATH_count,             0
ICO_CORRECT_OFF_PATH_pct,         -nan
ICO_CORRECT_OFF_PATH_total_count,             0
ICO_CORRECT_OFF_PATH_total_pct,         -nan

ICO_RECOVER_OFF_PATH_count,             0
ICO_RECOVER_OFF_PATH_pct,         -nan
ICO_RECOVER_OFF_PATH_total_count,             0
ICO_RECOVER_OFF_PATH_total_pct,         -nan
ICO_RECOVER_OFF_PATH_sum_count,             0
ICO_RECOVER_OFF_PATH_sum_pct,         -nan
ICO_RECOVER_OFF_PATH_sum_total_count,             0
ICO_RECOVER_OFF_PATH_sum_total_pct,         -nan
ICO_RECOVER_OFF_PATH_mean,         -nan
ICO_RECOVER_OFF_PATH_stddev,         -nan
ICO_RECOVER_OFF_PATH_total_mean,         -nan
ICO_RECOVER_OFF_PATH_total_stddev,         -nan

RET_CORRECT_OFF_PATH_count,       1497344
RET_CORRECT_OFF_PATH_pct,       65.173
RET_CORRECT_OFF_PATH_total_count,       1497344
RET_CORRECT_OFF_PATH_total_pct,       65.173

RET_RECOVER_OFF_PATH_count,        790688
RET_RECOVER_OFF_PATH_pct,       34.415
RET_RECOVER_OFF_PATH_total_count,        790688
RET_RECOVER_OFF_PATH_total_pct,       34.415

RET_RECOVER_UFLOW_OFF_PATH_count,          9469
RET_RECOVER_UFLOW_OFF_PATH_pct,        0.412
RET_RECOVER_UFLOW_OFF_PATH_total_count,          9469
RET_RECOVER_UFLOW_OFF_PATH_total_pct,        0.412
RET_RECOVER_UFLOW_OFF_PATH_sum_count,       2297501
RET_RECOVER_UFLOW_OFF_PATH_sum_pct,      100.000
RET_RECOVER_UFLOW_OFF_PATH_sum_total_count,       2297501
RET_RECOVER_UFLOW_OFF_PATH_sum_total_pct,      100.000
RET_RECOVER_UFLOW_OFF_PATH_mean,         0.35
RET_RECOVER_UFLOW_OFF_PATH_stddev,         0.40
RET_RECOVER_UFLOW_OFF_PATH_total_mean,         0.35
RET_RECOVER_UFLOW_OFF_PATH_total_stddev,         0.40

CALL_CORRECT_OFF_PATH_count,       1820071
CALL_CORRECT_OFF_PATH_pct,       90.652
CALL_CORRECT_OFF_PATH_total_count,       1820071
CALL_CORRECT_OFF_PATH_total_pct,       90.652

CALL_RECOVER_OFF_PATH_count,        187679
CALL_RECOVER_OFF_PATH_pct,        9.348
CALL_RECOVER_OFF_PATH_total_count,        187679
CALL_RECOVER_OFF_PATH_total_pct,        9.348
CALL_RECOVER_OFF_PATH_sum_count,       2007750
CALL_RECOVER_OFF_PATH_sum_pct,      100.000
CALL_RECOVER_OFF_PATH_sum_total_count,       2007750
CALL_RECOVER_OFF_PATH_sum_total_pct,      100.000
CALL_RECOVER_OFF_PATH_mean,         0.09
CALL_RECOVER_OFF_PATH_stddev,         0.28
CALL_RECOVER_OFF_PATH_total_mean,         0.09
CALL_RECOVER_OFF_PATH_total_stddev,         0.28

BTB_CORRECT_OFF_PATH_count,       8198595
BTB_CORRECT_OFF_PATH_pct,       46.335
BTB_CORRECT_OFF_PATH_total_count,       8198595
BTB_CORRECT_OFF_PATH_total_pct,       46.335

BTB_INCORRECT_BUT_TARGET_CORRECT_OFF_PATH_count,          2240
BTB_INCORRECT_BUT_TARGET_CORRECT_OFF_PATH_pct,        0.013
BTB_INCORRECT_BUT_TARGET_CORRECT_OFF_PATH_total_count,          2240
BTB_INCORRECT_BUT_TARGET_CORRECT_OFF_PATH_total_pct,        0.013

BTB_INCORRECT_OFF_PATH_count,       9493520
BTB_INCORRECT_OFF_PATH_pct,       53.653
BTB_INCORRECT_OFF_PATH_total_count,       9493520
BTB_INCORRECT_OFF_PATH_total_pct,       53.653
BTB_INCORRECT_OFF_PATH_sum_count,      17694355
BTB_INCORRECT_OFF_PATH_sum_pct,      100.000
BTB_INCORRECT_OFF_PATH_sum_total_count,      17694355
BTB_INCORRECT_OFF_PATH_sum_total_pct,      100.000
BTB_INCORRECT_OFF_PATH_mean,         1.07
BTB_INCORRECT_OFF_PATH_stddev,         1.04
BTB_INCORRECT_OFF_PATH_total_mean,         1.07
BTB_INCORRECT_OFF_PATH_total_stddev,         1.04

IBTB_CORRECT_OFF_PATH_count,        228083
IBTB_CORRECT_OFF_PATH_pct,       44.351
IBTB_CORRECT_OFF_PATH_total_count,        228083
IBTB_CORRECT_OFF_PATH_total_pct,       44.351

IBTB_INCORRECT_OFF_PATH_count,        286185
IBTB_INCORRECT_OFF_PATH_pct,       55.649
IBTB_INCORRECT_OFF_PATH_total_count,        286185
IBTB_INCORRECT_OFF_PATH_total_pct,       55.649
IBTB_INCORRECT_OFF_PATH_sum_count,        514268
IBTB_INCORRECT_OFF_PATH_sum_pct,      100.000
IBTB_INCORRECT_OFF_PATH_sum_total_count,        514268
IBTB_INCORRECT_OFF_PATH_sum_total_pct,      100.000
IBTB_INCORRECT_OFF_PATH_mean,         0.56
IBTB_INCORRECT_OFF_PATH_stddev,         0.53
IBTB_INCORRECT_OFF_PATH_total_mean,         0.56
IBTB_INCORRECT_OFF_PATH_total_stddev,         0.53

BP_EXEC_RECOVERIES_count,        223378
BP_EXEC_RECOVERIES_pct,       69.870
BP_EXEC_RECOVERIES_total_count,        223378
BP_EXEC_RECOVERIES_total_pct,       69.870

BP_DECODE_RECOVERIES_count,         96328
BP_DECODE_RECOVERIES_pct,       30.130
BP_DECODE_RECOVERIES_total_count,         96328
BP_DECODE_RECOVERIES_total_pct,       30.130
BP_DECODE_RECOVERIES_sum_count,        319706
BP_DECODE_RECOVERIES_sum_pct,      100.000
BP_DECODE_RECOVERIES_sum_total_count,        319706
BP_DECODE_RECOVERIES_sum_total_pct,      100.000
BP_DECODE_RECOVERIES_mean,         0.30
BP_DECODE_RECOVERIES_stddev,         0.42
BP_DECODE_RECOVERIES_total_mean,         0.30
BP_DECODE_RECOVERIES_total_stddev,         0.42

SCHEDULED_EXEC_RECOVERIES_count,        223378
SCHEDULED_EXEC_RECOVERIES_pct,       69.870
SCHEDULED_EXEC_RECOVERIES_total_count,        223378
SCHEDULED_EXEC_RECOVERIES_total_pct,       69.870

SCHEDULED_DECODE_RECOVERIES_count,         96328
SCHEDULED_DECODE_RECOVERIES_pct,       30.130
SCHEDULED_DECODE_RECOVERIES_total_count,         96328
SCHEDULED_DECODE_RECOVERIES_total_pct,       30.130
SCHEDULED_DECODE_RECOVERIES_sum_count,        319706
SCHEDULED_DECODE_RECOVERIES_sum_pct,      100.000
SCHEDULED_DECODE_RECOVERIES_sum_total_count,        319706
SCHEDULED_DECODE_RECOVERIES_sum_total_pct,      100.000
SCHEDULED_DECODE_RECOVERIES_mean,         0.30
SCHEDULED_DECODE_RECOVERIES_stddev,         0.42
SCHEDULED_DECODE_RECOVERIES_total_mean,         0.30
SCHEDULED_DECODE_RECOVERIES_total_stddev,         0.42

PERFORMED_EXEC_RECOVERIES_count,        319706
PERFORMED_EXEC_RECOVERIES_pct,      100.000
PERFORMED_EXEC_RECOVERIES_total_count,        319706
PERFORMED_EXEC_RECOVERIES_total_pct,      100.000

PERFORMED_DECODE_RECOVERIES_count,             0
PERFORMED_DECODE_RECOVERIES_pct,        0.000
PERFORMED_DECODE_RECOVERIES_total_count,             0
PERFORMED_DECODE_RECOVERIES_total_pct,        0.000
PERFORMED_DECODE_RECOVERIES_sum_count,        319706
PERFORMED_DECODE_RECOVERIES_sum_pct,      100.000
PERFORMED_DECODE_RECOVERIES_sum_total_count,        319706
PERFORMED_DECODE_RECOVERIES_sum_total_pct,      100.000
PERFORMED_DECODE_RECOVERIES_mean,         0.00
PERFORMED_DECODE_RECOVERIES_stddev,         0.00
PERFORMED_DECODE_RECOVERIES_total_mean,         0.00
PERFORMED_DECODE_RECOVERIES_total_stddev,         0.00

PERFORMED_RECOVERY_LAT_count,      18626150
PERFORMED_RECOVERY_LAT_total_count,      18626150

SCHEDULED_DECODE_LAT_count,       4222226
SCHEDULED_DECODE_LAT_total_count,       4222226

SCHEDULED_EXEC_LAT_count,      13860840
SCHEDULED_EXEC_LAT_total_count,      13860840



