Core, 0
Cumulative Cycles, 42336434            
Cumulative Instructions, 99999999            
Cumulative IPC, 2.36203
Periodic Cycles, 42336434            
Periodic Instructions, 99999999            
Periodic IPC, 2.36203

BTB_ON_PATH_MISS_count,       5227351
BTB_ON_PATH_MISS_pct,       26.048
BTB_ON_PATH_MISS_total_count,       5227351
BTB_ON_PATH_MISS_total_pct,       26.048

BTB_ON_PATH_HIT_count,      14840680
BTB_ON_PATH_HIT_pct,       73.952
BTB_ON_PATH_HIT_total_count,      14840680
BTB_ON_PATH_HIT_total_pct,       73.952
BTB_ON_PATH_HIT_sum_count,      20068031
BTB_ON_PATH_HIT_sum_pct,      100.000
BTB_ON_PATH_HIT_sum_total_count,      20068031
BTB_ON_PATH_HIT_sum_total_pct,      100.000
BTB_ON_PATH_HIT_mean,         0.74
BTB_ON_PATH_HIT_stddev,         0.67
BTB_ON_PATH_HIT_total_mean,         0.74
BTB_ON_PATH_HIT_total_stddev,         0.67

BTB_OFF_PATH_MISS_count,       6757002
BTB_OFF_PATH_MISS_pct,       27.699
BTB_OFF_PATH_MISS_total_count,       6757002
BTB_OFF_PATH_MISS_total_pct,       27.699

BTB_OFF_PATH_HIT_count,      17637130
BTB_OFF_PATH_HIT_pct,       72.301
BTB_OFF_PATH_HIT_total_count,      17637130
BTB_OFF_PATH_HIT_total_pct,       72.301
BTB_OFF_PATH_HIT_sum_count,      24394132
BTB_OFF_PATH_HIT_sum_pct,      100.000
BTB_OFF_PATH_HIT_sum_total_count,      24394132
BTB_OFF_PATH_HIT_sum_total_pct,      100.000
BTB_OFF_PATH_HIT_mean,         0.72
BTB_OFF_PATH_HIT_stddev,         0.66
BTB_OFF_PATH_HIT_total_mean,         0.72
BTB_OFF_PATH_HIT_total_stddev,         0.66

BTB_ON_PATH_WRITE_count,        791838
BTB_ON_PATH_WRITE_pct,       93.633
BTB_ON_PATH_WRITE_total_count,        791838
BTB_ON_PATH_WRITE_total_pct,       93.633

BTB_OFF_PATH_WRITE_count,         53841
BTB_OFF_PATH_WRITE_pct,        6.367
BTB_OFF_PATH_WRITE_total_count,         53841
BTB_OFF_PATH_WRITE_total_pct,        6.367
BTB_OFF_PATH_WRITE_sum_count,        845679
BTB_OFF_PATH_WRITE_sum_pct,      100.000
BTB_OFF_PATH_WRITE_sum_total_count,        845679
BTB_OFF_PATH_WRITE_sum_total_pct,      100.000
BTB_OFF_PATH_WRITE_mean,         0.06
BTB_OFF_PATH_WRITE_stddev,         0.24
BTB_OFF_PATH_WRITE_total_mean,         0.06
BTB_OFF_PATH_WRITE_total_stddev,         0.24

BP_ON_PATH_CORRECT_count,      19578171
BP_ON_PATH_CORRECT_pct,       97.559
BP_ON_PATH_CORRECT_total_count,      19578171
BP_ON_PATH_CORRECT_total_pct,       97.559

BP_ON_PATH_MISPREDICT_count,        438739
BP_ON_PATH_MISPREDICT_pct,        2.186
BP_ON_PATH_MISPREDICT_total_count,        438739
BP_ON_PATH_MISPREDICT_total_pct,        2.186

BP_ON_PATH_MISFETCH_count,         51121
BP_ON_PATH_MISFETCH_pct,        0.255
BP_ON_PATH_MISFETCH_total_count,         51121
BP_ON_PATH_MISFETCH_total_pct,        0.255
BP_ON_PATH_MISFETCH_sum_count,      20068031
BP_ON_PATH_MISFETCH_sum_pct,      100.000
BP_ON_PATH_MISFETCH_sum_total_count,      20068031
BP_ON_PATH_MISFETCH_sum_total_pct,      100.000
BP_ON_PATH_MISFETCH_mean,         0.03
BP_ON_PATH_MISFETCH_stddev,         0.17
BP_ON_PATH_MISFETCH_total_mean,         0.03
BP_ON_PATH_MISFETCH_total_stddev,         0.17

BP_OFF_PATH_CORRECT_count,      21978708
BP_OFF_PATH_CORRECT_pct,       90.098
BP_OFF_PATH_CORRECT_total_count,      21978708
BP_OFF_PATH_CORRECT_total_pct,       90.098

BP_OFF_PATH_MISPREDICT_count,       1644964
BP_OFF_PATH_MISPREDICT_pct,        6.743
BP_OFF_PATH_MISPREDICT_total_count,       1644964
BP_OFF_PATH_MISPREDICT_total_pct,        6.743

BP_OFF_PATH_MISFETCH_count,        770460
BP_OFF_PATH_MISFETCH_pct,        3.158
BP_OFF_PATH_MISFETCH_total_count,        770460
BP_OFF_PATH_MISFETCH_total_pct,        3.158
BP_OFF_PATH_MISFETCH_sum_count,      24394132
BP_OFF_PATH_MISFETCH_sum_pct,      100.000
BP_OFF_PATH_MISFETCH_sum_total_count,      24394132
BP_OFF_PATH_MISFETCH_sum_total_pct,      100.000
BP_OFF_PATH_MISFETCH_mean,         0.13
BP_OFF_PATH_MISFETCH_stddev,         0.40
BP_OFF_PATH_MISFETCH_total_mean,         0.13
BP_OFF_PATH_MISFETCH_total_stddev,         0.40

LATE_BP_ON_PATH_CORRECT_count,      20068031
LATE_BP_ON_PATH_CORRECT_pct,      100.000
LATE_BP_ON_PATH_CORRECT_total_count,      20068031
LATE_BP_ON_PATH_CORRECT_total_pct,      100.000

LATE_BP_ON_PATH_MISPREDICT_count,             0
LATE_BP_ON_PATH_MISPREDICT_pct,        0.000
LATE_BP_ON_PATH_MISPREDICT_total_count,             0
LATE_BP_ON_PATH_MISPREDICT_total_pct,        0.000

LATE_BP_ON_PATH_MISFETCH_count,             0
LATE_BP_ON_PATH_MISFETCH_pct,        0.000
LATE_BP_ON_PATH_MISFETCH_total_count,             0
LATE_BP_ON_PATH_MISFETCH_total_pct,        0.000
LATE_BP_ON_PATH_MISFETCH_sum_count,      20068031
LATE_BP_ON_PATH_MISFETCH_sum_pct,      100.000
LATE_BP_ON_PATH_MISFETCH_sum_total_count,      20068031
LATE_BP_ON_PATH_MISFETCH_sum_total_pct,      100.000
LATE_BP_ON_PATH_MISFETCH_mean,         0.00
LATE_BP_ON_PATH_MISFETCH_stddev,         0.00
LATE_BP_ON_PATH_MISFETCH_total_mean,         0.00
LATE_BP_ON_PATH_MISFETCH_total_stddev,         0.00

LATE_BP_OFF_PATH_CORRECT_count,      24394132
LATE_BP_OFF_PATH_CORRECT_pct,      100.000
LATE_BP_OFF_PATH_CORRECT_total_count,      24394132
LATE_BP_OFF_PATH_CORRECT_total_pct,      100.000

LATE_BP_OFF_PATH_MISPREDICT_count,             0
LATE_BP_OFF_PATH_MISPREDICT_pct,        0.000
LATE_BP_OFF_PATH_MISPREDICT_total_count,             0
LATE_BP_OFF_PATH_MISPREDICT_total_pct,        0.000

LATE_BP_OFF_PATH_MISFETCH_count,             0
LATE_BP_OFF_PATH_MISFETCH_pct,        0.000
LATE_BP_OFF_PATH_MISFETCH_total_count,             0
LATE_BP_OFF_PATH_MISFETCH_total_pct,        0.000
LATE_BP_OFF_PATH_MISFETCH_sum_count,      24394132
LATE_BP_OFF_PATH_MISFETCH_sum_pct,      100.000
LATE_BP_OFF_PATH_MISFETCH_sum_total_count,      24394132
LATE_BP_OFF_PATH_MISFETCH_sum_total_pct,      100.000
LATE_BP_OFF_PATH_MISFETCH_mean,         0.00
LATE_BP_OFF_PATH_MISFETCH_stddev,         0.00
LATE_BP_OFF_PATH_MISFETCH_total_mean,         0.00
LATE_BP_OFF_PATH_MISFETCH_total_stddev,         0.00

BP_ON_PATH_CONF_PVN_count,             0
BP_ON_PATH_CONF_PVN_pct,         -nan
BP_ON_PATH_CONF_PVN_total_count,             0
BP_ON_PATH_CONF_PVN_total_pct,         -nan

BP_ON_PATH_CONF_PVN_BOT_count,             0
BP_ON_PATH_CONF_PVN_BOT_pct,         -nan
BP_ON_PATH_CONF_PVN_BOT_total_count,             0
BP_ON_PATH_CONF_PVN_BOT_total_pct,         -nan
BP_ON_PATH_CONF_PVN_BOT_sum_count,             0
BP_ON_PATH_CONF_PVN_BOT_sum_pct,         -nan
BP_ON_PATH_CONF_PVN_BOT_sum_total_count,             0
BP_ON_PATH_CONF_PVN_BOT_sum_total_pct,         -nan
BP_ON_PATH_CONF_PVN_BOT_mean,         -nan
BP_ON_PATH_CONF_PVN_BOT_stddev,         -nan
BP_ON_PATH_CONF_PVN_BOT_total_mean,         -nan
BP_ON_PATH_CONF_PVN_BOT_total_stddev,         -nan

BP_ON_PATH_CONF_PVP_count,             0
BP_ON_PATH_CONF_PVP_pct,         -nan
BP_ON_PATH_CONF_PVP_total_count,             0
BP_ON_PATH_CONF_PVP_total_pct,         -nan

BP_ON_PATH_CONF_PVP_BOT_count,             0
BP_ON_PATH_CONF_PVP_BOT_pct,         -nan
BP_ON_PATH_CONF_PVP_BOT_total_count,             0
BP_ON_PATH_CONF_PVP_BOT_total_pct,         -nan
BP_ON_PATH_CONF_PVP_BOT_sum_count,             0
BP_ON_PATH_CONF_PVP_BOT_sum_pct,         -nan
BP_ON_PATH_CONF_PVP_BOT_sum_total_count,             0
BP_ON_PATH_CONF_PVP_BOT_sum_total_pct,         -nan
BP_ON_PATH_CONF_PVP_BOT_mean,         -nan
BP_ON_PATH_CONF_PVP_BOT_stddev,         -nan
BP_ON_PATH_CONF_PVP_BOT_total_mean,         -nan
BP_ON_PATH_CONF_PVP_BOT_total_stddev,         -nan

BP_ON_PATH_CONF_SPEC_count,             0
BP_ON_PATH_CONF_SPEC_pct,         -nan
BP_ON_PATH_CONF_SPEC_total_count,             0
BP_ON_PATH_CONF_SPEC_total_pct,         -nan

BP_ON_PATH_CONF_SPEC_BOT_count,             0
BP_ON_PATH_CONF_SPEC_BOT_pct,         -nan
BP_ON_PATH_CONF_SPEC_BOT_total_count,             0
BP_ON_PATH_CONF_SPEC_BOT_total_pct,         -nan
BP_ON_PATH_CONF_SPEC_BOT_sum_count,             0
BP_ON_PATH_CONF_SPEC_BOT_sum_pct,         -nan
BP_ON_PATH_CONF_SPEC_BOT_sum_total_count,             0
BP_ON_PATH_CONF_SPEC_BOT_sum_total_pct,         -nan
BP_ON_PATH_CONF_SPEC_BOT_mean,         -nan
BP_ON_PATH_CONF_SPEC_BOT_stddev,         -nan
BP_ON_PATH_CONF_SPEC_BOT_total_mean,         -nan
BP_ON_PATH_CONF_SPEC_BOT_total_stddev,         -nan

CRS_MISS_ON_PATH_count,         55925
CRS_MISS_ON_PATH_pct,        3.135
CRS_MISS_ON_PATH_total_count,         55925
CRS_MISS_ON_PATH_total_pct,        3.135

CRS_HIT_ON_PATH_count,       1727852
CRS_HIT_ON_PATH_pct,       96.865
CRS_HIT_ON_PATH_total_count,       1727852
CRS_HIT_ON_PATH_total_pct,       96.865
CRS_HIT_ON_PATH_sum_count,       1783777
CRS_HIT_ON_PATH_sum_pct,      100.000
CRS_HIT_ON_PATH_sum_total_count,       1783777
CRS_HIT_ON_PATH_sum_total_pct,      100.000
CRS_HIT_ON_PATH_mean,         0.97
CRS_HIT_ON_PATH_stddev,         0.95
CRS_HIT_ON_PATH_total_mean,         0.97
CRS_HIT_ON_PATH_total_stddev,         0.95

CRS_MISS_OFF_PATH_count,       1374044
CRS_MISS_OFF_PATH_pct,       57.117
CRS_MISS_OFF_PATH_total_count,       1374044
CRS_MISS_OFF_PATH_total_pct,       57.117

CRS_HIT_OFF_PATH_count,       1031640
CRS_HIT_OFF_PATH_pct,       42.883
CRS_HIT_OFF_PATH_total_count,       1031640
CRS_HIT_OFF_PATH_total_pct,       42.883
CRS_HIT_OFF_PATH_sum_count,       2405684
CRS_HIT_OFF_PATH_sum_pct,      100.000
CRS_HIT_OFF_PATH_sum_total_count,       2405684
CRS_HIT_OFF_PATH_sum_total_pct,      100.000
CRS_HIT_OFF_PATH_mean,         0.43
CRS_HIT_OFF_PATH_stddev,         0.47
CRS_HIT_OFF_PATH_total_mean,         0.43
CRS_HIT_OFF_PATH_total_stddev,         0.47

CRS_CLOBBER_count,             0
CRS_CLOBBER_total_count,             0

TARG_ON_PATH_MISS_count,        161757
TARG_ON_PATH_MISS_pct,       19.402
TARG_ON_PATH_MISS_total_count,        161757
TARG_ON_PATH_MISS_total_pct,       19.402

TARG_ON_PATH_HIT_count,        671972
TARG_ON_PATH_HIT_pct,       80.598
TARG_ON_PATH_HIT_total_count,        671972
TARG_ON_PATH_HIT_total_pct,       80.598
TARG_ON_PATH_HIT_sum_count,        833729
TARG_ON_PATH_HIT_sum_pct,      100.000
TARG_ON_PATH_HIT_sum_total_count,        833729
TARG_ON_PATH_HIT_sum_total_pct,      100.000
TARG_ON_PATH_HIT_mean,         0.81
TARG_ON_PATH_HIT_stddev,         0.74
TARG_ON_PATH_HIT_total_mean,         0.81
TARG_ON_PATH_HIT_total_stddev,         0.74

TARG_OFF_PATH_MISS_count,        738502
TARG_OFF_PATH_MISS_pct,       87.640
TARG_OFF_PATH_MISS_total_count,        738502
TARG_OFF_PATH_MISS_total_pct,       87.640

TARG_OFF_PATH_HIT_count,        104150
TARG_OFF_PATH_HIT_pct,       12.360
TARG_OFF_PATH_HIT_total_count,        104150
TARG_OFF_PATH_HIT_total_pct,       12.360
TARG_OFF_PATH_HIT_sum_count,        842652
TARG_OFF_PATH_HIT_sum_pct,      100.000
TARG_OFF_PATH_HIT_sum_total_count,        842652
TARG_OFF_PATH_HIT_sum_total_pct,      100.000
TARG_OFF_PATH_HIT_mean,         0.12
TARG_OFF_PATH_HIT_stddev,         0.31
TARG_OFF_PATH_HIT_total_mean,         0.12
TARG_OFF_PATH_HIT_total_stddev,         0.31

TARG_ON_PATH_WRITE_count,        833729
TARG_ON_PATH_WRITE_pct,       96.272
TARG_ON_PATH_WRITE_total_count,        833729
TARG_ON_PATH_WRITE_total_pct,       96.272

TARG_OFF_PATH_WRITE_count,         32289
TARG_OFF_PATH_WRITE_pct,        3.728
TARG_OFF_PATH_WRITE_total_count,         32289
TARG_OFF_PATH_WRITE_total_pct,        3.728
TARG_OFF_PATH_WRITE_sum_count,        866018
TARG_OFF_PATH_WRITE_sum_pct,      100.000
TARG_OFF_PATH_WRITE_sum_total_count,        866018
TARG_OFF_PATH_WRITE_sum_total_pct,      100.000
TARG_OFF_PATH_WRITE_mean,         0.04
TARG_OFF_PATH_WRITE_stddev,         0.19
TARG_OFF_PATH_WRITE_total_mean,         0.04
TARG_OFF_PATH_WRITE_total_stddev,         0.19

TARG_HYBRID_CORRECT_TAGLESS_count,             0
TARG_HYBRID_CORRECT_TAGLESS_pct,         -nan
TARG_HYBRID_CORRECT_TAGLESS_total_count,             0
TARG_HYBRID_CORRECT_TAGLESS_total_pct,         -nan

TARG_HYBRID_CORRECT_TAGGED_count,             0
TARG_HYBRID_CORRECT_TAGGED_pct,         -nan
TARG_HYBRID_CORRECT_TAGGED_total_count,             0
TARG_HYBRID_CORRECT_TAGGED_total_pct,         -nan

TARG_HYBRID_MISPRED_TAGLESS_count,             0
TARG_HYBRID_MISPRED_TAGLESS_pct,         -nan
TARG_HYBRID_MISPRED_TAGLESS_total_count,             0
TARG_HYBRID_MISPRED_TAGLESS_total_pct,         -nan

TARG_HYBRID_MISPRED_TAGGED_count,             0
TARG_HYBRID_MISPRED_TAGGED_pct,         -nan
TARG_HYBRID_MISPRED_TAGGED_total_count,             0
TARG_HYBRID_MISPRED_TAGGED_total_pct,         -nan

TARG_HYBRID_NO_PRED_count,             0
TARG_HYBRID_NO_PRED_pct,         -nan
TARG_HYBRID_NO_PRED_total_count,             0
TARG_HYBRID_NO_PRED_total_pct,         -nan
TARG_HYBRID_NO_PRED_sum_count,             0
TARG_HYBRID_NO_PRED_sum_pct,         -nan
TARG_HYBRID_NO_PRED_sum_total_count,             0
TARG_HYBRID_NO_PRED_sum_total_pct,         -nan
TARG_HYBRID_NO_PRED_mean,         -nan
TARG_HYBRID_NO_PRED_stddev,         -nan
TARG_HYBRID_NO_PRED_total_mean,         -nan
TARG_HYBRID_NO_PRED_total_stddev,         -nan

TARG_VP_INDIRECT_MISPRED_count,             0
TARG_VP_INDIRECT_MISPRED_pct,         -nan
TARG_VP_INDIRECT_MISPRED_total_count,             0
TARG_VP_INDIRECT_MISPRED_total_pct,         -nan

TARG_VP_INDIRECT_NOPRED_count,             0
TARG_VP_INDIRECT_NOPRED_pct,         -nan
TARG_VP_INDIRECT_NOPRED_total_count,             0
TARG_VP_INDIRECT_NOPRED_total_pct,         -nan

TARG_VP_INDIRECT_CORRECT_count,             0
TARG_VP_INDIRECT_CORRECT_pct,         -nan
TARG_VP_INDIRECT_CORRECT_total_count,             0
TARG_VP_INDIRECT_CORRECT_total_pct,         -nan
TARG_VP_INDIRECT_CORRECT_sum_count,             0
TARG_VP_INDIRECT_CORRECT_sum_pct,         -nan
TARG_VP_INDIRECT_CORRECT_sum_total_count,             0
TARG_VP_INDIRECT_CORRECT_sum_total_pct,         -nan
TARG_VP_INDIRECT_CORRECT_mean,         -nan
TARG_VP_INDIRECT_CORRECT_stddev,         -nan
TARG_VP_INDIRECT_CORRECT_total_mean,         -nan
TARG_VP_INDIRECT_CORRECT_total_stddev,         -nan

CBR_ON_PATH_CORRECT_count,      14499709
CBR_ON_PATH_CORRECT_pct,       98.561
CBR_ON_PATH_CORRECT_total_count,      14499709
CBR_ON_PATH_CORRECT_total_pct,       98.561

CBR_ON_PATH_MISPREDICT_count,        211766
CBR_ON_PATH_MISPREDICT_pct,        1.439
CBR_ON_PATH_MISPREDICT_total_count,        211766
CBR_ON_PATH_MISPREDICT_total_pct,        1.439
CBR_ON_PATH_MISPREDICT_sum_count,      14711475
CBR_ON_PATH_MISPREDICT_sum_pct,      100.000
CBR_ON_PATH_MISPREDICT_sum_total_count,      14711475
CBR_ON_PATH_MISPREDICT_sum_total_pct,      100.000
CBR_ON_PATH_MISPREDICT_mean,         0.01
CBR_ON_PATH_MISPREDICT_stddev,         0.12
CBR_ON_PATH_MISPREDICT_total_mean,         0.01
CBR_ON_PATH_MISPREDICT_total_stddev,         0.12

CBR_OFF_PATH_CORRECT_count,      16225578
CBR_OFF_PATH_CORRECT_pct,       98.265
CBR_OFF_PATH_CORRECT_total_count,      16225578
CBR_OFF_PATH_CORRECT_total_pct,       98.265

CBR_OFF_PATH_MISPREDICT_count,        286547
CBR_OFF_PATH_MISPREDICT_pct,        1.735
CBR_OFF_PATH_MISPREDICT_total_count,        286547
CBR_OFF_PATH_MISPREDICT_total_pct,        1.735
CBR_OFF_PATH_MISPREDICT_sum_count,      16512125
CBR_OFF_PATH_MISPREDICT_sum_pct,      100.000
CBR_OFF_PATH_MISPREDICT_sum_total_count,      16512125
CBR_OFF_PATH_MISPREDICT_sum_total_pct,      100.000
CBR_OFF_PATH_MISPREDICT_mean,         0.02
CBR_OFF_PATH_MISPREDICT_stddev,         0.13
CBR_OFF_PATH_MISPREDICT_total_mean,         0.02
CBR_OFF_PATH_MISPREDICT_total_stddev,         0.13

CBR_ON_PATH_CORRECT_PER1000INST_count,      14499709
CBR_ON_PATH_CORRECT_PER1000INST_pct,      144.997
CBR_ON_PATH_CORRECT_PER1000INST_total_count,      14499709
CBR_ON_PATH_CORRECT_PER1000INST_total_pct,      144.997

CBR_ON_PATH_MISPREDICT_PER1000INST_count,        211766
CBR_ON_PATH_MISPREDICT_PER1000INST_pct,        2.118
CBR_ON_PATH_MISPREDICT_PER1000INST_total_count,        211766
CBR_ON_PATH_MISPREDICT_PER1000INST_total_pct,        2.118

PRED_TO_UPDATE_CYCLES_0_count,             0
PRED_TO_UPDATE_CYCLES_0_pct,         -nan
PRED_TO_UPDATE_CYCLES_0_total_count,             0
PRED_TO_UPDATE_CYCLES_0_total_pct,         -nan

PRED_TO_UPDATE_CYCLES_1_count,             0
PRED_TO_UPDATE_CYCLES_1_pct,         -nan
PRED_TO_UPDATE_CYCLES_1_total_count,             0
PRED_TO_UPDATE_CYCLES_1_total_pct,         -nan

PRED_TO_UPDATE_CYCLES_2_count,             0
PRED_TO_UPDATE_CYCLES_2_pct,         -nan
PRED_TO_UPDATE_CYCLES_2_total_count,             0
PRED_TO_UPDATE_CYCLES_2_total_pct,         -nan

PRED_TO_UPDATE_CYCLES_3_count,             0
PRED_TO_UPDATE_CYCLES_3_pct,         -nan
PRED_TO_UPDATE_CYCLES_3_total_count,             0
PRED_TO_UPDATE_CYCLES_3_total_pct,         -nan

PRED_TO_UPDATE_CYCLES_4_count,             0
PRED_TO_UPDATE_CYCLES_4_pct,         -nan
PRED_TO_UPDATE_CYCLES_4_total_count,             0
PRED_TO_UPDATE_CYCLES_4_total_pct,         -nan

PRED_TO_UPDATE_CYCLES_5_count,             0
PRED_TO_UPDATE_CYCLES_5_pct,         -nan
PRED_TO_UPDATE_CYCLES_5_total_count,             0
PRED_TO_UPDATE_CYCLES_5_total_pct,         -nan

PRED_TO_UPDATE_CYCLES_6_count,             0
PRED_TO_UPDATE_CYCLES_6_pct,         -nan
PRED_TO_UPDATE_CYCLES_6_total_count,             0
PRED_TO_UPDATE_CYCLES_6_total_pct,         -nan

PRED_TO_UPDATE_CYCLES_7_count,             0
PRED_TO_UPDATE_CYCLES_7_pct,         -nan
PRED_TO_UPDATE_CYCLES_7_total_count,             0
PRED_TO_UPDATE_CYCLES_7_total_pct,         -nan

PRED_TO_UPDATE_CYCLES_8_count,             0
PRED_TO_UPDATE_CYCLES_8_pct,         -nan
PRED_TO_UPDATE_CYCLES_8_total_count,             0
PRED_TO_UPDATE_CYCLES_8_total_pct,         -nan

PRED_TO_UPDATE_CYCLES_9_count,             0
PRED_TO_UPDATE_CYCLES_9_pct,         -nan
PRED_TO_UPDATE_CYCLES_9_total_count,             0
PRED_TO_UPDATE_CYCLES_9_total_pct,         -nan

PRED_TO_UPDATE_CYCLES_10_count,             0
PRED_TO_UPDATE_CYCLES_10_pct,         -nan
PRED_TO_UPDATE_CYCLES_10_total_count,             0
PRED_TO_UPDATE_CYCLES_10_total_pct,         -nan

PRED_TO_UPDATE_CYCLES_11_count,             0
PRED_TO_UPDATE_CYCLES_11_pct,         -nan
PRED_TO_UPDATE_CYCLES_11_total_count,             0
PRED_TO_UPDATE_CYCLES_11_total_pct,         -nan

PRED_TO_UPDATE_CYCLES_12_count,             0
PRED_TO_UPDATE_CYCLES_12_pct,         -nan
PRED_TO_UPDATE_CYCLES_12_total_count,             0
PRED_TO_UPDATE_CYCLES_12_total_pct,         -nan

PRED_TO_UPDATE_CYCLES_13_count,             0
PRED_TO_UPDATE_CYCLES_13_pct,         -nan
PRED_TO_UPDATE_CYCLES_13_total_count,             0
PRED_TO_UPDATE_CYCLES_13_total_pct,         -nan

PRED_TO_UPDATE_CYCLES_14_count,             0
PRED_TO_UPDATE_CYCLES_14_pct,         -nan
PRED_TO_UPDATE_CYCLES_14_total_count,             0
PRED_TO_UPDATE_CYCLES_14_total_pct,         -nan

PRED_TO_UPDATE_CYCLES_15_count,             0
PRED_TO_UPDATE_CYCLES_15_pct,         -nan
PRED_TO_UPDATE_CYCLES_15_total_count,             0
PRED_TO_UPDATE_CYCLES_15_total_pct,         -nan

PRED_TO_UPDATE_CYCLES_16_count,             0
PRED_TO_UPDATE_CYCLES_16_pct,         -nan
PRED_TO_UPDATE_CYCLES_16_total_count,             0
PRED_TO_UPDATE_CYCLES_16_total_pct,         -nan

PRED_TO_UPDATE_CYCLES_17_count,             0
PRED_TO_UPDATE_CYCLES_17_pct,         -nan
PRED_TO_UPDATE_CYCLES_17_total_count,             0
PRED_TO_UPDATE_CYCLES_17_total_pct,         -nan

PRED_TO_UPDATE_CYCLES_18_count,             0
PRED_TO_UPDATE_CYCLES_18_pct,         -nan
PRED_TO_UPDATE_CYCLES_18_total_count,             0
PRED_TO_UPDATE_CYCLES_18_total_pct,         -nan

PRED_TO_UPDATE_CYCLES_19_count,             0
PRED_TO_UPDATE_CYCLES_19_pct,         -nan
PRED_TO_UPDATE_CYCLES_19_total_count,             0
PRED_TO_UPDATE_CYCLES_19_total_pct,         -nan

PRED_TO_UPDATE_CYCLES_20_count,             0
PRED_TO_UPDATE_CYCLES_20_pct,         -nan
PRED_TO_UPDATE_CYCLES_20_total_count,             0
PRED_TO_UPDATE_CYCLES_20_total_pct,         -nan

PRED_TO_UPDATE_CYCLES_21_count,             0
PRED_TO_UPDATE_CYCLES_21_pct,         -nan
PRED_TO_UPDATE_CYCLES_21_total_count,             0
PRED_TO_UPDATE_CYCLES_21_total_pct,         -nan

PRED_TO_UPDATE_CYCLES_22_count,             0
PRED_TO_UPDATE_CYCLES_22_pct,         -nan
PRED_TO_UPDATE_CYCLES_22_total_count,             0
PRED_TO_UPDATE_CYCLES_22_total_pct,         -nan

PRED_TO_UPDATE_CYCLES_23_count,             0
PRED_TO_UPDATE_CYCLES_23_pct,         -nan
PRED_TO_UPDATE_CYCLES_23_total_count,             0
PRED_TO_UPDATE_CYCLES_23_total_pct,         -nan

PRED_TO_UPDATE_CYCLES_24_count,             0
PRED_TO_UPDATE_CYCLES_24_pct,         -nan
PRED_TO_UPDATE_CYCLES_24_total_count,             0
PRED_TO_UPDATE_CYCLES_24_total_pct,         -nan

PRED_TO_UPDATE_CYCLES_25_count,             0
PRED_TO_UPDATE_CYCLES_25_pct,         -nan
PRED_TO_UPDATE_CYCLES_25_total_count,             0
PRED_TO_UPDATE_CYCLES_25_total_pct,         -nan

PRED_TO_UPDATE_CYCLES_26_count,             0
PRED_TO_UPDATE_CYCLES_26_pct,         -nan
PRED_TO_UPDATE_CYCLES_26_total_count,             0
PRED_TO_UPDATE_CYCLES_26_total_pct,         -nan

PRED_TO_UPDATE_CYCLES_27_count,             0
PRED_TO_UPDATE_CYCLES_27_pct,         -nan
PRED_TO_UPDATE_CYCLES_27_total_count,             0
PRED_TO_UPDATE_CYCLES_27_total_pct,         -nan

PRED_TO_UPDATE_CYCLES_28_count,             0
PRED_TO_UPDATE_CYCLES_28_pct,         -nan
PRED_TO_UPDATE_CYCLES_28_total_count,             0
PRED_TO_UPDATE_CYCLES_28_total_pct,         -nan

PRED_TO_UPDATE_CYCLES_29_count,             0
PRED_TO_UPDATE_CYCLES_29_pct,         -nan
PRED_TO_UPDATE_CYCLES_29_total_count,             0
PRED_TO_UPDATE_CYCLES_29_total_pct,         -nan

PRED_TO_UPDATE_CYCLES_30_count,             0
PRED_TO_UPDATE_CYCLES_30_pct,         -nan
PRED_TO_UPDATE_CYCLES_30_total_count,             0
PRED_TO_UPDATE_CYCLES_30_total_pct,         -nan
PRED_TO_UPDATE_CYCLES_30_sum_count,             0
PRED_TO_UPDATE_CYCLES_30_sum_pct,         -nan
PRED_TO_UPDATE_CYCLES_30_sum_total_count,             0
PRED_TO_UPDATE_CYCLES_30_sum_total_pct,         -nan
PRED_TO_UPDATE_CYCLES_30_mean,         -nan
PRED_TO_UPDATE_CYCLES_30_stddev,         -nan
PRED_TO_UPDATE_CYCLES_30_total_mean,         -nan
PRED_TO_UPDATE_CYCLES_30_total_stddev,         -nan

BP_CORRECTED_count,             0
BP_CORRECTED_pct,         -nan
BP_CORRECTED_total_count,             0
BP_CORRECTED_total_pct,         -nan

BP_NOT_CORRECTED_count,             0
BP_NOT_CORRECTED_pct,         -nan
BP_NOT_CORRECTED_total_count,             0
BP_NOT_CORRECTED_total_pct,         -nan
BP_NOT_CORRECTED_sum_count,             0
BP_NOT_CORRECTED_sum_pct,         -nan
BP_NOT_CORRECTED_sum_total_count,             0
BP_NOT_CORRECTED_sum_total_pct,         -nan
BP_NOT_CORRECTED_mean,         -nan
BP_NOT_CORRECTED_stddev,         -nan
BP_NOT_CORRECTED_total_mean,         -nan
BP_NOT_CORRECTED_total_stddev,         -nan

TARG_CORRECTED_count,             0
TARG_CORRECTED_pct,         -nan
TARG_CORRECTED_total_count,             0
TARG_CORRECTED_total_pct,         -nan

TARG_NOT_CORRECTED_count,             0
TARG_NOT_CORRECTED_pct,         -nan
TARG_NOT_CORRECTED_total_count,             0
TARG_NOT_CORRECTED_total_pct,         -nan
TARG_NOT_CORRECTED_sum_count,             0
TARG_NOT_CORRECTED_sum_pct,         -nan
TARG_NOT_CORRECTED_sum_total_count,             0
TARG_NOT_CORRECTED_sum_total_pct,         -nan
TARG_NOT_CORRECTED_mean,         -nan
TARG_NOT_CORRECTED_stddev,         -nan
TARG_NOT_CORRECTED_total_mean,         -nan
TARG_NOT_CORRECTED_total_stddev,         -nan

BP_MISP_PENALTY_count,       4832214
BP_MISP_PENALTY_total_count,       4832214

BP_ON_PATH_CONF_MISPRED_count,             0
BP_ON_PATH_CONF_MISPRED_pct,         -nan
BP_ON_PATH_CONF_MISPRED_total_count,             0
BP_ON_PATH_CONF_MISPRED_total_pct,         -nan

BP_ON_PATH_CONF_CORRECT_count,             0
BP_ON_PATH_CONF_CORRECT_pct,         -nan
BP_ON_PATH_CONF_CORRECT_total_count,             0
BP_ON_PATH_CONF_CORRECT_total_pct,         -nan
BP_ON_PATH_CONF_CORRECT_sum_count,             0
BP_ON_PATH_CONF_CORRECT_sum_pct,         -nan
BP_ON_PATH_CONF_CORRECT_sum_total_count,             0
BP_ON_PATH_CONF_CORRECT_sum_total_pct,         -nan
BP_ON_PATH_CONF_CORRECT_mean,         -nan
BP_ON_PATH_CONF_CORRECT_stddev,         -nan
BP_ON_PATH_CONF_CORRECT_total_mean,         -nan
BP_ON_PATH_CONF_CORRECT_total_stddev,         -nan

BP_OFF_PATH_CONF_MISPRED_count,             0
BP_OFF_PATH_CONF_MISPRED_pct,         -nan
BP_OFF_PATH_CONF_MISPRED_total_count,             0
BP_OFF_PATH_CONF_MISPRED_total_pct,         -nan

BP_OFF_PATH_CONF_CORRECT_count,             0
BP_OFF_PATH_CONF_CORRECT_pct,         -nan
BP_OFF_PATH_CONF_CORRECT_total_count,             0
BP_OFF_PATH_CONF_CORRECT_total_pct,         -nan
BP_OFF_PATH_CONF_CORRECT_sum_count,             0
BP_OFF_PATH_CONF_CORRECT_sum_pct,         -nan
BP_OFF_PATH_CONF_CORRECT_sum_total_count,             0
BP_OFF_PATH_CONF_CORRECT_sum_total_pct,         -nan
BP_OFF_PATH_CONF_CORRECT_mean,         -nan
BP_OFF_PATH_CONF_CORRECT_stddev,         -nan
BP_OFF_PATH_CONF_CORRECT_total_mean,         -nan
BP_OFF_PATH_CONF_CORRECT_total_stddev,         -nan

BP_ON_PATH_PRED_MIS_CONF_MISPRED_count,             0
BP_ON_PATH_PRED_MIS_CONF_MISPRED_pct,         -nan
BP_ON_PATH_PRED_MIS_CONF_MISPRED_total_count,             0
BP_ON_PATH_PRED_MIS_CONF_MISPRED_total_pct,         -nan

BP_ON_PATH_PRED_MIS_CONF_CORRECT_count,             0
BP_ON_PATH_PRED_MIS_CONF_CORRECT_pct,         -nan
BP_ON_PATH_PRED_MIS_CONF_CORRECT_total_count,             0
BP_ON_PATH_PRED_MIS_CONF_CORRECT_total_pct,         -nan
BP_ON_PATH_PRED_MIS_CONF_CORRECT_sum_count,             0
BP_ON_PATH_PRED_MIS_CONF_CORRECT_sum_pct,         -nan
BP_ON_PATH_PRED_MIS_CONF_CORRECT_sum_total_count,             0
BP_ON_PATH_PRED_MIS_CONF_CORRECT_sum_total_pct,         -nan
BP_ON_PATH_PRED_MIS_CONF_CORRECT_mean,         -nan
BP_ON_PATH_PRED_MIS_CONF_CORRECT_stddev,         -nan
BP_ON_PATH_PRED_MIS_CONF_CORRECT_total_mean,         -nan
BP_ON_PATH_PRED_MIS_CONF_CORRECT_total_stddev,         -nan

BP_ON_PATH_PRED_COR_CONF_MISPRED_count,             0
BP_ON_PATH_PRED_COR_CONF_MISPRED_pct,         -nan
BP_ON_PATH_PRED_COR_CONF_MISPRED_total_count,             0
BP_ON_PATH_PRED_COR_CONF_MISPRED_total_pct,         -nan

BP_ON_PATH_PRED_COR_CONF_CORRECT_count,             0
BP_ON_PATH_PRED_COR_CONF_CORRECT_pct,         -nan
BP_ON_PATH_PRED_COR_CONF_CORRECT_total_count,             0
BP_ON_PATH_PRED_COR_CONF_CORRECT_total_pct,         -nan
BP_ON_PATH_PRED_COR_CONF_CORRECT_sum_count,             0
BP_ON_PATH_PRED_COR_CONF_CORRECT_sum_pct,         -nan
BP_ON_PATH_PRED_COR_CONF_CORRECT_sum_total_count,             0
BP_ON_PATH_PRED_COR_CONF_CORRECT_sum_total_pct,         -nan
BP_ON_PATH_PRED_COR_CONF_CORRECT_mean,         -nan
BP_ON_PATH_PRED_COR_CONF_CORRECT_stddev,         -nan
BP_ON_PATH_PRED_COR_CONF_CORRECT_total_mean,         -nan
BP_ON_PATH_PRED_COR_CONF_CORRECT_total_stddev,         -nan

BP_OFF_PATH_PRED_MIS_CONF_MISPRED_count,             0
BP_OFF_PATH_PRED_MIS_CONF_MISPRED_pct,         -nan
BP_OFF_PATH_PRED_MIS_CONF_MISPRED_total_count,             0
BP_OFF_PATH_PRED_MIS_CONF_MISPRED_total_pct,         -nan

BP_OFF_PATH_PRED_MIS_CONF_CORRECT_count,             0
BP_OFF_PATH_PRED_MIS_CONF_CORRECT_pct,         -nan
BP_OFF_PATH_PRED_MIS_CONF_CORRECT_total_count,             0
BP_OFF_PATH_PRED_MIS_CONF_CORRECT_total_pct,         -nan
BP_OFF_PATH_PRED_MIS_CONF_CORRECT_sum_count,             0
BP_OFF_PATH_PRED_MIS_CONF_CORRECT_sum_pct,         -nan
BP_OFF_PATH_PRED_MIS_CONF_CORRECT_sum_total_count,             0
BP_OFF_PATH_PRED_MIS_CONF_CORRECT_sum_total_pct,         -nan
BP_OFF_PATH_PRED_MIS_CONF_CORRECT_mean,         -nan
BP_OFF_PATH_PRED_MIS_CONF_CORRECT_stddev,         -nan
BP_OFF_PATH_PRED_MIS_CONF_CORRECT_total_mean,         -nan
BP_OFF_PATH_PRED_MIS_CONF_CORRECT_total_stddev,         -nan

BP_OFF_PATH_PRED_COR_CONF_MISPRED_count,             0
BP_OFF_PATH_PRED_COR_CONF_MISPRED_pct,         -nan
BP_OFF_PATH_PRED_COR_CONF_MISPRED_total_count,             0
BP_OFF_PATH_PRED_COR_CONF_MISPRED_total_pct,         -nan

BP_OFF_PATH_PRED_COR_CONF_CORRECT_count,             0
BP_OFF_PATH_PRED_COR_CONF_CORRECT_pct,         -nan
BP_OFF_PATH_PRED_COR_CONF_CORRECT_total_count,             0
BP_OFF_PATH_PRED_COR_CONF_CORRECT_total_pct,         -nan
BP_OFF_PATH_PRED_COR_CONF_CORRECT_sum_count,             0
BP_OFF_PATH_PRED_COR_CONF_CORRECT_sum_pct,         -nan
BP_OFF_PATH_PRED_COR_CONF_CORRECT_sum_total_count,             0
BP_OFF_PATH_PRED_COR_CONF_CORRECT_sum_total_pct,         -nan
BP_OFF_PATH_PRED_COR_CONF_CORRECT_mean,         -nan
BP_OFF_PATH_PRED_COR_CONF_CORRECT_stddev,         -nan
BP_OFF_PATH_PRED_COR_CONF_CORRECT_total_mean,         -nan
BP_OFF_PATH_PRED_COR_CONF_CORRECT_total_stddev,         -nan

ONPATH_CONF_MISPRED_count,             0
ONPATH_CONF_MISPRED_pct,         -nan
ONPATH_CONF_MISPRED_total_count,             0
ONPATH_CONF_MISPRED_total_pct,         -nan

ONPATH_CONF_CORRECT_count,             0
ONPATH_CONF_CORRECT_pct,         -nan
ONPATH_CONF_CORRECT_total_count,             0
ONPATH_CONF_CORRECT_total_pct,         -nan
ONPATH_CONF_CORRECT_sum_count,             0
ONPATH_CONF_CORRECT_sum_pct,         -nan
ONPATH_CONF_CORRECT_sum_total_count,             0
ONPATH_CONF_CORRECT_sum_total_pct,         -nan
ONPATH_CONF_CORRECT_mean,         -nan
ONPATH_CONF_CORRECT_stddev,         -nan
ONPATH_CONF_CORRECT_total_mean,         -nan
ONPATH_CONF_CORRECT_total_stddev,         -nan

ONPATH_ON_PATH_CONF_MISPRED_count,             0
ONPATH_ON_PATH_CONF_MISPRED_pct,         -nan
ONPATH_ON_PATH_CONF_MISPRED_total_count,             0
ONPATH_ON_PATH_CONF_MISPRED_total_pct,         -nan

ONPATH_ON_PATH_CONF_CORRECT_count,             0
ONPATH_ON_PATH_CONF_CORRECT_pct,         -nan
ONPATH_ON_PATH_CONF_CORRECT_total_count,             0
ONPATH_ON_PATH_CONF_CORRECT_total_pct,         -nan
ONPATH_ON_PATH_CONF_CORRECT_sum_count,             0
ONPATH_ON_PATH_CONF_CORRECT_sum_pct,         -nan
ONPATH_ON_PATH_CONF_CORRECT_sum_total_count,             0
ONPATH_ON_PATH_CONF_CORRECT_sum_total_pct,         -nan
ONPATH_ON_PATH_CONF_CORRECT_mean,         -nan
ONPATH_ON_PATH_CONF_CORRECT_stddev,         -nan
ONPATH_ON_PATH_CONF_CORRECT_total_mean,         -nan
ONPATH_ON_PATH_CONF_CORRECT_total_stddev,         -nan

ONPATH_OFF_PATH_CONF_MISPRED_count,             0
ONPATH_OFF_PATH_CONF_MISPRED_pct,         -nan
ONPATH_OFF_PATH_CONF_MISPRED_total_count,             0
ONPATH_OFF_PATH_CONF_MISPRED_total_pct,         -nan

ONPATH_OFF_PATH_CONF_CORRECT_count,             0
ONPATH_OFF_PATH_CONF_CORRECT_pct,         -nan
ONPATH_OFF_PATH_CONF_CORRECT_total_count,             0
ONPATH_OFF_PATH_CONF_CORRECT_total_pct,         -nan
ONPATH_OFF_PATH_CONF_CORRECT_sum_count,             0
ONPATH_OFF_PATH_CONF_CORRECT_sum_pct,         -nan
ONPATH_OFF_PATH_CONF_CORRECT_sum_total_count,             0
ONPATH_OFF_PATH_CONF_CORRECT_sum_total_pct,         -nan
ONPATH_OFF_PATH_CONF_CORRECT_mean,         -nan
ONPATH_OFF_PATH_CONF_CORRECT_stddev,         -nan
ONPATH_OFF_PATH_CONF_CORRECT_total_mean,         -nan
ONPATH_OFF_PATH_CONF_CORRECT_total_stddev,         -nan

PRED_ONPATH_CONF_MISPRED_count,             0
PRED_ONPATH_CONF_MISPRED_pct,         -nan
PRED_ONPATH_CONF_MISPRED_total_count,             0
PRED_ONPATH_CONF_MISPRED_total_pct,         -nan

PRED_ONPATH_CONF_CORRECT_count,             0
PRED_ONPATH_CONF_CORRECT_pct,         -nan
PRED_ONPATH_CONF_CORRECT_total_count,             0
PRED_ONPATH_CONF_CORRECT_total_pct,         -nan
PRED_ONPATH_CONF_CORRECT_sum_count,             0
PRED_ONPATH_CONF_CORRECT_sum_pct,         -nan
PRED_ONPATH_CONF_CORRECT_sum_total_count,             0
PRED_ONPATH_CONF_CORRECT_sum_total_pct,         -nan
PRED_ONPATH_CONF_CORRECT_mean,         -nan
PRED_ONPATH_CONF_CORRECT_stddev,         -nan
PRED_ONPATH_CONF_CORRECT_total_mean,         -nan
PRED_ONPATH_CONF_CORRECT_total_stddev,         -nan

PRED_OFFPATH_CONF_MISPRED_count,             0
PRED_OFFPATH_CONF_MISPRED_pct,         -nan
PRED_OFFPATH_CONF_MISPRED_total_count,             0
PRED_OFFPATH_CONF_MISPRED_total_pct,         -nan

PRED_OFFPATH_CONF_CORRECT_count,             0
PRED_OFFPATH_CONF_CORRECT_pct,         -nan
PRED_OFFPATH_CONF_CORRECT_total_count,             0
PRED_OFFPATH_CONF_CORRECT_total_pct,         -nan
PRED_OFFPATH_CONF_CORRECT_sum_count,             0
PRED_OFFPATH_CONF_CORRECT_sum_pct,         -nan
PRED_OFFPATH_CONF_CORRECT_sum_total_count,             0
PRED_OFFPATH_CONF_CORRECT_sum_total_pct,         -nan
PRED_OFFPATH_CONF_CORRECT_mean,         -nan
PRED_OFFPATH_CONF_CORRECT_stddev,         -nan
PRED_OFFPATH_CONF_CORRECT_total_mean,         -nan
PRED_OFFPATH_CONF_CORRECT_total_stddev,         -nan

LONG_OVWT_MIS_count,             0
LONG_OVWT_MIS_pct,         -nan
LONG_OVWT_MIS_total_count,             0
LONG_OVWT_MIS_total_pct,         -nan

LONG_OVWT_COR_count,             0
LONG_OVWT_COR_pct,         -nan
LONG_OVWT_COR_total_count,             0
LONG_OVWT_COR_total_pct,         -nan
LONG_OVWT_COR_sum_count,             0
LONG_OVWT_COR_sum_pct,         -nan
LONG_OVWT_COR_sum_total_count,             0
LONG_OVWT_COR_sum_total_pct,         -nan
LONG_OVWT_COR_mean,         -nan
LONG_OVWT_COR_stddev,         -nan
LONG_OVWT_COR_total_mean,         -nan
LONG_OVWT_COR_total_stddev,         -nan

OPC_LENGTH_0_7_MIS_count,             0
OPC_LENGTH_0_7_MIS_pct,         -nan
OPC_LENGTH_0_7_MIS_total_count,             0
OPC_LENGTH_0_7_MIS_total_pct,         -nan

OPC_LENGTH_0_7_COR_count,             0
OPC_LENGTH_0_7_COR_pct,         -nan
OPC_LENGTH_0_7_COR_total_count,             0
OPC_LENGTH_0_7_COR_total_pct,         -nan
OPC_LENGTH_0_7_COR_sum_count,             0
OPC_LENGTH_0_7_COR_sum_pct,         -nan
OPC_LENGTH_0_7_COR_sum_total_count,             0
OPC_LENGTH_0_7_COR_sum_total_pct,         -nan
OPC_LENGTH_0_7_COR_mean,         -nan
OPC_LENGTH_0_7_COR_stddev,         -nan
OPC_LENGTH_0_7_COR_total_mean,         -nan
OPC_LENGTH_0_7_COR_total_stddev,         -nan

OPC_LENGTH_8_15_MIS_count,             0
OPC_LENGTH_8_15_MIS_pct,         -nan
OPC_LENGTH_8_15_MIS_total_count,             0
OPC_LENGTH_8_15_MIS_total_pct,         -nan

OPC_LENGTH_8_15_COR_count,             0
OPC_LENGTH_8_15_COR_pct,         -nan
OPC_LENGTH_8_15_COR_total_count,             0
OPC_LENGTH_8_15_COR_total_pct,         -nan
OPC_LENGTH_8_15_COR_sum_count,             0
OPC_LENGTH_8_15_COR_sum_pct,         -nan
OPC_LENGTH_8_15_COR_sum_total_count,             0
OPC_LENGTH_8_15_COR_sum_total_pct,         -nan
OPC_LENGTH_8_15_COR_mean,         -nan
OPC_LENGTH_8_15_COR_stddev,         -nan
OPC_LENGTH_8_15_COR_total_mean,         -nan
OPC_LENGTH_8_15_COR_total_stddev,         -nan

OPC_LENGTH_16_23_MIS_count,             0
OPC_LENGTH_16_23_MIS_pct,         -nan
OPC_LENGTH_16_23_MIS_total_count,             0
OPC_LENGTH_16_23_MIS_total_pct,         -nan

OPC_LENGTH_16_23_COR_count,             0
OPC_LENGTH_16_23_COR_pct,         -nan
OPC_LENGTH_16_23_COR_total_count,             0
OPC_LENGTH_16_23_COR_total_pct,         -nan
OPC_LENGTH_16_23_COR_sum_count,             0
OPC_LENGTH_16_23_COR_sum_pct,         -nan
OPC_LENGTH_16_23_COR_sum_total_count,             0
OPC_LENGTH_16_23_COR_sum_total_pct,         -nan
OPC_LENGTH_16_23_COR_mean,         -nan
OPC_LENGTH_16_23_COR_stddev,         -nan
OPC_LENGTH_16_23_COR_total_mean,         -nan
OPC_LENGTH_16_23_COR_total_stddev,         -nan

OPC_LENGTH_24_31_MIS_count,             0
OPC_LENGTH_24_31_MIS_pct,         -nan
OPC_LENGTH_24_31_MIS_total_count,             0
OPC_LENGTH_24_31_MIS_total_pct,         -nan

OPC_LENGTH_24_31_COR_count,             0
OPC_LENGTH_24_31_COR_pct,         -nan
OPC_LENGTH_24_31_COR_total_count,             0
OPC_LENGTH_24_31_COR_total_pct,         -nan
OPC_LENGTH_24_31_COR_sum_count,             0
OPC_LENGTH_24_31_COR_sum_pct,         -nan
OPC_LENGTH_24_31_COR_sum_total_count,             0
OPC_LENGTH_24_31_COR_sum_total_pct,         -nan
OPC_LENGTH_24_31_COR_mean,         -nan
OPC_LENGTH_24_31_COR_stddev,         -nan
OPC_LENGTH_24_31_COR_total_mean,         -nan
OPC_LENGTH_24_31_COR_total_stddev,         -nan

OPC_LENGTH_32_39_MIS_count,             0
OPC_LENGTH_32_39_MIS_pct,         -nan
OPC_LENGTH_32_39_MIS_total_count,             0
OPC_LENGTH_32_39_MIS_total_pct,         -nan

OPC_LENGTH_32_39_COR_count,             0
OPC_LENGTH_32_39_COR_pct,         -nan
OPC_LENGTH_32_39_COR_total_count,             0
OPC_LENGTH_32_39_COR_total_pct,         -nan
OPC_LENGTH_32_39_COR_sum_count,             0
OPC_LENGTH_32_39_COR_sum_pct,         -nan
OPC_LENGTH_32_39_COR_sum_total_count,             0
OPC_LENGTH_32_39_COR_sum_total_pct,         -nan
OPC_LENGTH_32_39_COR_mean,         -nan
OPC_LENGTH_32_39_COR_stddev,         -nan
OPC_LENGTH_32_39_COR_total_mean,         -nan
OPC_LENGTH_32_39_COR_total_stddev,         -nan

OPC_LENGTH_40_47_MIS_count,             0
OPC_LENGTH_40_47_MIS_pct,         -nan
OPC_LENGTH_40_47_MIS_total_count,             0
OPC_LENGTH_40_47_MIS_total_pct,         -nan

OPC_LENGTH_40_47_COR_count,             0
OPC_LENGTH_40_47_COR_pct,         -nan
OPC_LENGTH_40_47_COR_total_count,             0
OPC_LENGTH_40_47_COR_total_pct,         -nan
OPC_LENGTH_40_47_COR_sum_count,             0
OPC_LENGTH_40_47_COR_sum_pct,         -nan
OPC_LENGTH_40_47_COR_sum_total_count,             0
OPC_LENGTH_40_47_COR_sum_total_pct,         -nan
OPC_LENGTH_40_47_COR_mean,         -nan
OPC_LENGTH_40_47_COR_stddev,         -nan
OPC_LENGTH_40_47_COR_total_mean,         -nan
OPC_LENGTH_40_47_COR_total_stddev,         -nan

OPC_LENGTH_48_55_MIS_count,             0
OPC_LENGTH_48_55_MIS_pct,         -nan
OPC_LENGTH_48_55_MIS_total_count,             0
OPC_LENGTH_48_55_MIS_total_pct,         -nan

OPC_LENGTH_48_55_COR_count,             0
OPC_LENGTH_48_55_COR_pct,         -nan
OPC_LENGTH_48_55_COR_total_count,             0
OPC_LENGTH_48_55_COR_total_pct,         -nan
OPC_LENGTH_48_55_COR_sum_count,             0
OPC_LENGTH_48_55_COR_sum_pct,         -nan
OPC_LENGTH_48_55_COR_sum_total_count,             0
OPC_LENGTH_48_55_COR_sum_total_pct,         -nan
OPC_LENGTH_48_55_COR_mean,         -nan
OPC_LENGTH_48_55_COR_stddev,         -nan
OPC_LENGTH_48_55_COR_total_mean,         -nan
OPC_LENGTH_48_55_COR_total_stddev,         -nan

OPC_LENGTH_56_63_MIS_count,             0
OPC_LENGTH_56_63_MIS_pct,         -nan
OPC_LENGTH_56_63_MIS_total_count,             0
OPC_LENGTH_56_63_MIS_total_pct,         -nan

OPC_LENGTH_56_63_COR_count,             0
OPC_LENGTH_56_63_COR_pct,         -nan
OPC_LENGTH_56_63_COR_total_count,             0
OPC_LENGTH_56_63_COR_total_pct,         -nan
OPC_LENGTH_56_63_COR_sum_count,             0
OPC_LENGTH_56_63_COR_sum_pct,         -nan
OPC_LENGTH_56_63_COR_sum_total_count,             0
OPC_LENGTH_56_63_COR_sum_total_pct,         -nan
OPC_LENGTH_56_63_COR_mean,         -nan
OPC_LENGTH_56_63_COR_stddev,         -nan
OPC_LENGTH_56_63_COR_total_mean,         -nan
OPC_LENGTH_56_63_COR_total_stddev,         -nan

OPC_LENGTH_64_71_MIS_count,             0
OPC_LENGTH_64_71_MIS_pct,         -nan
OPC_LENGTH_64_71_MIS_total_count,             0
OPC_LENGTH_64_71_MIS_total_pct,         -nan

OPC_LENGTH_64_71_COR_count,             0
OPC_LENGTH_64_71_COR_pct,         -nan
OPC_LENGTH_64_71_COR_total_count,             0
OPC_LENGTH_64_71_COR_total_pct,         -nan
OPC_LENGTH_64_71_COR_sum_count,             0
OPC_LENGTH_64_71_COR_sum_pct,         -nan
OPC_LENGTH_64_71_COR_sum_total_count,             0
OPC_LENGTH_64_71_COR_sum_total_pct,         -nan
OPC_LENGTH_64_71_COR_mean,         -nan
OPC_LENGTH_64_71_COR_stddev,         -nan
OPC_LENGTH_64_71_COR_total_mean,         -nan
OPC_LENGTH_64_71_COR_total_stddev,         -nan

OPC_LENGTH_72_79_MIS_count,             0
OPC_LENGTH_72_79_MIS_pct,         -nan
OPC_LENGTH_72_79_MIS_total_count,             0
OPC_LENGTH_72_79_MIS_total_pct,         -nan

OPC_LENGTH_72_79_COR_count,             0
OPC_LENGTH_72_79_COR_pct,         -nan
OPC_LENGTH_72_79_COR_total_count,             0
OPC_LENGTH_72_79_COR_total_pct,         -nan
OPC_LENGTH_72_79_COR_sum_count,             0
OPC_LENGTH_72_79_COR_sum_pct,         -nan
OPC_LENGTH_72_79_COR_sum_total_count,             0
OPC_LENGTH_72_79_COR_sum_total_pct,         -nan
OPC_LENGTH_72_79_COR_mean,         -nan
OPC_LENGTH_72_79_COR_stddev,         -nan
OPC_LENGTH_72_79_COR_total_mean,         -nan
OPC_LENGTH_72_79_COR_total_stddev,         -nan

OPC_LENGTH_80_MIS_count,             0
OPC_LENGTH_80_MIS_pct,         -nan
OPC_LENGTH_80_MIS_total_count,             0
OPC_LENGTH_80_MIS_total_pct,         -nan

OPC_LENGTH_80_COR_count,             0
OPC_LENGTH_80_COR_pct,         -nan
OPC_LENGTH_80_COR_total_count,             0
OPC_LENGTH_80_COR_total_pct,         -nan
OPC_LENGTH_80_COR_sum_count,             0
OPC_LENGTH_80_COR_sum_pct,         -nan
OPC_LENGTH_80_COR_sum_total_count,             0
OPC_LENGTH_80_COR_sum_total_pct,         -nan
OPC_LENGTH_80_COR_mean,         -nan
OPC_LENGTH_80_COR_stddev,         -nan
OPC_LENGTH_80_COR_total_mean,         -nan
OPC_LENGTH_80_COR_total_stddev,         -nan

ALL_ONES_MIS_count,             0
ALL_ONES_MIS_pct,         -nan
ALL_ONES_MIS_total_count,             0
ALL_ONES_MIS_total_pct,         -nan

ALL_ONES_COR_count,             0
ALL_ONES_COR_pct,         -nan
ALL_ONES_COR_total_count,             0
ALL_ONES_COR_total_pct,         -nan
ALL_ONES_COR_sum_count,             0
ALL_ONES_COR_sum_pct,         -nan
ALL_ONES_COR_sum_total_count,             0
ALL_ONES_COR_sum_total_pct,         -nan
ALL_ONES_COR_mean,         -nan
ALL_ONES_COR_stddev,         -nan
ALL_ONES_COR_total_mean,         -nan
ALL_ONES_COR_total_stddev,         -nan

FIRST_ONE_MIS_count,             0
FIRST_ONE_MIS_pct,         -nan
FIRST_ONE_MIS_total_count,             0
FIRST_ONE_MIS_total_pct,         -nan

FIRST_ONE_COR_count,             0
FIRST_ONE_COR_pct,         -nan
FIRST_ONE_COR_total_count,             0
FIRST_ONE_COR_total_pct,         -nan
FIRST_ONE_COR_sum_count,             0
FIRST_ONE_COR_sum_pct,         -nan
FIRST_ONE_COR_sum_total_count,             0
FIRST_ONE_COR_sum_total_pct,         -nan
FIRST_ONE_COR_mean,         -nan
FIRST_ONE_COR_stddev,         -nan
FIRST_ONE_COR_total_mean,         -nan
FIRST_ONE_COR_total_stddev,         -nan

ZEROS_0_1_MIS_count,             0
ZEROS_0_1_MIS_pct,         -nan
ZEROS_0_1_MIS_total_count,             0
ZEROS_0_1_MIS_total_pct,         -nan

ZEROS_0_1_COR_count,             0
ZEROS_0_1_COR_pct,         -nan
ZEROS_0_1_COR_total_count,             0
ZEROS_0_1_COR_total_pct,         -nan
ZEROS_0_1_COR_sum_count,             0
ZEROS_0_1_COR_sum_pct,         -nan
ZEROS_0_1_COR_sum_total_count,             0
ZEROS_0_1_COR_sum_total_pct,         -nan
ZEROS_0_1_COR_mean,         -nan
ZEROS_0_1_COR_stddev,         -nan
ZEROS_0_1_COR_total_mean,         -nan
ZEROS_0_1_COR_total_stddev,         -nan

ZEROS_2_3_MIS_count,             0
ZEROS_2_3_MIS_pct,         -nan
ZEROS_2_3_MIS_total_count,             0
ZEROS_2_3_MIS_total_pct,         -nan

ZEROS_2_3_COR_count,             0
ZEROS_2_3_COR_pct,         -nan
ZEROS_2_3_COR_total_count,             0
ZEROS_2_3_COR_total_pct,         -nan
ZEROS_2_3_COR_sum_count,             0
ZEROS_2_3_COR_sum_pct,         -nan
ZEROS_2_3_COR_sum_total_count,             0
ZEROS_2_3_COR_sum_total_pct,         -nan
ZEROS_2_3_COR_mean,         -nan
ZEROS_2_3_COR_stddev,         -nan
ZEROS_2_3_COR_total_mean,         -nan
ZEROS_2_3_COR_total_stddev,         -nan

ZEROS_4_5_MIS_count,             0
ZEROS_4_5_MIS_pct,         -nan
ZEROS_4_5_MIS_total_count,             0
ZEROS_4_5_MIS_total_pct,         -nan

ZEROS_4_5_COR_count,             0
ZEROS_4_5_COR_pct,         -nan
ZEROS_4_5_COR_total_count,             0
ZEROS_4_5_COR_total_pct,         -nan
ZEROS_4_5_COR_sum_count,             0
ZEROS_4_5_COR_sum_pct,         -nan
ZEROS_4_5_COR_sum_total_count,             0
ZEROS_4_5_COR_sum_total_pct,         -nan
ZEROS_4_5_COR_mean,         -nan
ZEROS_4_5_COR_stddev,         -nan
ZEROS_4_5_COR_total_mean,         -nan
ZEROS_4_5_COR_total_stddev,         -nan

ZEROS_6_7_MIS_count,             0
ZEROS_6_7_MIS_pct,         -nan
ZEROS_6_7_MIS_total_count,             0
ZEROS_6_7_MIS_total_pct,         -nan

ZEROS_6_7_COR_count,             0
ZEROS_6_7_COR_pct,         -nan
ZEROS_6_7_COR_total_count,             0
ZEROS_6_7_COR_total_pct,         -nan
ZEROS_6_7_COR_sum_count,             0
ZEROS_6_7_COR_sum_pct,         -nan
ZEROS_6_7_COR_sum_total_count,             0
ZEROS_6_7_COR_sum_total_pct,         -nan
ZEROS_6_7_COR_mean,         -nan
ZEROS_6_7_COR_stddev,         -nan
ZEROS_6_7_COR_total_mean,         -nan
ZEROS_6_7_COR_total_stddev,         -nan

ZEROS_8_9_MIS_count,             0
ZEROS_8_9_MIS_pct,         -nan
ZEROS_8_9_MIS_total_count,             0
ZEROS_8_9_MIS_total_pct,         -nan

ZEROS_8_9_COR_count,             0
ZEROS_8_9_COR_pct,         -nan
ZEROS_8_9_COR_total_count,             0
ZEROS_8_9_COR_total_pct,         -nan
ZEROS_8_9_COR_sum_count,             0
ZEROS_8_9_COR_sum_pct,         -nan
ZEROS_8_9_COR_sum_total_count,             0
ZEROS_8_9_COR_sum_total_pct,         -nan
ZEROS_8_9_COR_mean,         -nan
ZEROS_8_9_COR_stddev,         -nan
ZEROS_8_9_COR_total_mean,         -nan
ZEROS_8_9_COR_total_stddev,         -nan

ZEROS_10_11_MIS_count,             0
ZEROS_10_11_MIS_pct,         -nan
ZEROS_10_11_MIS_total_count,             0
ZEROS_10_11_MIS_total_pct,         -nan

ZEROS_10_11_COR_count,             0
ZEROS_10_11_COR_pct,         -nan
ZEROS_10_11_COR_total_count,             0
ZEROS_10_11_COR_total_pct,         -nan
ZEROS_10_11_COR_sum_count,             0
ZEROS_10_11_COR_sum_pct,         -nan
ZEROS_10_11_COR_sum_total_count,             0
ZEROS_10_11_COR_sum_total_pct,         -nan
ZEROS_10_11_COR_mean,         -nan
ZEROS_10_11_COR_stddev,         -nan
ZEROS_10_11_COR_total_mean,         -nan
ZEROS_10_11_COR_total_stddev,         -nan

ZEROS_12_13_MIS_count,             0
ZEROS_12_13_MIS_pct,         -nan
ZEROS_12_13_MIS_total_count,             0
ZEROS_12_13_MIS_total_pct,         -nan

ZEROS_12_13_COR_count,             0
ZEROS_12_13_COR_pct,         -nan
ZEROS_12_13_COR_total_count,             0
ZEROS_12_13_COR_total_pct,         -nan
ZEROS_12_13_COR_sum_count,             0
ZEROS_12_13_COR_sum_pct,         -nan
ZEROS_12_13_COR_sum_total_count,             0
ZEROS_12_13_COR_sum_total_pct,         -nan
ZEROS_12_13_COR_mean,         -nan
ZEROS_12_13_COR_stddev,         -nan
ZEROS_12_13_COR_total_mean,         -nan
ZEROS_12_13_COR_total_stddev,         -nan

ZEROS_14_15_MIS_count,             0
ZEROS_14_15_MIS_pct,         -nan
ZEROS_14_15_MIS_total_count,             0
ZEROS_14_15_MIS_total_pct,         -nan

ZEROS_14_15_COR_count,             0
ZEROS_14_15_COR_pct,         -nan
ZEROS_14_15_COR_total_count,             0
ZEROS_14_15_COR_total_pct,         -nan
ZEROS_14_15_COR_sum_count,             0
ZEROS_14_15_COR_sum_pct,         -nan
ZEROS_14_15_COR_sum_total_count,             0
ZEROS_14_15_COR_sum_total_pct,         -nan
ZEROS_14_15_COR_mean,         -nan
ZEROS_14_15_COR_stddev,         -nan
ZEROS_14_15_COR_total_mean,         -nan
ZEROS_14_15_COR_total_stddev,         -nan

ZEROS_16_MIS_count,             0
ZEROS_16_MIS_pct,         -nan
ZEROS_16_MIS_total_count,             0
ZEROS_16_MIS_total_pct,         -nan

ZEROS_16_COR_count,             0
ZEROS_16_COR_pct,         -nan
ZEROS_16_COR_total_count,             0
ZEROS_16_COR_total_pct,         -nan
ZEROS_16_COR_sum_count,             0
ZEROS_16_COR_sum_pct,         -nan
ZEROS_16_COR_sum_total_count,             0
ZEROS_16_COR_sum_total_pct,         -nan
ZEROS_16_COR_mean,         -nan
ZEROS_16_COR_stddev,         -nan
ZEROS_16_COR_total_mean,         -nan
ZEROS_16_COR_total_stddev,         -nan

GS2BC_GSHARE_count,             0
GS2BC_GSHARE_pct,         -nan
GS2BC_GSHARE_total_count,             0
GS2BC_GSHARE_total_pct,         -nan

GS2BC_2BC_count,             0
GS2BC_2BC_pct,         -nan
GS2BC_2BC_total_count,             0
GS2BC_2BC_total_pct,         -nan
GS2BC_2BC_sum_count,             0
GS2BC_2BC_sum_pct,         -nan
GS2BC_2BC_sum_total_count,             0
GS2BC_2BC_sum_total_pct,         -nan
GS2BC_2BC_mean,         -nan
GS2BC_2BC_stddev,         -nan
GS2BC_2BC_total_mean,         -nan
GS2BC_2BC_total_stddev,         -nan

GSKEW2BC_VOTE_count,             0
GSKEW2BC_VOTE_pct,         -nan
GSKEW2BC_VOTE_total_count,             0
GSKEW2BC_VOTE_total_pct,         -nan

GSKEW2BC_2BC_count,             0
GSKEW2BC_2BC_pct,         -nan
GSKEW2BC_2BC_total_count,             0
GSKEW2BC_2BC_total_pct,         -nan
GSKEW2BC_2BC_sum_count,             0
GSKEW2BC_2BC_sum_pct,         -nan
GSKEW2BC_2BC_sum_total_count,             0
GSKEW2BC_2BC_sum_total_pct,         -nan
GSKEW2BC_2BC_mean,         -nan
GSKEW2BC_2BC_stddev,         -nan
GSKEW2BC_2BC_total_mean,         -nan
GSKEW2BC_2BC_total_stddev,         -nan

FUTGSHARE_INIT_ON_PATH_CORRECT_count,             0
FUTGSHARE_INIT_ON_PATH_CORRECT_pct,         -nan
FUTGSHARE_INIT_ON_PATH_CORRECT_total_count,             0
FUTGSHARE_INIT_ON_PATH_CORRECT_total_pct,         -nan

FUTGSHARE_INIT_ON_PATH_MISPREDICT_count,             0
FUTGSHARE_INIT_ON_PATH_MISPREDICT_pct,         -nan
FUTGSHARE_INIT_ON_PATH_MISPREDICT_total_count,             0
FUTGSHARE_INIT_ON_PATH_MISPREDICT_total_pct,         -nan
FUTGSHARE_INIT_ON_PATH_MISPREDICT_sum_count,             0
FUTGSHARE_INIT_ON_PATH_MISPREDICT_sum_pct,         -nan
FUTGSHARE_INIT_ON_PATH_MISPREDICT_sum_total_count,             0
FUTGSHARE_INIT_ON_PATH_MISPREDICT_sum_total_pct,         -nan
FUTGSHARE_INIT_ON_PATH_MISPREDICT_mean,         -nan
FUTGSHARE_INIT_ON_PATH_MISPREDICT_stddev,         -nan
FUTGSHARE_INIT_ON_PATH_MISPREDICT_total_mean,         -nan
FUTGSHARE_INIT_ON_PATH_MISPREDICT_total_stddev,         -nan

FUTGSHARE_INIT_OFF_PATH_CORRECT_count,             0
FUTGSHARE_INIT_OFF_PATH_CORRECT_pct,         -nan
FUTGSHARE_INIT_OFF_PATH_CORRECT_total_count,             0
FUTGSHARE_INIT_OFF_PATH_CORRECT_total_pct,         -nan

FUTGSHARE_INIT_OFF_PATH_MISPREDICT_count,             0
FUTGSHARE_INIT_OFF_PATH_MISPREDICT_pct,         -nan
FUTGSHARE_INIT_OFF_PATH_MISPREDICT_total_count,             0
FUTGSHARE_INIT_OFF_PATH_MISPREDICT_total_pct,         -nan
FUTGSHARE_INIT_OFF_PATH_MISPREDICT_sum_count,             0
FUTGSHARE_INIT_OFF_PATH_MISPREDICT_sum_pct,         -nan
FUTGSHARE_INIT_OFF_PATH_MISPREDICT_sum_total_count,             0
FUTGSHARE_INIT_OFF_PATH_MISPREDICT_sum_total_pct,         -nan
FUTGSHARE_INIT_OFF_PATH_MISPREDICT_mean,         -nan
FUTGSHARE_INIT_OFF_PATH_MISPREDICT_stddev,         -nan
FUTGSHARE_INIT_OFF_PATH_MISPREDICT_total_mean,         -nan
FUTGSHARE_INIT_OFF_PATH_MISPREDICT_total_stddev,         -nan

FUTGSHARE_CHANGED_CORRECTED_ON_PATH_count,             0
FUTGSHARE_CHANGED_CORRECTED_ON_PATH_pct,         -nan
FUTGSHARE_CHANGED_CORRECTED_ON_PATH_total_count,             0
FUTGSHARE_CHANGED_CORRECTED_ON_PATH_total_pct,         -nan

FUTGSHARE_CHANGED_SCREWED_ON_PATH_count,             0
FUTGSHARE_CHANGED_SCREWED_ON_PATH_pct,         -nan
FUTGSHARE_CHANGED_SCREWED_ON_PATH_total_count,             0
FUTGSHARE_CHANGED_SCREWED_ON_PATH_total_pct,         -nan
FUTGSHARE_CHANGED_SCREWED_ON_PATH_sum_count,             0
FUTGSHARE_CHANGED_SCREWED_ON_PATH_sum_pct,         -nan
FUTGSHARE_CHANGED_SCREWED_ON_PATH_sum_total_count,             0
FUTGSHARE_CHANGED_SCREWED_ON_PATH_sum_total_pct,         -nan
FUTGSHARE_CHANGED_SCREWED_ON_PATH_mean,         -nan
FUTGSHARE_CHANGED_SCREWED_ON_PATH_stddev,         -nan
FUTGSHARE_CHANGED_SCREWED_ON_PATH_total_mean,         -nan
FUTGSHARE_CHANGED_SCREWED_ON_PATH_total_stddev,         -nan

FUTGSHARE_CHANGED_CORRECTED_OFF_PATH_count,             0
FUTGSHARE_CHANGED_CORRECTED_OFF_PATH_pct,         -nan
FUTGSHARE_CHANGED_CORRECTED_OFF_PATH_total_count,             0
FUTGSHARE_CHANGED_CORRECTED_OFF_PATH_total_pct,         -nan

FUTGSHARE_CHANGED_SCREWED_OFF_PATH_count,             0
FUTGSHARE_CHANGED_SCREWED_OFF_PATH_pct,         -nan
FUTGSHARE_CHANGED_SCREWED_OFF_PATH_total_count,             0
FUTGSHARE_CHANGED_SCREWED_OFF_PATH_total_pct,         -nan
FUTGSHARE_CHANGED_SCREWED_OFF_PATH_sum_count,             0
FUTGSHARE_CHANGED_SCREWED_OFF_PATH_sum_pct,         -nan
FUTGSHARE_CHANGED_SCREWED_OFF_PATH_sum_total_count,             0
FUTGSHARE_CHANGED_SCREWED_OFF_PATH_sum_total_pct,         -nan
FUTGSHARE_CHANGED_SCREWED_OFF_PATH_mean,         -nan
FUTGSHARE_CHANGED_SCREWED_OFF_PATH_stddev,         -nan
FUTGSHARE_CHANGED_SCREWED_OFF_PATH_total_mean,         -nan
FUTGSHARE_CHANGED_SCREWED_OFF_PATH_total_stddev,         -nan

FUTGSHARE_ORIG_CORRECT_FUT_CORRECT_ON_PATH_count,             0
FUTGSHARE_ORIG_CORRECT_FUT_CORRECT_ON_PATH_pct,         -nan
FUTGSHARE_ORIG_CORRECT_FUT_CORRECT_ON_PATH_total_count,             0
FUTGSHARE_ORIG_CORRECT_FUT_CORRECT_ON_PATH_total_pct,         -nan

FUTGSHARE_ORIG_MISPRED_FUT_CORRECT_ON_PATH_count,             0
FUTGSHARE_ORIG_MISPRED_FUT_CORRECT_ON_PATH_pct,         -nan
FUTGSHARE_ORIG_MISPRED_FUT_CORRECT_ON_PATH_total_count,             0
FUTGSHARE_ORIG_MISPRED_FUT_CORRECT_ON_PATH_total_pct,         -nan

FUTGSHARE_ORIG_CORRECT_FUT_MISPRED_ON_PATH_count,             0
FUTGSHARE_ORIG_CORRECT_FUT_MISPRED_ON_PATH_pct,         -nan
FUTGSHARE_ORIG_CORRECT_FUT_MISPRED_ON_PATH_total_count,             0
FUTGSHARE_ORIG_CORRECT_FUT_MISPRED_ON_PATH_total_pct,         -nan

FUTGSHARE_ORIG_MISPRED_FUT_MISPRED_ON_PATH_count,             0
FUTGSHARE_ORIG_MISPRED_FUT_MISPRED_ON_PATH_pct,         -nan
FUTGSHARE_ORIG_MISPRED_FUT_MISPRED_ON_PATH_total_count,             0
FUTGSHARE_ORIG_MISPRED_FUT_MISPRED_ON_PATH_total_pct,         -nan
FUTGSHARE_ORIG_MISPRED_FUT_MISPRED_ON_PATH_sum_count,             0
FUTGSHARE_ORIG_MISPRED_FUT_MISPRED_ON_PATH_sum_pct,         -nan
FUTGSHARE_ORIG_MISPRED_FUT_MISPRED_ON_PATH_sum_total_count,             0
FUTGSHARE_ORIG_MISPRED_FUT_MISPRED_ON_PATH_sum_total_pct,         -nan
FUTGSHARE_ORIG_MISPRED_FUT_MISPRED_ON_PATH_mean,         -nan
FUTGSHARE_ORIG_MISPRED_FUT_MISPRED_ON_PATH_stddev,         -nan
FUTGSHARE_ORIG_MISPRED_FUT_MISPRED_ON_PATH_total_mean,         -nan
FUTGSHARE_ORIG_MISPRED_FUT_MISPRED_ON_PATH_total_stddev,         -nan

FUTGSHARE_ORIG_CORRECT_FUT_CORRECT_OFF_PATH_count,             0
FUTGSHARE_ORIG_CORRECT_FUT_CORRECT_OFF_PATH_pct,         -nan
FUTGSHARE_ORIG_CORRECT_FUT_CORRECT_OFF_PATH_total_count,             0
FUTGSHARE_ORIG_CORRECT_FUT_CORRECT_OFF_PATH_total_pct,         -nan

FUTGSHARE_ORIG_MISPRED_FUT_CORRECT_OFF_PATH_count,             0
FUTGSHARE_ORIG_MISPRED_FUT_CORRECT_OFF_PATH_pct,         -nan
FUTGSHARE_ORIG_MISPRED_FUT_CORRECT_OFF_PATH_total_count,             0
FUTGSHARE_ORIG_MISPRED_FUT_CORRECT_OFF_PATH_total_pct,         -nan

FUTGSHARE_ORIG_CORRECT_FUT_MISPRED_OFF_PATH_count,             0
FUTGSHARE_ORIG_CORRECT_FUT_MISPRED_OFF_PATH_pct,         -nan
FUTGSHARE_ORIG_CORRECT_FUT_MISPRED_OFF_PATH_total_count,             0
FUTGSHARE_ORIG_CORRECT_FUT_MISPRED_OFF_PATH_total_pct,         -nan

FUTGSHARE_ORIG_MISPRED_FUT_MISPRED_OFF_PATH_count,             0
FUTGSHARE_ORIG_MISPRED_FUT_MISPRED_OFF_PATH_pct,         -nan
FUTGSHARE_ORIG_MISPRED_FUT_MISPRED_OFF_PATH_total_count,             0
FUTGSHARE_ORIG_MISPRED_FUT_MISPRED_OFF_PATH_total_pct,         -nan
FUTGSHARE_ORIG_MISPRED_FUT_MISPRED_OFF_PATH_sum_count,             0
FUTGSHARE_ORIG_MISPRED_FUT_MISPRED_OFF_PATH_sum_pct,         -nan
FUTGSHARE_ORIG_MISPRED_FUT_MISPRED_OFF_PATH_sum_total_count,             0
FUTGSHARE_ORIG_MISPRED_FUT_MISPRED_OFF_PATH_sum_total_pct,         -nan
FUTGSHARE_ORIG_MISPRED_FUT_MISPRED_OFF_PATH_mean,         -nan
FUTGSHARE_ORIG_MISPRED_FUT_MISPRED_OFF_PATH_stddev,         -nan
FUTGSHARE_ORIG_MISPRED_FUT_MISPRED_OFF_PATH_total_mean,         -nan
FUTGSHARE_ORIG_MISPRED_FUT_MISPRED_OFF_PATH_total_stddev,         -nan

FUTGSHARE_ON_PATH_CORRECT_0_count,             0
FUTGSHARE_ON_PATH_CORRECT_0_pct,         -nan
FUTGSHARE_ON_PATH_CORRECT_0_total_count,             0
FUTGSHARE_ON_PATH_CORRECT_0_total_pct,         -nan

FUTGSHARE_ON_PATH_MISPREDICT_0_count,             0
FUTGSHARE_ON_PATH_MISPREDICT_0_pct,         -nan
FUTGSHARE_ON_PATH_MISPREDICT_0_total_count,             0
FUTGSHARE_ON_PATH_MISPREDICT_0_total_pct,         -nan
FUTGSHARE_ON_PATH_MISPREDICT_0_sum_count,             0
FUTGSHARE_ON_PATH_MISPREDICT_0_sum_pct,         -nan
FUTGSHARE_ON_PATH_MISPREDICT_0_sum_total_count,             0
FUTGSHARE_ON_PATH_MISPREDICT_0_sum_total_pct,         -nan
FUTGSHARE_ON_PATH_MISPREDICT_0_mean,         -nan
FUTGSHARE_ON_PATH_MISPREDICT_0_stddev,         -nan
FUTGSHARE_ON_PATH_MISPREDICT_0_total_mean,         -nan
FUTGSHARE_ON_PATH_MISPREDICT_0_total_stddev,         -nan

FUTGSHARE_OFF_PATH_CORRECT_0_count,             0
FUTGSHARE_OFF_PATH_CORRECT_0_pct,         -nan
FUTGSHARE_OFF_PATH_CORRECT_0_total_count,             0
FUTGSHARE_OFF_PATH_CORRECT_0_total_pct,         -nan

FUTGSHARE_OFF_PATH_MISPREDICT_0_count,             0
FUTGSHARE_OFF_PATH_MISPREDICT_0_pct,         -nan
FUTGSHARE_OFF_PATH_MISPREDICT_0_total_count,             0
FUTGSHARE_OFF_PATH_MISPREDICT_0_total_pct,         -nan
FUTGSHARE_OFF_PATH_MISPREDICT_0_sum_count,             0
FUTGSHARE_OFF_PATH_MISPREDICT_0_sum_pct,         -nan
FUTGSHARE_OFF_PATH_MISPREDICT_0_sum_total_count,             0
FUTGSHARE_OFF_PATH_MISPREDICT_0_sum_total_pct,         -nan
FUTGSHARE_OFF_PATH_MISPREDICT_0_mean,         -nan
FUTGSHARE_OFF_PATH_MISPREDICT_0_stddev,         -nan
FUTGSHARE_OFF_PATH_MISPREDICT_0_total_mean,         -nan
FUTGSHARE_OFF_PATH_MISPREDICT_0_total_stddev,         -nan

FUTGSHARE_ON_PATH_CORRECT_1_count,             0
FUTGSHARE_ON_PATH_CORRECT_1_pct,         -nan
FUTGSHARE_ON_PATH_CORRECT_1_total_count,             0
FUTGSHARE_ON_PATH_CORRECT_1_total_pct,         -nan

FUTGSHARE_ON_PATH_MISPREDICT_1_count,             0
FUTGSHARE_ON_PATH_MISPREDICT_1_pct,         -nan
FUTGSHARE_ON_PATH_MISPREDICT_1_total_count,             0
FUTGSHARE_ON_PATH_MISPREDICT_1_total_pct,         -nan
FUTGSHARE_ON_PATH_MISPREDICT_1_sum_count,             0
FUTGSHARE_ON_PATH_MISPREDICT_1_sum_pct,         -nan
FUTGSHARE_ON_PATH_MISPREDICT_1_sum_total_count,             0
FUTGSHARE_ON_PATH_MISPREDICT_1_sum_total_pct,         -nan
FUTGSHARE_ON_PATH_MISPREDICT_1_mean,         -nan
FUTGSHARE_ON_PATH_MISPREDICT_1_stddev,         -nan
FUTGSHARE_ON_PATH_MISPREDICT_1_total_mean,         -nan
FUTGSHARE_ON_PATH_MISPREDICT_1_total_stddev,         -nan

FUTGSHARE_OFF_PATH_CORRECT_1_count,             0
FUTGSHARE_OFF_PATH_CORRECT_1_pct,         -nan
FUTGSHARE_OFF_PATH_CORRECT_1_total_count,             0
FUTGSHARE_OFF_PATH_CORRECT_1_total_pct,         -nan

FUTGSHARE_OFF_PATH_MISPREDICT_1_count,             0
FUTGSHARE_OFF_PATH_MISPREDICT_1_pct,         -nan
FUTGSHARE_OFF_PATH_MISPREDICT_1_total_count,             0
FUTGSHARE_OFF_PATH_MISPREDICT_1_total_pct,         -nan
FUTGSHARE_OFF_PATH_MISPREDICT_1_sum_count,             0
FUTGSHARE_OFF_PATH_MISPREDICT_1_sum_pct,         -nan
FUTGSHARE_OFF_PATH_MISPREDICT_1_sum_total_count,             0
FUTGSHARE_OFF_PATH_MISPREDICT_1_sum_total_pct,         -nan
FUTGSHARE_OFF_PATH_MISPREDICT_1_mean,         -nan
FUTGSHARE_OFF_PATH_MISPREDICT_1_stddev,         -nan
FUTGSHARE_OFF_PATH_MISPREDICT_1_total_mean,         -nan
FUTGSHARE_OFF_PATH_MISPREDICT_1_total_stddev,         -nan

FUTGSHARE_ON_PATH_CORRECT_2_count,             0
FUTGSHARE_ON_PATH_CORRECT_2_pct,         -nan
FUTGSHARE_ON_PATH_CORRECT_2_total_count,             0
FUTGSHARE_ON_PATH_CORRECT_2_total_pct,         -nan

FUTGSHARE_ON_PATH_MISPREDICT_2_count,             0
FUTGSHARE_ON_PATH_MISPREDICT_2_pct,         -nan
FUTGSHARE_ON_PATH_MISPREDICT_2_total_count,             0
FUTGSHARE_ON_PATH_MISPREDICT_2_total_pct,         -nan
FUTGSHARE_ON_PATH_MISPREDICT_2_sum_count,             0
FUTGSHARE_ON_PATH_MISPREDICT_2_sum_pct,         -nan
FUTGSHARE_ON_PATH_MISPREDICT_2_sum_total_count,             0
FUTGSHARE_ON_PATH_MISPREDICT_2_sum_total_pct,         -nan
FUTGSHARE_ON_PATH_MISPREDICT_2_mean,         -nan
FUTGSHARE_ON_PATH_MISPREDICT_2_stddev,         -nan
FUTGSHARE_ON_PATH_MISPREDICT_2_total_mean,         -nan
FUTGSHARE_ON_PATH_MISPREDICT_2_total_stddev,         -nan

FUTGSHARE_OFF_PATH_CORRECT_2_count,             0
FUTGSHARE_OFF_PATH_CORRECT_2_pct,         -nan
FUTGSHARE_OFF_PATH_CORRECT_2_total_count,             0
FUTGSHARE_OFF_PATH_CORRECT_2_total_pct,         -nan

FUTGSHARE_OFF_PATH_MISPREDICT_2_count,             0
FUTGSHARE_OFF_PATH_MISPREDICT_2_pct,         -nan
FUTGSHARE_OFF_PATH_MISPREDICT_2_total_count,             0
FUTGSHARE_OFF_PATH_MISPREDICT_2_total_pct,         -nan
FUTGSHARE_OFF_PATH_MISPREDICT_2_sum_count,             0
FUTGSHARE_OFF_PATH_MISPREDICT_2_sum_pct,         -nan
FUTGSHARE_OFF_PATH_MISPREDICT_2_sum_total_count,             0
FUTGSHARE_OFF_PATH_MISPREDICT_2_sum_total_pct,         -nan
FUTGSHARE_OFF_PATH_MISPREDICT_2_mean,         -nan
FUTGSHARE_OFF_PATH_MISPREDICT_2_stddev,         -nan
FUTGSHARE_OFF_PATH_MISPREDICT_2_total_mean,         -nan
FUTGSHARE_OFF_PATH_MISPREDICT_2_total_stddev,         -nan

FUTGSHARE_ON_PATH_CORRECT_3_count,             0
FUTGSHARE_ON_PATH_CORRECT_3_pct,         -nan
FUTGSHARE_ON_PATH_CORRECT_3_total_count,             0
FUTGSHARE_ON_PATH_CORRECT_3_total_pct,         -nan

FUTGSHARE_ON_PATH_MISPREDICT_3_count,             0
FUTGSHARE_ON_PATH_MISPREDICT_3_pct,         -nan
FUTGSHARE_ON_PATH_MISPREDICT_3_total_count,             0
FUTGSHARE_ON_PATH_MISPREDICT_3_total_pct,         -nan
FUTGSHARE_ON_PATH_MISPREDICT_3_sum_count,             0
FUTGSHARE_ON_PATH_MISPREDICT_3_sum_pct,         -nan
FUTGSHARE_ON_PATH_MISPREDICT_3_sum_total_count,             0
FUTGSHARE_ON_PATH_MISPREDICT_3_sum_total_pct,         -nan
FUTGSHARE_ON_PATH_MISPREDICT_3_mean,         -nan
FUTGSHARE_ON_PATH_MISPREDICT_3_stddev,         -nan
FUTGSHARE_ON_PATH_MISPREDICT_3_total_mean,         -nan
FUTGSHARE_ON_PATH_MISPREDICT_3_total_stddev,         -nan

FUTGSHARE_OFF_PATH_CORRECT_3_count,             0
FUTGSHARE_OFF_PATH_CORRECT_3_pct,         -nan
FUTGSHARE_OFF_PATH_CORRECT_3_total_count,             0
FUTGSHARE_OFF_PATH_CORRECT_3_total_pct,         -nan

FUTGSHARE_OFF_PATH_MISPREDICT_3_count,             0
FUTGSHARE_OFF_PATH_MISPREDICT_3_pct,         -nan
FUTGSHARE_OFF_PATH_MISPREDICT_3_total_count,             0
FUTGSHARE_OFF_PATH_MISPREDICT_3_total_pct,         -nan
FUTGSHARE_OFF_PATH_MISPREDICT_3_sum_count,             0
FUTGSHARE_OFF_PATH_MISPREDICT_3_sum_pct,         -nan
FUTGSHARE_OFF_PATH_MISPREDICT_3_sum_total_count,             0
FUTGSHARE_OFF_PATH_MISPREDICT_3_sum_total_pct,         -nan
FUTGSHARE_OFF_PATH_MISPREDICT_3_mean,         -nan
FUTGSHARE_OFF_PATH_MISPREDICT_3_stddev,         -nan
FUTGSHARE_OFF_PATH_MISPREDICT_3_total_mean,         -nan
FUTGSHARE_OFF_PATH_MISPREDICT_3_total_stddev,         -nan

FUTGSHARE_ON_PATH_CORRECT_4_count,             0
FUTGSHARE_ON_PATH_CORRECT_4_pct,         -nan
FUTGSHARE_ON_PATH_CORRECT_4_total_count,             0
FUTGSHARE_ON_PATH_CORRECT_4_total_pct,         -nan

FUTGSHARE_ON_PATH_MISPREDICT_4_count,             0
FUTGSHARE_ON_PATH_MISPREDICT_4_pct,         -nan
FUTGSHARE_ON_PATH_MISPREDICT_4_total_count,             0
FUTGSHARE_ON_PATH_MISPREDICT_4_total_pct,         -nan
FUTGSHARE_ON_PATH_MISPREDICT_4_sum_count,             0
FUTGSHARE_ON_PATH_MISPREDICT_4_sum_pct,         -nan
FUTGSHARE_ON_PATH_MISPREDICT_4_sum_total_count,             0
FUTGSHARE_ON_PATH_MISPREDICT_4_sum_total_pct,         -nan
FUTGSHARE_ON_PATH_MISPREDICT_4_mean,         -nan
FUTGSHARE_ON_PATH_MISPREDICT_4_stddev,         -nan
FUTGSHARE_ON_PATH_MISPREDICT_4_total_mean,         -nan
FUTGSHARE_ON_PATH_MISPREDICT_4_total_stddev,         -nan

FUTGSHARE_OFF_PATH_CORRECT_4_count,             0
FUTGSHARE_OFF_PATH_CORRECT_4_pct,         -nan
FUTGSHARE_OFF_PATH_CORRECT_4_total_count,             0
FUTGSHARE_OFF_PATH_CORRECT_4_total_pct,         -nan

FUTGSHARE_OFF_PATH_MISPREDICT_4_count,             0
FUTGSHARE_OFF_PATH_MISPREDICT_4_pct,         -nan
FUTGSHARE_OFF_PATH_MISPREDICT_4_total_count,             0
FUTGSHARE_OFF_PATH_MISPREDICT_4_total_pct,         -nan
FUTGSHARE_OFF_PATH_MISPREDICT_4_sum_count,             0
FUTGSHARE_OFF_PATH_MISPREDICT_4_sum_pct,         -nan
FUTGSHARE_OFF_PATH_MISPREDICT_4_sum_total_count,             0
FUTGSHARE_OFF_PATH_MISPREDICT_4_sum_total_pct,         -nan
FUTGSHARE_OFF_PATH_MISPREDICT_4_mean,         -nan
FUTGSHARE_OFF_PATH_MISPREDICT_4_stddev,         -nan
FUTGSHARE_OFF_PATH_MISPREDICT_4_total_mean,         -nan
FUTGSHARE_OFF_PATH_MISPREDICT_4_total_stddev,         -nan

FUTGSHARE_ON_PATH_CORRECT_5_count,             0
FUTGSHARE_ON_PATH_CORRECT_5_pct,         -nan
FUTGSHARE_ON_PATH_CORRECT_5_total_count,             0
FUTGSHARE_ON_PATH_CORRECT_5_total_pct,         -nan

FUTGSHARE_ON_PATH_MISPREDICT_5_count,             0
FUTGSHARE_ON_PATH_MISPREDICT_5_pct,         -nan
FUTGSHARE_ON_PATH_MISPREDICT_5_total_count,             0
FUTGSHARE_ON_PATH_MISPREDICT_5_total_pct,         -nan
FUTGSHARE_ON_PATH_MISPREDICT_5_sum_count,             0
FUTGSHARE_ON_PATH_MISPREDICT_5_sum_pct,         -nan
FUTGSHARE_ON_PATH_MISPREDICT_5_sum_total_count,             0
FUTGSHARE_ON_PATH_MISPREDICT_5_sum_total_pct,         -nan
FUTGSHARE_ON_PATH_MISPREDICT_5_mean,         -nan
FUTGSHARE_ON_PATH_MISPREDICT_5_stddev,         -nan
FUTGSHARE_ON_PATH_MISPREDICT_5_total_mean,         -nan
FUTGSHARE_ON_PATH_MISPREDICT_5_total_stddev,         -nan

FUTGSHARE_OFF_PATH_CORRECT_5_count,             0
FUTGSHARE_OFF_PATH_CORRECT_5_pct,         -nan
FUTGSHARE_OFF_PATH_CORRECT_5_total_count,             0
FUTGSHARE_OFF_PATH_CORRECT_5_total_pct,         -nan

FUTGSHARE_OFF_PATH_MISPREDICT_5_count,             0
FUTGSHARE_OFF_PATH_MISPREDICT_5_pct,         -nan
FUTGSHARE_OFF_PATH_MISPREDICT_5_total_count,             0
FUTGSHARE_OFF_PATH_MISPREDICT_5_total_pct,         -nan
FUTGSHARE_OFF_PATH_MISPREDICT_5_sum_count,             0
FUTGSHARE_OFF_PATH_MISPREDICT_5_sum_pct,         -nan
FUTGSHARE_OFF_PATH_MISPREDICT_5_sum_total_count,             0
FUTGSHARE_OFF_PATH_MISPREDICT_5_sum_total_pct,         -nan
FUTGSHARE_OFF_PATH_MISPREDICT_5_mean,         -nan
FUTGSHARE_OFF_PATH_MISPREDICT_5_stddev,         -nan
FUTGSHARE_OFF_PATH_MISPREDICT_5_total_mean,         -nan
FUTGSHARE_OFF_PATH_MISPREDICT_5_total_stddev,         -nan

FUTGSHARE_ON_PATH_CORRECT_6_count,             0
FUTGSHARE_ON_PATH_CORRECT_6_pct,         -nan
FUTGSHARE_ON_PATH_CORRECT_6_total_count,             0
FUTGSHARE_ON_PATH_CORRECT_6_total_pct,         -nan

FUTGSHARE_ON_PATH_MISPREDICT_6_count,             0
FUTGSHARE_ON_PATH_MISPREDICT_6_pct,         -nan
FUTGSHARE_ON_PATH_MISPREDICT_6_total_count,             0
FUTGSHARE_ON_PATH_MISPREDICT_6_total_pct,         -nan
FUTGSHARE_ON_PATH_MISPREDICT_6_sum_count,             0
FUTGSHARE_ON_PATH_MISPREDICT_6_sum_pct,         -nan
FUTGSHARE_ON_PATH_MISPREDICT_6_sum_total_count,             0
FUTGSHARE_ON_PATH_MISPREDICT_6_sum_total_pct,         -nan
FUTGSHARE_ON_PATH_MISPREDICT_6_mean,         -nan
FUTGSHARE_ON_PATH_MISPREDICT_6_stddev,         -nan
FUTGSHARE_ON_PATH_MISPREDICT_6_total_mean,         -nan
FUTGSHARE_ON_PATH_MISPREDICT_6_total_stddev,         -nan

FUTGSHARE_OFF_PATH_CORRECT_6_count,             0
FUTGSHARE_OFF_PATH_CORRECT_6_pct,         -nan
FUTGSHARE_OFF_PATH_CORRECT_6_total_count,             0
FUTGSHARE_OFF_PATH_CORRECT_6_total_pct,         -nan

FUTGSHARE_OFF_PATH_MISPREDICT_6_count,             0
FUTGSHARE_OFF_PATH_MISPREDICT_6_pct,         -nan
FUTGSHARE_OFF_PATH_MISPREDICT_6_total_count,             0
FUTGSHARE_OFF_PATH_MISPREDICT_6_total_pct,         -nan
FUTGSHARE_OFF_PATH_MISPREDICT_6_sum_count,             0
FUTGSHARE_OFF_PATH_MISPREDICT_6_sum_pct,         -nan
FUTGSHARE_OFF_PATH_MISPREDICT_6_sum_total_count,             0
FUTGSHARE_OFF_PATH_MISPREDICT_6_sum_total_pct,         -nan
FUTGSHARE_OFF_PATH_MISPREDICT_6_mean,         -nan
FUTGSHARE_OFF_PATH_MISPREDICT_6_stddev,         -nan
FUTGSHARE_OFF_PATH_MISPREDICT_6_total_mean,         -nan
FUTGSHARE_OFF_PATH_MISPREDICT_6_total_stddev,         -nan

FUTGSHARE_ON_PATH_CORRECT_7_count,             0
FUTGSHARE_ON_PATH_CORRECT_7_pct,         -nan
FUTGSHARE_ON_PATH_CORRECT_7_total_count,             0
FUTGSHARE_ON_PATH_CORRECT_7_total_pct,         -nan

FUTGSHARE_ON_PATH_MISPREDICT_7_count,             0
FUTGSHARE_ON_PATH_MISPREDICT_7_pct,         -nan
FUTGSHARE_ON_PATH_MISPREDICT_7_total_count,             0
FUTGSHARE_ON_PATH_MISPREDICT_7_total_pct,         -nan
FUTGSHARE_ON_PATH_MISPREDICT_7_sum_count,             0
FUTGSHARE_ON_PATH_MISPREDICT_7_sum_pct,         -nan
FUTGSHARE_ON_PATH_MISPREDICT_7_sum_total_count,             0
FUTGSHARE_ON_PATH_MISPREDICT_7_sum_total_pct,         -nan
FUTGSHARE_ON_PATH_MISPREDICT_7_mean,         -nan
FUTGSHARE_ON_PATH_MISPREDICT_7_stddev,         -nan
FUTGSHARE_ON_PATH_MISPREDICT_7_total_mean,         -nan
FUTGSHARE_ON_PATH_MISPREDICT_7_total_stddev,         -nan

FUTGSHARE_OFF_PATH_CORRECT_7_count,             0
FUTGSHARE_OFF_PATH_CORRECT_7_pct,         -nan
FUTGSHARE_OFF_PATH_CORRECT_7_total_count,             0
FUTGSHARE_OFF_PATH_CORRECT_7_total_pct,         -nan

FUTGSHARE_OFF_PATH_MISPREDICT_7_count,             0
FUTGSHARE_OFF_PATH_MISPREDICT_7_pct,         -nan
FUTGSHARE_OFF_PATH_MISPREDICT_7_total_count,             0
FUTGSHARE_OFF_PATH_MISPREDICT_7_total_pct,         -nan
FUTGSHARE_OFF_PATH_MISPREDICT_7_sum_count,             0
FUTGSHARE_OFF_PATH_MISPREDICT_7_sum_pct,         -nan
FUTGSHARE_OFF_PATH_MISPREDICT_7_sum_total_count,             0
FUTGSHARE_OFF_PATH_MISPREDICT_7_sum_total_pct,         -nan
FUTGSHARE_OFF_PATH_MISPREDICT_7_mean,         -nan
FUTGSHARE_OFF_PATH_MISPREDICT_7_stddev,         -nan
FUTGSHARE_OFF_PATH_MISPREDICT_7_total_mean,         -nan
FUTGSHARE_OFF_PATH_MISPREDICT_7_total_stddev,         -nan

FUTGSHARE_ON_PATH_CORRECT_8_count,             0
FUTGSHARE_ON_PATH_CORRECT_8_pct,         -nan
FUTGSHARE_ON_PATH_CORRECT_8_total_count,             0
FUTGSHARE_ON_PATH_CORRECT_8_total_pct,         -nan

FUTGSHARE_ON_PATH_MISPREDICT_8_count,             0
FUTGSHARE_ON_PATH_MISPREDICT_8_pct,         -nan
FUTGSHARE_ON_PATH_MISPREDICT_8_total_count,             0
FUTGSHARE_ON_PATH_MISPREDICT_8_total_pct,         -nan
FUTGSHARE_ON_PATH_MISPREDICT_8_sum_count,             0
FUTGSHARE_ON_PATH_MISPREDICT_8_sum_pct,         -nan
FUTGSHARE_ON_PATH_MISPREDICT_8_sum_total_count,             0
FUTGSHARE_ON_PATH_MISPREDICT_8_sum_total_pct,         -nan
FUTGSHARE_ON_PATH_MISPREDICT_8_mean,         -nan
FUTGSHARE_ON_PATH_MISPREDICT_8_stddev,         -nan
FUTGSHARE_ON_PATH_MISPREDICT_8_total_mean,         -nan
FUTGSHARE_ON_PATH_MISPREDICT_8_total_stddev,         -nan

FUTGSHARE_OFF_PATH_CORRECT_8_count,             0
FUTGSHARE_OFF_PATH_CORRECT_8_pct,         -nan
FUTGSHARE_OFF_PATH_CORRECT_8_total_count,             0
FUTGSHARE_OFF_PATH_CORRECT_8_total_pct,         -nan

FUTGSHARE_OFF_PATH_MISPREDICT_8_count,             0
FUTGSHARE_OFF_PATH_MISPREDICT_8_pct,         -nan
FUTGSHARE_OFF_PATH_MISPREDICT_8_total_count,             0
FUTGSHARE_OFF_PATH_MISPREDICT_8_total_pct,         -nan
FUTGSHARE_OFF_PATH_MISPREDICT_8_sum_count,             0
FUTGSHARE_OFF_PATH_MISPREDICT_8_sum_pct,         -nan
FUTGSHARE_OFF_PATH_MISPREDICT_8_sum_total_count,             0
FUTGSHARE_OFF_PATH_MISPREDICT_8_sum_total_pct,         -nan
FUTGSHARE_OFF_PATH_MISPREDICT_8_mean,         -nan
FUTGSHARE_OFF_PATH_MISPREDICT_8_stddev,         -nan
FUTGSHARE_OFF_PATH_MISPREDICT_8_total_mean,         -nan
FUTGSHARE_OFF_PATH_MISPREDICT_8_total_stddev,         -nan

FUTGSHARE_ON_PATH_CORRECT_9_count,             0
FUTGSHARE_ON_PATH_CORRECT_9_pct,         -nan
FUTGSHARE_ON_PATH_CORRECT_9_total_count,             0
FUTGSHARE_ON_PATH_CORRECT_9_total_pct,         -nan

FUTGSHARE_ON_PATH_MISPREDICT_9_count,             0
FUTGSHARE_ON_PATH_MISPREDICT_9_pct,         -nan
FUTGSHARE_ON_PATH_MISPREDICT_9_total_count,             0
FUTGSHARE_ON_PATH_MISPREDICT_9_total_pct,         -nan
FUTGSHARE_ON_PATH_MISPREDICT_9_sum_count,             0
FUTGSHARE_ON_PATH_MISPREDICT_9_sum_pct,         -nan
FUTGSHARE_ON_PATH_MISPREDICT_9_sum_total_count,             0
FUTGSHARE_ON_PATH_MISPREDICT_9_sum_total_pct,         -nan
FUTGSHARE_ON_PATH_MISPREDICT_9_mean,         -nan
FUTGSHARE_ON_PATH_MISPREDICT_9_stddev,         -nan
FUTGSHARE_ON_PATH_MISPREDICT_9_total_mean,         -nan
FUTGSHARE_ON_PATH_MISPREDICT_9_total_stddev,         -nan

FUTGSHARE_OFF_PATH_CORRECT_9_count,             0
FUTGSHARE_OFF_PATH_CORRECT_9_pct,         -nan
FUTGSHARE_OFF_PATH_CORRECT_9_total_count,             0
FUTGSHARE_OFF_PATH_CORRECT_9_total_pct,         -nan

FUTGSHARE_OFF_PATH_MISPREDICT_9_count,             0
FUTGSHARE_OFF_PATH_MISPREDICT_9_pct,         -nan
FUTGSHARE_OFF_PATH_MISPREDICT_9_total_count,             0
FUTGSHARE_OFF_PATH_MISPREDICT_9_total_pct,         -nan
FUTGSHARE_OFF_PATH_MISPREDICT_9_sum_count,             0
FUTGSHARE_OFF_PATH_MISPREDICT_9_sum_pct,         -nan
FUTGSHARE_OFF_PATH_MISPREDICT_9_sum_total_count,             0
FUTGSHARE_OFF_PATH_MISPREDICT_9_sum_total_pct,         -nan
FUTGSHARE_OFF_PATH_MISPREDICT_9_mean,         -nan
FUTGSHARE_OFF_PATH_MISPREDICT_9_stddev,         -nan
FUTGSHARE_OFF_PATH_MISPREDICT_9_total_mean,         -nan
FUTGSHARE_OFF_PATH_MISPREDICT_9_total_stddev,         -nan

FUTGSHARE_ON_PATH_CORRECT_10_count,             0
FUTGSHARE_ON_PATH_CORRECT_10_pct,         -nan
FUTGSHARE_ON_PATH_CORRECT_10_total_count,             0
FUTGSHARE_ON_PATH_CORRECT_10_total_pct,         -nan

FUTGSHARE_ON_PATH_MISPREDICT_10_count,             0
FUTGSHARE_ON_PATH_MISPREDICT_10_pct,         -nan
FUTGSHARE_ON_PATH_MISPREDICT_10_total_count,             0
FUTGSHARE_ON_PATH_MISPREDICT_10_total_pct,         -nan
FUTGSHARE_ON_PATH_MISPREDICT_10_sum_count,             0
FUTGSHARE_ON_PATH_MISPREDICT_10_sum_pct,         -nan
FUTGSHARE_ON_PATH_MISPREDICT_10_sum_total_count,             0
FUTGSHARE_ON_PATH_MISPREDICT_10_sum_total_pct,         -nan
FUTGSHARE_ON_PATH_MISPREDICT_10_mean,         -nan
FUTGSHARE_ON_PATH_MISPREDICT_10_stddev,         -nan
FUTGSHARE_ON_PATH_MISPREDICT_10_total_mean,         -nan
FUTGSHARE_ON_PATH_MISPREDICT_10_total_stddev,         -nan

FUTGSHARE_OFF_PATH_CORRECT_10_count,             0
FUTGSHARE_OFF_PATH_CORRECT_10_pct,         -nan
FUTGSHARE_OFF_PATH_CORRECT_10_total_count,             0
FUTGSHARE_OFF_PATH_CORRECT_10_total_pct,         -nan

FUTGSHARE_OFF_PATH_MISPREDICT_10_count,             0
FUTGSHARE_OFF_PATH_MISPREDICT_10_pct,         -nan
FUTGSHARE_OFF_PATH_MISPREDICT_10_total_count,             0
FUTGSHARE_OFF_PATH_MISPREDICT_10_total_pct,         -nan
FUTGSHARE_OFF_PATH_MISPREDICT_10_sum_count,             0
FUTGSHARE_OFF_PATH_MISPREDICT_10_sum_pct,         -nan
FUTGSHARE_OFF_PATH_MISPREDICT_10_sum_total_count,             0
FUTGSHARE_OFF_PATH_MISPREDICT_10_sum_total_pct,         -nan
FUTGSHARE_OFF_PATH_MISPREDICT_10_mean,         -nan
FUTGSHARE_OFF_PATH_MISPREDICT_10_stddev,         -nan
FUTGSHARE_OFF_PATH_MISPREDICT_10_total_mean,         -nan
FUTGSHARE_OFF_PATH_MISPREDICT_10_total_stddev,         -nan

FUTGSHARE_ON_PATH_CORRECT_11_count,             0
FUTGSHARE_ON_PATH_CORRECT_11_pct,         -nan
FUTGSHARE_ON_PATH_CORRECT_11_total_count,             0
FUTGSHARE_ON_PATH_CORRECT_11_total_pct,         -nan

FUTGSHARE_ON_PATH_MISPREDICT_11_count,             0
FUTGSHARE_ON_PATH_MISPREDICT_11_pct,         -nan
FUTGSHARE_ON_PATH_MISPREDICT_11_total_count,             0
FUTGSHARE_ON_PATH_MISPREDICT_11_total_pct,         -nan
FUTGSHARE_ON_PATH_MISPREDICT_11_sum_count,             0
FUTGSHARE_ON_PATH_MISPREDICT_11_sum_pct,         -nan
FUTGSHARE_ON_PATH_MISPREDICT_11_sum_total_count,             0
FUTGSHARE_ON_PATH_MISPREDICT_11_sum_total_pct,         -nan
FUTGSHARE_ON_PATH_MISPREDICT_11_mean,         -nan
FUTGSHARE_ON_PATH_MISPREDICT_11_stddev,         -nan
FUTGSHARE_ON_PATH_MISPREDICT_11_total_mean,         -nan
FUTGSHARE_ON_PATH_MISPREDICT_11_total_stddev,         -nan

FUTGSHARE_OFF_PATH_CORRECT_11_count,             0
FUTGSHARE_OFF_PATH_CORRECT_11_pct,         -nan
FUTGSHARE_OFF_PATH_CORRECT_11_total_count,             0
FUTGSHARE_OFF_PATH_CORRECT_11_total_pct,         -nan

FUTGSHARE_OFF_PATH_MISPREDICT_11_count,             0
FUTGSHARE_OFF_PATH_MISPREDICT_11_pct,         -nan
FUTGSHARE_OFF_PATH_MISPREDICT_11_total_count,             0
FUTGSHARE_OFF_PATH_MISPREDICT_11_total_pct,         -nan
FUTGSHARE_OFF_PATH_MISPREDICT_11_sum_count,             0
FUTGSHARE_OFF_PATH_MISPREDICT_11_sum_pct,         -nan
FUTGSHARE_OFF_PATH_MISPREDICT_11_sum_total_count,             0
FUTGSHARE_OFF_PATH_MISPREDICT_11_sum_total_pct,         -nan
FUTGSHARE_OFF_PATH_MISPREDICT_11_mean,         -nan
FUTGSHARE_OFF_PATH_MISPREDICT_11_stddev,         -nan
FUTGSHARE_OFF_PATH_MISPREDICT_11_total_mean,         -nan
FUTGSHARE_OFF_PATH_MISPREDICT_11_total_stddev,         -nan

FUTGSHARE_ON_PATH_CORRECT_12_count,             0
FUTGSHARE_ON_PATH_CORRECT_12_pct,         -nan
FUTGSHARE_ON_PATH_CORRECT_12_total_count,             0
FUTGSHARE_ON_PATH_CORRECT_12_total_pct,         -nan

FUTGSHARE_ON_PATH_MISPREDICT_12_count,             0
FUTGSHARE_ON_PATH_MISPREDICT_12_pct,         -nan
FUTGSHARE_ON_PATH_MISPREDICT_12_total_count,             0
FUTGSHARE_ON_PATH_MISPREDICT_12_total_pct,         -nan
FUTGSHARE_ON_PATH_MISPREDICT_12_sum_count,             0
FUTGSHARE_ON_PATH_MISPREDICT_12_sum_pct,         -nan
FUTGSHARE_ON_PATH_MISPREDICT_12_sum_total_count,             0
FUTGSHARE_ON_PATH_MISPREDICT_12_sum_total_pct,         -nan
FUTGSHARE_ON_PATH_MISPREDICT_12_mean,         -nan
FUTGSHARE_ON_PATH_MISPREDICT_12_stddev,         -nan
FUTGSHARE_ON_PATH_MISPREDICT_12_total_mean,         -nan
FUTGSHARE_ON_PATH_MISPREDICT_12_total_stddev,         -nan

FUTGSHARE_OFF_PATH_CORRECT_12_count,             0
FUTGSHARE_OFF_PATH_CORRECT_12_pct,         -nan
FUTGSHARE_OFF_PATH_CORRECT_12_total_count,             0
FUTGSHARE_OFF_PATH_CORRECT_12_total_pct,         -nan

FUTGSHARE_OFF_PATH_MISPREDICT_12_count,             0
FUTGSHARE_OFF_PATH_MISPREDICT_12_pct,         -nan
FUTGSHARE_OFF_PATH_MISPREDICT_12_total_count,             0
FUTGSHARE_OFF_PATH_MISPREDICT_12_total_pct,         -nan
FUTGSHARE_OFF_PATH_MISPREDICT_12_sum_count,             0
FUTGSHARE_OFF_PATH_MISPREDICT_12_sum_pct,         -nan
FUTGSHARE_OFF_PATH_MISPREDICT_12_sum_total_count,             0
FUTGSHARE_OFF_PATH_MISPREDICT_12_sum_total_pct,         -nan
FUTGSHARE_OFF_PATH_MISPREDICT_12_mean,         -nan
FUTGSHARE_OFF_PATH_MISPREDICT_12_stddev,         -nan
FUTGSHARE_OFF_PATH_MISPREDICT_12_total_mean,         -nan
FUTGSHARE_OFF_PATH_MISPREDICT_12_total_stddev,         -nan

FUTGSHARE_ON_PATH_CORRECT_13_count,             0
FUTGSHARE_ON_PATH_CORRECT_13_pct,         -nan
FUTGSHARE_ON_PATH_CORRECT_13_total_count,             0
FUTGSHARE_ON_PATH_CORRECT_13_total_pct,         -nan

FUTGSHARE_ON_PATH_MISPREDICT_13_count,             0
FUTGSHARE_ON_PATH_MISPREDICT_13_pct,         -nan
FUTGSHARE_ON_PATH_MISPREDICT_13_total_count,             0
FUTGSHARE_ON_PATH_MISPREDICT_13_total_pct,         -nan
FUTGSHARE_ON_PATH_MISPREDICT_13_sum_count,             0
FUTGSHARE_ON_PATH_MISPREDICT_13_sum_pct,         -nan
FUTGSHARE_ON_PATH_MISPREDICT_13_sum_total_count,             0
FUTGSHARE_ON_PATH_MISPREDICT_13_sum_total_pct,         -nan
FUTGSHARE_ON_PATH_MISPREDICT_13_mean,         -nan
FUTGSHARE_ON_PATH_MISPREDICT_13_stddev,         -nan
FUTGSHARE_ON_PATH_MISPREDICT_13_total_mean,         -nan
FUTGSHARE_ON_PATH_MISPREDICT_13_total_stddev,         -nan

FUTGSHARE_OFF_PATH_CORRECT_13_count,             0
FUTGSHARE_OFF_PATH_CORRECT_13_pct,         -nan
FUTGSHARE_OFF_PATH_CORRECT_13_total_count,             0
FUTGSHARE_OFF_PATH_CORRECT_13_total_pct,         -nan

FUTGSHARE_OFF_PATH_MISPREDICT_13_count,             0
FUTGSHARE_OFF_PATH_MISPREDICT_13_pct,         -nan
FUTGSHARE_OFF_PATH_MISPREDICT_13_total_count,             0
FUTGSHARE_OFF_PATH_MISPREDICT_13_total_pct,         -nan
FUTGSHARE_OFF_PATH_MISPREDICT_13_sum_count,             0
FUTGSHARE_OFF_PATH_MISPREDICT_13_sum_pct,         -nan
FUTGSHARE_OFF_PATH_MISPREDICT_13_sum_total_count,             0
FUTGSHARE_OFF_PATH_MISPREDICT_13_sum_total_pct,         -nan
FUTGSHARE_OFF_PATH_MISPREDICT_13_mean,         -nan
FUTGSHARE_OFF_PATH_MISPREDICT_13_stddev,         -nan
FUTGSHARE_OFF_PATH_MISPREDICT_13_total_mean,         -nan
FUTGSHARE_OFF_PATH_MISPREDICT_13_total_stddev,         -nan

FUTGSHARE_ON_PATH_CORRECT_14_count,             0
FUTGSHARE_ON_PATH_CORRECT_14_pct,         -nan
FUTGSHARE_ON_PATH_CORRECT_14_total_count,             0
FUTGSHARE_ON_PATH_CORRECT_14_total_pct,         -nan

FUTGSHARE_ON_PATH_MISPREDICT_14_count,             0
FUTGSHARE_ON_PATH_MISPREDICT_14_pct,         -nan
FUTGSHARE_ON_PATH_MISPREDICT_14_total_count,             0
FUTGSHARE_ON_PATH_MISPREDICT_14_total_pct,         -nan
FUTGSHARE_ON_PATH_MISPREDICT_14_sum_count,             0
FUTGSHARE_ON_PATH_MISPREDICT_14_sum_pct,         -nan
FUTGSHARE_ON_PATH_MISPREDICT_14_sum_total_count,             0
FUTGSHARE_ON_PATH_MISPREDICT_14_sum_total_pct,         -nan
FUTGSHARE_ON_PATH_MISPREDICT_14_mean,         -nan
FUTGSHARE_ON_PATH_MISPREDICT_14_stddev,         -nan
FUTGSHARE_ON_PATH_MISPREDICT_14_total_mean,         -nan
FUTGSHARE_ON_PATH_MISPREDICT_14_total_stddev,         -nan

FUTGSHARE_OFF_PATH_CORRECT_14_count,             0
FUTGSHARE_OFF_PATH_CORRECT_14_pct,         -nan
FUTGSHARE_OFF_PATH_CORRECT_14_total_count,             0
FUTGSHARE_OFF_PATH_CORRECT_14_total_pct,         -nan

FUTGSHARE_OFF_PATH_MISPREDICT_14_count,             0
FUTGSHARE_OFF_PATH_MISPREDICT_14_pct,         -nan
FUTGSHARE_OFF_PATH_MISPREDICT_14_total_count,             0
FUTGSHARE_OFF_PATH_MISPREDICT_14_total_pct,         -nan
FUTGSHARE_OFF_PATH_MISPREDICT_14_sum_count,             0
FUTGSHARE_OFF_PATH_MISPREDICT_14_sum_pct,         -nan
FUTGSHARE_OFF_PATH_MISPREDICT_14_sum_total_count,             0
FUTGSHARE_OFF_PATH_MISPREDICT_14_sum_total_pct,         -nan
FUTGSHARE_OFF_PATH_MISPREDICT_14_mean,         -nan
FUTGSHARE_OFF_PATH_MISPREDICT_14_stddev,         -nan
FUTGSHARE_OFF_PATH_MISPREDICT_14_total_mean,         -nan
FUTGSHARE_OFF_PATH_MISPREDICT_14_total_stddev,         -nan

FUTGSHARE_ON_PATH_CORRECT_15_count,             0
FUTGSHARE_ON_PATH_CORRECT_15_pct,         -nan
FUTGSHARE_ON_PATH_CORRECT_15_total_count,             0
FUTGSHARE_ON_PATH_CORRECT_15_total_pct,         -nan

FUTGSHARE_ON_PATH_MISPREDICT_15_count,             0
FUTGSHARE_ON_PATH_MISPREDICT_15_pct,         -nan
FUTGSHARE_ON_PATH_MISPREDICT_15_total_count,             0
FUTGSHARE_ON_PATH_MISPREDICT_15_total_pct,         -nan
FUTGSHARE_ON_PATH_MISPREDICT_15_sum_count,             0
FUTGSHARE_ON_PATH_MISPREDICT_15_sum_pct,         -nan
FUTGSHARE_ON_PATH_MISPREDICT_15_sum_total_count,             0
FUTGSHARE_ON_PATH_MISPREDICT_15_sum_total_pct,         -nan
FUTGSHARE_ON_PATH_MISPREDICT_15_mean,         -nan
FUTGSHARE_ON_PATH_MISPREDICT_15_stddev,         -nan
FUTGSHARE_ON_PATH_MISPREDICT_15_total_mean,         -nan
FUTGSHARE_ON_PATH_MISPREDICT_15_total_stddev,         -nan

FUTGSHARE_OFF_PATH_CORRECT_15_count,             0
FUTGSHARE_OFF_PATH_CORRECT_15_pct,         -nan
FUTGSHARE_OFF_PATH_CORRECT_15_total_count,             0
FUTGSHARE_OFF_PATH_CORRECT_15_total_pct,         -nan

FUTGSHARE_OFF_PATH_MISPREDICT_15_count,             0
FUTGSHARE_OFF_PATH_MISPREDICT_15_pct,         -nan
FUTGSHARE_OFF_PATH_MISPREDICT_15_total_count,             0
FUTGSHARE_OFF_PATH_MISPREDICT_15_total_pct,         -nan
FUTGSHARE_OFF_PATH_MISPREDICT_15_sum_count,             0
FUTGSHARE_OFF_PATH_MISPREDICT_15_sum_pct,         -nan
FUTGSHARE_OFF_PATH_MISPREDICT_15_sum_total_count,             0
FUTGSHARE_OFF_PATH_MISPREDICT_15_sum_total_pct,         -nan
FUTGSHARE_OFF_PATH_MISPREDICT_15_mean,         -nan
FUTGSHARE_OFF_PATH_MISPREDICT_15_stddev,         -nan
FUTGSHARE_OFF_PATH_MISPREDICT_15_total_mean,         -nan
FUTGSHARE_OFF_PATH_MISPREDICT_15_total_stddev,         -nan

FUTGSHARE_CHANGED_CORRECTED_ON_PATH_0_count,             0
FUTGSHARE_CHANGED_CORRECTED_ON_PATH_0_pct,         -nan
FUTGSHARE_CHANGED_CORRECTED_ON_PATH_0_total_count,             0
FUTGSHARE_CHANGED_CORRECTED_ON_PATH_0_total_pct,         -nan

FUTGSHARE_CHANGED_SCREWED_ON_PATH_0_count,             0
FUTGSHARE_CHANGED_SCREWED_ON_PATH_0_pct,         -nan
FUTGSHARE_CHANGED_SCREWED_ON_PATH_0_total_count,             0
FUTGSHARE_CHANGED_SCREWED_ON_PATH_0_total_pct,         -nan
FUTGSHARE_CHANGED_SCREWED_ON_PATH_0_sum_count,             0
FUTGSHARE_CHANGED_SCREWED_ON_PATH_0_sum_pct,         -nan
FUTGSHARE_CHANGED_SCREWED_ON_PATH_0_sum_total_count,             0
FUTGSHARE_CHANGED_SCREWED_ON_PATH_0_sum_total_pct,         -nan
FUTGSHARE_CHANGED_SCREWED_ON_PATH_0_mean,         -nan
FUTGSHARE_CHANGED_SCREWED_ON_PATH_0_stddev,         -nan
FUTGSHARE_CHANGED_SCREWED_ON_PATH_0_total_mean,         -nan
FUTGSHARE_CHANGED_SCREWED_ON_PATH_0_total_stddev,         -nan

FUTGSHARE_CHANGED_CORRECTED_OFF_PATH_0_count,             0
FUTGSHARE_CHANGED_CORRECTED_OFF_PATH_0_pct,         -nan
FUTGSHARE_CHANGED_CORRECTED_OFF_PATH_0_total_count,             0
FUTGSHARE_CHANGED_CORRECTED_OFF_PATH_0_total_pct,         -nan

FUTGSHARE_CHANGED_SCREWED_OFF_PATH_0_count,             0
FUTGSHARE_CHANGED_SCREWED_OFF_PATH_0_pct,         -nan
FUTGSHARE_CHANGED_SCREWED_OFF_PATH_0_total_count,             0
FUTGSHARE_CHANGED_SCREWED_OFF_PATH_0_total_pct,         -nan
FUTGSHARE_CHANGED_SCREWED_OFF_PATH_0_sum_count,             0
FUTGSHARE_CHANGED_SCREWED_OFF_PATH_0_sum_pct,         -nan
FUTGSHARE_CHANGED_SCREWED_OFF_PATH_0_sum_total_count,             0
FUTGSHARE_CHANGED_SCREWED_OFF_PATH_0_sum_total_pct,         -nan
FUTGSHARE_CHANGED_SCREWED_OFF_PATH_0_mean,         -nan
FUTGSHARE_CHANGED_SCREWED_OFF_PATH_0_stddev,         -nan
FUTGSHARE_CHANGED_SCREWED_OFF_PATH_0_total_mean,         -nan
FUTGSHARE_CHANGED_SCREWED_OFF_PATH_0_total_stddev,         -nan

FUTGSHARE_CHANGED_CORRECTED_ON_PATH_1_count,             0
FUTGSHARE_CHANGED_CORRECTED_ON_PATH_1_pct,         -nan
FUTGSHARE_CHANGED_CORRECTED_ON_PATH_1_total_count,             0
FUTGSHARE_CHANGED_CORRECTED_ON_PATH_1_total_pct,         -nan

FUTGSHARE_CHANGED_SCREWED_ON_PATH_1_count,             0
FUTGSHARE_CHANGED_SCREWED_ON_PATH_1_pct,         -nan
FUTGSHARE_CHANGED_SCREWED_ON_PATH_1_total_count,             0
FUTGSHARE_CHANGED_SCREWED_ON_PATH_1_total_pct,         -nan
FUTGSHARE_CHANGED_SCREWED_ON_PATH_1_sum_count,             0
FUTGSHARE_CHANGED_SCREWED_ON_PATH_1_sum_pct,         -nan
FUTGSHARE_CHANGED_SCREWED_ON_PATH_1_sum_total_count,             0
FUTGSHARE_CHANGED_SCREWED_ON_PATH_1_sum_total_pct,         -nan
FUTGSHARE_CHANGED_SCREWED_ON_PATH_1_mean,         -nan
FUTGSHARE_CHANGED_SCREWED_ON_PATH_1_stddev,         -nan
FUTGSHARE_CHANGED_SCREWED_ON_PATH_1_total_mean,         -nan
FUTGSHARE_CHANGED_SCREWED_ON_PATH_1_total_stddev,         -nan

FUTGSHARE_CHANGED_CORRECTED_OFF_PATH_1_count,             0
FUTGSHARE_CHANGED_CORRECTED_OFF_PATH_1_pct,         -nan
FUTGSHARE_CHANGED_CORRECTED_OFF_PATH_1_total_count,             0
FUTGSHARE_CHANGED_CORRECTED_OFF_PATH_1_total_pct,         -nan

FUTGSHARE_CHANGED_SCREWED_OFF_PATH_1_count,             0
FUTGSHARE_CHANGED_SCREWED_OFF_PATH_1_pct,         -nan
FUTGSHARE_CHANGED_SCREWED_OFF_PATH_1_total_count,             0
FUTGSHARE_CHANGED_SCREWED_OFF_PATH_1_total_pct,         -nan
FUTGSHARE_CHANGED_SCREWED_OFF_PATH_1_sum_count,             0
FUTGSHARE_CHANGED_SCREWED_OFF_PATH_1_sum_pct,         -nan
FUTGSHARE_CHANGED_SCREWED_OFF_PATH_1_sum_total_count,             0
FUTGSHARE_CHANGED_SCREWED_OFF_PATH_1_sum_total_pct,         -nan
FUTGSHARE_CHANGED_SCREWED_OFF_PATH_1_mean,         -nan
FUTGSHARE_CHANGED_SCREWED_OFF_PATH_1_stddev,         -nan
FUTGSHARE_CHANGED_SCREWED_OFF_PATH_1_total_mean,         -nan
FUTGSHARE_CHANGED_SCREWED_OFF_PATH_1_total_stddev,         -nan

FUTGSHARE_CHANGED_CORRECTED_ON_PATH_2_count,             0
FUTGSHARE_CHANGED_CORRECTED_ON_PATH_2_pct,         -nan
FUTGSHARE_CHANGED_CORRECTED_ON_PATH_2_total_count,             0
FUTGSHARE_CHANGED_CORRECTED_ON_PATH_2_total_pct,         -nan

FUTGSHARE_CHANGED_SCREWED_ON_PATH_2_count,             0
FUTGSHARE_CHANGED_SCREWED_ON_PATH_2_pct,         -nan
FUTGSHARE_CHANGED_SCREWED_ON_PATH_2_total_count,             0
FUTGSHARE_CHANGED_SCREWED_ON_PATH_2_total_pct,         -nan
FUTGSHARE_CHANGED_SCREWED_ON_PATH_2_sum_count,             0
FUTGSHARE_CHANGED_SCREWED_ON_PATH_2_sum_pct,         -nan
FUTGSHARE_CHANGED_SCREWED_ON_PATH_2_sum_total_count,             0
FUTGSHARE_CHANGED_SCREWED_ON_PATH_2_sum_total_pct,         -nan
FUTGSHARE_CHANGED_SCREWED_ON_PATH_2_mean,         -nan
FUTGSHARE_CHANGED_SCREWED_ON_PATH_2_stddev,         -nan
FUTGSHARE_CHANGED_SCREWED_ON_PATH_2_total_mean,         -nan
FUTGSHARE_CHANGED_SCREWED_ON_PATH_2_total_stddev,         -nan

FUTGSHARE_CHANGED_CORRECTED_OFF_PATH_2_count,             0
FUTGSHARE_CHANGED_CORRECTED_OFF_PATH_2_pct,         -nan
FUTGSHARE_CHANGED_CORRECTED_OFF_PATH_2_total_count,             0
FUTGSHARE_CHANGED_CORRECTED_OFF_PATH_2_total_pct,         -nan

FUTGSHARE_CHANGED_SCREWED_OFF_PATH_2_count,             0
FUTGSHARE_CHANGED_SCREWED_OFF_PATH_2_pct,         -nan
FUTGSHARE_CHANGED_SCREWED_OFF_PATH_2_total_count,             0
FUTGSHARE_CHANGED_SCREWED_OFF_PATH_2_total_pct,         -nan
FUTGSHARE_CHANGED_SCREWED_OFF_PATH_2_sum_count,             0
FUTGSHARE_CHANGED_SCREWED_OFF_PATH_2_sum_pct,         -nan
FUTGSHARE_CHANGED_SCREWED_OFF_PATH_2_sum_total_count,             0
FUTGSHARE_CHANGED_SCREWED_OFF_PATH_2_sum_total_pct,         -nan
FUTGSHARE_CHANGED_SCREWED_OFF_PATH_2_mean,         -nan
FUTGSHARE_CHANGED_SCREWED_OFF_PATH_2_stddev,         -nan
FUTGSHARE_CHANGED_SCREWED_OFF_PATH_2_total_mean,         -nan
FUTGSHARE_CHANGED_SCREWED_OFF_PATH_2_total_stddev,         -nan

FUTGSHARE_CHANGED_CORRECTED_ON_PATH_3_count,             0
FUTGSHARE_CHANGED_CORRECTED_ON_PATH_3_pct,         -nan
FUTGSHARE_CHANGED_CORRECTED_ON_PATH_3_total_count,             0
FUTGSHARE_CHANGED_CORRECTED_ON_PATH_3_total_pct,         -nan

FUTGSHARE_CHANGED_SCREWED_ON_PATH_3_count,             0
FUTGSHARE_CHANGED_SCREWED_ON_PATH_3_pct,         -nan
FUTGSHARE_CHANGED_SCREWED_ON_PATH_3_total_count,             0
FUTGSHARE_CHANGED_SCREWED_ON_PATH_3_total_pct,         -nan
FUTGSHARE_CHANGED_SCREWED_ON_PATH_3_sum_count,             0
FUTGSHARE_CHANGED_SCREWED_ON_PATH_3_sum_pct,         -nan
FUTGSHARE_CHANGED_SCREWED_ON_PATH_3_sum_total_count,             0
FUTGSHARE_CHANGED_SCREWED_ON_PATH_3_sum_total_pct,         -nan
FUTGSHARE_CHANGED_SCREWED_ON_PATH_3_mean,         -nan
FUTGSHARE_CHANGED_SCREWED_ON_PATH_3_stddev,         -nan
FUTGSHARE_CHANGED_SCREWED_ON_PATH_3_total_mean,         -nan
FUTGSHARE_CHANGED_SCREWED_ON_PATH_3_total_stddev,         -nan

FUTGSHARE_CHANGED_CORRECTED_OFF_PATH_3_count,             0
FUTGSHARE_CHANGED_CORRECTED_OFF_PATH_3_pct,         -nan
FUTGSHARE_CHANGED_CORRECTED_OFF_PATH_3_total_count,             0
FUTGSHARE_CHANGED_CORRECTED_OFF_PATH_3_total_pct,         -nan

FUTGSHARE_CHANGED_SCREWED_OFF_PATH_3_count,             0
FUTGSHARE_CHANGED_SCREWED_OFF_PATH_3_pct,         -nan
FUTGSHARE_CHANGED_SCREWED_OFF_PATH_3_total_count,             0
FUTGSHARE_CHANGED_SCREWED_OFF_PATH_3_total_pct,         -nan
FUTGSHARE_CHANGED_SCREWED_OFF_PATH_3_sum_count,             0
FUTGSHARE_CHANGED_SCREWED_OFF_PATH_3_sum_pct,         -nan
FUTGSHARE_CHANGED_SCREWED_OFF_PATH_3_sum_total_count,             0
FUTGSHARE_CHANGED_SCREWED_OFF_PATH_3_sum_total_pct,         -nan
FUTGSHARE_CHANGED_SCREWED_OFF_PATH_3_mean,         -nan
FUTGSHARE_CHANGED_SCREWED_OFF_PATH_3_stddev,         -nan
FUTGSHARE_CHANGED_SCREWED_OFF_PATH_3_total_mean,         -nan
FUTGSHARE_CHANGED_SCREWED_OFF_PATH_3_total_stddev,         -nan

FUTGSHARE_CHANGED_CORRECTED_ON_PATH_4_count,             0
FUTGSHARE_CHANGED_CORRECTED_ON_PATH_4_pct,         -nan
FUTGSHARE_CHANGED_CORRECTED_ON_PATH_4_total_count,             0
FUTGSHARE_CHANGED_CORRECTED_ON_PATH_4_total_pct,         -nan

FUTGSHARE_CHANGED_SCREWED_ON_PATH_4_count,             0
FUTGSHARE_CHANGED_SCREWED_ON_PATH_4_pct,         -nan
FUTGSHARE_CHANGED_SCREWED_ON_PATH_4_total_count,             0
FUTGSHARE_CHANGED_SCREWED_ON_PATH_4_total_pct,         -nan
FUTGSHARE_CHANGED_SCREWED_ON_PATH_4_sum_count,             0
FUTGSHARE_CHANGED_SCREWED_ON_PATH_4_sum_pct,         -nan
FUTGSHARE_CHANGED_SCREWED_ON_PATH_4_sum_total_count,             0
FUTGSHARE_CHANGED_SCREWED_ON_PATH_4_sum_total_pct,         -nan
FUTGSHARE_CHANGED_SCREWED_ON_PATH_4_mean,         -nan
FUTGSHARE_CHANGED_SCREWED_ON_PATH_4_stddev,         -nan
FUTGSHARE_CHANGED_SCREWED_ON_PATH_4_total_mean,         -nan
FUTGSHARE_CHANGED_SCREWED_ON_PATH_4_total_stddev,         -nan

FUTGSHARE_CHANGED_CORRECTED_OFF_PATH_4_count,             0
FUTGSHARE_CHANGED_CORRECTED_OFF_PATH_4_pct,         -nan
FUTGSHARE_CHANGED_CORRECTED_OFF_PATH_4_total_count,             0
FUTGSHARE_CHANGED_CORRECTED_OFF_PATH_4_total_pct,         -nan

FUTGSHARE_CHANGED_SCREWED_OFF_PATH_4_count,             0
FUTGSHARE_CHANGED_SCREWED_OFF_PATH_4_pct,         -nan
FUTGSHARE_CHANGED_SCREWED_OFF_PATH_4_total_count,             0
FUTGSHARE_CHANGED_SCREWED_OFF_PATH_4_total_pct,         -nan
FUTGSHARE_CHANGED_SCREWED_OFF_PATH_4_sum_count,             0
FUTGSHARE_CHANGED_SCREWED_OFF_PATH_4_sum_pct,         -nan
FUTGSHARE_CHANGED_SCREWED_OFF_PATH_4_sum_total_count,             0
FUTGSHARE_CHANGED_SCREWED_OFF_PATH_4_sum_total_pct,         -nan
FUTGSHARE_CHANGED_SCREWED_OFF_PATH_4_mean,         -nan
FUTGSHARE_CHANGED_SCREWED_OFF_PATH_4_stddev,         -nan
FUTGSHARE_CHANGED_SCREWED_OFF_PATH_4_total_mean,         -nan
FUTGSHARE_CHANGED_SCREWED_OFF_PATH_4_total_stddev,         -nan

FUTGSHARE_CHANGED_CORRECTED_ON_PATH_5_count,             0
FUTGSHARE_CHANGED_CORRECTED_ON_PATH_5_pct,         -nan
FUTGSHARE_CHANGED_CORRECTED_ON_PATH_5_total_count,             0
FUTGSHARE_CHANGED_CORRECTED_ON_PATH_5_total_pct,         -nan

FUTGSHARE_CHANGED_SCREWED_ON_PATH_5_count,             0
FUTGSHARE_CHANGED_SCREWED_ON_PATH_5_pct,         -nan
FUTGSHARE_CHANGED_SCREWED_ON_PATH_5_total_count,             0
FUTGSHARE_CHANGED_SCREWED_ON_PATH_5_total_pct,         -nan
FUTGSHARE_CHANGED_SCREWED_ON_PATH_5_sum_count,             0
FUTGSHARE_CHANGED_SCREWED_ON_PATH_5_sum_pct,         -nan
FUTGSHARE_CHANGED_SCREWED_ON_PATH_5_sum_total_count,             0
FUTGSHARE_CHANGED_SCREWED_ON_PATH_5_sum_total_pct,         -nan
FUTGSHARE_CHANGED_SCREWED_ON_PATH_5_mean,         -nan
FUTGSHARE_CHANGED_SCREWED_ON_PATH_5_stddev,         -nan
FUTGSHARE_CHANGED_SCREWED_ON_PATH_5_total_mean,         -nan
FUTGSHARE_CHANGED_SCREWED_ON_PATH_5_total_stddev,         -nan

FUTGSHARE_CHANGED_CORRECTED_OFF_PATH_5_count,             0
FUTGSHARE_CHANGED_CORRECTED_OFF_PATH_5_pct,         -nan
FUTGSHARE_CHANGED_CORRECTED_OFF_PATH_5_total_count,             0
FUTGSHARE_CHANGED_CORRECTED_OFF_PATH_5_total_pct,         -nan

FUTGSHARE_CHANGED_SCREWED_OFF_PATH_5_count,             0
FUTGSHARE_CHANGED_SCREWED_OFF_PATH_5_pct,         -nan
FUTGSHARE_CHANGED_SCREWED_OFF_PATH_5_total_count,             0
FUTGSHARE_CHANGED_SCREWED_OFF_PATH_5_total_pct,         -nan
FUTGSHARE_CHANGED_SCREWED_OFF_PATH_5_sum_count,             0
FUTGSHARE_CHANGED_SCREWED_OFF_PATH_5_sum_pct,         -nan
FUTGSHARE_CHANGED_SCREWED_OFF_PATH_5_sum_total_count,             0
FUTGSHARE_CHANGED_SCREWED_OFF_PATH_5_sum_total_pct,         -nan
FUTGSHARE_CHANGED_SCREWED_OFF_PATH_5_mean,         -nan
FUTGSHARE_CHANGED_SCREWED_OFF_PATH_5_stddev,         -nan
FUTGSHARE_CHANGED_SCREWED_OFF_PATH_5_total_mean,         -nan
FUTGSHARE_CHANGED_SCREWED_OFF_PATH_5_total_stddev,         -nan

FUTGSHARE_CHANGED_CORRECTED_ON_PATH_6_count,             0
FUTGSHARE_CHANGED_CORRECTED_ON_PATH_6_pct,         -nan
FUTGSHARE_CHANGED_CORRECTED_ON_PATH_6_total_count,             0
FUTGSHARE_CHANGED_CORRECTED_ON_PATH_6_total_pct,         -nan

FUTGSHARE_CHANGED_SCREWED_ON_PATH_6_count,             0
FUTGSHARE_CHANGED_SCREWED_ON_PATH_6_pct,         -nan
FUTGSHARE_CHANGED_SCREWED_ON_PATH_6_total_count,             0
FUTGSHARE_CHANGED_SCREWED_ON_PATH_6_total_pct,         -nan
FUTGSHARE_CHANGED_SCREWED_ON_PATH_6_sum_count,             0
FUTGSHARE_CHANGED_SCREWED_ON_PATH_6_sum_pct,         -nan
FUTGSHARE_CHANGED_SCREWED_ON_PATH_6_sum_total_count,             0
FUTGSHARE_CHANGED_SCREWED_ON_PATH_6_sum_total_pct,         -nan
FUTGSHARE_CHANGED_SCREWED_ON_PATH_6_mean,         -nan
FUTGSHARE_CHANGED_SCREWED_ON_PATH_6_stddev,         -nan
FUTGSHARE_CHANGED_SCREWED_ON_PATH_6_total_mean,         -nan
FUTGSHARE_CHANGED_SCREWED_ON_PATH_6_total_stddev,         -nan

FUTGSHARE_CHANGED_CORRECTED_OFF_PATH_6_count,             0
FUTGSHARE_CHANGED_CORRECTED_OFF_PATH_6_pct,         -nan
FUTGSHARE_CHANGED_CORRECTED_OFF_PATH_6_total_count,             0
FUTGSHARE_CHANGED_CORRECTED_OFF_PATH_6_total_pct,         -nan

FUTGSHARE_CHANGED_SCREWED_OFF_PATH_6_count,             0
FUTGSHARE_CHANGED_SCREWED_OFF_PATH_6_pct,         -nan
FUTGSHARE_CHANGED_SCREWED_OFF_PATH_6_total_count,             0
FUTGSHARE_CHANGED_SCREWED_OFF_PATH_6_total_pct,         -nan
FUTGSHARE_CHANGED_SCREWED_OFF_PATH_6_sum_count,             0
FUTGSHARE_CHANGED_SCREWED_OFF_PATH_6_sum_pct,         -nan
FUTGSHARE_CHANGED_SCREWED_OFF_PATH_6_sum_total_count,             0
FUTGSHARE_CHANGED_SCREWED_OFF_PATH_6_sum_total_pct,         -nan
FUTGSHARE_CHANGED_SCREWED_OFF_PATH_6_mean,         -nan
FUTGSHARE_CHANGED_SCREWED_OFF_PATH_6_stddev,         -nan
FUTGSHARE_CHANGED_SCREWED_OFF_PATH_6_total_mean,         -nan
FUTGSHARE_CHANGED_SCREWED_OFF_PATH_6_total_stddev,         -nan

FUTGSHARE_CHANGED_CORRECTED_ON_PATH_7_count,             0
FUTGSHARE_CHANGED_CORRECTED_ON_PATH_7_pct,         -nan
FUTGSHARE_CHANGED_CORRECTED_ON_PATH_7_total_count,             0
FUTGSHARE_CHANGED_CORRECTED_ON_PATH_7_total_pct,         -nan

FUTGSHARE_CHANGED_SCREWED_ON_PATH_7_count,             0
FUTGSHARE_CHANGED_SCREWED_ON_PATH_7_pct,         -nan
FUTGSHARE_CHANGED_SCREWED_ON_PATH_7_total_count,             0
FUTGSHARE_CHANGED_SCREWED_ON_PATH_7_total_pct,         -nan
FUTGSHARE_CHANGED_SCREWED_ON_PATH_7_sum_count,             0
FUTGSHARE_CHANGED_SCREWED_ON_PATH_7_sum_pct,         -nan
FUTGSHARE_CHANGED_SCREWED_ON_PATH_7_sum_total_count,             0
FUTGSHARE_CHANGED_SCREWED_ON_PATH_7_sum_total_pct,         -nan
FUTGSHARE_CHANGED_SCREWED_ON_PATH_7_mean,         -nan
FUTGSHARE_CHANGED_SCREWED_ON_PATH_7_stddev,         -nan
FUTGSHARE_CHANGED_SCREWED_ON_PATH_7_total_mean,         -nan
FUTGSHARE_CHANGED_SCREWED_ON_PATH_7_total_stddev,         -nan

FUTGSHARE_CHANGED_CORRECTED_OFF_PATH_7_count,             0
FUTGSHARE_CHANGED_CORRECTED_OFF_PATH_7_pct,         -nan
FUTGSHARE_CHANGED_CORRECTED_OFF_PATH_7_total_count,             0
FUTGSHARE_CHANGED_CORRECTED_OFF_PATH_7_total_pct,         -nan

FUTGSHARE_CHANGED_SCREWED_OFF_PATH_7_count,             0
FUTGSHARE_CHANGED_SCREWED_OFF_PATH_7_pct,         -nan
FUTGSHARE_CHANGED_SCREWED_OFF_PATH_7_total_count,             0
FUTGSHARE_CHANGED_SCREWED_OFF_PATH_7_total_pct,         -nan
FUTGSHARE_CHANGED_SCREWED_OFF_PATH_7_sum_count,             0
FUTGSHARE_CHANGED_SCREWED_OFF_PATH_7_sum_pct,         -nan
FUTGSHARE_CHANGED_SCREWED_OFF_PATH_7_sum_total_count,             0
FUTGSHARE_CHANGED_SCREWED_OFF_PATH_7_sum_total_pct,         -nan
FUTGSHARE_CHANGED_SCREWED_OFF_PATH_7_mean,         -nan
FUTGSHARE_CHANGED_SCREWED_OFF_PATH_7_stddev,         -nan
FUTGSHARE_CHANGED_SCREWED_OFF_PATH_7_total_mean,         -nan
FUTGSHARE_CHANGED_SCREWED_OFF_PATH_7_total_stddev,         -nan

FUTGSHARE_CHANGED_CORRECTED_ON_PATH_8_count,             0
FUTGSHARE_CHANGED_CORRECTED_ON_PATH_8_pct,         -nan
FUTGSHARE_CHANGED_CORRECTED_ON_PATH_8_total_count,             0
FUTGSHARE_CHANGED_CORRECTED_ON_PATH_8_total_pct,         -nan

FUTGSHARE_CHANGED_SCREWED_ON_PATH_8_count,             0
FUTGSHARE_CHANGED_SCREWED_ON_PATH_8_pct,         -nan
FUTGSHARE_CHANGED_SCREWED_ON_PATH_8_total_count,             0
FUTGSHARE_CHANGED_SCREWED_ON_PATH_8_total_pct,         -nan
FUTGSHARE_CHANGED_SCREWED_ON_PATH_8_sum_count,             0
FUTGSHARE_CHANGED_SCREWED_ON_PATH_8_sum_pct,         -nan
FUTGSHARE_CHANGED_SCREWED_ON_PATH_8_sum_total_count,             0
FUTGSHARE_CHANGED_SCREWED_ON_PATH_8_sum_total_pct,         -nan
FUTGSHARE_CHANGED_SCREWED_ON_PATH_8_mean,         -nan
FUTGSHARE_CHANGED_SCREWED_ON_PATH_8_stddev,         -nan
FUTGSHARE_CHANGED_SCREWED_ON_PATH_8_total_mean,         -nan
FUTGSHARE_CHANGED_SCREWED_ON_PATH_8_total_stddev,         -nan

FUTGSHARE_CHANGED_CORRECTED_OFF_PATH_8_count,             0
FUTGSHARE_CHANGED_CORRECTED_OFF_PATH_8_pct,         -nan
FUTGSHARE_CHANGED_CORRECTED_OFF_PATH_8_total_count,             0
FUTGSHARE_CHANGED_CORRECTED_OFF_PATH_8_total_pct,         -nan

FUTGSHARE_CHANGED_SCREWED_OFF_PATH_8_count,             0
FUTGSHARE_CHANGED_SCREWED_OFF_PATH_8_pct,         -nan
FUTGSHARE_CHANGED_SCREWED_OFF_PATH_8_total_count,             0
FUTGSHARE_CHANGED_SCREWED_OFF_PATH_8_total_pct,         -nan
FUTGSHARE_CHANGED_SCREWED_OFF_PATH_8_sum_count,             0
FUTGSHARE_CHANGED_SCREWED_OFF_PATH_8_sum_pct,         -nan
FUTGSHARE_CHANGED_SCREWED_OFF_PATH_8_sum_total_count,             0
FUTGSHARE_CHANGED_SCREWED_OFF_PATH_8_sum_total_pct,         -nan
FUTGSHARE_CHANGED_SCREWED_OFF_PATH_8_mean,         -nan
FUTGSHARE_CHANGED_SCREWED_OFF_PATH_8_stddev,         -nan
FUTGSHARE_CHANGED_SCREWED_OFF_PATH_8_total_mean,         -nan
FUTGSHARE_CHANGED_SCREWED_OFF_PATH_8_total_stddev,         -nan

FUTGSHARE_CHANGED_CORRECTED_ON_PATH_9_count,             0
FUTGSHARE_CHANGED_CORRECTED_ON_PATH_9_pct,         -nan
FUTGSHARE_CHANGED_CORRECTED_ON_PATH_9_total_count,             0
FUTGSHARE_CHANGED_CORRECTED_ON_PATH_9_total_pct,         -nan

FUTGSHARE_CHANGED_SCREWED_ON_PATH_9_count,             0
FUTGSHARE_CHANGED_SCREWED_ON_PATH_9_pct,         -nan
FUTGSHARE_CHANGED_SCREWED_ON_PATH_9_total_count,             0
FUTGSHARE_CHANGED_SCREWED_ON_PATH_9_total_pct,         -nan
FUTGSHARE_CHANGED_SCREWED_ON_PATH_9_sum_count,             0
FUTGSHARE_CHANGED_SCREWED_ON_PATH_9_sum_pct,         -nan
FUTGSHARE_CHANGED_SCREWED_ON_PATH_9_sum_total_count,             0
FUTGSHARE_CHANGED_SCREWED_ON_PATH_9_sum_total_pct,         -nan
FUTGSHARE_CHANGED_SCREWED_ON_PATH_9_mean,         -nan
FUTGSHARE_CHANGED_SCREWED_ON_PATH_9_stddev,         -nan
FUTGSHARE_CHANGED_SCREWED_ON_PATH_9_total_mean,         -nan
FUTGSHARE_CHANGED_SCREWED_ON_PATH_9_total_stddev,         -nan

FUTGSHARE_CHANGED_CORRECTED_OFF_PATH_9_count,             0
FUTGSHARE_CHANGED_CORRECTED_OFF_PATH_9_pct,         -nan
FUTGSHARE_CHANGED_CORRECTED_OFF_PATH_9_total_count,             0
FUTGSHARE_CHANGED_CORRECTED_OFF_PATH_9_total_pct,         -nan

FUTGSHARE_CHANGED_SCREWED_OFF_PATH_9_count,             0
FUTGSHARE_CHANGED_SCREWED_OFF_PATH_9_pct,         -nan
FUTGSHARE_CHANGED_SCREWED_OFF_PATH_9_total_count,             0
FUTGSHARE_CHANGED_SCREWED_OFF_PATH_9_total_pct,         -nan
FUTGSHARE_CHANGED_SCREWED_OFF_PATH_9_sum_count,             0
FUTGSHARE_CHANGED_SCREWED_OFF_PATH_9_sum_pct,         -nan
FUTGSHARE_CHANGED_SCREWED_OFF_PATH_9_sum_total_count,             0
FUTGSHARE_CHANGED_SCREWED_OFF_PATH_9_sum_total_pct,         -nan
FUTGSHARE_CHANGED_SCREWED_OFF_PATH_9_mean,         -nan
FUTGSHARE_CHANGED_SCREWED_OFF_PATH_9_stddev,         -nan
FUTGSHARE_CHANGED_SCREWED_OFF_PATH_9_total_mean,         -nan
FUTGSHARE_CHANGED_SCREWED_OFF_PATH_9_total_stddev,         -nan

FUTGSHARE_CHANGED_CORRECTED_ON_PATH_10_count,             0
FUTGSHARE_CHANGED_CORRECTED_ON_PATH_10_pct,         -nan
FUTGSHARE_CHANGED_CORRECTED_ON_PATH_10_total_count,             0
FUTGSHARE_CHANGED_CORRECTED_ON_PATH_10_total_pct,         -nan

FUTGSHARE_CHANGED_SCREWED_ON_PATH_10_count,             0
FUTGSHARE_CHANGED_SCREWED_ON_PATH_10_pct,         -nan
FUTGSHARE_CHANGED_SCREWED_ON_PATH_10_total_count,             0
FUTGSHARE_CHANGED_SCREWED_ON_PATH_10_total_pct,         -nan
FUTGSHARE_CHANGED_SCREWED_ON_PATH_10_sum_count,             0
FUTGSHARE_CHANGED_SCREWED_ON_PATH_10_sum_pct,         -nan
FUTGSHARE_CHANGED_SCREWED_ON_PATH_10_sum_total_count,             0
FUTGSHARE_CHANGED_SCREWED_ON_PATH_10_sum_total_pct,         -nan
FUTGSHARE_CHANGED_SCREWED_ON_PATH_10_mean,         -nan
FUTGSHARE_CHANGED_SCREWED_ON_PATH_10_stddev,         -nan
FUTGSHARE_CHANGED_SCREWED_ON_PATH_10_total_mean,         -nan
FUTGSHARE_CHANGED_SCREWED_ON_PATH_10_total_stddev,         -nan

FUTGSHARE_CHANGED_CORRECTED_OFF_PATH_10_count,             0
FUTGSHARE_CHANGED_CORRECTED_OFF_PATH_10_pct,         -nan
FUTGSHARE_CHANGED_CORRECTED_OFF_PATH_10_total_count,             0
FUTGSHARE_CHANGED_CORRECTED_OFF_PATH_10_total_pct,         -nan

FUTGSHARE_CHANGED_SCREWED_OFF_PATH_10_count,             0
FUTGSHARE_CHANGED_SCREWED_OFF_PATH_10_pct,         -nan
FUTGSHARE_CHANGED_SCREWED_OFF_PATH_10_total_count,             0
FUTGSHARE_CHANGED_SCREWED_OFF_PATH_10_total_pct,         -nan
FUTGSHARE_CHANGED_SCREWED_OFF_PATH_10_sum_count,             0
FUTGSHARE_CHANGED_SCREWED_OFF_PATH_10_sum_pct,         -nan
FUTGSHARE_CHANGED_SCREWED_OFF_PATH_10_sum_total_count,             0
FUTGSHARE_CHANGED_SCREWED_OFF_PATH_10_sum_total_pct,         -nan
FUTGSHARE_CHANGED_SCREWED_OFF_PATH_10_mean,         -nan
FUTGSHARE_CHANGED_SCREWED_OFF_PATH_10_stddev,         -nan
FUTGSHARE_CHANGED_SCREWED_OFF_PATH_10_total_mean,         -nan
FUTGSHARE_CHANGED_SCREWED_OFF_PATH_10_total_stddev,         -nan

FUTGSHARE_CHANGED_CORRECTED_ON_PATH_11_count,             0
FUTGSHARE_CHANGED_CORRECTED_ON_PATH_11_pct,         -nan
FUTGSHARE_CHANGED_CORRECTED_ON_PATH_11_total_count,             0
FUTGSHARE_CHANGED_CORRECTED_ON_PATH_11_total_pct,         -nan

FUTGSHARE_CHANGED_SCREWED_ON_PATH_11_count,             0
FUTGSHARE_CHANGED_SCREWED_ON_PATH_11_pct,         -nan
FUTGSHARE_CHANGED_SCREWED_ON_PATH_11_total_count,             0
FUTGSHARE_CHANGED_SCREWED_ON_PATH_11_total_pct,         -nan
FUTGSHARE_CHANGED_SCREWED_ON_PATH_11_sum_count,             0
FUTGSHARE_CHANGED_SCREWED_ON_PATH_11_sum_pct,         -nan
FUTGSHARE_CHANGED_SCREWED_ON_PATH_11_sum_total_count,             0
FUTGSHARE_CHANGED_SCREWED_ON_PATH_11_sum_total_pct,         -nan
FUTGSHARE_CHANGED_SCREWED_ON_PATH_11_mean,         -nan
FUTGSHARE_CHANGED_SCREWED_ON_PATH_11_stddev,         -nan
FUTGSHARE_CHANGED_SCREWED_ON_PATH_11_total_mean,         -nan
FUTGSHARE_CHANGED_SCREWED_ON_PATH_11_total_stddev,         -nan

FUTGSHARE_CHANGED_CORRECTED_OFF_PATH_11_count,             0
FUTGSHARE_CHANGED_CORRECTED_OFF_PATH_11_pct,         -nan
FUTGSHARE_CHANGED_CORRECTED_OFF_PATH_11_total_count,             0
FUTGSHARE_CHANGED_CORRECTED_OFF_PATH_11_total_pct,         -nan

FUTGSHARE_CHANGED_SCREWED_OFF_PATH_11_count,             0
FUTGSHARE_CHANGED_SCREWED_OFF_PATH_11_pct,         -nan
FUTGSHARE_CHANGED_SCREWED_OFF_PATH_11_total_count,             0
FUTGSHARE_CHANGED_SCREWED_OFF_PATH_11_total_pct,         -nan
FUTGSHARE_CHANGED_SCREWED_OFF_PATH_11_sum_count,             0
FUTGSHARE_CHANGED_SCREWED_OFF_PATH_11_sum_pct,         -nan
FUTGSHARE_CHANGED_SCREWED_OFF_PATH_11_sum_total_count,             0
FUTGSHARE_CHANGED_SCREWED_OFF_PATH_11_sum_total_pct,         -nan
FUTGSHARE_CHANGED_SCREWED_OFF_PATH_11_mean,         -nan
FUTGSHARE_CHANGED_SCREWED_OFF_PATH_11_stddev,         -nan
FUTGSHARE_CHANGED_SCREWED_OFF_PATH_11_total_mean,         -nan
FUTGSHARE_CHANGED_SCREWED_OFF_PATH_11_total_stddev,         -nan

FUTGSHARE_CHANGED_CORRECTED_ON_PATH_12_count,             0
FUTGSHARE_CHANGED_CORRECTED_ON_PATH_12_pct,         -nan
FUTGSHARE_CHANGED_CORRECTED_ON_PATH_12_total_count,             0
FUTGSHARE_CHANGED_CORRECTED_ON_PATH_12_total_pct,         -nan

FUTGSHARE_CHANGED_SCREWED_ON_PATH_12_count,             0
FUTGSHARE_CHANGED_SCREWED_ON_PATH_12_pct,         -nan
FUTGSHARE_CHANGED_SCREWED_ON_PATH_12_total_count,             0
FUTGSHARE_CHANGED_SCREWED_ON_PATH_12_total_pct,         -nan
FUTGSHARE_CHANGED_SCREWED_ON_PATH_12_sum_count,             0
FUTGSHARE_CHANGED_SCREWED_ON_PATH_12_sum_pct,         -nan
FUTGSHARE_CHANGED_SCREWED_ON_PATH_12_sum_total_count,             0
FUTGSHARE_CHANGED_SCREWED_ON_PATH_12_sum_total_pct,         -nan
FUTGSHARE_CHANGED_SCREWED_ON_PATH_12_mean,         -nan
FUTGSHARE_CHANGED_SCREWED_ON_PATH_12_stddev,         -nan
FUTGSHARE_CHANGED_SCREWED_ON_PATH_12_total_mean,         -nan
FUTGSHARE_CHANGED_SCREWED_ON_PATH_12_total_stddev,         -nan

FUTGSHARE_CHANGED_CORRECTED_OFF_PATH_12_count,             0
FUTGSHARE_CHANGED_CORRECTED_OFF_PATH_12_pct,         -nan
FUTGSHARE_CHANGED_CORRECTED_OFF_PATH_12_total_count,             0
FUTGSHARE_CHANGED_CORRECTED_OFF_PATH_12_total_pct,         -nan

FUTGSHARE_CHANGED_SCREWED_OFF_PATH_12_count,             0
FUTGSHARE_CHANGED_SCREWED_OFF_PATH_12_pct,         -nan
FUTGSHARE_CHANGED_SCREWED_OFF_PATH_12_total_count,             0
FUTGSHARE_CHANGED_SCREWED_OFF_PATH_12_total_pct,         -nan
FUTGSHARE_CHANGED_SCREWED_OFF_PATH_12_sum_count,             0
FUTGSHARE_CHANGED_SCREWED_OFF_PATH_12_sum_pct,         -nan
FUTGSHARE_CHANGED_SCREWED_OFF_PATH_12_sum_total_count,             0
FUTGSHARE_CHANGED_SCREWED_OFF_PATH_12_sum_total_pct,         -nan
FUTGSHARE_CHANGED_SCREWED_OFF_PATH_12_mean,         -nan
FUTGSHARE_CHANGED_SCREWED_OFF_PATH_12_stddev,         -nan
FUTGSHARE_CHANGED_SCREWED_OFF_PATH_12_total_mean,         -nan
FUTGSHARE_CHANGED_SCREWED_OFF_PATH_12_total_stddev,         -nan

FUTGSHARE_CHANGED_CORRECTED_ON_PATH_13_count,             0
FUTGSHARE_CHANGED_CORRECTED_ON_PATH_13_pct,         -nan
FUTGSHARE_CHANGED_CORRECTED_ON_PATH_13_total_count,             0
FUTGSHARE_CHANGED_CORRECTED_ON_PATH_13_total_pct,         -nan

FUTGSHARE_CHANGED_SCREWED_ON_PATH_13_count,             0
FUTGSHARE_CHANGED_SCREWED_ON_PATH_13_pct,         -nan
FUTGSHARE_CHANGED_SCREWED_ON_PATH_13_total_count,             0
FUTGSHARE_CHANGED_SCREWED_ON_PATH_13_total_pct,         -nan
FUTGSHARE_CHANGED_SCREWED_ON_PATH_13_sum_count,             0
FUTGSHARE_CHANGED_SCREWED_ON_PATH_13_sum_pct,         -nan
FUTGSHARE_CHANGED_SCREWED_ON_PATH_13_sum_total_count,             0
FUTGSHARE_CHANGED_SCREWED_ON_PATH_13_sum_total_pct,         -nan
FUTGSHARE_CHANGED_SCREWED_ON_PATH_13_mean,         -nan
FUTGSHARE_CHANGED_SCREWED_ON_PATH_13_stddev,         -nan
FUTGSHARE_CHANGED_SCREWED_ON_PATH_13_total_mean,         -nan
FUTGSHARE_CHANGED_SCREWED_ON_PATH_13_total_stddev,         -nan

FUTGSHARE_CHANGED_CORRECTED_OFF_PATH_13_count,             0
FUTGSHARE_CHANGED_CORRECTED_OFF_PATH_13_pct,         -nan
FUTGSHARE_CHANGED_CORRECTED_OFF_PATH_13_total_count,             0
FUTGSHARE_CHANGED_CORRECTED_OFF_PATH_13_total_pct,         -nan

FUTGSHARE_CHANGED_SCREWED_OFF_PATH_13_count,             0
FUTGSHARE_CHANGED_SCREWED_OFF_PATH_13_pct,         -nan
FUTGSHARE_CHANGED_SCREWED_OFF_PATH_13_total_count,             0
FUTGSHARE_CHANGED_SCREWED_OFF_PATH_13_total_pct,         -nan
FUTGSHARE_CHANGED_SCREWED_OFF_PATH_13_sum_count,             0
FUTGSHARE_CHANGED_SCREWED_OFF_PATH_13_sum_pct,         -nan
FUTGSHARE_CHANGED_SCREWED_OFF_PATH_13_sum_total_count,             0
FUTGSHARE_CHANGED_SCREWED_OFF_PATH_13_sum_total_pct,         -nan
FUTGSHARE_CHANGED_SCREWED_OFF_PATH_13_mean,         -nan
FUTGSHARE_CHANGED_SCREWED_OFF_PATH_13_stddev,         -nan
FUTGSHARE_CHANGED_SCREWED_OFF_PATH_13_total_mean,         -nan
FUTGSHARE_CHANGED_SCREWED_OFF_PATH_13_total_stddev,         -nan

FUTGSHARE_CHANGED_CORRECTED_ON_PATH_14_count,             0
FUTGSHARE_CHANGED_CORRECTED_ON_PATH_14_pct,         -nan
FUTGSHARE_CHANGED_CORRECTED_ON_PATH_14_total_count,             0
FUTGSHARE_CHANGED_CORRECTED_ON_PATH_14_total_pct,         -nan

FUTGSHARE_CHANGED_SCREWED_ON_PATH_14_count,             0
FUTGSHARE_CHANGED_SCREWED_ON_PATH_14_pct,         -nan
FUTGSHARE_CHANGED_SCREWED_ON_PATH_14_total_count,             0
FUTGSHARE_CHANGED_SCREWED_ON_PATH_14_total_pct,         -nan
FUTGSHARE_CHANGED_SCREWED_ON_PATH_14_sum_count,             0
FUTGSHARE_CHANGED_SCREWED_ON_PATH_14_sum_pct,         -nan
FUTGSHARE_CHANGED_SCREWED_ON_PATH_14_sum_total_count,             0
FUTGSHARE_CHANGED_SCREWED_ON_PATH_14_sum_total_pct,         -nan
FUTGSHARE_CHANGED_SCREWED_ON_PATH_14_mean,         -nan
FUTGSHARE_CHANGED_SCREWED_ON_PATH_14_stddev,         -nan
FUTGSHARE_CHANGED_SCREWED_ON_PATH_14_total_mean,         -nan
FUTGSHARE_CHANGED_SCREWED_ON_PATH_14_total_stddev,         -nan

FUTGSHARE_CHANGED_CORRECTED_OFF_PATH_14_count,             0
FUTGSHARE_CHANGED_CORRECTED_OFF_PATH_14_pct,         -nan
FUTGSHARE_CHANGED_CORRECTED_OFF_PATH_14_total_count,             0
FUTGSHARE_CHANGED_CORRECTED_OFF_PATH_14_total_pct,         -nan

FUTGSHARE_CHANGED_SCREWED_OFF_PATH_14_count,             0
FUTGSHARE_CHANGED_SCREWED_OFF_PATH_14_pct,         -nan
FUTGSHARE_CHANGED_SCREWED_OFF_PATH_14_total_count,             0
FUTGSHARE_CHANGED_SCREWED_OFF_PATH_14_total_pct,         -nan
FUTGSHARE_CHANGED_SCREWED_OFF_PATH_14_sum_count,             0
FUTGSHARE_CHANGED_SCREWED_OFF_PATH_14_sum_pct,         -nan
FUTGSHARE_CHANGED_SCREWED_OFF_PATH_14_sum_total_count,             0
FUTGSHARE_CHANGED_SCREWED_OFF_PATH_14_sum_total_pct,         -nan
FUTGSHARE_CHANGED_SCREWED_OFF_PATH_14_mean,         -nan
FUTGSHARE_CHANGED_SCREWED_OFF_PATH_14_stddev,         -nan
FUTGSHARE_CHANGED_SCREWED_OFF_PATH_14_total_mean,         -nan
FUTGSHARE_CHANGED_SCREWED_OFF_PATH_14_total_stddev,         -nan

FUTGSHARE_CHANGED_CORRECTED_ON_PATH_15_count,             0
FUTGSHARE_CHANGED_CORRECTED_ON_PATH_15_pct,         -nan
FUTGSHARE_CHANGED_CORRECTED_ON_PATH_15_total_count,             0
FUTGSHARE_CHANGED_CORRECTED_ON_PATH_15_total_pct,         -nan

FUTGSHARE_CHANGED_SCREWED_ON_PATH_15_count,             0
FUTGSHARE_CHANGED_SCREWED_ON_PATH_15_pct,         -nan
FUTGSHARE_CHANGED_SCREWED_ON_PATH_15_total_count,             0
FUTGSHARE_CHANGED_SCREWED_ON_PATH_15_total_pct,         -nan
FUTGSHARE_CHANGED_SCREWED_ON_PATH_15_sum_count,             0
FUTGSHARE_CHANGED_SCREWED_ON_PATH_15_sum_pct,         -nan
FUTGSHARE_CHANGED_SCREWED_ON_PATH_15_sum_total_count,             0
FUTGSHARE_CHANGED_SCREWED_ON_PATH_15_sum_total_pct,         -nan
FUTGSHARE_CHANGED_SCREWED_ON_PATH_15_mean,         -nan
FUTGSHARE_CHANGED_SCREWED_ON_PATH_15_stddev,         -nan
FUTGSHARE_CHANGED_SCREWED_ON_PATH_15_total_mean,         -nan
FUTGSHARE_CHANGED_SCREWED_ON_PATH_15_total_stddev,         -nan

FUTGSHARE_CHANGED_CORRECTED_OFF_PATH_15_count,             0
FUTGSHARE_CHANGED_CORRECTED_OFF_PATH_15_pct,         -nan
FUTGSHARE_CHANGED_CORRECTED_OFF_PATH_15_total_count,             0
FUTGSHARE_CHANGED_CORRECTED_OFF_PATH_15_total_pct,         -nan

FUTGSHARE_CHANGED_SCREWED_OFF_PATH_15_count,             0
FUTGSHARE_CHANGED_SCREWED_OFF_PATH_15_pct,         -nan
FUTGSHARE_CHANGED_SCREWED_OFF_PATH_15_total_count,             0
FUTGSHARE_CHANGED_SCREWED_OFF_PATH_15_total_pct,         -nan
FUTGSHARE_CHANGED_SCREWED_OFF_PATH_15_sum_count,             0
FUTGSHARE_CHANGED_SCREWED_OFF_PATH_15_sum_pct,         -nan
FUTGSHARE_CHANGED_SCREWED_OFF_PATH_15_sum_total_count,             0
FUTGSHARE_CHANGED_SCREWED_OFF_PATH_15_sum_total_pct,         -nan
FUTGSHARE_CHANGED_SCREWED_OFF_PATH_15_mean,         -nan
FUTGSHARE_CHANGED_SCREWED_OFF_PATH_15_stddev,         -nan
FUTGSHARE_CHANGED_SCREWED_OFF_PATH_15_total_mean,         -nan
FUTGSHARE_CHANGED_SCREWED_OFF_PATH_15_total_stddev,         -nan

FRAGHIST_BIN_0_count,             0
FRAGHIST_BIN_0_pct,         -nan
FRAGHIST_BIN_0_total_count,             0
FRAGHIST_BIN_0_total_pct,         -nan

FRAGHIST_BIN_1_count,             0
FRAGHIST_BIN_1_pct,         -nan
FRAGHIST_BIN_1_total_count,             0
FRAGHIST_BIN_1_total_pct,         -nan

FRAGHIST_BIN_2_count,             0
FRAGHIST_BIN_2_pct,         -nan
FRAGHIST_BIN_2_total_count,             0
FRAGHIST_BIN_2_total_pct,         -nan

FRAGHIST_BIN_3_count,             0
FRAGHIST_BIN_3_pct,         -nan
FRAGHIST_BIN_3_total_count,             0
FRAGHIST_BIN_3_total_pct,         -nan

FRAGHIST_BIN_4_count,             0
FRAGHIST_BIN_4_pct,         -nan
FRAGHIST_BIN_4_total_count,             0
FRAGHIST_BIN_4_total_pct,         -nan

FRAGHIST_BIN_5_count,             0
FRAGHIST_BIN_5_pct,         -nan
FRAGHIST_BIN_5_total_count,             0
FRAGHIST_BIN_5_total_pct,         -nan

FRAGHIST_BIN_6_count,             0
FRAGHIST_BIN_6_pct,         -nan
FRAGHIST_BIN_6_total_count,             0
FRAGHIST_BIN_6_total_pct,         -nan

FRAGHIST_BIN_7_count,             0
FRAGHIST_BIN_7_pct,         -nan
FRAGHIST_BIN_7_total_count,             0
FRAGHIST_BIN_7_total_pct,         -nan

FRAGHIST_BIN_8_count,             0
FRAGHIST_BIN_8_pct,         -nan
FRAGHIST_BIN_8_total_count,             0
FRAGHIST_BIN_8_total_pct,         -nan

FRAGHIST_BIN_9_count,             0
FRAGHIST_BIN_9_pct,         -nan
FRAGHIST_BIN_9_total_count,             0
FRAGHIST_BIN_9_total_pct,         -nan

FRAGHIST_BIN_10_count,             0
FRAGHIST_BIN_10_pct,         -nan
FRAGHIST_BIN_10_total_count,             0
FRAGHIST_BIN_10_total_pct,         -nan

FRAGHIST_BIN_11_count,             0
FRAGHIST_BIN_11_pct,         -nan
FRAGHIST_BIN_11_total_count,             0
FRAGHIST_BIN_11_total_pct,         -nan

FRAGHIST_BIN_12_count,             0
FRAGHIST_BIN_12_pct,         -nan
FRAGHIST_BIN_12_total_count,             0
FRAGHIST_BIN_12_total_pct,         -nan

FRAGHIST_BIN_13_count,             0
FRAGHIST_BIN_13_pct,         -nan
FRAGHIST_BIN_13_total_count,             0
FRAGHIST_BIN_13_total_pct,         -nan

FRAGHIST_BIN_14_count,             0
FRAGHIST_BIN_14_pct,         -nan
FRAGHIST_BIN_14_total_count,             0
FRAGHIST_BIN_14_total_pct,         -nan

FRAGHIST_BIN_15_count,             0
FRAGHIST_BIN_15_pct,         -nan
FRAGHIST_BIN_15_total_count,             0
FRAGHIST_BIN_15_total_pct,         -nan

FRAGHIST_BIN_16_count,             0
FRAGHIST_BIN_16_pct,         -nan
FRAGHIST_BIN_16_total_count,             0
FRAGHIST_BIN_16_total_pct,         -nan

FRAGHIST_BIN_17_count,             0
FRAGHIST_BIN_17_pct,         -nan
FRAGHIST_BIN_17_total_count,             0
FRAGHIST_BIN_17_total_pct,         -nan

FRAGHIST_BIN_18_count,             0
FRAGHIST_BIN_18_pct,         -nan
FRAGHIST_BIN_18_total_count,             0
FRAGHIST_BIN_18_total_pct,         -nan

FRAGHIST_BIN_19_count,             0
FRAGHIST_BIN_19_pct,         -nan
FRAGHIST_BIN_19_total_count,             0
FRAGHIST_BIN_19_total_pct,         -nan

FRAGHIST_BIN_20_count,             0
FRAGHIST_BIN_20_pct,         -nan
FRAGHIST_BIN_20_total_count,             0
FRAGHIST_BIN_20_total_pct,         -nan

FRAGHIST_BIN_21_count,             0
FRAGHIST_BIN_21_pct,         -nan
FRAGHIST_BIN_21_total_count,             0
FRAGHIST_BIN_21_total_pct,         -nan

FRAGHIST_BIN_22_count,             0
FRAGHIST_BIN_22_pct,         -nan
FRAGHIST_BIN_22_total_count,             0
FRAGHIST_BIN_22_total_pct,         -nan

FRAGHIST_BIN_23_count,             0
FRAGHIST_BIN_23_pct,         -nan
FRAGHIST_BIN_23_total_count,             0
FRAGHIST_BIN_23_total_pct,         -nan

FRAGHIST_BIN_24_count,             0
FRAGHIST_BIN_24_pct,         -nan
FRAGHIST_BIN_24_total_count,             0
FRAGHIST_BIN_24_total_pct,         -nan

FRAGHIST_BIN_25_count,             0
FRAGHIST_BIN_25_pct,         -nan
FRAGHIST_BIN_25_total_count,             0
FRAGHIST_BIN_25_total_pct,         -nan

FRAGHIST_BIN_26_count,             0
FRAGHIST_BIN_26_pct,         -nan
FRAGHIST_BIN_26_total_count,             0
FRAGHIST_BIN_26_total_pct,         -nan

FRAGHIST_BIN_27_count,             0
FRAGHIST_BIN_27_pct,         -nan
FRAGHIST_BIN_27_total_count,             0
FRAGHIST_BIN_27_total_pct,         -nan

FRAGHIST_BIN_28_count,             0
FRAGHIST_BIN_28_pct,         -nan
FRAGHIST_BIN_28_total_count,             0
FRAGHIST_BIN_28_total_pct,         -nan

FRAGHIST_BIN_29_count,             0
FRAGHIST_BIN_29_pct,         -nan
FRAGHIST_BIN_29_total_count,             0
FRAGHIST_BIN_29_total_pct,         -nan

FRAGHIST_BIN_30_count,             0
FRAGHIST_BIN_30_pct,         -nan
FRAGHIST_BIN_30_total_count,             0
FRAGHIST_BIN_30_total_pct,         -nan

FRAGHIST_BIN_31_count,             0
FRAGHIST_BIN_31_pct,         -nan
FRAGHIST_BIN_31_total_count,             0
FRAGHIST_BIN_31_total_pct,         -nan

FRAGHIST_BIN_32_count,             0
FRAGHIST_BIN_32_pct,         -nan
FRAGHIST_BIN_32_total_count,             0
FRAGHIST_BIN_32_total_pct,         -nan
FRAGHIST_BIN_32_sum_count,             0
FRAGHIST_BIN_32_sum_pct,         -nan
FRAGHIST_BIN_32_sum_total_count,             0
FRAGHIST_BIN_32_sum_total_pct,         -nan
FRAGHIST_BIN_32_mean,         -nan
FRAGHIST_BIN_32_stddev,         -nan
FRAGHIST_BIN_32_total_mean,         -nan
FRAGHIST_BIN_32_total_stddev,         -nan

CF_BR_USED_TARGET_CORRECT_count,       1163208
CF_BR_USED_TARGET_CORRECT_pct,       10.787
CF_BR_USED_TARGET_CORRECT_total_count,       1163208
CF_BR_USED_TARGET_CORRECT_total_pct,       10.787

CF_BR_USED_TARGET_INCORRECT_count,        156625
CF_BR_USED_TARGET_INCORRECT_pct,        1.453
CF_BR_USED_TARGET_INCORRECT_total_count,        156625
CF_BR_USED_TARGET_INCORRECT_total_pct,        1.453

CF_CBR_USED_TARGET_CORRECT_count,       5315755
CF_CBR_USED_TARGET_CORRECT_pct,       49.297
CF_CBR_USED_TARGET_CORRECT_total_count,       5315755
CF_CBR_USED_TARGET_CORRECT_total_pct,       49.297

CF_CBR_USED_TARGET_INCORRECT_count,        110773
CF_CBR_USED_TARGET_INCORRECT_pct,        1.027
CF_CBR_USED_TARGET_INCORRECT_total_count,        110773
CF_CBR_USED_TARGET_INCORRECT_total_pct,        1.027

CF_CALL_USED_TARGET_CORRECT_count,       1387396
CF_CALL_USED_TARGET_CORRECT_pct,       12.866
CF_CALL_USED_TARGET_CORRECT_total_count,       1387396
CF_CALL_USED_TARGET_CORRECT_total_pct,       12.866

CF_CALL_USED_TARGET_INCORRECT_count,         31821
CF_CALL_USED_TARGET_INCORRECT_pct,        0.295
CF_CALL_USED_TARGET_INCORRECT_total_count,         31821
CF_CALL_USED_TARGET_INCORRECT_total_pct,        0.295

CF_IBR_USED_TARGET_CORRECT_count,        479801
CF_IBR_USED_TARGET_CORRECT_pct,        4.450
CF_IBR_USED_TARGET_CORRECT_total_count,        479801
CF_IBR_USED_TARGET_CORRECT_total_pct,        4.450

CF_IBR_USED_TARGET_INCORRECT_count,         20627
CF_IBR_USED_TARGET_INCORRECT_pct,        0.191
CF_IBR_USED_TARGET_INCORRECT_total_count,         20627
CF_IBR_USED_TARGET_INCORRECT_total_pct,        0.191

CF_ICALL_USED_TARGET_CORRECT_count,        322282
CF_ICALL_USED_TARGET_CORRECT_pct,        2.989
CF_ICALL_USED_TARGET_CORRECT_total_count,        322282
CF_ICALL_USED_TARGET_CORRECT_total_pct,        2.989

CF_ICALL_USED_TARGET_INCORRECT_count,         11019
CF_ICALL_USED_TARGET_INCORRECT_pct,        0.102
CF_ICALL_USED_TARGET_INCORRECT_total_count,         11019
CF_ICALL_USED_TARGET_INCORRECT_total_pct,        0.102

CF_ICO_USED_TARGET_CORRECT_count,             0
CF_ICO_USED_TARGET_CORRECT_pct,        0.000
CF_ICO_USED_TARGET_CORRECT_total_count,             0
CF_ICO_USED_TARGET_CORRECT_total_pct,        0.000

CF_ICO_USED_TARGET_INCORRECT_count,             0
CF_ICO_USED_TARGET_INCORRECT_pct,        0.000
CF_ICO_USED_TARGET_INCORRECT_total_count,             0
CF_ICO_USED_TARGET_INCORRECT_total_pct,        0.000

CF_RET_USED_TARGET_CORRECT_count,       1727852
CF_RET_USED_TARGET_CORRECT_pct,       16.024
CF_RET_USED_TARGET_CORRECT_total_count,       1727852
CF_RET_USED_TARGET_CORRECT_total_pct,       16.024

CF_RET_USED_TARGET_INCORRECT_count,         55925
CF_RET_USED_TARGET_INCORRECT_pct,        0.519
CF_RET_USED_TARGET_INCORRECT_total_count,         55925
CF_RET_USED_TARGET_INCORRECT_total_pct,        0.519

CF_DEFAULT_USED_TARGET_CORRECT_count,             0
CF_DEFAULT_USED_TARGET_CORRECT_pct,        0.000
CF_DEFAULT_USED_TARGET_CORRECT_total_count,             0
CF_DEFAULT_USED_TARGET_CORRECT_total_pct,        0.000

CF_DEFAULT_USED_TARGET_INCORRECT_count,             0
CF_DEFAULT_USED_TARGET_INCORRECT_pct,        0.000
CF_DEFAULT_USED_TARGET_INCORRECT_total_count,             0
CF_DEFAULT_USED_TARGET_INCORRECT_total_pct,        0.000
CF_DEFAULT_USED_TARGET_INCORRECT_sum_count,      10783084
CF_DEFAULT_USED_TARGET_INCORRECT_sum_pct,      100.000
CF_DEFAULT_USED_TARGET_INCORRECT_sum_total_count,      10783084
CF_DEFAULT_USED_TARGET_INCORRECT_sum_total_pct,      100.000
CF_DEFAULT_USED_TARGET_INCORRECT_mean,         4.08
CF_DEFAULT_USED_TARGET_INCORRECT_stddev,         3.66
CF_DEFAULT_USED_TARGET_INCORRECT_total_mean,         4.08
CF_DEFAULT_USED_TARGET_INCORRECT_total_stddev,         3.66

BTB_UPDATE_BTB_MISS_count,        183835
BTB_UPDATE_BTB_MISS_pct,      100.000
BTB_UPDATE_BTB_MISS_total_count,        183835
BTB_UPDATE_BTB_MISS_total_pct,      100.000

BTB_UPDATE_BTB_HIT_TAKEN_count,             0
BTB_UPDATE_BTB_HIT_TAKEN_pct,        0.000
BTB_UPDATE_BTB_HIT_TAKEN_total_count,             0
BTB_UPDATE_BTB_HIT_TAKEN_total_pct,        0.000
BTB_UPDATE_BTB_HIT_TAKEN_sum_count,        183835
BTB_UPDATE_BTB_HIT_TAKEN_sum_pct,      100.000
BTB_UPDATE_BTB_HIT_TAKEN_sum_total_count,        183835
BTB_UPDATE_BTB_HIT_TAKEN_sum_total_pct,      100.000
BTB_UPDATE_BTB_HIT_TAKEN_mean,         0.00
BTB_UPDATE_BTB_HIT_TAKEN_stddev,         0.00
BTB_UPDATE_BTB_HIT_TAKEN_total_mean,         0.00
BTB_UPDATE_BTB_HIT_TAKEN_total_stddev,         0.00

BTB_UPDATE_BTB_HIT_JITTED_NOT_CF_count,             0
BTB_UPDATE_BTB_HIT_JITTED_NOT_CF_pct,        0.000
BTB_UPDATE_BTB_HIT_JITTED_NOT_CF_total_count,             0
BTB_UPDATE_BTB_HIT_JITTED_NOT_CF_total_pct,        0.000

BTB_UPDATE_BTB_HIT_JITTED_CF_BR_count,        133236
BTB_UPDATE_BTB_HIT_JITTED_CF_BR_pct,       20.132
BTB_UPDATE_BTB_HIT_JITTED_CF_BR_total_count,        133236
BTB_UPDATE_BTB_HIT_JITTED_CF_BR_total_pct,       20.132

BTB_UPDATE_BTB_HIT_JITTED_CF_CBR_count,          2649
BTB_UPDATE_BTB_HIT_JITTED_CF_CBR_pct,        0.400
BTB_UPDATE_BTB_HIT_JITTED_CF_CBR_total_count,          2649
BTB_UPDATE_BTB_HIT_JITTED_CF_CBR_total_pct,        0.400

BTB_UPDATE_BTB_HIT_JITTED_CF_CALL_count,          1249
BTB_UPDATE_BTB_HIT_JITTED_CF_CALL_pct,        0.189
BTB_UPDATE_BTB_HIT_JITTED_CF_CALL_total_count,          1249
BTB_UPDATE_BTB_HIT_JITTED_CF_CALL_total_pct,        0.189

BTB_UPDATE_BTB_HIT_JITTED_CF_IBR_count,         41150
BTB_UPDATE_BTB_HIT_JITTED_CF_IBR_pct,        6.218
BTB_UPDATE_BTB_HIT_JITTED_CF_IBR_total_count,         41150
BTB_UPDATE_BTB_HIT_JITTED_CF_IBR_total_pct,        6.218

BTB_UPDATE_BTB_HIT_JITTED_CF_ICALL_count,         12187
BTB_UPDATE_BTB_HIT_JITTED_CF_ICALL_pct,        1.841
BTB_UPDATE_BTB_HIT_JITTED_CF_ICALL_total_count,         12187
BTB_UPDATE_BTB_HIT_JITTED_CF_ICALL_total_pct,        1.841

BTB_UPDATE_BTB_HIT_JITTED_CF_ICO_count,             0
BTB_UPDATE_BTB_HIT_JITTED_CF_ICO_pct,        0.000
BTB_UPDATE_BTB_HIT_JITTED_CF_ICO_total_count,             0
BTB_UPDATE_BTB_HIT_JITTED_CF_ICO_total_pct,        0.000

BTB_UPDATE_BTB_HIT_JITTED_CF_RET_count,        471332
BTB_UPDATE_BTB_HIT_JITTED_CF_RET_pct,       71.219
BTB_UPDATE_BTB_HIT_JITTED_CF_RET_total_count,        471332
BTB_UPDATE_BTB_HIT_JITTED_CF_RET_total_pct,       71.219
BTB_UPDATE_BTB_HIT_JITTED_CF_RET_sum_count,        661803
BTB_UPDATE_BTB_HIT_JITTED_CF_RET_sum_pct,      100.000
BTB_UPDATE_BTB_HIT_JITTED_CF_RET_sum_total_count,        661803
BTB_UPDATE_BTB_HIT_JITTED_CF_RET_sum_total_pct,      100.000
BTB_UPDATE_BTB_HIT_JITTED_CF_RET_mean,         5.54
BTB_UPDATE_BTB_HIT_JITTED_CF_RET_stddev,         5.27
BTB_UPDATE_BTB_HIT_JITTED_CF_RET_total_mean,         5.54
BTB_UPDATE_BTB_HIT_JITTED_CF_RET_total_stddev,         5.27

RESTEER_BTB_MISS_NOT_CF_count,            41
RESTEER_BTB_MISS_NOT_CF_pct,        0.008
RESTEER_BTB_MISS_NOT_CF_total_count,            41
RESTEER_BTB_MISS_NOT_CF_total_pct,        0.008

RESTEER_BTB_MISS_CF_BR_count,             0
RESTEER_BTB_MISS_CF_BR_pct,        0.000
RESTEER_BTB_MISS_CF_BR_total_count,             0
RESTEER_BTB_MISS_CF_BR_total_pct,        0.000

RESTEER_BTB_MISS_CF_CBR_count,        156625
RESTEER_BTB_MISS_CF_CBR_pct,       31.335
RESTEER_BTB_MISS_CF_CBR_total_count,        156625
RESTEER_BTB_MISS_CF_CBR_total_pct,       31.335

RESTEER_BTB_MISS_CF_CALL_count,         34857
RESTEER_BTB_MISS_CF_CALL_pct,        6.974
RESTEER_BTB_MISS_CF_CALL_total_count,         34857
RESTEER_BTB_MISS_CF_CALL_total_pct,        6.974

RESTEER_BTB_MISS_CF_IBR_count,         31821
RESTEER_BTB_MISS_CF_IBR_pct,        6.366
RESTEER_BTB_MISS_CF_IBR_total_count,         31821
RESTEER_BTB_MISS_CF_IBR_total_pct,        6.366

RESTEER_BTB_MISS_CF_ICALL_count,             0
RESTEER_BTB_MISS_CF_ICALL_pct,        0.000
RESTEER_BTB_MISS_CF_ICALL_total_count,             0
RESTEER_BTB_MISS_CF_ICALL_total_pct,        0.000

RESTEER_BTB_MISS_CF_ICO_count,             0
RESTEER_BTB_MISS_CF_ICO_pct,        0.000
RESTEER_BTB_MISS_CF_ICO_total_count,             0
RESTEER_BTB_MISS_CF_ICO_total_pct,        0.000

RESTEER_BTB_MISS_CF_RET_count,             0
RESTEER_BTB_MISS_CF_RET_pct,        0.000
RESTEER_BTB_MISS_CF_RET_total_count,             0
RESTEER_BTB_MISS_CF_RET_total_pct,        0.000

RESTEER_MISPRED_NOT_CF_count,             0
RESTEER_MISPRED_NOT_CF_pct,        0.000
RESTEER_MISPRED_NOT_CF_total_count,             0
RESTEER_MISPRED_NOT_CF_total_pct,        0.000

RESTEER_MISPRED_CF_BR_count,             0
RESTEER_MISPRED_CF_BR_pct,        0.000
RESTEER_MISPRED_CF_BR_total_count,             0
RESTEER_MISPRED_CF_BR_total_pct,        0.000

RESTEER_MISPRED_CF_CBR_count,        178986
RESTEER_MISPRED_CF_CBR_pct,       35.809
RESTEER_MISPRED_CF_CBR_total_count,        178986
RESTEER_MISPRED_CF_CBR_total_pct,       35.809

RESTEER_MISPRED_CF_CALL_count,             0
RESTEER_MISPRED_CF_CALL_pct,        0.000
RESTEER_MISPRED_CF_CALL_total_count,             0
RESTEER_MISPRED_CF_CALL_total_pct,        0.000

RESTEER_MISPRED_CF_IBR_count,          3795
RESTEER_MISPRED_CF_IBR_pct,        0.759
RESTEER_MISPRED_CF_IBR_total_count,          3795
RESTEER_MISPRED_CF_IBR_total_pct,        0.759

RESTEER_MISPRED_CF_ICALL_count,          3472
RESTEER_MISPRED_CF_ICALL_pct,        0.695
RESTEER_MISPRED_CF_ICALL_total_count,          3472
RESTEER_MISPRED_CF_ICALL_total_pct,        0.695

RESTEER_MISPRED_CF_ICO_count,             0
RESTEER_MISPRED_CF_ICO_pct,        0.000
RESTEER_MISPRED_CF_ICO_total_count,             0
RESTEER_MISPRED_CF_ICO_total_pct,        0.000

RESTEER_MISPRED_CF_RET_count,         31260
RESTEER_MISPRED_CF_RET_pct,        6.254
RESTEER_MISPRED_CF_RET_total_count,         31260
RESTEER_MISPRED_CF_RET_total_pct,        6.254

RESTEER_MISFETCH_NOT_CF_count,             0
RESTEER_MISFETCH_NOT_CF_pct,        0.000
RESTEER_MISFETCH_NOT_CF_total_count,             0
RESTEER_MISFETCH_NOT_CF_total_pct,        0.000

RESTEER_MISFETCH_CF_BR_count,             0
RESTEER_MISFETCH_CF_BR_pct,        0.000
RESTEER_MISFETCH_CF_BR_total_count,             0
RESTEER_MISFETCH_CF_BR_total_pct,        0.000

RESTEER_MISFETCH_CF_CBR_count,          9938
RESTEER_MISFETCH_CF_CBR_pct,        1.988
RESTEER_MISFETCH_CF_CBR_total_count,          9938
RESTEER_MISFETCH_CF_CBR_total_pct,        1.988

RESTEER_MISFETCH_CF_CALL_count,             0
RESTEER_MISFETCH_CF_CALL_pct,        0.000
RESTEER_MISFETCH_CF_CALL_total_count,             0
RESTEER_MISFETCH_CF_CALL_total_pct,        0.000

RESTEER_MISFETCH_CF_IBR_count,         16832
RESTEER_MISFETCH_CF_IBR_pct,        3.367
RESTEER_MISFETCH_CF_IBR_total_count,         16832
RESTEER_MISFETCH_CF_IBR_total_pct,        3.367

RESTEER_MISFETCH_CF_ICALL_count,          7547
RESTEER_MISFETCH_CF_ICALL_pct,        1.510
RESTEER_MISFETCH_CF_ICALL_total_count,          7547
RESTEER_MISFETCH_CF_ICALL_total_pct,        1.510

RESTEER_MISFETCH_CF_ICO_count,             0
RESTEER_MISFETCH_CF_ICO_pct,        0.000
RESTEER_MISFETCH_CF_ICO_total_count,             0
RESTEER_MISFETCH_CF_ICO_total_pct,        0.000

RESTEER_MISFETCH_CF_RET_count,         24665
RESTEER_MISFETCH_CF_RET_pct,        4.935
RESTEER_MISFETCH_CF_RET_total_count,         24665
RESTEER_MISFETCH_CF_RET_total_pct,        4.935

RESTEER_NO_TARGET_CF_IBR_count,             0
RESTEER_NO_TARGET_CF_IBR_pct,        0.000
RESTEER_NO_TARGET_CF_IBR_total_count,             0
RESTEER_NO_TARGET_CF_IBR_total_pct,        0.000

RESTEER_NO_TARGET_CF_ICALL_count,             0
RESTEER_NO_TARGET_CF_ICALL_pct,        0.000
RESTEER_NO_TARGET_CF_ICALL_total_count,             0
RESTEER_NO_TARGET_CF_ICALL_total_pct,        0.000

RESTEER_NO_TARGET_CF_ICO_count,             0
RESTEER_NO_TARGET_CF_ICO_pct,        0.000
RESTEER_NO_TARGET_CF_ICO_total_count,             0
RESTEER_NO_TARGET_CF_ICO_total_pct,        0.000

RESTEER_NO_TARGET_CF_RET_count,             0
RESTEER_NO_TARGET_CF_RET_pct,        0.000
RESTEER_NO_TARGET_CF_RET_total_count,             0
RESTEER_NO_TARGET_CF_RET_total_pct,        0.000
RESTEER_NO_TARGET_CF_RET_sum_count,        499839
RESTEER_NO_TARGET_CF_RET_sum_pct,      100.000
RESTEER_NO_TARGET_CF_RET_sum_total_count,        499839
RESTEER_NO_TARGET_CF_RET_sum_total_pct,      100.000
RESTEER_NO_TARGET_CF_RET_mean,         8.27
RESTEER_NO_TARGET_CF_RET_stddev,         6.27
RESTEER_NO_TARGET_CF_RET_total_mean,         8.27
RESTEER_NO_TARGET_CF_RET_total_stddev,         6.27

CBR_CORRECT_count,       9401680
CBR_CORRECT_pct,       63.907
CBR_CORRECT_total_count,       9401680
CBR_CORRECT_total_pct,       63.907

CBR_CORRECT_BTB_MISS_NT_NT_count,       5086014
CBR_CORRECT_BTB_MISS_NT_NT_pct,       34.572
CBR_CORRECT_BTB_MISS_NT_NT_total_count,       5086014
CBR_CORRECT_BTB_MISS_NT_NT_total_pct,       34.572

CBR_RECOVER_MISPREDICT_count,        165708
CBR_RECOVER_MISPREDICT_pct,        1.126
CBR_RECOVER_MISPREDICT_total_count,        165708
CBR_RECOVER_MISPREDICT_total_pct,        1.126

CBR_RECOVER_MISFETCH_count,          2077
CBR_RECOVER_MISFETCH_pct,        0.014
CBR_RECOVER_MISFETCH_total_count,          2077
CBR_RECOVER_MISFETCH_total_pct,        0.014

CBR_RECOVER_BTB_MISS_T_T_count,         32780
CBR_RECOVER_BTB_MISS_T_T_pct,        0.223
CBR_RECOVER_BTB_MISS_T_T_total_count,         32780
CBR_RECOVER_BTB_MISS_T_T_total_pct,        0.223

CBR_RECOVER_BTB_MISS_T_NT_count,          9938
CBR_RECOVER_BTB_MISS_T_NT_pct,        0.068
CBR_RECOVER_BTB_MISS_T_NT_total_count,          9938
CBR_RECOVER_BTB_MISS_T_NT_total_pct,        0.068

CBR_RECOVER_BTB_MISS_NT_T_count,         13278
CBR_RECOVER_BTB_MISS_NT_T_pct,        0.090
CBR_RECOVER_BTB_MISS_NT_T_total_count,         13278
CBR_RECOVER_BTB_MISS_NT_T_total_pct,        0.090
CBR_RECOVER_BTB_MISS_NT_T_sum_count,      14711475
CBR_RECOVER_BTB_MISS_NT_T_sum_pct,      100.000
CBR_RECOVER_BTB_MISS_NT_T_sum_total_count,      14711475
CBR_RECOVER_BTB_MISS_NT_T_sum_total_pct,      100.000
CBR_RECOVER_BTB_MISS_NT_T_mean,         0.39
CBR_RECOVER_BTB_MISS_NT_T_stddev,         0.48
CBR_RECOVER_BTB_MISS_NT_T_total_mean,         0.39
CBR_RECOVER_BTB_MISS_NT_T_total_stddev,         0.48

BR_CORRECT_count,       1163208
BR_CORRECT_pct,       88.133
BR_CORRECT_total_count,       1163208
BR_CORRECT_total_pct,       88.133

BR_RECOVER_count,        156625
BR_RECOVER_pct,       11.867
BR_RECOVER_total_count,        156625
BR_RECOVER_total_pct,       11.867
BR_RECOVER_sum_count,       1319833
BR_RECOVER_sum_pct,      100.000
BR_RECOVER_sum_total_count,       1319833
BR_RECOVER_sum_total_pct,      100.000
BR_RECOVER_mean,         0.12
BR_RECOVER_stddev,         0.31
BR_RECOVER_total_mean,         0.12
BR_RECOVER_total_stddev,         0.31

ICALL_CORRECT_IBTB_count,        282085
ICALL_CORRECT_IBTB_pct,       84.634
ICALL_CORRECT_IBTB_total_count,        282085
ICALL_CORRECT_IBTB_total_pct,       84.634

ICALL_CORRECT_BTB_count,         40197
ICALL_CORRECT_BTB_pct,       12.060
ICALL_CORRECT_BTB_total_count,         40197
ICALL_CORRECT_BTB_total_pct,       12.060

ICALL_RECOVER_IBTB_MISFETCH_count,          3418
ICALL_RECOVER_IBTB_MISFETCH_pct,        1.025
ICALL_RECOVER_IBTB_MISFETCH_total_count,          3418
ICALL_RECOVER_IBTB_MISFETCH_total_pct,        1.025

ICALL_RECOVER_BTB_MISFETCH_count,          4129
ICALL_RECOVER_BTB_MISFETCH_pct,        1.239
ICALL_RECOVER_BTB_MISFETCH_total_count,          4129
ICALL_RECOVER_BTB_MISFETCH_total_pct,        1.239

ICALL_RECOVER_XBTB_MISS_count,          3472
ICALL_RECOVER_XBTB_MISS_pct,        1.042
ICALL_RECOVER_XBTB_MISS_total_count,          3472
ICALL_RECOVER_XBTB_MISS_total_pct,        1.042
ICALL_RECOVER_XBTB_MISS_sum_count,        333301
ICALL_RECOVER_XBTB_MISS_sum_pct,      100.000
ICALL_RECOVER_XBTB_MISS_sum_total_count,        333301
ICALL_RECOVER_XBTB_MISS_sum_total_pct,      100.000
ICALL_RECOVER_XBTB_MISS_mean,         0.22
ICALL_RECOVER_XBTB_MISS_stddev,         0.59
ICALL_RECOVER_XBTB_MISS_total_mean,         0.22
ICALL_RECOVER_XBTB_MISS_total_stddev,         0.59

IBR_CORRECT_IBTB_count,        389887
IBR_CORRECT_IBTB_pct,       77.911
IBR_CORRECT_IBTB_total_count,        389887
IBR_CORRECT_IBTB_total_pct,       77.911

IBR_CORRECT_BTB_count,         89914
IBR_CORRECT_BTB_pct,       17.967
IBR_CORRECT_BTB_total_count,         89914
IBR_CORRECT_BTB_total_pct,       17.967

IBR_RECOVER_IBTB_MISFETCH_count,         10918
IBR_RECOVER_IBTB_MISFETCH_pct,        2.182
IBR_RECOVER_IBTB_MISFETCH_total_count,         10918
IBR_RECOVER_IBTB_MISFETCH_total_pct,        2.182

IBR_RECOVER_BTB_MISFETCH_count,          5914
IBR_RECOVER_BTB_MISFETCH_pct,        1.182
IBR_RECOVER_BTB_MISFETCH_total_count,          5914
IBR_RECOVER_BTB_MISFETCH_total_pct,        1.182

IBR_RECOVER_XBTB_MISS_count,          3795
IBR_RECOVER_XBTB_MISS_pct,        0.758
IBR_RECOVER_XBTB_MISS_total_count,          3795
IBR_RECOVER_XBTB_MISS_total_pct,        0.758
IBR_RECOVER_XBTB_MISS_sum_count,        500428
IBR_RECOVER_XBTB_MISS_sum_pct,      100.000
IBR_RECOVER_XBTB_MISS_sum_total_count,        500428
IBR_RECOVER_XBTB_MISS_sum_total_pct,      100.000
IBR_RECOVER_XBTB_MISS_mean,         0.29
IBR_RECOVER_XBTB_MISS_stddev,         0.59
IBR_RECOVER_XBTB_MISS_total_mean,         0.29
IBR_RECOVER_XBTB_MISS_total_stddev,         0.59

ICO_CORRECT_count,             0
ICO_CORRECT_pct,         -nan
ICO_CORRECT_total_count,             0
ICO_CORRECT_total_pct,         -nan

ICO_RECOVER_count,             0
ICO_RECOVER_pct,         -nan
ICO_RECOVER_total_count,             0
ICO_RECOVER_total_pct,         -nan
ICO_RECOVER_sum_count,             0
ICO_RECOVER_sum_pct,         -nan
ICO_RECOVER_sum_total_count,             0
ICO_RECOVER_sum_total_pct,         -nan
ICO_RECOVER_mean,         -nan
ICO_RECOVER_stddev,         -nan
ICO_RECOVER_total_mean,         -nan
ICO_RECOVER_total_stddev,         -nan

RET_CORRECT_count,       1727852
RET_CORRECT_pct,       96.865
RET_CORRECT_total_count,       1727852
RET_CORRECT_total_pct,       96.865

RET_RECOVER_count,         24665
RET_RECOVER_pct,        1.383
RET_RECOVER_total_count,         24665
RET_RECOVER_total_pct,        1.383

RET_RECOVER_UFLOW_count,         31260
RET_RECOVER_UFLOW_pct,        1.752
RET_RECOVER_UFLOW_total_count,         31260
RET_RECOVER_UFLOW_total_pct,        1.752
RET_RECOVER_UFLOW_sum_count,       1783777
RET_RECOVER_UFLOW_sum_pct,      100.000
RET_RECOVER_UFLOW_sum_total_count,       1783777
RET_RECOVER_UFLOW_sum_total_pct,      100.000
RET_RECOVER_UFLOW_mean,         0.05
RET_RECOVER_UFLOW_stddev,         0.28
RET_RECOVER_UFLOW_total_mean,         0.05
RET_RECOVER_UFLOW_total_stddev,         0.28

CALL_CORRECT_count,       1387396
CALL_CORRECT_pct,       97.758
CALL_CORRECT_total_count,       1387396
CALL_CORRECT_total_pct,       97.758

CALL_RECOVER_count,         31821
CALL_RECOVER_pct,        2.242
CALL_RECOVER_total_count,         31821
CALL_RECOVER_total_pct,        2.242
CALL_RECOVER_sum_count,       1419217
CALL_RECOVER_sum_pct,      100.000
CALL_RECOVER_sum_total_count,       1419217
CALL_RECOVER_sum_total_pct,      100.000
CALL_RECOVER_mean,         0.02
CALL_RECOVER_stddev,         0.15
CALL_RECOVER_total_mean,         0.02
CALL_RECOVER_total_stddev,         0.15

BTB_CORRECT_count,      13076669
BTB_CORRECT_pct,       71.518
BTB_CORRECT_total_count,      13076669
BTB_CORRECT_total_pct,       71.518

BTB_INCORRECT_BUT_TARGET_CORRECT_count,           113
BTB_INCORRECT_BUT_TARGET_CORRECT_pct,        0.001
BTB_INCORRECT_BUT_TARGET_CORRECT_total_count,           113
BTB_INCORRECT_BUT_TARGET_CORRECT_total_pct,        0.001

BTB_INCORRECT_count,       5207585
BTB_INCORRECT_pct,       28.481
BTB_INCORRECT_total_count,       5207585
BTB_INCORRECT_total_pct,       28.481
BTB_INCORRECT_sum_count,      18284367
BTB_INCORRECT_sum_pct,      100.000
BTB_INCORRECT_sum_total_count,      18284367
BTB_INCORRECT_sum_total_pct,      100.000
BTB_INCORRECT_mean,         0.57
BTB_INCORRECT_stddev,         0.82
BTB_INCORRECT_total_mean,         0.57
BTB_INCORRECT_total_stddev,         0.82

IBTB_CORRECT_count,        686308
IBTB_CORRECT_pct,       82.318
IBTB_CORRECT_total_count,        686308
IBTB_CORRECT_total_pct,       82.318

IBTB_INCORRECT_count,        147421
IBTB_INCORRECT_pct,       17.682
IBTB_INCORRECT_total_count,        147421
IBTB_INCORRECT_total_pct,       17.682
IBTB_INCORRECT_sum_count,        833729
IBTB_INCORRECT_sum_pct,      100.000
IBTB_INCORRECT_sum_total_count,        833729
IBTB_INCORRECT_sum_total_pct,      100.000
IBTB_INCORRECT_mean,         0.18
IBTB_INCORRECT_stddev,         0.35
IBTB_INCORRECT_total_mean,         0.18
IBTB_INCORRECT_total_stddev,         0.35

CBR_CORRECT_OFF_PATH_count,      10296403
CBR_CORRECT_OFF_PATH_pct,       62.357
CBR_CORRECT_OFF_PATH_total_count,      10296403
CBR_CORRECT_OFF_PATH_total_pct,       62.357

CBR_CORRECT_BTB_MISS_NT_NT_OFF_PATH_count,       5922134
CBR_CORRECT_BTB_MISS_NT_NT_OFF_PATH_pct,       35.865
CBR_CORRECT_BTB_MISS_NT_NT_OFF_PATH_total_count,       5922134
CBR_CORRECT_BTB_MISS_NT_NT_OFF_PATH_total_pct,       35.865

CBR_RECOVER_MISPREDICT_OFF_PATH_count,             0
CBR_RECOVER_MISPREDICT_OFF_PATH_pct,        0.000
CBR_RECOVER_MISPREDICT_OFF_PATH_total_count,             0
CBR_RECOVER_MISPREDICT_OFF_PATH_total_pct,        0.000

CBR_RECOVER_MISFETCH_OFF_PATH_count,          7041
CBR_RECOVER_MISFETCH_OFF_PATH_pct,        0.043
CBR_RECOVER_MISFETCH_OFF_PATH_total_count,          7041
CBR_RECOVER_MISFETCH_OFF_PATH_total_pct,        0.043

CBR_RECOVER_BTB_MISS_T_T_OFF_PATH_count,        286547
CBR_RECOVER_BTB_MISS_T_T_OFF_PATH_pct,        1.735
CBR_RECOVER_BTB_MISS_T_T_OFF_PATH_total_count,        286547
CBR_RECOVER_BTB_MISS_T_T_OFF_PATH_total_pct,        1.735

CBR_RECOVER_BTB_MISS_T_NT_OFF_PATH_count,             0
CBR_RECOVER_BTB_MISS_T_NT_OFF_PATH_pct,        0.000
CBR_RECOVER_BTB_MISS_T_NT_OFF_PATH_total_count,             0
CBR_RECOVER_BTB_MISS_T_NT_OFF_PATH_total_pct,        0.000

CBR_RECOVER_BTB_MISS_NT_T_OFF_PATH_count,             0
CBR_RECOVER_BTB_MISS_NT_T_OFF_PATH_pct,        0.000
CBR_RECOVER_BTB_MISS_NT_T_OFF_PATH_total_count,             0
CBR_RECOVER_BTB_MISS_NT_T_OFF_PATH_total_pct,        0.000
CBR_RECOVER_BTB_MISS_NT_T_OFF_PATH_sum_count,      16512125
CBR_RECOVER_BTB_MISS_NT_T_OFF_PATH_sum_pct,      100.000
CBR_RECOVER_BTB_MISS_NT_T_OFF_PATH_sum_total_count,      16512125
CBR_RECOVER_BTB_MISS_NT_T_OFF_PATH_sum_total_pct,      100.000
CBR_RECOVER_BTB_MISS_NT_T_OFF_PATH_mean,         0.43
CBR_RECOVER_BTB_MISS_NT_T_OFF_PATH_stddev,         0.58
CBR_RECOVER_BTB_MISS_NT_T_OFF_PATH_total_mean,         0.43
CBR_RECOVER_BTB_MISS_NT_T_OFF_PATH_total_stddev,         0.58

BR_CORRECT_OFF_PATH_count,       2538875
BR_CORRECT_OFF_PATH_pct,       84.793
BR_CORRECT_OFF_PATH_total_count,       2538875
BR_CORRECT_OFF_PATH_total_pct,       84.793

BR_RECOVER_OFF_PATH_count,        455311
BR_RECOVER_OFF_PATH_pct,       15.207
BR_RECOVER_OFF_PATH_total_count,        455311
BR_RECOVER_OFF_PATH_total_pct,       15.207
BR_RECOVER_OFF_PATH_sum_count,       2994186
BR_RECOVER_OFF_PATH_sum_pct,      100.000
BR_RECOVER_OFF_PATH_sum_total_count,       2994186
BR_RECOVER_OFF_PATH_sum_total_pct,      100.000
BR_RECOVER_OFF_PATH_mean,         0.15
BR_RECOVER_OFF_PATH_stddev,         0.34
BR_RECOVER_OFF_PATH_total_mean,         0.15
BR_RECOVER_OFF_PATH_total_stddev,         0.34

ICALL_CORRECT_IBTB_OFF_PATH_count,         47455
ICALL_CORRECT_IBTB_OFF_PATH_pct,       13.036
ICALL_CORRECT_IBTB_OFF_PATH_total_count,         47455
ICALL_CORRECT_IBTB_OFF_PATH_total_pct,       13.036

ICALL_CORRECT_BTB_OFF_PATH_count,        269595
ICALL_CORRECT_BTB_OFF_PATH_pct,       74.061
ICALL_CORRECT_BTB_OFF_PATH_total_count,        269595
ICALL_CORRECT_BTB_OFF_PATH_total_pct,       74.061

ICALL_RECOVER_IBTB_MISFETCH_OFF_PATH_count,          4148
ICALL_RECOVER_IBTB_MISFETCH_OFF_PATH_pct,        1.140
ICALL_RECOVER_IBTB_MISFETCH_OFF_PATH_total_count,          4148
ICALL_RECOVER_IBTB_MISFETCH_OFF_PATH_total_pct,        1.140

ICALL_RECOVER_BTB_MISFETCH_OFF_PATH_count,          9642
ICALL_RECOVER_BTB_MISFETCH_OFF_PATH_pct,        2.649
ICALL_RECOVER_BTB_MISFETCH_OFF_PATH_total_count,          9642
ICALL_RECOVER_BTB_MISFETCH_OFF_PATH_total_pct,        2.649

ICALL_RECOVER_XBTB_MISS_OFF_PATH_count,         33177
ICALL_RECOVER_XBTB_MISS_OFF_PATH_pct,        9.114
ICALL_RECOVER_XBTB_MISS_OFF_PATH_total_count,         33177
ICALL_RECOVER_XBTB_MISS_OFF_PATH_total_pct,        9.114
ICALL_RECOVER_XBTB_MISS_OFF_PATH_sum_count,        364017
ICALL_RECOVER_XBTB_MISS_OFF_PATH_sum_pct,      100.000
ICALL_RECOVER_XBTB_MISS_OFF_PATH_sum_total_count,        364017
ICALL_RECOVER_XBTB_MISS_OFF_PATH_sum_total_pct,      100.000
ICALL_RECOVER_XBTB_MISS_OFF_PATH_mean,         1.21
ICALL_RECOVER_XBTB_MISS_OFF_PATH_stddev,         0.98
ICALL_RECOVER_XBTB_MISS_OFF_PATH_total_mean,         1.21
ICALL_RECOVER_XBTB_MISS_OFF_PATH_total_stddev,         0.98

IBR_CORRECT_IBTB_OFF_PATH_count,         56695
IBR_CORRECT_IBTB_OFF_PATH_pct,       11.845
IBR_CORRECT_IBTB_OFF_PATH_total_count,         56695
IBR_CORRECT_IBTB_OFF_PATH_total_pct,       11.845

IBR_CORRECT_BTB_OFF_PATH_count,        376859
IBR_CORRECT_BTB_OFF_PATH_pct,       78.736
IBR_CORRECT_BTB_OFF_PATH_total_count,        376859
IBR_CORRECT_BTB_OFF_PATH_total_pct,       78.736

IBR_RECOVER_IBTB_MISFETCH_OFF_PATH_count,          4183
IBR_RECOVER_IBTB_MISFETCH_OFF_PATH_pct,        0.874
IBR_RECOVER_IBTB_MISFETCH_OFF_PATH_total_count,          4183
IBR_RECOVER_IBTB_MISFETCH_OFF_PATH_total_pct,        0.874

IBR_RECOVER_BTB_MISFETCH_OFF_PATH_count,         22270
IBR_RECOVER_BTB_MISFETCH_OFF_PATH_pct,        4.653
IBR_RECOVER_BTB_MISFETCH_OFF_PATH_total_count,         22270
IBR_RECOVER_BTB_MISFETCH_OFF_PATH_total_pct,        4.653

IBR_RECOVER_XBTB_MISS_OFF_PATH_count,         18628
IBR_RECOVER_XBTB_MISS_OFF_PATH_pct,        3.892
IBR_RECOVER_XBTB_MISS_OFF_PATH_total_count,         18628
IBR_RECOVER_XBTB_MISS_OFF_PATH_total_pct,        3.892
IBR_RECOVER_XBTB_MISS_OFF_PATH_sum_count,        478635
IBR_RECOVER_XBTB_MISS_OFF_PATH_sum_pct,      100.000
IBR_RECOVER_XBTB_MISS_OFF_PATH_sum_total_count,        478635
IBR_RECOVER_XBTB_MISS_OFF_PATH_sum_total_pct,      100.000
IBR_RECOVER_XBTB_MISS_OFF_PATH_mean,         1.10
IBR_RECOVER_XBTB_MISS_OFF_PATH_stddev,         0.75
IBR_RECOVER_XBTB_MISS_OFF_PATH_total_mean,         1.10
IBR_RECOVER_XBTB_MISS_OFF_PATH_total_stddev,         0.75

ICO_CORRECT_OFF_PATH_count,             0
ICO_CORRECT_OFF_PATH_pct,         -nan
ICO_CORRECT_OFF_PATH_total_count,             0
ICO_CORRECT_OFF_PATH_total_pct,         -nan

ICO_RECOVER_OFF_PATH_count,             0
ICO_RECOVER_OFF_PATH_pct,         -nan
ICO_RECOVER_OFF_PATH_total_count,             0
ICO_RECOVER_OFF_PATH_total_pct,         -nan
ICO_RECOVER_OFF_PATH_sum_count,             0
ICO_RECOVER_OFF_PATH_sum_pct,         -nan
ICO_RECOVER_OFF_PATH_sum_total_count,             0
ICO_RECOVER_OFF_PATH_sum_total_pct,         -nan
ICO_RECOVER_OFF_PATH_mean,         -nan
ICO_RECOVER_OFF_PATH_stddev,         -nan
ICO_RECOVER_OFF_PATH_total_mean,         -nan
ICO_RECOVER_OFF_PATH_total_stddev,         -nan

RET_CORRECT_OFF_PATH_count,       1031640
RET_CORRECT_OFF_PATH_pct,       42.883
RET_CORRECT_OFF_PATH_total_count,       1031640
RET_CORRECT_OFF_PATH_total_pct,       42.883

RET_RECOVER_OFF_PATH_count,        723176
RET_RECOVER_OFF_PATH_pct,       30.061
RET_RECOVER_OFF_PATH_total_count,        723176
RET_RECOVER_OFF_PATH_total_pct,       30.061

RET_RECOVER_UFLOW_OFF_PATH_count,        650868
RET_RECOVER_UFLOW_OFF_PATH_pct,       27.055
RET_RECOVER_UFLOW_OFF_PATH_total_count,        650868
RET_RECOVER_UFLOW_OFF_PATH_total_pct,       27.055
RET_RECOVER_UFLOW_OFF_PATH_sum_count,       2405684
RET_RECOVER_UFLOW_OFF_PATH_sum_pct,      100.000
RET_RECOVER_UFLOW_OFF_PATH_sum_total_count,       2405684
RET_RECOVER_UFLOW_OFF_PATH_sum_total_pct,      100.000
RET_RECOVER_UFLOW_OFF_PATH_mean,         0.84
RET_RECOVER_UFLOW_OFF_PATH_stddev,         0.75
RET_RECOVER_UFLOW_OFF_PATH_total_mean,         0.84
RET_RECOVER_UFLOW_OFF_PATH_total_stddev,         0.75

CALL_CORRECT_OFF_PATH_count,       1439052
CALL_CORRECT_OFF_PATH_pct,       87.775
CALL_CORRECT_OFF_PATH_total_count,       1439052
CALL_CORRECT_OFF_PATH_total_pct,       87.775

CALL_RECOVER_OFF_PATH_count,        200433
CALL_RECOVER_OFF_PATH_pct,       12.225
CALL_RECOVER_OFF_PATH_total_count,        200433
CALL_RECOVER_OFF_PATH_total_pct,       12.225
CALL_RECOVER_OFF_PATH_sum_count,       1639485
CALL_RECOVER_OFF_PATH_sum_pct,      100.000
CALL_RECOVER_OFF_PATH_sum_total_count,       1639485
CALL_RECOVER_OFF_PATH_sum_total_pct,      100.000
CALL_RECOVER_OFF_PATH_mean,         0.12
CALL_RECOVER_OFF_PATH_stddev,         0.31
CALL_RECOVER_OFF_PATH_total_mean,         0.12
CALL_RECOVER_OFF_PATH_total_stddev,         0.31

BTB_CORRECT_OFF_PATH_count,      15382033
BTB_CORRECT_OFF_PATH_pct,       69.955
BTB_CORRECT_OFF_PATH_total_count,      15382033
BTB_CORRECT_OFF_PATH_total_pct,       69.955

BTB_INCORRECT_BUT_TARGET_CORRECT_OFF_PATH_count,           110
BTB_INCORRECT_BUT_TARGET_CORRECT_OFF_PATH_pct,        0.001
BTB_INCORRECT_BUT_TARGET_CORRECT_OFF_PATH_total_count,           110
BTB_INCORRECT_BUT_TARGET_CORRECT_OFF_PATH_total_pct,        0.001

BTB_INCORRECT_OFF_PATH_count,       6606415
BTB_INCORRECT_OFF_PATH_pct,       30.045
BTB_INCORRECT_OFF_PATH_total_count,       6606415
BTB_INCORRECT_OFF_PATH_total_pct,       30.045
BTB_INCORRECT_OFF_PATH_sum_count,      21988558
BTB_INCORRECT_OFF_PATH_sum_pct,      100.000
BTB_INCORRECT_OFF_PATH_sum_total_count,      21988558
BTB_INCORRECT_OFF_PATH_sum_total_pct,      100.000
BTB_INCORRECT_OFF_PATH_mean,         0.60
BTB_INCORRECT_OFF_PATH_stddev,         0.83
BTB_INCORRECT_OFF_PATH_total_mean,         0.60
BTB_INCORRECT_OFF_PATH_total_stddev,         0.83

IBTB_CORRECT_OFF_PATH_count,        112481
IBTB_CORRECT_OFF_PATH_pct,       13.348
IBTB_CORRECT_OFF_PATH_total_count,        112481
IBTB_CORRECT_OFF_PATH_total_pct,       13.348

IBTB_INCORRECT_OFF_PATH_count,        730171
IBTB_INCORRECT_OFF_PATH_pct,       86.652
IBTB_INCORRECT_OFF_PATH_total_count,        730171
IBTB_INCORRECT_OFF_PATH_total_pct,       86.652
IBTB_INCORRECT_OFF_PATH_sum_count,        842652
IBTB_INCORRECT_OFF_PATH_sum_pct,      100.000
IBTB_INCORRECT_OFF_PATH_sum_total_count,        842652
IBTB_INCORRECT_OFF_PATH_sum_total_pct,      100.000
IBTB_INCORRECT_OFF_PATH_mean,         0.87
IBTB_INCORRECT_OFF_PATH_stddev,         0.82
IBTB_INCORRECT_OFF_PATH_total_mean,         0.87
IBTB_INCORRECT_OFF_PATH_total_stddev,         0.82

BP_EXEC_RECOVERIES_count,        276495
BP_EXEC_RECOVERIES_pct,       55.321
BP_EXEC_RECOVERIES_total_count,        276495
BP_EXEC_RECOVERIES_total_pct,       55.321

BP_DECODE_RECOVERIES_count,        223303
BP_DECODE_RECOVERIES_pct,       44.679
BP_DECODE_RECOVERIES_total_count,        223303
BP_DECODE_RECOVERIES_total_pct,       44.679
BP_DECODE_RECOVERIES_sum_count,        499798
BP_DECODE_RECOVERIES_sum_pct,      100.000
BP_DECODE_RECOVERIES_sum_total_count,        499798
BP_DECODE_RECOVERIES_sum_total_pct,      100.000
BP_DECODE_RECOVERIES_mean,         0.45
BP_DECODE_RECOVERIES_stddev,         0.48
BP_DECODE_RECOVERIES_total_mean,         0.45
BP_DECODE_RECOVERIES_total_stddev,         0.48

SCHEDULED_EXEC_RECOVERIES_count,        276495
SCHEDULED_EXEC_RECOVERIES_pct,       55.321
SCHEDULED_EXEC_RECOVERIES_total_count,        276495
SCHEDULED_EXEC_RECOVERIES_total_pct,       55.321

SCHEDULED_DECODE_RECOVERIES_count,        223303
SCHEDULED_DECODE_RECOVERIES_pct,       44.679
SCHEDULED_DECODE_RECOVERIES_total_count,        223303
SCHEDULED_DECODE_RECOVERIES_total_pct,       44.679
SCHEDULED_DECODE_RECOVERIES_sum_count,        499798
SCHEDULED_DECODE_RECOVERIES_sum_pct,      100.000
SCHEDULED_DECODE_RECOVERIES_sum_total_count,        499798
SCHEDULED_DECODE_RECOVERIES_sum_total_pct,      100.000
SCHEDULED_DECODE_RECOVERIES_mean,         0.45
SCHEDULED_DECODE_RECOVERIES_stddev,         0.48
SCHEDULED_DECODE_RECOVERIES_total_mean,         0.45
SCHEDULED_DECODE_RECOVERIES_total_stddev,         0.48

PERFORMED_EXEC_RECOVERIES_count,        499798
PERFORMED_EXEC_RECOVERIES_pct,      100.000
PERFORMED_EXEC_RECOVERIES_total_count,        499798
PERFORMED_EXEC_RECOVERIES_total_pct,      100.000

PERFORMED_DECODE_RECOVERIES_count,             0
PERFORMED_DECODE_RECOVERIES_pct,        0.000
PERFORMED_DECODE_RECOVERIES_total_count,             0
PERFORMED_DECODE_RECOVERIES_total_pct,        0.000
PERFORMED_DECODE_RECOVERIES_sum_count,        499798
PERFORMED_DECODE_RECOVERIES_sum_pct,      100.000
PERFORMED_DECODE_RECOVERIES_sum_total_count,        499798
PERFORMED_DECODE_RECOVERIES_sum_total_pct,      100.000
PERFORMED_DECODE_RECOVERIES_mean,         0.00
PERFORMED_DECODE_RECOVERIES_stddev,         0.00
PERFORMED_DECODE_RECOVERIES_total_mean,         0.00
PERFORMED_DECODE_RECOVERIES_total_stddev,         0.00

PERFORMED_RECOVERY_LAT_count,      21904031
PERFORMED_RECOVERY_LAT_total_count,      21904031

SCHEDULED_DECODE_LAT_count,       6586451
SCHEDULED_DECODE_LAT_total_count,       6586451

SCHEDULED_EXEC_LAT_count,      14541287
SCHEDULED_EXEC_LAT_total_count,      14541287



