/* -*- Mode: c -*- */
####################################################################################################
Core 0
####################################################################################################
Cumulative:        Cycles: 85787925              Instructions: 99999999              IPC: 1.16567

Periodic:          Cycles: 85787925              Instructions: 99999999              IPC: 1.16567

ICACHE_MISS                                     590589        2.370%           590589        2.370%
ICACHE_HIT                                    24332405       97.630%         24332405       97.630%
                                              24922994      100.000%         24922994      100.000%
                                                  0.98         0.96              0.98         0.96

ICACHE_MISS_ONPATH                              440090       74.517%           440090       74.517%
ICACHE_MISS_OFFPATH                             150499       25.483%           150499       25.483%
                                                590589      100.000%           590589      100.000%
                                                  0.25         0.40              0.25         0.40

ICACHE_MISS_NOT_PREFETCHED                        3433        0.583%             3433        0.583%
ICACHE_MISS_PREFETCHED_AND_EVICTED_BY_IFETCH             0        0.000%                0        0.000%
ICACHE_MISS_PREFETCHED_AND_EVICTED_BY_FDIP             0        0.000%                0        0.000%
ICACHE_MISS_MSHR_HIT_PREFETCHED_OFFPATH         157709       26.783%           157709       26.783%
ICACHE_MISS_MSHR_HIT_PREFETCHED_ONPATH          427689       72.634%           427689       72.634%
                                                588831      100.000%           588831      100.000%
                                                  3.71         3.19              3.71         3.19

ICACHE_HIT_ONPATH                             12038390       49.475%         12038390       49.475%
ICACHE_HIT_OFFPATH                            12294015       50.525%         12294015       50.525%
                                              24332405      100.000%         24332405      100.000%
                                                  0.51         0.50              0.51         0.50

ICACHE_HIT_ONPATH_SAT_BY_OFFPATH                     0         -nan%                0         -nan%
ICACHE_HIT_ONPATH_SAT_BY_ONPATH                      0         -nan%                0         -nan%
                                                     0         -nan%                0         -nan%
                                                  -nan         -nan              -nan         -nan

ICACHE_HIT_OFFPATH_SAT_BY_OFFPATH                    0         -nan%                0         -nan%
ICACHE_HIT_OFFPATH_SAT_BY_ONPATH                     0         -nan%                0         -nan%
                                                     0         -nan%                0         -nan%
                                                  -nan         -nan              -nan         -nan

ICACHE_HIT_BY_FDIP_ONPATH                            0         -nan%                0         -nan%
ICACHE_HIT_BY_FDIP_OFFPATH                           0         -nan%                0         -nan%
                                                     0         -nan%                0         -nan%
                                                  -nan         -nan              -nan         -nan

ICACHE_MISS_MSHR_HIT_BY_FDIP_ONPATH             322978       55.327%           322978       55.327%
ICACHE_MISS_MSHR_HIT_BY_FDIP_OFFPATH            260782       44.673%           260782       44.673%
                                                583760      100.000%           583760      100.000%
                                                  0.45         0.48              0.45         0.48

ICACHE_HIT_ONPATH_BY_FDIP                            0        0.000%                0        0.000%
ICACHE_HIT_OFFPATH_BY_FDIP                           0        0.000%                0        0.000%
ICACHE_MISS_MSHR_HIT_ONPATH_BY_FDIP             435020       73.864%           435020       73.864%
ICACHE_MISS_MSHR_HIT_OFFPATH_BY_FDIP            148740       25.255%           148740       25.255%
ICACHE_MISS_TOO_EARLY_ONPATH                         0        0.000%                0        0.000%
ICACHE_MISS_TOO_EARLY_OFFPATH                        0        0.000%                0        0.000%
ICACHE_MISS_NOT_PREFETCHED_ONPATH                 3433        0.583%             3433        0.583%
ICACHE_MISS_NOT_PREFETCHED_OFFPATH                1758        0.298%             1758        0.298%
                                                588951      100.000%           588951      100.000%
                                                  2.29         0.59              2.29         0.59

ICACHE_UNIQUE_MISSED_LINES                           0                              0              

ICACHE_UNIQUE_HIT_LINES                              0                              0              

ICACHE_OVERTAKE_FDIP                                 0                              0              

FT_UOP_CACHE_HIT_ON_PATH                       2524774       16.828%          2524774       16.828%
FT_UOP_CACHE_MISS_ICACHE_HIT_ON_PATH          12038390       80.239%         12038390       80.239%
FT_UOP_CACHE_MISS_ICACHE_MISS_ON_PATH           440090        2.933%           440090        2.933%
                                              15003254      100.000%         15003254      100.000%
                                                  0.86         0.27              0.86         0.27

FT_UOP_CACHE_HIT_OFF_PATH                       138344        1.099%           138344        1.099%
FT_UOP_CACHE_MISS_ICACHE_HIT_OFF_PATH         12294015       97.704%         12294015       97.704%
FT_UOP_CACHE_MISS_ICACHE_MISS_OFF_PATH          150499        1.196%           150499        1.196%
                                              12582858      100.000%         12582858      100.000%
                                                  1.00         0.15              1.00         0.15

UOPS_SERVED_BY_ICACHE_ON_PATH                 91069263       80.338%         91069263       80.338%
UOPS_SERVED_BY_UOP_CACHE_ON_PATH              22288179       19.662%         22288179       19.662%
                                             113357442      100.000%        113357442      100.000%
                                                  0.20         0.37              0.20         0.37

UOPS_SERVED_BY_ICACHE_OFF_PATH               216578079       99.459%        216578079       99.459%
UOPS_SERVED_BY_UOP_CACHE_OFF_PATH              1177177        0.541%          1177177        0.541%
                                             217755256      100.000%        217755256      100.000%
                                                  0.01         0.07              0.01         0.07

ICACHE_HIT_UOP_CACHE_MISS_ON_PATH                    0         -nan%                0         -nan%
ICACHE_HIT_UOP_CACHE_HIT_ON_PATH                     0         -nan%                0         -nan%
ICACHE_MISS_UOP_CACHE_MISS_ON_PATH                   0         -nan%                0         -nan%
ICACHE_MISS_UOP_CACHE_HIT_ON_PATH                    0         -nan%                0         -nan%
                                                     0         -nan%                0         -nan%
                                                  -nan         -nan              -nan         -nan

ICACHE_HIT_UOP_CACHE_MISS_OFF_PATH                   0         -nan%                0         -nan%
ICACHE_HIT_UOP_CACHE_HIT_OFF_PATH                    0         -nan%                0         -nan%
ICACHE_MISS_UOP_CACHE_MISS_OFF_PATH                  0         -nan%                0         -nan%
ICACHE_MISS_UOP_CACHE_HIT_OFF_PATH                   0         -nan%                0         -nan%
                                                     0         -nan%                0         -nan%
                                                  -nan         -nan              -nan         -nan

UOP_CACHE_FT_INSERTED_ONPATH_USED_ONPATH        142263                         142263              

UOP_CACHE_FT_INSERTED_OFFPATH_USED_ONPATH         47826                          47826              

UOP_CACHE_LINE_INSERTED_ONPATH_USED_ONPATH        260122                         260122              

UOP_CACHE_LINE_INSERTED_OFFPATH_USED_ONPATH        108712                         108712              

UOP_CACHE_PREFETCH                                   0                              0              

UOP_CACHE_FT_INSERT_FAILED_INST_TOO_BIG_ON_PATH             0        0.000%                0        0.000%
UOP_CACHE_FT_INSERT_FAILED_FT_TOO_BIG_ON_PATH             0        0.000%                0        0.000%
UOP_CACHE_FT_INSERT_CONFLICTED_SHORT_REUSE_ON_PATH        130089        1.841%           130089        1.841%
UOP_CACHE_FT_INSERT_SUCCEEDED_ON_PATH          6936513       98.159%          6936513       98.159%
                                               7066602      100.000%          7066602      100.000%
                                                  2.98         2.96              2.98         2.96

UOP_CACHE_FT_INSERT_FAILED_INST_TOO_BIG_OFF_PATH             0        0.000%                0        0.000%
UOP_CACHE_FT_INSERT_FAILED_FT_TOO_BIG_OFF_PATH             0        0.000%                0        0.000%
UOP_CACHE_FT_INSERT_CONFLICTED_SHORT_REUSE_OFF_PATH           440        0.258%              440        0.258%
UOP_CACHE_FT_INSERT_SUCCEEDED_OFF_PATH          170344       99.742%           170344       99.742%
                                                170784      100.000%           170784      100.000%
                                                  3.00         2.99              3.00         2.99

UOP_CACHE_LINE_INSERT_FAILED_INST_TOO_BIG_ON_PATH             0        0.000%                0        0.000%
UOP_CACHE_LINE_INSERT_FAILED_FT_TOO_BIG_ON_PATH             0        0.000%                0        0.000%
UOP_CACHE_LINE_INSERT_CONFLICTED_SHORT_REUSE_ON_PATH        177580        1.266%           177580        1.266%
UOP_CACHE_LINE_INSERT_SUCCEEDED_ON_PATH       13843811       98.734%         13843811       98.734%
                                              14021391      100.000%         14021391      100.000%
                                                  2.99         2.97              2.99         2.97

UOP_CACHE_LINE_INSERT_FAILED_INST_TOO_BIG_OFF_PATH             0        0.000%                0        0.000%
UOP_CACHE_LINE_INSERT_FAILED_FT_TOO_BIG_OFF_PATH             0        0.000%                0        0.000%
UOP_CACHE_LINE_INSERT_CONFLICTED_SHORT_REUSE_OFF_PATH           831        0.164%              831        0.164%
UOP_CACHE_LINE_INSERT_SUCCEEDED_OFF_PATH        505127       99.836%           505127       99.836%
                                                505958      100.000%           505958      100.000%
                                                  3.00         3.00              3.00         3.00

RECOVER_AT_DECODE_BR_FROM_UOC                     1891                           1891              

UOP_CACHE_ICACHE_SWITCH_BR_NOT_TAKEN_RESTEERED             0         -nan%                0         -nan%
UOP_CACHE_ICACHE_SWITCH_BR_NOT_TAKEN_CORRECT_PRED             0         -nan%                0         -nan%
UOP_CACHE_ICACHE_SWITCH_BR_TAKEN_RESTEERED             0         -nan%                0         -nan%
UOP_CACHE_ICACHE_SWITCH_BR_TAKEN_CORRECT_PRED             0         -nan%                0         -nan%
                                                     0         -nan%                0         -nan%
                                                  -nan         -nan              -nan         -nan

UOP_CACHE_ICACHE_SWITCH_UOP_QUEUE_LENGTH_0        148866       55.460%           148866       55.460%
UOP_CACHE_ICACHE_SWITCH_UOP_QUEUE_LENGTH_1         22676        8.448%            22676        8.448%
UOP_CACHE_ICACHE_SWITCH_UOP_QUEUE_LENGTH_2         20406        7.602%            20406        7.602%
UOP_CACHE_ICACHE_SWITCH_UOP_QUEUE_LENGTH_3          9707        3.616%             9707        3.616%
UOP_CACHE_ICACHE_SWITCH_UOP_QUEUE_LENGTH_4          7281        2.713%             7281        2.713%
UOP_CACHE_ICACHE_SWITCH_UOP_QUEUE_LENGTH_5          9106        3.392%             9106        3.392%
UOP_CACHE_ICACHE_SWITCH_UOP_QUEUE_LENGTH_6          7137        2.659%             7137        2.659%
UOP_CACHE_ICACHE_SWITCH_UOP_QUEUE_LENGTH_7         43242       16.110%            43242       16.110%
UOP_CACHE_ICACHE_SWITCH_UOP_QUEUE_LENGTH_8             0        0.000%                0        0.000%
UOP_CACHE_ICACHE_SWITCH_UOP_QUEUE_LENGTH_9             0        0.000%                0        0.000%
UOP_CACHE_ICACHE_SWITCH_UOP_QUEUE_LENGTH_10             0        0.000%                0        0.000%
UOP_CACHE_ICACHE_SWITCH_UOP_QUEUE_LENGTH_11             0        0.000%                0        0.000%
UOP_CACHE_ICACHE_SWITCH_UOP_QUEUE_LENGTH_12             0        0.000%                0        0.000%
UOP_CACHE_ICACHE_SWITCH_UOP_QUEUE_LENGTH_13             0        0.000%                0        0.000%
UOP_CACHE_ICACHE_SWITCH_UOP_QUEUE_LENGTH_14             0        0.000%                0        0.000%
UOP_CACHE_ICACHE_SWITCH_UOP_QUEUE_LENGTH_15             0        0.000%                0        0.000%
UOP_CACHE_ICACHE_SWITCH_UOP_QUEUE_LENGTH_16             0        0.000%                0        0.000%
UOP_CACHE_ICACHE_SWITCH_UOP_QUEUE_LENGTH_17             0        0.000%                0        0.000%
UOP_CACHE_ICACHE_SWITCH_UOP_QUEUE_LENGTH_18             0        0.000%                0        0.000%
UOP_CACHE_ICACHE_SWITCH_UOP_QUEUE_LENGTH_19             0        0.000%                0        0.000%
UOP_CACHE_ICACHE_SWITCH_UOP_QUEUE_LENGTH_20             0        0.000%                0        0.000%
                                                268421      100.000%           268421      100.000%
                                                  1.91         2.27              1.91         2.27

UOP_CACHE_ICACHE_SWITCH_UOP_QUEUE_LENGTH_OFFPATH_0           977        3.534%              977        3.534%
UOP_CACHE_ICACHE_SWITCH_UOP_QUEUE_LENGTH_OFFPATH_1          5860       21.194%             5860       21.194%
UOP_CACHE_ICACHE_SWITCH_UOP_QUEUE_LENGTH_OFFPATH_2          6050       21.881%             6050       21.881%
UOP_CACHE_ICACHE_SWITCH_UOP_QUEUE_LENGTH_OFFPATH_3          5439       19.672%             5439       19.672%
UOP_CACHE_ICACHE_SWITCH_UOP_QUEUE_LENGTH_OFFPATH_4          3490       12.623%             3490       12.623%
UOP_CACHE_ICACHE_SWITCH_UOP_QUEUE_LENGTH_OFFPATH_5          1607        5.812%             1607        5.812%
UOP_CACHE_ICACHE_SWITCH_UOP_QUEUE_LENGTH_OFFPATH_6          1015        3.671%             1015        3.671%
UOP_CACHE_ICACHE_SWITCH_UOP_QUEUE_LENGTH_OFFPATH_7          3211       11.613%             3211       11.613%
UOP_CACHE_ICACHE_SWITCH_UOP_QUEUE_LENGTH_OFFPATH_8             0        0.000%                0        0.000%
UOP_CACHE_ICACHE_SWITCH_UOP_QUEUE_LENGTH_OFFPATH_9             0        0.000%                0        0.000%
UOP_CACHE_ICACHE_SWITCH_UOP_QUEUE_LENGTH_OFFPATH_10             0        0.000%                0        0.000%
UOP_CACHE_ICACHE_SWITCH_UOP_QUEUE_LENGTH_OFFPATH_11             0        0.000%                0        0.000%
UOP_CACHE_ICACHE_SWITCH_UOP_QUEUE_LENGTH_OFFPATH_12             0        0.000%                0        0.000%
UOP_CACHE_ICACHE_SWITCH_UOP_QUEUE_LENGTH_OFFPATH_13             0        0.000%                0        0.000%
UOP_CACHE_ICACHE_SWITCH_UOP_QUEUE_LENGTH_OFFPATH_14             0        0.000%                0        0.000%
UOP_CACHE_ICACHE_SWITCH_UOP_QUEUE_LENGTH_OFFPATH_15             0        0.000%                0        0.000%
UOP_CACHE_ICACHE_SWITCH_UOP_QUEUE_LENGTH_OFFPATH_16             0        0.000%                0        0.000%
UOP_CACHE_ICACHE_SWITCH_UOP_QUEUE_LENGTH_OFFPATH_17             0        0.000%                0        0.000%
UOP_CACHE_ICACHE_SWITCH_UOP_QUEUE_LENGTH_OFFPATH_18             0        0.000%                0        0.000%
UOP_CACHE_ICACHE_SWITCH_UOP_QUEUE_LENGTH_OFFPATH_19             0        0.000%                0        0.000%
UOP_CACHE_ICACHE_SWITCH_UOP_QUEUE_LENGTH_OFFPATH_20             0        0.000%                0        0.000%
                                                 27649      100.000%            27649      100.000%
                                                  3.07         1.90              3.07         1.90

UOP_CACHE_ICACHE_SWITCH_UOP_QUEUE_PLUS_DECODE_LENGTH_0        148866       55.460%           148866       55.460%
UOP_CACHE_ICACHE_SWITCH_UOP_QUEUE_PLUS_DECODE_LENGTH_1            38        0.014%               38        0.014%
UOP_CACHE_ICACHE_SWITCH_UOP_QUEUE_PLUS_DECODE_LENGTH_2          8711        3.245%             8711        3.245%
UOP_CACHE_ICACHE_SWITCH_UOP_QUEUE_PLUS_DECODE_LENGTH_3          4508        1.679%             4508        1.679%
UOP_CACHE_ICACHE_SWITCH_UOP_QUEUE_PLUS_DECODE_LENGTH_4         12030        4.482%            12030        4.482%
UOP_CACHE_ICACHE_SWITCH_UOP_QUEUE_PLUS_DECODE_LENGTH_5          5167        1.925%             5167        1.925%
UOP_CACHE_ICACHE_SWITCH_UOP_QUEUE_PLUS_DECODE_LENGTH_6         12183        4.539%            12183        4.539%
UOP_CACHE_ICACHE_SWITCH_UOP_QUEUE_PLUS_DECODE_LENGTH_7         76913       28.654%            76913       28.654%
UOP_CACHE_ICACHE_SWITCH_UOP_QUEUE_PLUS_DECODE_LENGTH_8             1        0.000%                1        0.000%
UOP_CACHE_ICACHE_SWITCH_UOP_QUEUE_PLUS_DECODE_LENGTH_9             2        0.001%                2        0.001%
UOP_CACHE_ICACHE_SWITCH_UOP_QUEUE_PLUS_DECODE_LENGTH_10             1        0.000%                1        0.000%
UOP_CACHE_ICACHE_SWITCH_UOP_QUEUE_PLUS_DECODE_LENGTH_11             1        0.000%                1        0.000%
UOP_CACHE_ICACHE_SWITCH_UOP_QUEUE_PLUS_DECODE_LENGTH_12             0        0.000%                0        0.000%
UOP_CACHE_ICACHE_SWITCH_UOP_QUEUE_PLUS_DECODE_LENGTH_13             0        0.000%                0        0.000%
UOP_CACHE_ICACHE_SWITCH_UOP_QUEUE_PLUS_DECODE_LENGTH_14             0        0.000%                0        0.000%
UOP_CACHE_ICACHE_SWITCH_UOP_QUEUE_PLUS_DECODE_LENGTH_15             0        0.000%                0        0.000%
UOP_CACHE_ICACHE_SWITCH_UOP_QUEUE_PLUS_DECODE_LENGTH_16             0        0.000%                0        0.000%
UOP_CACHE_ICACHE_SWITCH_UOP_QUEUE_PLUS_DECODE_LENGTH_17             0        0.000%                0        0.000%
UOP_CACHE_ICACHE_SWITCH_UOP_QUEUE_PLUS_DECODE_LENGTH_18             0        0.000%                0        0.000%
UOP_CACHE_ICACHE_SWITCH_UOP_QUEUE_PLUS_DECODE_LENGTH_19             0        0.000%                0        0.000%
UOP_CACHE_ICACHE_SWITCH_UOP_QUEUE_PLUS_DECODE_LENGTH_20             0        0.000%                0        0.000%
                                                268421      100.000%           268421      100.000%
                                                  2.67         2.47              2.67         2.47

UOP_CACHE_ICACHE_SWITCH_UOP_QUEUE_PLUS_DECODE_LENGTH_OFFPATH_0           977        3.534%              977        3.534%
UOP_CACHE_ICACHE_SWITCH_UOP_QUEUE_PLUS_DECODE_LENGTH_OFFPATH_1             0        0.000%                0        0.000%
UOP_CACHE_ICACHE_SWITCH_UOP_QUEUE_PLUS_DECODE_LENGTH_OFFPATH_2           107        0.387%              107        0.387%
UOP_CACHE_ICACHE_SWITCH_UOP_QUEUE_PLUS_DECODE_LENGTH_OFFPATH_3           522        1.888%              522        1.888%
UOP_CACHE_ICACHE_SWITCH_UOP_QUEUE_PLUS_DECODE_LENGTH_OFFPATH_4          1499        5.422%             1499        5.422%
UOP_CACHE_ICACHE_SWITCH_UOP_QUEUE_PLUS_DECODE_LENGTH_OFFPATH_5          1964        7.103%             1964        7.103%
UOP_CACHE_ICACHE_SWITCH_UOP_QUEUE_PLUS_DECODE_LENGTH_OFFPATH_6          2195        7.939%             2195        7.939%
UOP_CACHE_ICACHE_SWITCH_UOP_QUEUE_PLUS_DECODE_LENGTH_OFFPATH_7         20379       73.706%            20379       73.706%
UOP_CACHE_ICACHE_SWITCH_UOP_QUEUE_PLUS_DECODE_LENGTH_OFFPATH_8             1        0.004%                1        0.004%
UOP_CACHE_ICACHE_SWITCH_UOP_QUEUE_PLUS_DECODE_LENGTH_OFFPATH_9             1        0.004%                1        0.004%
UOP_CACHE_ICACHE_SWITCH_UOP_QUEUE_PLUS_DECODE_LENGTH_OFFPATH_10             1        0.004%                1        0.004%
UOP_CACHE_ICACHE_SWITCH_UOP_QUEUE_PLUS_DECODE_LENGTH_OFFPATH_11             1        0.004%                1        0.004%
UOP_CACHE_ICACHE_SWITCH_UOP_QUEUE_PLUS_DECODE_LENGTH_OFFPATH_12             1        0.004%                1        0.004%
UOP_CACHE_ICACHE_SWITCH_UOP_QUEUE_PLUS_DECODE_LENGTH_OFFPATH_13             1        0.004%                1        0.004%
UOP_CACHE_ICACHE_SWITCH_UOP_QUEUE_PLUS_DECODE_LENGTH_OFFPATH_14             0        0.000%                0        0.000%
UOP_CACHE_ICACHE_SWITCH_UOP_QUEUE_PLUS_DECODE_LENGTH_OFFPATH_15             0        0.000%                0        0.000%
UOP_CACHE_ICACHE_SWITCH_UOP_QUEUE_PLUS_DECODE_LENGTH_OFFPATH_16             0        0.000%                0        0.000%
UOP_CACHE_ICACHE_SWITCH_UOP_QUEUE_PLUS_DECODE_LENGTH_OFFPATH_17             0        0.000%                0        0.000%
UOP_CACHE_ICACHE_SWITCH_UOP_QUEUE_PLUS_DECODE_LENGTH_OFFPATH_18             0        0.000%                0        0.000%
UOP_CACHE_ICACHE_SWITCH_UOP_QUEUE_PLUS_DECODE_LENGTH_OFFPATH_19             0        0.000%                0        0.000%
UOP_CACHE_ICACHE_SWITCH_UOP_QUEUE_PLUS_DECODE_LENGTH_OFFPATH_20             0        0.000%                0        0.000%
                                                 27649      100.000%            27649      100.000%
                                                  6.27         1.03              6.27         1.03

BF_UOP_CACHE_MISS_UOP_QUEUE_LENGTH_0               238      100.000%              238      100.000%
BF_UOP_CACHE_MISS_UOP_QUEUE_LENGTH_1                 0        0.000%                0        0.000%
BF_UOP_CACHE_MISS_UOP_QUEUE_LENGTH_2                 0        0.000%                0        0.000%
BF_UOP_CACHE_MISS_UOP_QUEUE_LENGTH_3                 0        0.000%                0        0.000%
BF_UOP_CACHE_MISS_UOP_QUEUE_LENGTH_4                 0        0.000%                0        0.000%
BF_UOP_CACHE_MISS_UOP_QUEUE_LENGTH_5                 0        0.000%                0        0.000%
BF_UOP_CACHE_MISS_UOP_QUEUE_LENGTH_6                 0        0.000%                0        0.000%
BF_UOP_CACHE_MISS_UOP_QUEUE_LENGTH_7                 0        0.000%                0        0.000%
BF_UOP_CACHE_MISS_UOP_QUEUE_LENGTH_8                 0        0.000%                0        0.000%
BF_UOP_CACHE_MISS_UOP_QUEUE_LENGTH_9                 0        0.000%                0        0.000%
BF_UOP_CACHE_MISS_UOP_QUEUE_LENGTH_10                0        0.000%                0        0.000%
BF_UOP_CACHE_MISS_UOP_QUEUE_LENGTH_11                0        0.000%                0        0.000%
BF_UOP_CACHE_MISS_UOP_QUEUE_LENGTH_12                0        0.000%                0        0.000%
BF_UOP_CACHE_MISS_UOP_QUEUE_LENGTH_13                0        0.000%                0        0.000%
BF_UOP_CACHE_MISS_UOP_QUEUE_LENGTH_14                0        0.000%                0        0.000%
BF_UOP_CACHE_MISS_UOP_QUEUE_LENGTH_15                0        0.000%                0        0.000%
BF_UOP_CACHE_MISS_UOP_QUEUE_LENGTH_16                0        0.000%                0        0.000%
BF_UOP_CACHE_MISS_UOP_QUEUE_LENGTH_17                0        0.000%                0        0.000%
BF_UOP_CACHE_MISS_UOP_QUEUE_LENGTH_18                0        0.000%                0        0.000%
BF_UOP_CACHE_MISS_UOP_QUEUE_LENGTH_19                0        0.000%                0        0.000%
BF_UOP_CACHE_MISS_UOP_QUEUE_LENGTH_20                0        0.000%                0        0.000%
                                                   238      100.000%              238      100.000%
                                                  0.00         0.00              0.00         0.00

BF_UOP_CACHE_MISS_UOP_QUEUE_PLUS_DECODE_LENGTH_0           238      100.000%              238      100.000%
BF_UOP_CACHE_MISS_UOP_QUEUE_PLUS_DECODE_LENGTH_1             0        0.000%                0        0.000%
BF_UOP_CACHE_MISS_UOP_QUEUE_PLUS_DECODE_LENGTH_2             0        0.000%                0        0.000%
BF_UOP_CACHE_MISS_UOP_QUEUE_PLUS_DECODE_LENGTH_3             0        0.000%                0        0.000%
BF_UOP_CACHE_MISS_UOP_QUEUE_PLUS_DECODE_LENGTH_4             0        0.000%                0        0.000%
BF_UOP_CACHE_MISS_UOP_QUEUE_PLUS_DECODE_LENGTH_5             0        0.000%                0        0.000%
BF_UOP_CACHE_MISS_UOP_QUEUE_PLUS_DECODE_LENGTH_6             0        0.000%                0        0.000%
BF_UOP_CACHE_MISS_UOP_QUEUE_PLUS_DECODE_LENGTH_7             0        0.000%                0        0.000%
BF_UOP_CACHE_MISS_UOP_QUEUE_PLUS_DECODE_LENGTH_8             0        0.000%                0        0.000%
BF_UOP_CACHE_MISS_UOP_QUEUE_PLUS_DECODE_LENGTH_9             0        0.000%                0        0.000%
BF_UOP_CACHE_MISS_UOP_QUEUE_PLUS_DECODE_LENGTH_10             0        0.000%                0        0.000%
BF_UOP_CACHE_MISS_UOP_QUEUE_PLUS_DECODE_LENGTH_11             0        0.000%                0        0.000%
BF_UOP_CACHE_MISS_UOP_QUEUE_PLUS_DECODE_LENGTH_12             0        0.000%                0        0.000%
BF_UOP_CACHE_MISS_UOP_QUEUE_PLUS_DECODE_LENGTH_13             0        0.000%                0        0.000%
BF_UOP_CACHE_MISS_UOP_QUEUE_PLUS_DECODE_LENGTH_14             0        0.000%                0        0.000%
BF_UOP_CACHE_MISS_UOP_QUEUE_PLUS_DECODE_LENGTH_15             0        0.000%                0        0.000%
BF_UOP_CACHE_MISS_UOP_QUEUE_PLUS_DECODE_LENGTH_16             0        0.000%                0        0.000%
BF_UOP_CACHE_MISS_UOP_QUEUE_PLUS_DECODE_LENGTH_17             0        0.000%                0        0.000%
BF_UOP_CACHE_MISS_UOP_QUEUE_PLUS_DECODE_LENGTH_18             0        0.000%                0        0.000%
BF_UOP_CACHE_MISS_UOP_QUEUE_PLUS_DECODE_LENGTH_19             0        0.000%                0        0.000%
BF_UOP_CACHE_MISS_UOP_QUEUE_PLUS_DECODE_LENGTH_20             0        0.000%                0        0.000%
                                                   238      100.000%              238      100.000%
                                                  0.00         0.00              0.00         0.00

UOP_CACHE_FT_LINES_1_ON_PATH                   3056765       43.257%          3056765       43.257%
UOP_CACHE_FT_LINES_2_ON_PATH                   1515381       21.444%          1515381       21.444%
UOP_CACHE_FT_LINES_3_ON_PATH                   2051602       29.032%          2051602       29.032%
UOP_CACHE_FT_LINES_4_ON_PATH                    435212        6.159%           435212        6.159%
UOP_CACHE_FT_LINES_5_ON_PATH                      7642        0.108%             7642        0.108%
UOP_CACHE_FT_LINES_6_ON_PATH                         0        0.000%                0        0.000%
UOP_CACHE_FT_LINES_7_ON_PATH                         0        0.000%                0        0.000%
UOP_CACHE_FT_LINES_8_ON_PATH                         0        0.000%                0        0.000%
UOP_CACHE_FT_LINES_9_AND_MORE_ON_PATH                0        0.000%                0        0.000%
                                               7066602      100.000%          7066602      100.000%
                                                  0.98         0.75              0.98         0.75

UOP_CACHE_FT_LINES_1_OFF_PATH                    28780       16.852%            28780       16.852%
UOP_CACHE_FT_LINES_2_OFF_PATH                    20226       11.843%            20226       11.843%
UOP_CACHE_FT_LINES_3_OFF_PATH                    50475       29.555%            50475       29.555%
UOP_CACHE_FT_LINES_4_OFF_PATH                    71214       41.698%            71214       41.698%
UOP_CACHE_FT_LINES_5_OFF_PATH                       89        0.052%               89        0.052%
UOP_CACHE_FT_LINES_6_OFF_PATH                        0        0.000%                0        0.000%
UOP_CACHE_FT_LINES_7_OFF_PATH                        0        0.000%                0        0.000%
UOP_CACHE_FT_LINES_8_OFF_PATH                        0        0.000%                0        0.000%
UOP_CACHE_FT_LINES_9_AND_MORE_OFF_PATH               0        0.000%                0        0.000%
                                                170784      100.000%           170784      100.000%
                                                  1.96         0.75              1.96         0.75

UOP_CACHE_PREFETCH_PW_LENGTH_1                       0         -nan%                0         -nan%
UOP_CACHE_PREFETCH_PW_LENGTH_2                       0         -nan%                0         -nan%
UOP_CACHE_PREFETCH_PW_LENGTH_3                       0         -nan%                0         -nan%
UOP_CACHE_PREFETCH_PW_LENGTH_4                       0         -nan%                0         -nan%
UOP_CACHE_PREFETCH_PW_LENGTH_5                       0         -nan%                0         -nan%
UOP_CACHE_PREFETCH_PW_LENGTH_6                       0         -nan%                0         -nan%
UOP_CACHE_PREFETCH_PW_LENGTH_7                       0         -nan%                0         -nan%
UOP_CACHE_PREFETCH_PW_LENGTH_8                       0         -nan%                0         -nan%
UOP_CACHE_PREFETCH_PW_LENGTH_9                       0         -nan%                0         -nan%
UOP_CACHE_PREFETCH_PW_LENGTH_10                      0         -nan%                0         -nan%
UOP_CACHE_PREFETCH_PW_LENGTH_11                      0         -nan%                0         -nan%
UOP_CACHE_PREFETCH_PW_LENGTH_12                      0         -nan%                0         -nan%
UOP_CACHE_PREFETCH_PW_LENGTH_13                      0         -nan%                0         -nan%
UOP_CACHE_PREFETCH_PW_LENGTH_14                      0         -nan%                0         -nan%
UOP_CACHE_PREFETCH_PW_LENGTH_15                      0         -nan%                0         -nan%
UOP_CACHE_PREFETCH_PW_LENGTH_16                      0         -nan%                0         -nan%
UOP_CACHE_PREFETCH_PW_LENGTH_17                      0         -nan%                0         -nan%
UOP_CACHE_PREFETCH_PW_LENGTH_18                      0         -nan%                0         -nan%
UOP_CACHE_PREFETCH_PW_LENGTH_19                      0         -nan%                0         -nan%
UOP_CACHE_PREFETCH_PW_LENGTH_20                      0         -nan%                0         -nan%
UOP_CACHE_PREFETCH_PW_LENGTH_21                      0         -nan%                0         -nan%
UOP_CACHE_PREFETCH_PW_LENGTH_22                      0         -nan%                0         -nan%
UOP_CACHE_PREFETCH_PW_LENGTH_23                      0         -nan%                0         -nan%
UOP_CACHE_PREFETCH_PW_LENGTH_24                      0         -nan%                0         -nan%
                                                     0         -nan%                0         -nan%
                                                  -nan         -nan              -nan         -nan

DCACHE_MISS                                    4956232       15.573%          4956232       15.573%
DCACHE_ST_BUFFER_HIT                              8353        0.026%             8353        0.026%
DCACHE_HIT                                    26860459       84.400%         26860459       84.400%
                                              31825044      100.000%         31825044      100.000%
                                                  1.69         1.58              1.69         1.58

DCACHE_MISS_ONPATH                             4956232       99.419%          4956232       99.419%
DCACHE_MISS_OFFPATH                              28986        0.581%            28986        0.581%
                                               4985218      100.000%          4985218      100.000%
                                                  0.01         0.08              0.01         0.08

DCACHE_ST_BUFFER_HIT_ONPATH                       8353       99.016%             8353       99.016%
DCACHE_ST_BUFFER_HIT_OFFPATH                        83        0.984%               83        0.984%
                                                  8436      100.000%             8436      100.000%
                                                  0.01         0.10              0.01         0.10

DCACHE_HIT_ONPATH                             26860459       99.326%         26860459       99.326%
DCACHE_HIT_OFFPATH                              182251        0.674%           182251        0.674%
                                              27042710      100.000%         27042710      100.000%
                                                  0.01         0.08              0.01         0.08

DCACHE_HIT_ONPATH_SAT_BY_OFFPATH                     0         -nan%                0         -nan%
DCACHE_HIT_ONPATH_SAT_BY_ONPATH                      0         -nan%                0         -nan%
                                                     0         -nan%                0         -nan%
                                                  -nan         -nan              -nan         -nan

DCACHE_HIT_OFFPATH_SAT_BY_OFFPATH                    0         -nan%                0         -nan%
DCACHE_HIT_OFFPATH_SAT_BY_ONPATH                     0         -nan%                0         -nan%
                                                     0         -nan%                0         -nan%
                                                  -nan         -nan              -nan         -nan

DCACHE_MISS_LD                                 3505823       70.736%          3505823       70.736%
DCACHE_MISS_ST                                 1450409       29.264%          1450409       29.264%
                                               4956232      100.000%          4956232      100.000%
                                                  0.29         0.41              0.29         0.41

DCACHE_MISS_LD_ONPATH                          3505823       99.282%          3505823       99.282%
DCACHE_MISS_LD_OFFPATH                           25352        0.718%            25352        0.718%
                                               3531175      100.000%          3531175      100.000%
                                                  0.01         0.08              0.01         0.08

DCACHE_MISS_ST_ONPATH                          1450409       99.750%          1450409       99.750%
DCACHE_MISS_ST_OFFPATH                            3634        0.250%             3634        0.250%
                                               1454043      100.000%          1454043      100.000%
                                                  0.00         0.05              0.00         0.05

DCACHE_MISS_WAITMEM                              99173                          99173              

MEM_REQ_ROW_BUFFER_HITS                              0         -nan%                0         -nan%
MEM_REQ_ROW_BUFFER_MISSES                            0         -nan%                0         -nan%
MEM_REQ_ROW_BUFFER_CONFLICTS                         0         -nan%                0         -nan%
                                                     0         -nan%                0         -nan%
                                                  -nan         -nan              -nan         -nan

SHADOW_ROW_BUFFER_HITS                               0                              0              

SHADOW_ROW_HIT_STALL_TIME                            0                              0              

CHANNEL0_BUS_BUSY_CYCLES                             0         -nan%                0         -nan%
CHANNEL1_BUS_BUSY_CYCLES                             0         -nan%                0         -nan%
CHANNEL2_BUS_BUSY_CYCLES                             0         -nan%                0         -nan%
CHANNEL3_BUS_BUSY_CYCLES                             0         -nan%                0         -nan%
CHANNEL4_BUS_BUSY_CYCLES                             0         -nan%                0         -nan%
CHANNEL5_BUS_BUSY_CYCLES                             0         -nan%                0         -nan%
CHANNEL6_BUS_BUSY_CYCLES                             0         -nan%                0         -nan%
CHANNEL7_BUS_BUSY_CYCLES                             0         -nan%                0         -nan%
                                                     0         -nan%                0         -nan%
                                                  -nan         -nan              -nan         -nan

CHANNEL_IDLE_DESPITE_READY_CMD                       0                              0              

MEM_NUM_TOTAL_BUS_CYCLES                             0                              0              

MEM_NUM_BANK_BUSY_PER_BUS_CYCLE                      0          -nan                0          -nan

CORE_NUM_BANK_BUSY_PER_BUS_CYCLE                     0          -nan                0          -nan

CHANNEL0_MEM_NUM_TOTAL_BUS_CYCLES                    0         -nan%                0         -nan%
CHANNEL1_MEM_NUM_TOTAL_BUS_CYCLES                    0         -nan%                0         -nan%
CHANNEL2_MEM_NUM_TOTAL_BUS_CYCLES                    0         -nan%                0         -nan%
CHANNEL3_MEM_NUM_TOTAL_BUS_CYCLES                    0         -nan%                0         -nan%
CHANNEL4_MEM_NUM_TOTAL_BUS_CYCLES                    0         -nan%                0         -nan%
CHANNEL5_MEM_NUM_TOTAL_BUS_CYCLES                    0         -nan%                0         -nan%
CHANNEL6_MEM_NUM_TOTAL_BUS_CYCLES                    0         -nan%                0         -nan%
CHANNEL7_MEM_NUM_TOTAL_BUS_CYCLES                    0         -nan%                0         -nan%
                                                     0         -nan%                0         -nan%
                                                  -nan         -nan              -nan         -nan

CHANNEL0_MEM_NUM_BANK_BUSY_PER_BUS_CYCLE             0          -nan                0          -nan

CHANNEL1_MEM_NUM_BANK_BUSY_PER_BUS_CYCLE             0          -nan                0          -nan

CHANNEL2_MEM_NUM_BANK_BUSY_PER_BUS_CYCLE             0          -nan                0          -nan

CHANNEL3_MEM_NUM_BANK_BUSY_PER_BUS_CYCLE             0          -nan                0          -nan

CHANNEL4_MEM_NUM_BANK_BUSY_PER_BUS_CYCLE             0          -nan                0          -nan

CHANNEL5_MEM_NUM_BANK_BUSY_PER_BUS_CYCLE             0          -nan                0          -nan

CHANNEL6_MEM_NUM_BANK_BUSY_PER_BUS_CYCLE             0          -nan                0          -nan

CHANNEL7_MEM_NUM_BANK_BUSY_PER_BUS_CYCLE             0          -nan                0          -nan

RAMULATOR_QUEUE_ENQUEUED                             0                              0              

RAMULATOR_QUEUE_FULL                                 0                              0              

BUS_DEMAND_ACCESS                                92756                          92756              

BUS_PREF_ACCESS                                    547                            547              

BUS_ACCESS                                           0                              0              

L1_DEMAND_ACCESS                              15407835                       15407835              

L1_PREF_ACCESS                                46229225                       46229225              

L1_ACCESS                                     60955728                       60955728              

MLC_DEMAND_ACCESS                              7721037                        7721037              

MLC_PREF_ACCESS                               13762841                       13762841              

MLC_ACCESS                                    21483878                       21483878              

L1_HIT                                          804638       99.530%           804638       99.530%
L1_MISS                                           3799        0.470%             3799        0.470%
                                                808437      100.000%           808437      100.000%
                                                  0.00         0.07              0.00         0.07

L1_HIT_ALL                                    13886502       99.304%         13886502       99.304%
L1_MISS_ALL                                      97293        0.696%            97293        0.696%
                                              13983795      100.000%         13983795      100.000%
                                                  0.01         0.08              0.01         0.08

L1_DEMAND_MISS                                    3798        3.904%             3798        3.904%
L1_PREF_REQ_MISS                                   547        0.562%              547        0.562%
L1_WB_MISS                                       92948       95.534%            92948       95.534%
                                                 97293      100.000%            97293      100.000%
                                                  1.92         1.88              1.92         1.88

L1_DEMAND_HIT                                   804621        5.794%           804621        5.794%
L1_PREF_REQ_HIT                                  19595        0.141%            19595        0.141%
L1_WB_HIT                                     13062286       94.065%         13062286       94.065%
                                              13886502      100.000%         13886502      100.000%
                                                  1.88         1.83              1.88         1.83

L1_MISS_ONPATH                                    3648       96.025%             3648       96.025%
L1_MISS_OFFPATH                                    151        3.975%              151        3.975%
                                                  3799      100.000%             3799      100.000%
                                                  0.04         0.19              0.04         0.19

L1_MISS_ALL_ONPATH                               11139       11.449%            11139       11.449%
L1_MISS_ALL_OFFPATH                              86154       88.551%            86154       88.551%
                                                 97293      100.000%            97293      100.000%
                                                  0.89         0.84              0.89         0.84

L1_HIT_ONPATH                                   784432       97.489%           784432       97.489%
L1_HIT_OFFPATH                                   20206        2.511%            20206        2.511%
                                                804638      100.000%           804638      100.000%
                                                  0.03         0.15              0.03         0.15

L1_HIT_ALL_ONPATH                              1965500       14.154%          1965500       14.154%
L1_HIT_ALL_OFFPATH                            11921002       85.846%         11921002       85.846%
                                              13886502      100.000%         13886502      100.000%
                                                  0.86         0.81              0.86         0.81

L1_HIT_ONPATH_SAT_BY_OFFPATH                         0         -nan%                0         -nan%
L1_HIT_ONPATH_SAT_BY_ONPATH                          0         -nan%                0         -nan%
                                                     0         -nan%                0         -nan%
                                                  -nan         -nan              -nan         -nan

L1_HIT_OFFPATH_SAT_BY_OFFPATH                        0         -nan%                0         -nan%
L1_HIT_OFFPATH_SAT_BY_ONPATH                         0         -nan%                0         -nan%
                                                     0         -nan%                0         -nan%
                                                  -nan         -nan              -nan         -nan

L1_HIT_ONPATH_IFETCH_SAT_BY_OFFPATH                  0         -nan%                0         -nan%
L1_HIT_ONPATH_IFETCH_SAT_BY_ONPATH                   0         -nan%                0         -nan%
                                                     0         -nan%                0         -nan%
                                                  -nan         -nan              -nan         -nan

L1_HIT_ONPATH_DATA_SAT_BY_OFFPATH                    0         -nan%                0         -nan%
L1_HIT_ONPATH_DATA_SAT_BY_ONPATH                     0         -nan%                0         -nan%
                                                     0         -nan%                0         -nan%
                                                  -nan         -nan              -nan         -nan

L1_FILL_OFFPATH_IFETCH                               0                              0              

L1_FILL_OFFPATH_DATA                                 0                              0              

L1_FILL_OFFPATH                                      0                              0              

L1_USE_OFFPATH_IFETCH                                0          -nan                0          -nan

L1_USE_OFFPATH_DATA                                  0          -nan                0          -nan

L1_USE_OFFPATH                                       0          -nan                0          -nan

JUST_L1_USE_OFFPATH                                  0          -nan                0          -nan

L1_FILL_ONPATH_IFETCH                                0                              0              

L1_FILL_ONPATH_DATA                                  0                              0              

L1_FILL_ONPATH                                       0                              0              

L1_USE_ONPATH_IFETCH                                 0          -nan                0          -nan

L1_USE_ONPATH_DATA                                   0          -nan                0          -nan

L1_USE_ONPATH                                        0          -nan                0          -nan

L1_CYCLE                                      85787925                       85787925              

L1_LINES                                 2570434900876    29962.6655    2570434900876    29962.6655

MLC_HIT                                        4523652       85.300%          4523652       85.300%
MLC_MISS                                        779580       14.700%           779580       14.700%
                                               5303232      100.000%          5303232      100.000%
                                                  0.15         0.33              0.15         0.33

MLC_HIT_ALL                                    7843868       36.786%          7843868       36.786%
MLC_MISS_ALL                                  13479226       63.214%         13479226       63.214%
                                              21323094      100.000%         21323094      100.000%
                                                  0.63         0.58              0.63         0.58

MLC_DEMAND_MISS                                 779580        5.784%           779580        5.784%
MLC_PREF_REQ_MISS                                    0        0.000%                0        0.000%
MLC_WB_MISS                                   12699646       94.216%         12699646       94.216%
                                              13479226      100.000%         13479226      100.000%
                                                  1.88         1.83              1.88         1.83

MLC_DEMAND_HIT                                 4523652       57.671%          4523652       57.671%
MLC_PREF_REQ_HIT                                     0        0.000%                0        0.000%
MLC_WB_HIT                                     3320216       42.329%          3320216       42.329%
                                               7843868      100.000%          7843868      100.000%
                                                  0.85         0.93              0.85         0.93

MLC_MISS_ONPATH                                 707600       90.767%           707600       90.767%
MLC_MISS_OFFPATH                                 71980        9.233%            71980        9.233%
                                                779580      100.000%           779580      100.000%
                                                  0.09         0.28              0.09         0.28

MLC_MISS_ALL_ONPATH                            1393353       10.337%          1393353       10.337%
MLC_MISS_ALL_OFFPATH                          12085873       89.663%         12085873       89.663%
                                              13479226      100.000%         13479226      100.000%
                                                  0.90         0.85              0.90         0.85

MLC_HIT_ONPATH                                 4494796       99.362%          4494796       99.362%
MLC_HIT_OFFPATH                                  28856        0.638%            28856        0.638%
                                               4523652      100.000%          4523652      100.000%
                                                  0.01         0.08              0.01         0.08

MLC_HIT_ALL_ONPATH                             7154564       91.212%          7154564       91.212%
MLC_HIT_ALL_OFFPATH                             689304        8.788%           689304        8.788%
                                               7843868      100.000%          7843868      100.000%
                                                  0.09         0.27              0.09         0.27

L1_QUEUE_OCCUPANCY                           551750771        6.4316        551750771        6.4316

MLC_QUEUE_OCCUPANCY                          537766976        6.2686        537766976        6.2686

DCACHE_FILL_PORT_UNAVAILABLE_ONPATH             253746                         253746              

DCACHE_FILL_PORT_UNAVAILABLE_OFFPATH              1507                           1507              

DCACHE_FILL_OFFPATH                                  0                              0              

DCACHE_USE_OFFPATH                                   0          -nan                0          -nan

DCACHE_FILL_ONPATH                                   0                              0              

DCACHE_USE_ONPATH                                    0          -nan                0          -nan

ICACHE_FILL_OFFPATH                                  0                              0              

ICACHE_USE_OFFPATH                                   0          -nan                0          -nan

ICACHE_FILL_ONPATH                                   0                              0              

ICACHE_USE_ONPATH                                    0          -nan                0          -nan

REQBUF_CREATE_ONPATH                           9224963                        9224963              

REQBUF_ONPATH_MATCH_OFFPATH                          0        0.0000                0        0.0000

REQBUF_CREATE_ONPATH_DATA                      4920058                        4920058              

REQBUF_ONPATH_MATCH_OFFPATH_DATA                     0        0.0000                0        0.0000

REQBUF_CREATE_ONPATH_IFETCH                       3433                           3433              

REQBUF_ONPATH_MATCH_OFFPATH_IFETCH                   0        0.0000                0        0.0000

REQBUF_CREATE_OFFPATH                         12783724                       12783724              

ONPATH_KICKED_OUT_OFFPATH                            0                              0              

ONPATH_KICKED_OUT_PREFETCH                           0                              0              

DIST_ICACHE_FILL_OFFPATH_USED                        0         -nan%                0         -nan%
DIST_ICACHE_FILL_OFFPATH_NOTUSED                     0         -nan%                0         -nan%
DIST_ICACHE_FILL_ONPATH_PARTIAL                      0         -nan%                0         -nan%
DIST_ICACHE_FILL_ONPATH                              0         -nan%                0         -nan%
                                                     0         -nan%                0         -nan%
                                                  -nan         -nan              -nan         -nan

DIST_DCACHE_FILL_OFFPATH_USED                        0         -nan%                0         -nan%
DIST_DCACHE_FILL_OFFPATH_NOTUSED                     0         -nan%                0         -nan%
DIST_DCACHE_FILL_ONPATH_PARTIAL                      0         -nan%                0         -nan%
DIST_DCACHE_FILL_ONPATH                              0         -nan%                0         -nan%
                                                     0         -nan%                0         -nan%
                                                  -nan         -nan              -nan         -nan

DIST_L1_FILL_OFFPATH_USED                            0         -nan%                0         -nan%
DIST_L1_FILL_OFFPATH_NOTUSED                         0         -nan%                0         -nan%
DIST_L1_FILL_ONPATH_PARTIAL                          0         -nan%                0         -nan%
DIST_L1_FILL_ONPATH                                  0         -nan%                0         -nan%
                                                     0         -nan%                0         -nan%
                                                  -nan         -nan              -nan         -nan

DIST_JUST_L1_FILL_OFFPATH_USED                       0         -nan%                0         -nan%
DIST_JUST_L1_FILL_OFFPATH_NOTUSED                    0         -nan%                0         -nan%
DIST_JUST_L1_FILL_ONPATH_PARTIAL                     0         -nan%                0         -nan%
DIST_JUST_L1_FILL_ONPATH                             0         -nan%                0         -nan%
                                                     0         -nan%                0         -nan%
                                                  -nan         -nan              -nan         -nan

DIST_REQBUF_OFFPATH_USED                             0        0.000%                0        0.000%
DIST_REQBUF_OFFPATH_NOTUSED                          0        0.000%                0        0.000%
DIST_REQBUF_ONPATH                             6016329      100.000%          6016329      100.000%
                                               6016329      100.000%          6016329      100.000%
                                                  2.00         2.00              2.00         2.00

DIST2_REQBUF_OFFPATH_USED_PARTIAL                    0        0.000%                0        0.000%
DIST2_REQBUF_OFFPATH_USED_FULL                       0        0.000%                0        0.000%
DIST2_REQBUF_OFFPATH_NOTUSED                         0        0.000%                0        0.000%
DIST2_REQBUF_ONPATH                            6016329      100.000%          6016329      100.000%
                                               6016329      100.000%          6016329      100.000%
                                                  3.00         3.00              3.00         3.00

DIST_ICACHE_FILL                                     0                              0              

DIST_DCACHE_FILL                                     0                              0              

DIST_L1_FILL                                         0                              0              

DIST_USED_OFFPATH_ICACHE                             0         -nan%                0         -nan%
DIST_NOTUSED_OFFPATH_ICACHE                          0         -nan%                0         -nan%
                                                     0         -nan%                0         -nan%
                                                  -nan         -nan              -nan         -nan

DIST_USED_OFFPATH_DCACHE                             0         -nan%                0         -nan%
DIST_NOTUSED_OFFPATH_DCACHE                          0         -nan%                0         -nan%
                                                     0         -nan%                0         -nan%
                                                  -nan         -nan              -nan         -nan

DIST_USED_OFFPATH_L1                                 0         -nan%                0         -nan%
DIST_NOTUSED_OFFPATH_L1                              0         -nan%                0         -nan%
                                                     0         -nan%                0         -nan%
                                                  -nan         -nan              -nan         -nan

DIST_USED_OFFPATH_JUST_L1                            0         -nan%                0         -nan%
DIST_NOTUSED_OFFPATH_JUST_L1                         0         -nan%                0         -nan%
                                                     0         -nan%                0         -nan%
                                                  -nan         -nan              -nan         -nan

DIST_OFFPATH_ICACHE_FULL                             0         -nan%                0         -nan%
DIST_OFFPATH_ICACHE_PARTIAL                          0         -nan%                0         -nan%
DIST_OFFPATH_ICACHE_NOTUSED                          0         -nan%                0         -nan%
                                                     0         -nan%                0         -nan%
                                                  -nan         -nan              -nan         -nan

DIST_OFFPATH_DCACHE_FULL                             0         -nan%                0         -nan%
DIST_OFFPATH_DCACHE_PARTIAL                          0         -nan%                0         -nan%
DIST_OFFPATH_DCACHE_NOTUSED                          0         -nan%                0         -nan%
                                                     0         -nan%                0         -nan%
                                                  -nan         -nan              -nan         -nan

DIST_OFFPATH_L1_FULL                                 0         -nan%                0         -nan%
DIST_OFFPATH_L1_PARTIAL                              0         -nan%                0         -nan%
DIST_OFFPATH_L1_NOTUSED                              0         -nan%                0         -nan%
                                                     0         -nan%                0         -nan%
                                                  -nan         -nan              -nan         -nan

DIST_OFFPATH_JUST_L1_FULL                            0         -nan%                0         -nan%
DIST_OFFPATH_JUST_L1_PARTIAL                         0         -nan%                0         -nan%
DIST_OFFPATH_JUST_L1_NOTUSED                         0         -nan%                0         -nan%
                                                     0         -nan%                0         -nan%
                                                  -nan         -nan              -nan         -nan

MLC_MISS_ONPATH_IFETCH                          269262       19.325%           269262       19.325%
MLC_MISS_ONPATH_DFETCH                          352524       25.300%           352524       25.300%
MLC_MISS_ONPATH_DSTORE                           85814        6.159%            85814        6.159%
MLC_MISS_ONPATH_IPRF                                 0        0.000%                0        0.000%
MLC_MISS_ONPATH_DPRF                                 0        0.000%                0        0.000%
MLC_MISS_ONPATH_WB                              508990       36.530%           508990       36.530%
MLC_MISS_ONPATH_WB_NODIRTY                      176763       12.686%           176763       12.686%
                                               1393353      100.000%          1393353      100.000%
                                                  2.96         2.20              2.96         2.20

MLC_MISS_OFFPATH_IFETCH                          69606        0.576%            69606        0.576%
MLC_MISS_OFFPATH_DFETCH                           2107        0.017%             2107        0.017%
MLC_MISS_OFFPATH_DSTORE                            267        0.002%              267        0.002%
MLC_MISS_OFFPATH_IPRF                                0        0.000%                0        0.000%
MLC_MISS_OFFPATH_DPRF                                0        0.000%                0        0.000%
MLC_MISS_OFFPATH_WB                              11225        0.093%            11225        0.093%
MLC_MISS_OFFPATH_WB_NODIRTY                   12002668       99.312%         12002668       99.312%
                                              12085873      100.000%         12085873      100.000%
                                                  5.96         5.94              5.96         5.94

MLC_HIT_ONPATH_IFETCH                            12975        0.181%            12975        0.181%
MLC_HIT_ONPATH_DFETCH                          3134373       43.809%          3134373       43.809%
MLC_HIT_ONPATH_DSTORE                          1347448       18.833%          1347448       18.833%
MLC_HIT_ONPATH_IPRF                                  0        0.000%                0        0.000%
MLC_HIT_ONPATH_DPRF                                  0        0.000%                0        0.000%
MLC_HIT_ONPATH_WB                               293348        4.100%           293348        4.100%
MLC_HIT_ONPATH_WB_NODIRTY                      2366420       33.076%          2366420       33.076%
                                               7154564      100.000%          7154564      100.000%
                                                  3.00         2.84              3.00         2.84

MLC_HIT_OFFPATH_IFETCH                            2810        0.408%             2810        0.408%
MLC_HIT_OFFPATH_DFETCH                           22758        3.302%            22758        3.302%
MLC_HIT_OFFPATH_DSTORE                            3288        0.477%             3288        0.477%
MLC_HIT_OFFPATH_IPRF                                 0        0.000%                0        0.000%
MLC_HIT_OFFPATH_DPRF                                 0        0.000%                0        0.000%
MLC_HIT_OFFPATH_WB                                 700        0.102%              700        0.102%
MLC_HIT_OFFPATH_WB_NODIRTY                      659748       95.712%           659748       95.712%
                                                689304      100.000%           689304      100.000%
                                                  5.79         5.74              5.79         5.74

L1_MISS_ONPATH_IFETCH                             1839       16.510%             1839       16.510%
L1_MISS_ONPATH_DFETCH                             1190       10.683%             1190       10.683%
L1_MISS_ONPATH_DSTORE                              619        5.557%              619        5.557%
L1_MISS_ONPATH_IPRF                                  0        0.000%                0        0.000%
L1_MISS_ONPATH_DPRF                                  0        0.000%                0        0.000%
L1_MISS_ONPATH_WB                                 2955       26.528%             2955       26.528%
L1_MISS_ONPATH_WB_NODIRTY                         4536       40.722%             4536       40.722%
                                                 11139      100.000%            11139      100.000%
                                                  3.99         3.09              3.99         3.09

L1_MISS_OFFPATH_IFETCH                             118        0.137%              118        0.137%
L1_MISS_OFFPATH_DFETCH                              33        0.038%               33        0.038%
L1_MISS_OFFPATH_DSTORE                               0        0.000%                0        0.000%
L1_MISS_OFFPATH_IPRF                                 0        0.000%                0        0.000%
L1_MISS_OFFPATH_DPRF                                 0        0.000%                0        0.000%
L1_MISS_OFFPATH_WB                                 281        0.326%              281        0.326%
L1_MISS_OFFPATH_WB_NODIRTY                       85722       99.499%            85722       99.499%
                                                 86154      100.000%            86154      100.000%
                                                  5.99         5.97              5.99         5.97

L1_HIT_ONPATH_IFETCH                            347643       17.687%           347643       17.687%
L1_HIT_ONPATH_DFETCH                            351598       17.888%           351598       17.888%
L1_HIT_ONPATH_DSTORE                             85191        4.334%            85191        4.334%
L1_HIT_ONPATH_IPRF                                   0        0.000%                0        0.000%
L1_HIT_ONPATH_DPRF                                   0        0.000%                0        0.000%
L1_HIT_ONPATH_WB                                504290       25.657%           504290       25.657%
L1_HIT_ONPATH_WB_NODIRTY                        676778       34.433%           676778       34.433%
                                               1965500      100.000%          1965500      100.000%
                                                  3.61         2.88              3.61         2.88

L1_HIT_OFFPATH_IFETCH                            18107        0.152%            18107        0.152%
L1_HIT_OFFPATH_DFETCH                             1836        0.015%             1836        0.015%
L1_HIT_OFFPATH_DSTORE                              263        0.002%              263        0.002%
L1_HIT_OFFPATH_IPRF                                  0        0.000%                0        0.000%
L1_HIT_OFFPATH_DPRF                                  0        0.000%                0        0.000%
L1_HIT_OFFPATH_WB                               113003        0.948%           113003        0.948%
L1_HIT_OFFPATH_WB_NODIRTY                     11787793       98.883%         11787793       98.883%
                                              11921002      100.000%         11921002      100.000%
                                                  5.98         5.95              5.98         5.95

DRAM_CYCLES                                          0                              0              

DRAM_UNBLOCK_CYCLES                                  0          -nan                0          -nan

DRAM_UNBLOCK_PERIODS                                 0                              0              

MEM_REQ_BUFFER_FULL                             125542                         125542              

MEM_REQ_BUFFER_FULL_DENIED_DEMAND               101726                         101726              

CORE_MEM_BLOCKED                                103335                         103335              

MEM_REQ_BUFFER_FULL_DENIED_IFETCH                 2553        2.349%             2553        2.349%
MEM_REQ_BUFFER_FULL_DENIED_DFETCH                68064       62.614%            68064       62.614%
MEM_REQ_BUFFER_FULL_DENIED_DSTORE                31109       28.618%            31109       28.618%
MEM_REQ_BUFFER_FULL_DENIED_IPRF                      0        0.000%                0        0.000%
MEM_REQ_BUFFER_FULL_DENIED_DPRF                      0        0.000%                0        0.000%
MEM_REQ_BUFFER_FULL_DENIED_WB                     3145        2.893%             3145        2.893%
MEM_REQ_BUFFER_FULL_DENIED_WB_NODIRTY             3833        3.526%             3833        3.526%
                                                108704      100.000%           108704      100.000%
                                                  1.55         1.17              1.55         1.17

MEM_QUEUE_FULL                                   16747                          16747              

MEM_REQ_BUFFER_MISS                           22008778       61.462%         22008778       61.462%
MEM_REQ_BUFFER_HIT                            13800059       38.538%         13800059       38.538%
                                              35808837      100.000%         35808837      100.000%
                                                  0.39         0.45              0.39         0.45

MEM_REQ_FDIP_BUFFER_HIT                       13760427                       13760427              

MEM_REQ_FDIP_CYCLE_DELTA                     474408795                      474408795              

MEM_REQ_DEMAND_ICACHE_BUFFER_HIT                  2814                           2814              

MEM_REQ_DEMAND_ICACHE_CYCLE_DELTA                81057                          81057              

MEM_REQ_IFETCH                                    5179        0.024%             5179        0.024%
MEM_REQ_DFETCH                                 3511488       15.955%          3511488       15.955%
MEM_REQ_DSTORE                                 1437091        6.530%          1437091        6.530%
MEM_REQ_IPRF                                         0        0.000%                0        0.000%
MEM_REQ_DPRF                                         0        0.000%                0        0.000%
MEM_REQ_WB                                     1072696        4.874%          1072696        4.874%
MEM_REQ_WB_NODIRTY                            15982233       72.618%         15982233       72.618%
                                              22008687      100.000%         22008687      100.000%
                                                  4.89         4.61              4.89         4.61

LD_NO_FORWARD                                 40826363       99.932%         40826363       99.932%
FORWARDED_LD                                     27850        0.068%            27850        0.068%
                                              40854213      100.000%         40854213      100.000%
                                                  0.00         0.03              0.00         0.03

WRONGPATH_L1Q_REMOVALS                               0         -nan%                0         -nan%
WRONGPATH_BUSQ_REMOVALS                              0         -nan%                0         -nan%
WRONGPATH_MEMQ_REMOVALS                              0         -nan%                0         -nan%
WRONGPATH_L1FILLQ_REMOVALS                           0         -nan%                0         -nan%
                                                     0         -nan%                0         -nan%
                                                  -nan         -nan              -nan         -nan

WRONGPATH_L1Q_DEMOTIONS                              0         -nan%                0         -nan%
WRONGPATH_BUSQ_DEMOTIONS                             0         -nan%                0         -nan%
WRONGPATH_MEMQ_DEMOTIONS                             0         -nan%                0         -nan%
WRONGPATH_L1FILLQ_DEMOTIONS                          0         -nan%                0         -nan%
                                                     0         -nan%                0         -nan%
                                                  -nan         -nan              -nan         -nan

PROMOTION_QMLC                                  364392       71.765%           364392       71.765%
PROMOTION_QL1                                   143368       28.235%           143368       28.235%
                                                507760      100.000%           507760      100.000%
                                                  0.28         0.41              0.28         0.41

PROMOTION_QBUSOUT                                    0                              0              

PROMOTION_QMEM                                       0                              0              

PROMOTION_QL1FILL                                  699                            699              

PROMOTION_QMLC_FILL                              83515                          83515              

NOPROMOTION_QMEM                                     0                              0              

NOPROMOTION_QL1FILL                                  0         -nan%                0         -nan%
NOPROMOTION_QMLC_FILL                                0         -nan%                0         -nan%
                                                     0         -nan%                0         -nan%
                                                  -nan         -nan              -nan         -nan

PROMOTION_FROM_FDIP_OFF_TO_ON                   142887                         142887              

ICACHE_FILL_CORRECT_REQ                         453681        3.280%           453681        3.280%
ICACHE_FILL_INCORRECT_REQ                     13377651       96.720%         13377651       96.720%
                                              13831332      100.000%         13831332      100.000%
                                                  0.97         0.95              0.97         0.95

ICACHE_FILL_CORRECT_REQ_BY_FDIP                 450283        3.256%           450283        3.256%
ICACHE_FILL_INCORRECT_REQ_BY_FDIP             13375870       96.707%         13375870       96.707%
ICACHE_FILL_CORRECT_REQ_BY_ICACHE_DEMAND          3398        0.025%             3398        0.025%
ICACHE_FILL_INCORRECT_REQ_BY_ICACHE_DEMAND          1781        0.013%             1781        0.013%
                                              13831332      100.000%         13831332      100.000%
                                                  0.97         0.04              0.97         0.04

ICACHE_FILL_CORRECT_REQ_BY_ON_FDIP_HIT_BY_DEMAND_LOAD        317851                         317851              

ICACHE_FILL_CORRECT_REQ_BY_OFF_FDIP_HIT_BY_DEMAND_LOAD          5524                           5524              

ICACHE_FILL_INCORRECT_REQ_BY_ON_FDIP_HIT_BY_DEMAND_LOAD        110158                         110158              

ICACHE_FILL_INCORRECT_REQ_BY_OFF_FDIP_HIT_BY_DEMAND_LOAD          1017                           1017              

ICACHE_FILL_CORRECT_REQ_CYCLE_DELTA      19173052727565                  19173052727565              

ICACHE_FILL_CORRECT_REQ_CYCLE_DELTA_BY_ICACHE_DEMAND        174895                         174895              

ICACHE_FILL_CORRECT_REQ_CYCLE_DELTA_BY_FDIP      28610402                       28610402              

ICACHE_FILL_CORRECT_REQ_CYCLE_DELTA_BY_ON_FDIP_HIT_BY_DEMAND_LOAD      13852995                       13852995              

ICACHE_FILL_CORRECT_REQ_CYCLE_DELTA_BY_OFF_FDIP_HIT_BY_DEMAND_LOAD         11692                          11692              

ICACHE_FILL_INCORRECT_REQ_CYCLE_DELTA    576395483492786                  576395483492786              

ICACHE_FILL_INCORRECT_REQ_CYCLE_DELTA_BY_ICACHE_DEMAND         82887                          82887              

ICACHE_FILL_INCORRECT_REQ_CYCLE_DELTA_BY_FDIP     716985674                      716985674              

ICACHE_FILL_INCORRECT_REQ_CYCLE_DELTA_BY_ON_FDIP_HIT_BY_DEMAND_LOAD             0                              0              

ICACHE_FILL_INCORRECT_REQ_CYCLE_DELTA_BY_OFF_FDIP_HIT_BY_DEMAND_LOAD         36579                          36579              

MEM_REQ_INIT                                  22008714                       22008714              

MEM_REQ_COMPLETE                              22004426        0.9998         22004426        0.9998

MEM_REQ_KILLED                                    4261        0.0002             4261        0.0002

MEM_REQ_COMPLETE_MLC                           8020631        0.3644          8020631        0.3644

MEM_REQ_COMPLETE_L1                             680768        0.0309           680768        0.0309

MEM_REQ_COMPLETE_MEM                          13303027        0.6044         13303027        0.6044

MEM_REQ_INIT_ONPATH                            9224963        0.4192          9224963        0.4192

MEM_REQ_INIT_OFFPATH                          12783724        0.5808         12783724        0.5808

MEM_REQ_COMPLETE_ONPATH                        9333493        0.4242          9333493        0.4242

MEM_REQ_COMPLETE_OFFPATH                      12670933        0.5758         12670933        0.5758

MEM_REQ_INIT_IFETCH                               5179        0.028%             5179        0.028%
MEM_REQ_INIT_DFETCH                            3511488       18.698%          3511488       18.698%
MEM_REQ_INIT_DSTORE                            1437091        7.652%          1437091        7.652%
MEM_REQ_INIT_IPRF                                    0        0.000%                0        0.000%
MEM_REQ_INIT_DPRF                                    0        0.000%                0        0.000%
MEM_REQ_INIT_WB                                1072696        5.712%          1072696        5.712%
MEM_REQ_INIT_WB_NODIRTY                       12753457       67.910%         12753457       67.910%
                                              18779911      100.000%         18779911      100.000%
                                                  4.70         4.39              4.70         4.39

MEM_REQ_COMPLETE_IFETCH                         474100        2.154%           474100        2.154%
MEM_REQ_COMPLETE_DFETCH                        6720424       30.535%          6720424       30.535%
MEM_REQ_COMPLETE_DSTORE                        1436808        6.528%          1436808        6.528%
MEM_REQ_COMPLETE_IPRF                                0        0.000%                0        0.000%
MEM_REQ_COMPLETE_DPRF                                0        0.000%                0        0.000%
MEM_REQ_COMPLETE_WB                             872209        3.963%           872209        3.963%
MEM_REQ_COMPLETE_WB_NODIRTY                   12505165       56.819%         12505165       56.819%
                                              22008706      100.000%         22008706      100.000%
                                                  4.04         3.82              4.04         3.82

MEM_REQ_KILLED_IFETCH                          3224496      100.000%          3224496      100.000%
MEM_REQ_KILLED_DFETCH                                0        0.000%                0        0.000%
MEM_REQ_KILLED_DSTORE                                0        0.000%                0        0.000%
MEM_REQ_KILLED_IPRF                                  0        0.000%                0        0.000%
MEM_REQ_KILLED_DPRF                                  0        0.000%                0        0.000%
MEM_REQ_KILLED_WB                                    0        0.000%                0        0.000%
MEM_REQ_KILLED_WB_NODIRTY                            0        0.000%                0        0.000%
                                               3224496      100.000%          3224496      100.000%
                                                  0.00         0.00              0.00         0.00

MEM_REQ_INIT_OFFPATH_IFETCH                       6007        0.047%             6007        0.047%
MEM_REQ_INIT_OFFPATH_DFETCH                      24964        0.195%            24964        0.195%
MEM_REQ_INIT_OFFPATH_DSTORE                       3557        0.028%             3557        0.028%
MEM_REQ_INIT_OFFPATH_IPRF                            0        0.000%                0        0.000%
MEM_REQ_INIT_OFFPATH_DPRF                            0        0.000%                0        0.000%
MEM_REQ_INIT_OFFPATH_WB                              0        0.000%                0        0.000%
MEM_REQ_INIT_OFFPATH_WB_NODIRTY               12753457       99.730%         12753457       99.730%
                                              12787985      100.000%         12787985      100.000%
                                                  5.99         5.98              5.99         5.98

MEM_REQ_INIT_ONPATH_IFETCH                        3433        0.057%             3433        0.057%
MEM_REQ_INIT_ONPATH_DFETCH                     3486524       58.146%          3486524       58.146%
MEM_REQ_INIT_ONPATH_DSTORE                     1433534       23.907%          1433534       23.907%
MEM_REQ_INIT_ONPATH_IPRF                             0        0.000%                0        0.000%
MEM_REQ_INIT_ONPATH_DPRF                             0        0.000%                0        0.000%
MEM_REQ_INIT_ONPATH_WB                         1072696       17.890%          1072696       17.890%
MEM_REQ_INIT_ONPATH_WB_NODIRTY                       0        0.000%                0        0.000%
                                               5996187      100.000%          5996187      100.000%
                                                  1.95         1.48              1.95         1.48

MEM_REQ_MATCH_IFETCH                            492086        1.629%           492086        1.629%
MEM_REQ_MATCH_DFETCH                           3236707       10.717%          3236707       10.717%
MEM_REQ_MATCH_DSTORE                              8537        0.028%             8537        0.028%
MEM_REQ_MATCH_IPRF                                   0        0.000%                0        0.000%
MEM_REQ_MATCH_DPRF                                   0        0.000%                0        0.000%
MEM_REQ_MATCH_WB                                786298        2.604%           786298        2.604%
MEM_REQ_MATCH_WB_NODIRTY                      25677030       85.021%         25677030       85.021%
                                              30200658      100.000%         30200658      100.000%
                                                  5.34         5.16              5.34         5.16

MEM_REQ_COMPLETE_OFFPATH_IFETCH                  29485        0.233%            29485        0.233%
MEM_REQ_COMPLETE_OFFPATH_DFETCH                  24616        0.194%            24616        0.194%
MEM_REQ_COMPLETE_OFFPATH_DSTORE                   3551        0.028%             3551        0.028%
MEM_REQ_COMPLETE_OFFPATH_IPRF                        0        0.000%                0        0.000%
MEM_REQ_COMPLETE_OFFPATH_DPRF                        0        0.000%                0        0.000%
MEM_REQ_COMPLETE_OFFPATH_WB                     120543        0.951%           120543        0.951%
MEM_REQ_COMPLETE_OFFPATH_WB_NODIRTY           12492738       98.594%         12492738       98.594%
                                              12670933      100.000%         12670933      100.000%
                                                  5.97         5.93              5.97         5.93

MEM_REQ_COMPLETE_ONPATH_IFETCH                  424473        6.948%           424473        6.948%
MEM_REQ_COMPLETE_ONPATH_DFETCH                 3487174       57.083%          3487174       57.083%
MEM_REQ_COMPLETE_ONPATH_DSTORE                 1433257       23.461%          1433257       23.461%
MEM_REQ_COMPLETE_ONPATH_IPRF                         0        0.000%                0        0.000%
MEM_REQ_COMPLETE_ONPATH_DPRF                         0        0.000%                0        0.000%
MEM_REQ_COMPLETE_ONPATH_WB                      751666       12.304%           751666       12.304%
MEM_REQ_COMPLETE_ONPATH_WB_NODIRTY               12427        0.203%            12427        0.203%
                                               6108997      100.000%          6108997      100.000%
                                                  1.67         1.30              1.67         1.30

MEM_REQ_COMPLETE_MEM_IFETCH                    3662669       22.162%          3662669       22.162%
MEM_REQ_COMPLETE_MEM_DFETCH                     354659        2.146%           354659        2.146%
MEM_REQ_COMPLETE_MEM_DSTORE                      86072        0.521%            86072        0.521%
MEM_REQ_COMPLETE_MEM_IPRF                            0        0.000%                0        0.000%
MEM_REQ_COMPLETE_MEM_DPRF                            0        0.000%                0        0.000%
MEM_REQ_COMPLETE_MEM_WB                         578161        3.498%           578161        3.498%
MEM_REQ_COMPLETE_MEM_WB_NODIRTY               11845417       71.673%         11845417       71.673%
                                              16526978      100.000%         16526978      100.000%
                                                  4.51         4.06              4.51         4.06

MEM_REQ_COMPLETE_MEM_BW_PREFETCHABLE              7404                           7404              

MEM_REQ_COMPLETE_MEM_MATCHED_BW_PREF                17                             17              

MEM_REQ_COMPLETE_L1_IFETCH                           0         -nan%                0         -nan%
MEM_REQ_COMPLETE_L1_DFETCH                           0         -nan%                0         -nan%
MEM_REQ_COMPLETE_L1_DSTORE                           0         -nan%                0         -nan%
MEM_REQ_COMPLETE_L1_IPRF                             0         -nan%                0         -nan%
MEM_REQ_COMPLETE_L1_DPRF                             0         -nan%                0         -nan%
MEM_REQ_COMPLETE_L1_WB                               0         -nan%                0         -nan%
MEM_REQ_COMPLETE_L1_WB_NODIRTY                       0         -nan%                0         -nan%
                                                     0         -nan%                0         -nan%
                                                  -nan         -nan              -nan         -nan

MEM_REQ_COMPLETE_MLC_IFETCH                     696553       11.311%           696553       11.311%
MEM_REQ_COMPLETE_MLC_DFETCH                    3157131       51.267%          3157131       51.267%
MEM_REQ_COMPLETE_MLC_DSTORE                    1350736       21.934%          1350736       21.934%
MEM_REQ_COMPLETE_MLC_IPRF                            0        0.000%                0        0.000%
MEM_REQ_COMPLETE_MLC_DPRF                            0        0.000%                0        0.000%
MEM_REQ_COMPLETE_MLC_WB                         294048        4.775%           294048        4.775%
MEM_REQ_COMPLETE_MLC_WB_NODIRTY                 659748       10.713%           659748       10.713%
                                               6158216      100.000%          6158216      100.000%
                                                  1.83         1.75              1.83         1.75

CORE_MLP_CLUSTERS                              2543183                        2543183              

CORE_MLP                                      17007651                       17007651              

CORE_MLP_IFETCH                                      0                              0              

CORE_MLP_DFETCH                                      0                              0              

CORE_MLP_DSTORE                                      0                              0              

CORE_MLP_IPRF                                        0                              0              

CORE_MLP_DPRF                                        0                              0              

CORE_MLP_WB                                          0                              0              

CORE_MLP_WB_NODIRTY                                  0                              0              

CORE_MLP_0                                    82396546       96.047%         82396546       96.047%
CORE_MLP_1                                     1031626        1.203%          1031626        1.203%
CORE_MLP_2                                      691168        0.806%           691168        0.806%
CORE_MLP_3                                      477906        0.557%           477906        0.557%
CORE_MLP_4                                      295814        0.345%           295814        0.345%
CORE_MLP_5                                      158026        0.184%           158026        0.184%
CORE_MLP_6                                      112673        0.131%           112673        0.131%
CORE_MLP_7                                       80838        0.094%            80838        0.094%
CORE_MLP_8                                       57750        0.067%            57750        0.067%
CORE_MLP_9                                       36074        0.042%            36074        0.042%
CORE_MLP_10                                      23320        0.027%            23320        0.027%
CORE_MLP_11                                      13319        0.016%            13319        0.016%
CORE_MLP_12                                      16433        0.019%            16433        0.019%
CORE_MLP_13                                      15271        0.018%            15271        0.018%
CORE_MLP_14                                      12135        0.014%            12135        0.014%
CORE_MLP_15                                      12119        0.014%            12119        0.014%
CORE_MLP_16                                      11675        0.014%            11675        0.014%
CORE_MLP_17                                      13220        0.015%            13220        0.015%
CORE_MLP_18                                      13992        0.016%            13992        0.016%
CORE_MLP_19                                      17627        0.021%            17627        0.021%
CORE_MLP_20                                      18626        0.022%            18626        0.022%
CORE_MLP_21                                      27859        0.032%            27859        0.032%
CORE_MLP_22                                      43208        0.050%            43208        0.050%
CORE_MLP_23                                      69525        0.081%            69525        0.081%
CORE_MLP_24                                      76492        0.089%            76492        0.089%
CORE_MLP_25                                      35058        0.041%            35058        0.041%
CORE_MLP_26                                       7323        0.009%             7323        0.009%
CORE_MLP_27                                       4354        0.005%             4354        0.005%
CORE_MLP_28                                      16538        0.019%            16538        0.019%
CORE_MLP_29                                        185        0.000%              185        0.000%
CORE_MLP_30                                       1225        0.001%             1225        0.001%
CORE_MLP_31                                          0        0.000%                0        0.000%
CORE_MLP_32                                          0        0.000%                0        0.000%
                                              85787925      100.000%         85787925      100.000%
                                                  0.20         1.61              0.20         1.61

MEM_QUEUE_OCC_0                                      0         -nan%                0         -nan%
MEM_QUEUE_OCC_4                                      0         -nan%                0         -nan%
MEM_QUEUE_OCC_8                                      0         -nan%                0         -nan%
MEM_QUEUE_OCC_12                                     0         -nan%                0         -nan%
MEM_QUEUE_OCC_16                                     0         -nan%                0         -nan%
MEM_QUEUE_OCC_20                                     0         -nan%                0         -nan%
MEM_QUEUE_OCC_24                                     0         -nan%                0         -nan%
MEM_QUEUE_OCC_28                                     0         -nan%                0         -nan%
MEM_QUEUE_OCC_32                                     0         -nan%                0         -nan%
MEM_QUEUE_OCC_36                                     0         -nan%                0         -nan%
MEM_QUEUE_OCC_40                                     0         -nan%                0         -nan%
MEM_QUEUE_OCC_44                                     0         -nan%                0         -nan%
MEM_QUEUE_OCC_48                                     0         -nan%                0         -nan%
MEM_QUEUE_OCC_52                                     0         -nan%                0         -nan%
MEM_QUEUE_OCC_56                                     0         -nan%                0         -nan%
MEM_QUEUE_OCC_60                                     0         -nan%                0         -nan%
MEM_QUEUE_OCC_64                                     0         -nan%                0         -nan%
MEM_QUEUE_OCC_68                                     0         -nan%                0         -nan%
MEM_QUEUE_OCC_72                                     0         -nan%                0         -nan%
MEM_QUEUE_OCC_76                                     0         -nan%                0         -nan%
MEM_QUEUE_OCC_80                                     0         -nan%                0         -nan%
MEM_QUEUE_OCC_84                                     0         -nan%                0         -nan%
MEM_QUEUE_OCC_88                                     0         -nan%                0         -nan%
MEM_QUEUE_OCC_92                                     0         -nan%                0         -nan%
MEM_QUEUE_OCC_96                                     0         -nan%                0         -nan%
MEM_QUEUE_OCC_100                                    0         -nan%                0         -nan%
MEM_QUEUE_OCC_104                                    0         -nan%                0         -nan%
MEM_QUEUE_OCC_108                                    0         -nan%                0         -nan%
MEM_QUEUE_OCC_112                                    0         -nan%                0         -nan%
MEM_QUEUE_OCC_116                                    0         -nan%                0         -nan%
MEM_QUEUE_OCC_120                                    0         -nan%                0         -nan%
MEM_QUEUE_OCC_124                                    0         -nan%                0         -nan%
MEM_QUEUE_OCC_128                                    0         -nan%                0         -nan%
                                                     0         -nan%                0         -nan%
                                                  -nan         -nan              -nan         -nan

OPEN_PAGE_HIT                                        0         -nan%                0         -nan%
CLOSED_PAGE_MISS                                     0         -nan%                0         -nan%
WRONG_PAGE_MISS                                      0         -nan%                0         -nan%
                                                     0         -nan%                0         -nan%
                                                  -nan         -nan              -nan         -nan

L0_LD_BANK_BLOCK                                     0         -nan%                0         -nan%
L0_LD_BANK_AVAIL                                     0         -nan%                0         -nan%
                                                     0         -nan%                0         -nan%
                                                  -nan         -nan              -nan         -nan

L0_ST_BANK_BLOCK                                     0         -nan%                0         -nan%
L0_ST_BANK_AVAIL                                     0         -nan%                0         -nan%
                                                     0         -nan%                0         -nan%
                                                  -nan         -nan              -nan         -nan

L0_LD_CACHE_BLOCK                                    0         -nan%                0         -nan%
L0_LD_CACHE_AVAIL                                    0         -nan%                0         -nan%
                                                     0         -nan%                0         -nan%
                                                  -nan         -nan              -nan         -nan

MLC_LD_BANK_BLOCK                               160784        0.849%           160784        0.849%
MLC_LD_BANK_AVAIL                             18779911       99.151%         18779911       99.151%
                                              18940695      100.000%         18940695      100.000%
                                                  0.99         0.99              0.99         0.99

MLC_ST_BANK_BLOCK                                    0        0.000%                0        0.000%
MLC_ST_BANK_AVAIL                              2543183      100.000%          2543183      100.000%
                                               2543183      100.000%          2543183      100.000%
                                                  1.00         1.00              1.00         1.00

MLC_LD_CACHE_BLOCK                                   0         -nan%                0         -nan%
MLC_LD_CACHE_AVAIL                                   0         -nan%                0         -nan%
                                                     0         -nan%                0         -nan%
                                                  -nan         -nan              -nan         -nan

MLC_ST_CACHE_BLOCK                                   0         -nan%                0         -nan%
MLC_ST_CACHE_AVAIL                                   0         -nan%                0         -nan%
                                                     0         -nan%                0         -nan%
                                                  -nan         -nan              -nan         -nan

L1_LD_BANK_BLOCK                              33669461       71.649%         33669461       71.649%
L1_LD_BANK_AVAIL                              13322605       28.351%         13322605       28.351%
                                              46992066      100.000%         46992066      100.000%
                                                  0.28         0.41              0.28         0.41

L1_ST_BANK_BLOCK                                     9        0.001%                9        0.001%
L1_ST_BANK_AVAIL                                661190       99.999%           661190       99.999%
                                                661199      100.000%           661199      100.000%
                                                  1.00         1.00              1.00         1.00

L1_LD_CACHE_BLOCK                                    0         -nan%                0         -nan%
L1_LD_CACHE_AVAIL                                    0         -nan%                0         -nan%
                                                     0         -nan%                0         -nan%
                                                  -nan         -nan              -nan         -nan

L1_ST_CACHE_BLOCK                                    0         -nan%                0         -nan%
L1_ST_CACHE_AVAIL                                    0         -nan%                0         -nan%
                                                     0         -nan%                0         -nan%
                                                  -nan         -nan              -nan         -nan

MEM_LD_BANK_BLOCK                                    0         -nan%                0         -nan%
MEM_LD_BANK_AVAIL                                    0         -nan%                0         -nan%
                                                     0         -nan%                0         -nan%
                                                  -nan         -nan              -nan         -nan

MEM_ST_BANK_BLOCK                                    0         -nan%                0         -nan%
MEM_ST_BANK_AVAIL                                    0         -nan%                0         -nan%
                                                     0         -nan%                0         -nan%
                                                  -nan         -nan              -nan         -nan

MEM_PF_BANK_BLOCK                                    0         -nan%                0         -nan%
MEM_PF_BANK_AVAIL                                    0         -nan%                0         -nan%
                                                     0         -nan%                0         -nan%
                                                  -nan         -nan              -nan         -nan

L0_FILL                                              0                              0              

L1_FILL                                          93303       95.899%            93303       95.899%
L1_WB_FILL                                        3990        4.101%             3990        4.101%
                                                 97293      100.000%            97293      100.000%
                                                  0.04         0.19              0.04         0.19

L1_DEMAND_FILL                                   92756       99.414%            92756       99.414%
L1_PREF_FILL                                       547        0.586%              547        0.586%
                                                 93303      100.000%            93303      100.000%
                                                  0.01         0.08              0.01         0.08

MLC_FILL                                      13302482       98.689%         13302482       98.689%
MLC_WB_FILL                                     176763        1.311%           176763        1.311%
                                              13479245      100.000%         13479245      100.000%
                                                  0.01         0.11              0.01         0.11

MLC_DEMAND_FILL                               13302463      100.000%         13302463      100.000%
MLC_PREF_FILL                                       19        0.000%               19        0.000%
                                              13302482      100.000%         13302482      100.000%
                                                  0.00         0.00              0.00         0.00

NORESET_L1_FILL                                  97293                          97293              

NORESET_L1_FILL_NONPREF                           7788                           7788              

NORESET_L1_FILL_PREF                             89505                          89505              

NORESET_L1_EVICT                                 67080                          67080              

NORESET_L1_EVICT_NONPREF                         66958                          66958              

NORESET_L1_EVICT_PREF_USED                          45                             45              

NORESET_L1_EVICT_PREF_UNUSED                        77                             77              

NORESET_L1_PREF_USED                               307                            307              

ORACLE_OFFPATH_DC_FILL                               0                              0              

ORACLE_OFFPATH_IC_FILL                               0                              0              

ORACLE_OFFPATH_L1_FILL                               0                              0              

UPDATE_EVENT_QUEUE_PROCESS                           0                              0              

INSERT_EVENT_QUEUE_PROCESS                           0                              0              

ICFILL_AFTER_REDIRECT                                0                              0              

EVENT_QUEUE_MATCH_ADD_REQ                            0                              0              

DC_PREF_CACHE_INSERT_REQ                             0                              0              

DC_PREF_REQ_DCACHE_HIT                               0         -nan%                0         -nan%
DC_PREF_REQ_PREF_CACHE_HIT                           0         -nan%                0         -nan%
DC_PREF_REQ_L1_MISS                                  0         -nan%                0         -nan%
DC_PREF_REQ_CORR                                     0         -nan%                0         -nan%
                                                     0         -nan%                0         -nan%
                                                  -nan         -nan              -nan         -nan

DC_PREF_CACHE_INSERT                                 0                              0              

DC_PREF_CACHE_HIT_PER                                0        0.000%                0        0.000%

DC_PREF_CACHE_HIT_PER_OFFPATH                        0        0.000%                0        0.000%

DC_PREF_CACHE_HIT                                    0                              0              

DC_PREF_CACHE_HIT_OFFPATH                            0                              0              

DC_PREF_HIT_L1_MISS                                  0                              0              

IC_PREF_CACHE_HIT_PER                                0        0.000%                0        0.000%

IC_PREF_CACHE_HIT_PER_OFFPATH                        0        0.000%                0        0.000%

IC_PREF_CACHE_HIT                                    0                              0              

IC_PREF_CACHE_HIT_OFFPATH                            0                              0              

L1_PREF_CACHE_HIT_PER                                0        0.000%                0        0.000%

L1_PREF_CACHE_HIT_PER_OFFPATH                        0        0.000%                0        0.000%

L1_PREF_CACHE_HIT                                    0                              0              

L1_PREF_CACHE_HIT_OFFPATH                            0                              0              

DC_PREF_CACHE_FILL                                   0                              0              

DC_PREF_MOVE_DC                                      0         -nan%                0         -nan%

DC_PREF_MOVE_L1                                      0         -nan%                0         -nan%

IC_PREF_CACHE_FILL                                   0                              0              

IC_PREF_MOVE_IC                                      0         -nan%                0         -nan%

IC_PREF_MOVE_L1                                      0         -nan%                0         -nan%

L1_PREF_CACHE_FILL                                   0                              0              

L1_PREF_MOVE_L1                                      0         -nan%                0         -nan%

OFF_PATH_CONFIRMED                            44697186                       44697186              

OFF_PATH_NO_FILL_L1                                  0                              0              

WB_L1_MISS_FILL_L1                                3990                           3990              

WB_MLC_MISS_FILL_MLC                            176763                         176763              

ICACHE_EVICT_REQ_WB_L1                               0                              0              

DCACHE_EVICT_REQ_WB_L1                               0                              0              

DCACHE_EVICT_REQ_WB_L1_NOREAD                        0                              0              

L1_FILL_SKIPPED                                      0                              0              

MLC_FILL_SKIPPED                                     0                              0              

DCACHE_FILL                                    4948598                        4948598              

DCACHE_WB_REQ                                  2543345        0.5140          2543345        0.5140

DCACHE_WB_REQ_DIRTY                            2543345      100.000%          2543345      100.000%
DCACHE_WB_REQ_NODIRTY                                0        0.000%                0        0.000%
                                               2543345      100.000%          2543345      100.000%
                                                  0.00         0.00              0.00         0.00

ICACHE_FILL                                     453681                         453681              

ICACHE_WB_REQ                                        0        0.0000                0        0.0000

L1_FILL_DIRTY                                     4261        0.0457             4261        0.0457

MLC_FILL_DIRTY                                  661190        0.0497           661190        0.0497

ICACHE_UNUSEFUL_CL_CYC                               0                              0              

ICACHE_UNUSEFUL_CL                                   0                              0              

ICACHE_EVICT_MISS_ONPATH_BY_FDIP                     0         -nan%                0         -nan%
ICACHE_EVICT_MISS_OFFPATH_BY_FDIP                    0         -nan%                0         -nan%
                                                     0         -nan%                0         -nan%
                                                  -nan         -nan              -nan         -nan

ICACHE_EVICT_MISS_BY_FDIP_ONPATH                     0         -nan%                0         -nan%
ICACHE_EVICT_MISS_BY_FDIP_OFFPATH                    0         -nan%                0         -nan%
                                                     0         -nan%                0         -nan%
                                                  -nan         -nan              -nan         -nan

ICACHE_EVICT_HIT_ONPATH_BY_FDIP                      0         -nan%                0         -nan%
ICACHE_EVICT_HIT_OFFPATH_BY_FDIP                     0         -nan%                0         -nan%
                                                     0         -nan%                0         -nan%
                                                  -nan         -nan              -nan         -nan

ICACHE_EVICT_HIT_BY_FDIP_ONPATH                      0         -nan%                0         -nan%
ICACHE_EVICT_HIT_BY_FDIP_OFFPATH                     0         -nan%                0         -nan%
                                                     0         -nan%                0         -nan%
                                                  -nan         -nan              -nan         -nan

MEM_REQ_DENIED_NULL                                  0         -nan%                0         -nan%
MEM_REQ_DENIED_INST_OUTOF_CS                         0         -nan%                0         -nan%
MEM_REQ_DENIED_DATA_IN_CS                            0         -nan%                0         -nan%
MEM_REQ_DENIED_DATA_OUTOF_RANGE                      0         -nan%                0         -nan%
                                                     0         -nan%                0         -nan%
                                                  -nan         -nan              -nan         -nan

MEM_REQ_DENIED                                       0         -nan%                0         -nan%
MEM_REQ_NOT_DENIED                                   0         -nan%                0         -nan%
                                                     0         -nan%                0         -nan%
                                                  -nan         -nan              -nan         -nan

DEMAND_HIT_WB_STALL                                  0                              0              

EXCLUSION_VIOLATED_OSR                               0         -nan%                0         -nan%
EXCLUSION_VIOLATED_NOTOSR                            0         -nan%                0         -nan%
EXCLUSION_NOT_VIOLATED                               0         -nan%                0         -nan%
                                                     0         -nan%                0         -nan%
                                                  -nan         -nan              -nan         -nan

DIRTY_WRITE_TO_ICACHE                                0                              0              

STREAM_DC_HIT_NOSEND                                 0         -nan%                0         -nan%
STREAM_WBQDC_HIT_NOSEND                              0         -nan%                0         -nan%
                                                     0         -nan%                0         -nan%
                                                  -nan         -nan              -nan         -nan

STREAM_DCACHE_PREF_HIT                               0                              0              

PREF_DC_HIT_ON_INSERT                                0         -nan%                0         -nan%
PREF_L1_HIT_ON_INSERT                                0         -nan%                0         -nan%
                                                     0         -nan%                0         -nan%
                                                  -nan         -nan              -nan         -nan

L1_NEWREQ_MATCHED_MLC_REQ                           15                             15              

MLC_NEWREQ_MATCHED_L2_PREF                          19                             19              

MLC_NEWREQ_MATCHED_L2_PREF_MLC_HIT                  18        0.9474               18        0.9474

NEWREQ_WB_MATCH_IGNORED                              0                              0              

DEMAND_MATCH_WB_NEW_DONE_FUNC                        0         -nan%                0         -nan%
DEMAND_MATCH_WB_NEW_DONE_FUNC_NULL                   0         -nan%                0         -nan%
DEMAND_MATCH_WB_DONE_FUNC_NOT_SAME                   0         -nan%                0         -nan%
DEMAND_MATCH_WB_DONE_FUNC_SAME                       0         -nan%                0         -nan%
                                                     0         -nan%                0         -nan%
                                                  -nan         -nan              -nan         -nan

DEMAND_MATCH_WB                                      0         -nan%                0         -nan%
DEMAND_MATCH_WB_NODIRTY                              0         -nan%                0         -nan%
                                                     0         -nan%                0         -nan%
                                                  -nan         -nan              -nan         -nan

DEMAND_MATCH_WBALL_IFETCH                            0         -nan%                0         -nan%
DEMAND_MATCH_WBALL_DFETCH                            0         -nan%                0         -nan%
DEMAND_MATCH_WBALL_DSTORE                            0         -nan%                0         -nan%
DEMAND_MATCH_WBALL_IPRF                              0         -nan%                0         -nan%
DEMAND_MATCH_WBALL_DPRF                              0         -nan%                0         -nan%
DEMAND_MATCH_WBALL_WB                                0         -nan%                0         -nan%
DEMAND_MATCH_WBALL_WB_NODIRTY                        0         -nan%                0         -nan%
                                                     0         -nan%                0         -nan%
                                                  -nan         -nan              -nan         -nan

DEMAND_MATCH_WB_IFETCH                               0         -nan%                0         -nan%
DEMAND_MATCH_WB_DFETCH                               0         -nan%                0         -nan%
DEMAND_MATCH_WB_DSTORE                               0         -nan%                0         -nan%
DEMAND_MATCH_WB_IPRF                                 0         -nan%                0         -nan%
DEMAND_MATCH_WB_DPRF                                 0         -nan%                0         -nan%
DEMAND_MATCH_WB_WB                                   0         -nan%                0         -nan%
DEMAND_MATCH_WB_WB_NODIRTY                           0         -nan%                0         -nan%
                                                     0         -nan%                0         -nan%
                                                  -nan         -nan              -nan         -nan

DEMAND_MATCH_WB_ND_IFETCH                            0         -nan%                0         -nan%
DEMAND_MATCH_WB_ND_DFETCH                            0         -nan%                0         -nan%
DEMAND_MATCH_WB_ND_DSTORE                            0         -nan%                0         -nan%
DEMAND_MATCH_WB_ND_IPRF                              0         -nan%                0         -nan%
DEMAND_MATCH_WB_ND_DPRF                              0         -nan%                0         -nan%
DEMAND_MATCH_WB_ND_WB                                0         -nan%                0         -nan%
DEMAND_MATCH_WB_ND_WB_NODIRTY                        0         -nan%                0         -nan%
                                                     0         -nan%                0         -nan%
                                                  -nan         -nan              -nan         -nan

WB_MATCH_DEMAND                                      0        0.000%                0        0.000%
WB_MATCH_PREF                                       10        0.000%               10        0.000%
WB_MATCH_WB                                          0        0.000%                0        0.000%
WB_MATCH_WB_FILTERED                          13147248      100.000%         13147248      100.000%
                                              13147258      100.000%         13147258      100.000%
                                                  3.00         3.00              3.00         3.00

WB_COMING_BACK_FROM_MEM                              0                              0              

WB_COMING_BACK_FROM_L1                               0                              0              

WB_COMING_BACK_FROM_MLC                              0                              0              

MEM_REQ_MATCH_OFF_PATH_HIT_BY_ON_PATH              354        0.966%              354        0.966%
MEM_REQ_MATCH_OFF_PATH_HIT_BY_ON_PATH_ETC         36285       99.034%            36285       99.034%
                                                 36639      100.000%            36639      100.000%
                                                  0.99         0.99              0.99         0.99

TOTAL_ONPATH_ICACHE_FILLS                            0                              0              

TOTAL_ONPATH_DCACHE_FILLS                            0                              0              

TOTAL_ONPATH_L1_FILLS                                0                              0              

PER1K_ONPATH_ICACHE_FILLS                            0        0.0000                0        0.0000

PER1K_ONPATH_DCACHE_FILLS                            0        0.0000                0        0.0000

PER1K_ONPATH_L1_FILLS                                0        0.0000                0        0.0000

PER1K_L1_DEMAND_MISS_ONPATH                       3648        0.0365             3648        0.0365

PER1K_L1_DEMAND_MISS_OFFPATH                       151        0.0015              151        0.0015

L2_IDEAL_FILL_L1                                     0         -nan%                0         -nan%
L2_IDEAL_MISS_L2                                     0         -nan%                0         -nan%
                                                     0         -nan%                0         -nan%
                                                  -nan         -nan              -nan         -nan

L2_IDEAL_FILL_ICACHE                                 0         -nan%                0         -nan%
L2_IDEAL_MISS_ICACHE                                 0         -nan%                0         -nan%
                                                     0         -nan%                0         -nan%
                                                  -nan         -nan              -nan         -nan

HPS_MISS_DELTA__0                                    0         -nan%                0         -nan%
HPS_MISS_DELTA__1                                    0         -nan%                0         -nan%
HPS_MISS_DELTA__2                                    0         -nan%                0         -nan%
HPS_MISS_DELTA__3                                    0         -nan%                0         -nan%
HPS_MISS_DELTA__4                                    0         -nan%                0         -nan%
HPS_MISS_DELTA__5                                    0         -nan%                0         -nan%
HPS_MISS_DELTA__6                                    0         -nan%                0         -nan%
HPS_MISS_DELTA__7                                    0         -nan%                0         -nan%
HPS_MISS_DELTA__8                                    0         -nan%                0         -nan%
HPS_MISS_DELTA__9                                    0         -nan%                0         -nan%
                                                     0         -nan%                0         -nan%
                                                  -nan         -nan              -nan         -nan

HPS_HIT_DELTA__0                                     0         -nan%                0         -nan%
HPS_HIT_DELTA__1                                     0         -nan%                0         -nan%
HPS_HIT_DELTA__2                                     0         -nan%                0         -nan%
HPS_HIT_DELTA__3                                     0         -nan%                0         -nan%
HPS_HIT_DELTA__4                                     0         -nan%                0         -nan%
HPS_HIT_DELTA__5                                     0         -nan%                0         -nan%
HPS_HIT_DELTA__6                                     0         -nan%                0         -nan%
HPS_HIT_DELTA__7                                     0         -nan%                0         -nan%
HPS_HIT_DELTA__8                                     0         -nan%                0         -nan%
HPS_HIT_DELTA__9                                     0         -nan%                0         -nan%
                                                     0         -nan%                0         -nan%
                                                  -nan         -nan              -nan         -nan

DC_MISS_DELTA__0                                     0         -nan%                0         -nan%
DC_MISS_DELTA__1                                     0         -nan%                0         -nan%
DC_MISS_DELTA__2                                     0         -nan%                0         -nan%
DC_MISS_DELTA__3                                     0         -nan%                0         -nan%
DC_MISS_DELTA__4                                     0         -nan%                0         -nan%
DC_MISS_DELTA__5                                     0         -nan%                0         -nan%
DC_MISS_DELTA__6                                     0         -nan%                0         -nan%
DC_MISS_DELTA__7                                     0         -nan%                0         -nan%
DC_MISS_DELTA__8                                     0         -nan%                0         -nan%
DC_MISS_DELTA__9                                     0         -nan%                0         -nan%
                                                     0         -nan%                0         -nan%
                                                  -nan         -nan              -nan         -nan

ONE_MORE_SUCESS                                      0         -nan%                0         -nan%
ONE_MORE_DISCARDED_L0CACHE                           0         -nan%                0         -nan%
ONE_MORE_DISCARDED_MEM_REQ_FULL                      0         -nan%                0         -nan%
                                                     0         -nan%                0         -nan%
                                                  -nan         -nan              -nan         -nan

PREF_L1_TOTAL_SENT                                 547                            547              

PREF_L1_TOTAL_USED                                 307       56.124%              307       56.124%
PREF_L1_TOTAL_PARTIAL_USED                           2        0.366%                2        0.366%
PREF_L1_TOTAL_NOT_USED                             238       43.510%              238       43.510%
PREF_L1_TOTAL_DROPPED                                0        0.000%                0        0.000%
                                                   547      100.000%              547      100.000%
                                                  0.87         0.74              0.87         0.74

PREF_MLC_TOTAL_SENT                                  0                              0              

PREF_MLC_TOTAL_USED                             565509       99.997%           565509       99.997%
PREF_MLC_TOTAL_PARTIAL_USED                         19        0.003%               19        0.003%
PREF_MLC_TOTAL_NOT_USED                              0        0.000%                0        0.000%
PREF_MLC_TOTAL_DROPPED                               0        0.000%                0        0.000%
                                                565528      100.000%           565528      100.000%
                                                  0.00         0.01              0.00         0.01

CORE_MLC_PREF_REQ_MISS                               0        0.000%                0        0.000%
CORE_MLC_DEMAND_MISS                            779580        5.784%           779580        5.784%
CORE_MLC_WB_MISS                              12699646       94.216%         12699646       94.216%
                                              13479226      100.000%         13479226      100.000%
                                                  1.94         1.90              1.94         1.90

CORE_MLC_PREF_REQ_HIT                                0        0.000%                0        0.000%
CORE_MLC_DEMAND_HIT                            4523652       57.671%          4523652       57.671%
CORE_MLC_WB_HIT                                3320216       42.329%          3320216       42.329%
                                               7843868      100.000%          7843868      100.000%
                                                  1.42         1.05              1.42         1.05

CORE_MLC_HIT                                   4523652       85.300%          4523652       85.300%
CORE_MLC_MISS                                   779580       14.700%           779580       14.700%
                                               5303232      100.000%          5303232      100.000%
                                                  0.15         0.33              0.15         0.33

CORE_MLC_FILL                                 13302482       98.689%         13302482       98.689%
CORE_MLC_WB_FILL                                176763        1.311%           176763        1.311%
                                              13479245      100.000%         13479245      100.000%
                                                  0.01         0.11              0.01         0.11

CORE_MLC_DEMAND_FILL                          13302463      100.000%         13302463      100.000%
CORE_MLC_PREF_FILL                                  19        0.000%               19        0.000%
                                              13302482      100.000%         13302482      100.000%
                                                  0.00         0.00              0.00         0.00

CORE_MLC_PREF_FILL_USED                         565509       99.997%           565509       99.997%
CORE_MLC_PREF_FILL_PARTIAL_USED                     19        0.003%               19        0.003%
CORE_MLC_PREF_FILL_NOT_USED                          0        0.000%                0        0.000%
                                                565528      100.000%           565528      100.000%
                                                  0.00         0.01              0.00         0.01

CORE_L1_PREF_REQ_MISS                              547        0.562%              547        0.562%
CORE_L1_DEMAND_MISS                               3798        3.904%             3798        3.904%
CORE_L1_WB_MISS                                  92948       95.534%            92948       95.534%
                                                 97293      100.000%            97293      100.000%
                                                  1.95         1.92              1.95         1.92

CORE_L1_PREF_REQ_HIT                             19595        0.141%            19595        0.141%
CORE_L1_DEMAND_HIT                              804621        5.794%           804621        5.794%
CORE_L1_WB_HIT                                13062286       94.065%         13062286       94.065%
                                              13886502      100.000%         13886502      100.000%
                                                  1.94         1.90              1.94         1.90

CORE_L1_HIT                                     804638       99.530%           804638       99.530%
CORE_L1_MISS                                      3799        0.470%             3799        0.470%
                                                808437      100.000%           808437      100.000%
                                                  0.00         0.07              0.00         0.07

CORE_L1_FILL                                     93303       95.899%            93303       95.899%
CORE_L1_WB_FILL                                   3990        4.101%             3990        4.101%
                                                 97293      100.000%            97293      100.000%
                                                  0.04         0.19              0.04         0.19

CORE_L1_DEMAND_FILL                              92756       99.414%            92756       99.414%
CORE_L1_PREF_FILL                                  547        0.586%              547        0.586%
                                                 93303      100.000%            93303      100.000%
                                                  0.01         0.08              0.01         0.08

CORE_L1_PREF_FILL_USED                             307       56.124%              307       56.124%
CORE_L1_PREF_FILL_PARTIAL_USED                       2        0.366%                2        0.366%
CORE_L1_PREF_FILL_NOT_USED                         238       43.510%              238       43.510%
                                                   547      100.000%              547      100.000%
                                                  0.87         0.94              0.87         0.94

CORE_L1_DEMAND_USED_POS0                             0         -nan%                0         -nan%
CORE_L1_DEMAND_USED_POS1                             0         -nan%                0         -nan%
CORE_L1_DEMAND_USED_POS2                             0         -nan%                0         -nan%
CORE_L1_DEMAND_USED_POS3                             0         -nan%                0         -nan%
CORE_L1_DEMAND_USED_POS4                             0         -nan%                0         -nan%
CORE_L1_DEMAND_USED_POS5                             0         -nan%                0         -nan%
CORE_L1_DEMAND_USED_POS6                             0         -nan%                0         -nan%
CORE_L1_DEMAND_USED_POS7                             0         -nan%                0         -nan%
CORE_L1_DEMAND_USED_POS8                             0         -nan%                0         -nan%
CORE_L1_DEMAND_USED_POS9                             0         -nan%                0         -nan%
CORE_L1_DEMAND_USED_POS10                            0         -nan%                0         -nan%
CORE_L1_DEMAND_USED_POS11                            0         -nan%                0         -nan%
CORE_L1_DEMAND_USED_POS12                            0         -nan%                0         -nan%
CORE_L1_DEMAND_USED_POS13                            0         -nan%                0         -nan%
CORE_L1_DEMAND_USED_POS14                            0         -nan%                0         -nan%
CORE_L1_DEMAND_USED_POS15                            0         -nan%                0         -nan%
CORE_L1_DEMAND_USED_POS16                            0         -nan%                0         -nan%
CORE_L1_DEMAND_USED_POS17                            0         -nan%                0         -nan%
CORE_L1_DEMAND_USED_POS18                            0         -nan%                0         -nan%
CORE_L1_DEMAND_USED_POS19                            0         -nan%                0         -nan%
CORE_L1_DEMAND_USED_POS20                            0         -nan%                0         -nan%
CORE_L1_DEMAND_USED_POS21                            0         -nan%                0         -nan%
CORE_L1_DEMAND_USED_POS22                            0         -nan%                0         -nan%
CORE_L1_DEMAND_USED_POS23                            0         -nan%                0         -nan%
CORE_L1_DEMAND_USED_POS24                            0         -nan%                0         -nan%
CORE_L1_DEMAND_USED_POS25                            0         -nan%                0         -nan%
CORE_L1_DEMAND_USED_POS26                            0         -nan%                0         -nan%
CORE_L1_DEMAND_USED_POS27                            0         -nan%                0         -nan%
CORE_L1_DEMAND_USED_POS28                            0         -nan%                0         -nan%
CORE_L1_DEMAND_USED_POS29                            0         -nan%                0         -nan%
CORE_L1_DEMAND_USED_POS30                            0         -nan%                0         -nan%
CORE_L1_DEMAND_USED_POS31                            0         -nan%                0         -nan%
CORE_L1_DEMAND_USED_POS32                            0         -nan%                0         -nan%
CORE_L1_DEMAND_USED_POS33                            0         -nan%                0         -nan%
CORE_L1_DEMAND_USED_POS34                            0         -nan%                0         -nan%
CORE_L1_DEMAND_USED_POS35                            0         -nan%                0         -nan%
CORE_L1_DEMAND_USED_POS36                            0         -nan%                0         -nan%
CORE_L1_DEMAND_USED_POS37                            0         -nan%                0         -nan%
CORE_L1_DEMAND_USED_POS38                            0         -nan%                0         -nan%
CORE_L1_DEMAND_USED_POS39                            0         -nan%                0         -nan%
CORE_L1_DEMAND_USED_POS40                            0         -nan%                0         -nan%
CORE_L1_DEMAND_USED_POS41                            0         -nan%                0         -nan%
CORE_L1_DEMAND_USED_POS42                            0         -nan%                0         -nan%
CORE_L1_DEMAND_USED_POS43                            0         -nan%                0         -nan%
CORE_L1_DEMAND_USED_POS44                            0         -nan%                0         -nan%
CORE_L1_DEMAND_USED_POS45                            0         -nan%                0         -nan%
CORE_L1_DEMAND_USED_POS46                            0         -nan%                0         -nan%
CORE_L1_DEMAND_USED_POS47                            0         -nan%                0         -nan%
CORE_L1_DEMAND_USED_POS48                            0         -nan%                0         -nan%
CORE_L1_DEMAND_USED_POS49                            0         -nan%                0         -nan%
CORE_L1_DEMAND_USED_POS50                            0         -nan%                0         -nan%
CORE_L1_DEMAND_USED_POS51                            0         -nan%                0         -nan%
CORE_L1_DEMAND_USED_POS52                            0         -nan%                0         -nan%
CORE_L1_DEMAND_USED_POS53                            0         -nan%                0         -nan%
CORE_L1_DEMAND_USED_POS54                            0         -nan%                0         -nan%
CORE_L1_DEMAND_USED_POS55                            0         -nan%                0         -nan%
CORE_L1_DEMAND_USED_POS56                            0         -nan%                0         -nan%
CORE_L1_DEMAND_USED_POS57                            0         -nan%                0         -nan%
CORE_L1_DEMAND_USED_POS58                            0         -nan%                0         -nan%
CORE_L1_DEMAND_USED_POS59                            0         -nan%                0         -nan%
CORE_L1_DEMAND_USED_POS60                            0         -nan%                0         -nan%
CORE_L1_DEMAND_USED_POS61                            0         -nan%                0         -nan%
CORE_L1_DEMAND_USED_POS62                            0         -nan%                0         -nan%
CORE_L1_DEMAND_USED_POS63                            0         -nan%                0         -nan%
CORE_L1_DEMAND_USED_POS64                            0         -nan%                0         -nan%
CORE_L1_DEMAND_USED_POS65                            0         -nan%                0         -nan%
CORE_L1_DEMAND_USED_POS66                            0         -nan%                0         -nan%
CORE_L1_DEMAND_USED_POS67                            0         -nan%                0         -nan%
CORE_L1_DEMAND_USED_POS68                            0         -nan%                0         -nan%
CORE_L1_DEMAND_USED_POS69                            0         -nan%                0         -nan%
CORE_L1_DEMAND_USED_POS70                            0         -nan%                0         -nan%
CORE_L1_DEMAND_USED_POS71                            0         -nan%                0         -nan%
CORE_L1_DEMAND_USED_POS72                            0         -nan%                0         -nan%
CORE_L1_DEMAND_USED_POS73                            0         -nan%                0         -nan%
CORE_L1_DEMAND_USED_POS74                            0         -nan%                0         -nan%
CORE_L1_DEMAND_USED_POS75                            0         -nan%                0         -nan%
CORE_L1_DEMAND_USED_POS76                            0         -nan%                0         -nan%
CORE_L1_DEMAND_USED_POS77                            0         -nan%                0         -nan%
CORE_L1_DEMAND_USED_POS78                            0         -nan%                0         -nan%
CORE_L1_DEMAND_USED_POS79                            0         -nan%                0         -nan%
CORE_L1_DEMAND_USED_POS80                            0         -nan%                0         -nan%
CORE_L1_DEMAND_USED_POS81                            0         -nan%                0         -nan%
CORE_L1_DEMAND_USED_POS82                            0         -nan%                0         -nan%
CORE_L1_DEMAND_USED_POS83                            0         -nan%                0         -nan%
CORE_L1_DEMAND_USED_POS84                            0         -nan%                0         -nan%
CORE_L1_DEMAND_USED_POS85                            0         -nan%                0         -nan%
CORE_L1_DEMAND_USED_POS86                            0         -nan%                0         -nan%
CORE_L1_DEMAND_USED_POS87                            0         -nan%                0         -nan%
CORE_L1_DEMAND_USED_POS88                            0         -nan%                0         -nan%
CORE_L1_DEMAND_USED_POS89                            0         -nan%                0         -nan%
CORE_L1_DEMAND_USED_POS90                            0         -nan%                0         -nan%
CORE_L1_DEMAND_USED_POS91                            0         -nan%                0         -nan%
CORE_L1_DEMAND_USED_POS92                            0         -nan%                0         -nan%
CORE_L1_DEMAND_USED_POS93                            0         -nan%                0         -nan%
CORE_L1_DEMAND_USED_POS94                            0         -nan%                0         -nan%
CORE_L1_DEMAND_USED_POS95                            0         -nan%                0         -nan%
CORE_L1_DEMAND_USED_POS96                            0         -nan%                0         -nan%
CORE_L1_DEMAND_USED_POS97                            0         -nan%                0         -nan%
CORE_L1_DEMAND_USED_POS98                            0         -nan%                0         -nan%
CORE_L1_DEMAND_USED_POS99                            0         -nan%                0         -nan%
CORE_L1_DEMAND_USED_POS100                           0         -nan%                0         -nan%
CORE_L1_DEMAND_USED_POS101                           0         -nan%                0         -nan%
CORE_L1_DEMAND_USED_POS102                           0         -nan%                0         -nan%
CORE_L1_DEMAND_USED_POS103                           0         -nan%                0         -nan%
CORE_L1_DEMAND_USED_POS104                           0         -nan%                0         -nan%
CORE_L1_DEMAND_USED_POS105                           0         -nan%                0         -nan%
CORE_L1_DEMAND_USED_POS106                           0         -nan%                0         -nan%
CORE_L1_DEMAND_USED_POS107                           0         -nan%                0         -nan%
CORE_L1_DEMAND_USED_POS108                           0         -nan%                0         -nan%
CORE_L1_DEMAND_USED_POS109                           0         -nan%                0         -nan%
CORE_L1_DEMAND_USED_POS110                           0         -nan%                0         -nan%
CORE_L1_DEMAND_USED_POS111                           0         -nan%                0         -nan%
CORE_L1_DEMAND_USED_POS112                           0         -nan%                0         -nan%
CORE_L1_DEMAND_USED_POS113                           0         -nan%                0         -nan%
CORE_L1_DEMAND_USED_POS114                           0         -nan%                0         -nan%
CORE_L1_DEMAND_USED_POS115                           0         -nan%                0         -nan%
CORE_L1_DEMAND_USED_POS116                           0         -nan%                0         -nan%
CORE_L1_DEMAND_USED_POS117                           0         -nan%                0         -nan%
CORE_L1_DEMAND_USED_POS118                           0         -nan%                0         -nan%
CORE_L1_DEMAND_USED_POS119                           0         -nan%                0         -nan%
CORE_L1_DEMAND_USED_POS120                           0         -nan%                0         -nan%
CORE_L1_DEMAND_USED_POS121                           0         -nan%                0         -nan%
CORE_L1_DEMAND_USED_POS122                           0         -nan%                0         -nan%
CORE_L1_DEMAND_USED_POS123                           0         -nan%                0         -nan%
CORE_L1_DEMAND_USED_POS124                           0         -nan%                0         -nan%
CORE_L1_DEMAND_USED_POS125                           0         -nan%                0         -nan%
CORE_L1_DEMAND_USED_POS126                           0         -nan%                0         -nan%
CORE_L1_DEMAND_USED_POS127                           0         -nan%                0         -nan%
                                                     0         -nan%                0         -nan%
                                                  -nan         -nan              -nan         -nan

CORE_L1_PREF_USED_POS0                               0         -nan%                0         -nan%
CORE_L1_PREF_USED_POS1                               0         -nan%                0         -nan%
CORE_L1_PREF_USED_POS2                               0         -nan%                0         -nan%
CORE_L1_PREF_USED_POS3                               0         -nan%                0         -nan%
CORE_L1_PREF_USED_POS4                               0         -nan%                0         -nan%
CORE_L1_PREF_USED_POS5                               0         -nan%                0         -nan%
CORE_L1_PREF_USED_POS6                               0         -nan%                0         -nan%
CORE_L1_PREF_USED_POS7                               0         -nan%                0         -nan%
CORE_L1_PREF_USED_POS8                               0         -nan%                0         -nan%
CORE_L1_PREF_USED_POS9                               0         -nan%                0         -nan%
CORE_L1_PREF_USED_POS10                              0         -nan%                0         -nan%
CORE_L1_PREF_USED_POS11                              0         -nan%                0         -nan%
CORE_L1_PREF_USED_POS12                              0         -nan%                0         -nan%
CORE_L1_PREF_USED_POS13                              0         -nan%                0         -nan%
CORE_L1_PREF_USED_POS14                              0         -nan%                0         -nan%
CORE_L1_PREF_USED_POS15                              0         -nan%                0         -nan%
CORE_L1_PREF_USED_POS16                              0         -nan%                0         -nan%
CORE_L1_PREF_USED_POS17                              0         -nan%                0         -nan%
CORE_L1_PREF_USED_POS18                              0         -nan%                0         -nan%
CORE_L1_PREF_USED_POS19                              0         -nan%                0         -nan%
CORE_L1_PREF_USED_POS20                              0         -nan%                0         -nan%
CORE_L1_PREF_USED_POS21                              0         -nan%                0         -nan%
CORE_L1_PREF_USED_POS22                              0         -nan%                0         -nan%
CORE_L1_PREF_USED_POS23                              0         -nan%                0         -nan%
CORE_L1_PREF_USED_POS24                              0         -nan%                0         -nan%
CORE_L1_PREF_USED_POS25                              0         -nan%                0         -nan%
CORE_L1_PREF_USED_POS26                              0         -nan%                0         -nan%
CORE_L1_PREF_USED_POS27                              0         -nan%                0         -nan%
CORE_L1_PREF_USED_POS28                              0         -nan%                0         -nan%
CORE_L1_PREF_USED_POS29                              0         -nan%                0         -nan%
CORE_L1_PREF_USED_POS30                              0         -nan%                0         -nan%
CORE_L1_PREF_USED_POS31                              0         -nan%                0         -nan%
CORE_L1_PREF_USED_POS32                              0         -nan%                0         -nan%
CORE_L1_PREF_USED_POS33                              0         -nan%                0         -nan%
CORE_L1_PREF_USED_POS34                              0         -nan%                0         -nan%
CORE_L1_PREF_USED_POS35                              0         -nan%                0         -nan%
CORE_L1_PREF_USED_POS36                              0         -nan%                0         -nan%
CORE_L1_PREF_USED_POS37                              0         -nan%                0         -nan%
CORE_L1_PREF_USED_POS38                              0         -nan%                0         -nan%
CORE_L1_PREF_USED_POS39                              0         -nan%                0         -nan%
CORE_L1_PREF_USED_POS40                              0         -nan%                0         -nan%
CORE_L1_PREF_USED_POS41                              0         -nan%                0         -nan%
CORE_L1_PREF_USED_POS42                              0         -nan%                0         -nan%
CORE_L1_PREF_USED_POS43                              0         -nan%                0         -nan%
CORE_L1_PREF_USED_POS44                              0         -nan%                0         -nan%
CORE_L1_PREF_USED_POS45                              0         -nan%                0         -nan%
CORE_L1_PREF_USED_POS46                              0         -nan%                0         -nan%
CORE_L1_PREF_USED_POS47                              0         -nan%                0         -nan%
CORE_L1_PREF_USED_POS48                              0         -nan%                0         -nan%
CORE_L1_PREF_USED_POS49                              0         -nan%                0         -nan%
CORE_L1_PREF_USED_POS50                              0         -nan%                0         -nan%
CORE_L1_PREF_USED_POS51                              0         -nan%                0         -nan%
CORE_L1_PREF_USED_POS52                              0         -nan%                0         -nan%
CORE_L1_PREF_USED_POS53                              0         -nan%                0         -nan%
CORE_L1_PREF_USED_POS54                              0         -nan%                0         -nan%
CORE_L1_PREF_USED_POS55                              0         -nan%                0         -nan%
CORE_L1_PREF_USED_POS56                              0         -nan%                0         -nan%
CORE_L1_PREF_USED_POS57                              0         -nan%                0         -nan%
CORE_L1_PREF_USED_POS58                              0         -nan%                0         -nan%
CORE_L1_PREF_USED_POS59                              0         -nan%                0         -nan%
CORE_L1_PREF_USED_POS60                              0         -nan%                0         -nan%
CORE_L1_PREF_USED_POS61                              0         -nan%                0         -nan%
CORE_L1_PREF_USED_POS62                              0         -nan%                0         -nan%
CORE_L1_PREF_USED_POS63                              0         -nan%                0         -nan%
CORE_L1_PREF_USED_POS64                              0         -nan%                0         -nan%
CORE_L1_PREF_USED_POS65                              0         -nan%                0         -nan%
CORE_L1_PREF_USED_POS66                              0         -nan%                0         -nan%
CORE_L1_PREF_USED_POS67                              0         -nan%                0         -nan%
CORE_L1_PREF_USED_POS68                              0         -nan%                0         -nan%
CORE_L1_PREF_USED_POS69                              0         -nan%                0         -nan%
CORE_L1_PREF_USED_POS70                              0         -nan%                0         -nan%
CORE_L1_PREF_USED_POS71                              0         -nan%                0         -nan%
CORE_L1_PREF_USED_POS72                              0         -nan%                0         -nan%
CORE_L1_PREF_USED_POS73                              0         -nan%                0         -nan%
CORE_L1_PREF_USED_POS74                              0         -nan%                0         -nan%
CORE_L1_PREF_USED_POS75                              0         -nan%                0         -nan%
CORE_L1_PREF_USED_POS76                              0         -nan%                0         -nan%
CORE_L1_PREF_USED_POS77                              0         -nan%                0         -nan%
CORE_L1_PREF_USED_POS78                              0         -nan%                0         -nan%
CORE_L1_PREF_USED_POS79                              0         -nan%                0         -nan%
CORE_L1_PREF_USED_POS80                              0         -nan%                0         -nan%
CORE_L1_PREF_USED_POS81                              0         -nan%                0         -nan%
CORE_L1_PREF_USED_POS82                              0         -nan%                0         -nan%
CORE_L1_PREF_USED_POS83                              0         -nan%                0         -nan%
CORE_L1_PREF_USED_POS84                              0         -nan%                0         -nan%
CORE_L1_PREF_USED_POS85                              0         -nan%                0         -nan%
CORE_L1_PREF_USED_POS86                              0         -nan%                0         -nan%
CORE_L1_PREF_USED_POS87                              0         -nan%                0         -nan%
CORE_L1_PREF_USED_POS88                              0         -nan%                0         -nan%
CORE_L1_PREF_USED_POS89                              0         -nan%                0         -nan%
CORE_L1_PREF_USED_POS90                              0         -nan%                0         -nan%
CORE_L1_PREF_USED_POS91                              0         -nan%                0         -nan%
CORE_L1_PREF_USED_POS92                              0         -nan%                0         -nan%
CORE_L1_PREF_USED_POS93                              0         -nan%                0         -nan%
CORE_L1_PREF_USED_POS94                              0         -nan%                0         -nan%
CORE_L1_PREF_USED_POS95                              0         -nan%                0         -nan%
CORE_L1_PREF_USED_POS96                              0         -nan%                0         -nan%
CORE_L1_PREF_USED_POS97                              0         -nan%                0         -nan%
CORE_L1_PREF_USED_POS98                              0         -nan%                0         -nan%
CORE_L1_PREF_USED_POS99                              0         -nan%                0         -nan%
CORE_L1_PREF_USED_POS100                             0         -nan%                0         -nan%
CORE_L1_PREF_USED_POS101                             0         -nan%                0         -nan%
CORE_L1_PREF_USED_POS102                             0         -nan%                0         -nan%
CORE_L1_PREF_USED_POS103                             0         -nan%                0         -nan%
CORE_L1_PREF_USED_POS104                             0         -nan%                0         -nan%
CORE_L1_PREF_USED_POS105                             0         -nan%                0         -nan%
CORE_L1_PREF_USED_POS106                             0         -nan%                0         -nan%
CORE_L1_PREF_USED_POS107                             0         -nan%                0         -nan%
CORE_L1_PREF_USED_POS108                             0         -nan%                0         -nan%
CORE_L1_PREF_USED_POS109                             0         -nan%                0         -nan%
CORE_L1_PREF_USED_POS110                             0         -nan%                0         -nan%
CORE_L1_PREF_USED_POS111                             0         -nan%                0         -nan%
CORE_L1_PREF_USED_POS112                             0         -nan%                0         -nan%
CORE_L1_PREF_USED_POS113                             0         -nan%                0         -nan%
CORE_L1_PREF_USED_POS114                             0         -nan%                0         -nan%
CORE_L1_PREF_USED_POS115                             0         -nan%                0         -nan%
CORE_L1_PREF_USED_POS116                             0         -nan%                0         -nan%
CORE_L1_PREF_USED_POS117                             0         -nan%                0         -nan%
CORE_L1_PREF_USED_POS118                             0         -nan%                0         -nan%
CORE_L1_PREF_USED_POS119                             0         -nan%                0         -nan%
CORE_L1_PREF_USED_POS120                             0         -nan%                0         -nan%
CORE_L1_PREF_USED_POS121                             0         -nan%                0         -nan%
CORE_L1_PREF_USED_POS122                             0         -nan%                0         -nan%
CORE_L1_PREF_USED_POS123                             0         -nan%                0         -nan%
CORE_L1_PREF_USED_POS124                             0         -nan%                0         -nan%
CORE_L1_PREF_USED_POS125                             0         -nan%                0         -nan%
CORE_L1_PREF_USED_POS126                             0         -nan%                0         -nan%
CORE_L1_PREF_USED_POS127                             0         -nan%                0         -nan%
                                                     0         -nan%                0         -nan%
                                                  -nan         -nan              -nan         -nan

CORE_TOTAL_SETS_ALL_INTERVALS                        0                              0              

CORE_L1_AVG_NUM_WAYS                                 0          -nan                0          -nan

L1_PARTITION_INTERVALS                               0                              0              

NORESET_L1_PARTITION                                 0                              0              

L1_SHADOW_ACCESS                                     0                              0              

L1_SHADOW_ACCESS_STALLING                            0                              0              

L1_SHADOW_ACCESS_DEMAND                              0                              0              

L1_SHADOW_HIT                                        0                              0              

L1_SHADOW_HIT_STALLING                               0                              0              

L1_SHADOW_HIT_DEMAND                                 0                              0              

L1_SHADOW_UNTIMELY_HIT                               0                              0              

L1_SHADOW_UNTIMELY_HIT_STALLING                      0                              0              

L1_SHADOW_UNTIMELY_HIT_DEMAND                        0                              0              

L1_SHADOW_HIT_POS0                                   0         -nan%                0         -nan%
L1_SHADOW_HIT_POS1                                   0         -nan%                0         -nan%
L1_SHADOW_HIT_POS2                                   0         -nan%                0         -nan%
L1_SHADOW_HIT_POS3                                   0         -nan%                0         -nan%
L1_SHADOW_HIT_POS4                                   0         -nan%                0         -nan%
L1_SHADOW_HIT_POS5                                   0         -nan%                0         -nan%
L1_SHADOW_HIT_POS6                                   0         -nan%                0         -nan%
L1_SHADOW_HIT_POS7                                   0         -nan%                0         -nan%
L1_SHADOW_HIT_POS8                                   0         -nan%                0         -nan%
L1_SHADOW_HIT_POS9                                   0         -nan%                0         -nan%
L1_SHADOW_HIT_POS10                                  0         -nan%                0         -nan%
L1_SHADOW_HIT_POS11                                  0         -nan%                0         -nan%
L1_SHADOW_HIT_POS12                                  0         -nan%                0         -nan%
L1_SHADOW_HIT_POS13                                  0         -nan%                0         -nan%
L1_SHADOW_HIT_POS14                                  0         -nan%                0         -nan%
L1_SHADOW_HIT_POS15                                  0         -nan%                0         -nan%
L1_SHADOW_HIT_POS16                                  0         -nan%                0         -nan%
L1_SHADOW_HIT_POS17                                  0         -nan%                0         -nan%
L1_SHADOW_HIT_POS18                                  0         -nan%                0         -nan%
L1_SHADOW_HIT_POS19                                  0         -nan%                0         -nan%
L1_SHADOW_HIT_POS20                                  0         -nan%                0         -nan%
L1_SHADOW_HIT_POS21                                  0         -nan%                0         -nan%
L1_SHADOW_HIT_POS22                                  0         -nan%                0         -nan%
L1_SHADOW_HIT_POS23                                  0         -nan%                0         -nan%
L1_SHADOW_HIT_POS24                                  0         -nan%                0         -nan%
L1_SHADOW_HIT_POS25                                  0         -nan%                0         -nan%
L1_SHADOW_HIT_POS26                                  0         -nan%                0         -nan%
L1_SHADOW_HIT_POS27                                  0         -nan%                0         -nan%
L1_SHADOW_HIT_POS28                                  0         -nan%                0         -nan%
L1_SHADOW_HIT_POS29                                  0         -nan%                0         -nan%
L1_SHADOW_HIT_POS30                                  0         -nan%                0         -nan%
L1_SHADOW_HIT_POS31                                  0         -nan%                0         -nan%
L1_SHADOW_HIT_POS32                                  0         -nan%                0         -nan%
L1_SHADOW_HIT_POS33                                  0         -nan%                0         -nan%
L1_SHADOW_HIT_POS34                                  0         -nan%                0         -nan%
L1_SHADOW_HIT_POS35                                  0         -nan%                0         -nan%
L1_SHADOW_HIT_POS36                                  0         -nan%                0         -nan%
L1_SHADOW_HIT_POS37                                  0         -nan%                0         -nan%
L1_SHADOW_HIT_POS38                                  0         -nan%                0         -nan%
L1_SHADOW_HIT_POS39                                  0         -nan%                0         -nan%
L1_SHADOW_HIT_POS40                                  0         -nan%                0         -nan%
L1_SHADOW_HIT_POS41                                  0         -nan%                0         -nan%
L1_SHADOW_HIT_POS42                                  0         -nan%                0         -nan%
L1_SHADOW_HIT_POS43                                  0         -nan%                0         -nan%
L1_SHADOW_HIT_POS44                                  0         -nan%                0         -nan%
L1_SHADOW_HIT_POS45                                  0         -nan%                0         -nan%
L1_SHADOW_HIT_POS46                                  0         -nan%                0         -nan%
L1_SHADOW_HIT_POS47                                  0         -nan%                0         -nan%
L1_SHADOW_HIT_POS48                                  0         -nan%                0         -nan%
L1_SHADOW_HIT_POS49                                  0         -nan%                0         -nan%
L1_SHADOW_HIT_POS50                                  0         -nan%                0         -nan%
L1_SHADOW_HIT_POS51                                  0         -nan%                0         -nan%
L1_SHADOW_HIT_POS52                                  0         -nan%                0         -nan%
L1_SHADOW_HIT_POS53                                  0         -nan%                0         -nan%
L1_SHADOW_HIT_POS54                                  0         -nan%                0         -nan%
L1_SHADOW_HIT_POS55                                  0         -nan%                0         -nan%
L1_SHADOW_HIT_POS56                                  0         -nan%                0         -nan%
L1_SHADOW_HIT_POS57                                  0         -nan%                0         -nan%
L1_SHADOW_HIT_POS58                                  0         -nan%                0         -nan%
L1_SHADOW_HIT_POS59                                  0         -nan%                0         -nan%
L1_SHADOW_HIT_POS60                                  0         -nan%                0         -nan%
L1_SHADOW_HIT_POS61                                  0         -nan%                0         -nan%
L1_SHADOW_HIT_POS62                                  0         -nan%                0         -nan%
L1_SHADOW_HIT_POS63                                  0         -nan%                0         -nan%
L1_SHADOW_HIT_POS64                                  0         -nan%                0         -nan%
L1_SHADOW_HIT_POS65                                  0         -nan%                0         -nan%
L1_SHADOW_HIT_POS66                                  0         -nan%                0         -nan%
L1_SHADOW_HIT_POS67                                  0         -nan%                0         -nan%
L1_SHADOW_HIT_POS68                                  0         -nan%                0         -nan%
L1_SHADOW_HIT_POS69                                  0         -nan%                0         -nan%
L1_SHADOW_HIT_POS70                                  0         -nan%                0         -nan%
L1_SHADOW_HIT_POS71                                  0         -nan%                0         -nan%
L1_SHADOW_HIT_POS72                                  0         -nan%                0         -nan%
L1_SHADOW_HIT_POS73                                  0         -nan%                0         -nan%
L1_SHADOW_HIT_POS74                                  0         -nan%                0         -nan%
L1_SHADOW_HIT_POS75                                  0         -nan%                0         -nan%
L1_SHADOW_HIT_POS76                                  0         -nan%                0         -nan%
L1_SHADOW_HIT_POS77                                  0         -nan%                0         -nan%
L1_SHADOW_HIT_POS78                                  0         -nan%                0         -nan%
L1_SHADOW_HIT_POS79                                  0         -nan%                0         -nan%
L1_SHADOW_HIT_POS80                                  0         -nan%                0         -nan%
L1_SHADOW_HIT_POS81                                  0         -nan%                0         -nan%
L1_SHADOW_HIT_POS82                                  0         -nan%                0         -nan%
L1_SHADOW_HIT_POS83                                  0         -nan%                0         -nan%
L1_SHADOW_HIT_POS84                                  0         -nan%                0         -nan%
L1_SHADOW_HIT_POS85                                  0         -nan%                0         -nan%
L1_SHADOW_HIT_POS86                                  0         -nan%                0         -nan%
L1_SHADOW_HIT_POS87                                  0         -nan%                0         -nan%
L1_SHADOW_HIT_POS88                                  0         -nan%                0         -nan%
L1_SHADOW_HIT_POS89                                  0         -nan%                0         -nan%
L1_SHADOW_HIT_POS90                                  0         -nan%                0         -nan%
L1_SHADOW_HIT_POS91                                  0         -nan%                0         -nan%
L1_SHADOW_HIT_POS92                                  0         -nan%                0         -nan%
L1_SHADOW_HIT_POS93                                  0         -nan%                0         -nan%
L1_SHADOW_HIT_POS94                                  0         -nan%                0         -nan%
L1_SHADOW_HIT_POS95                                  0         -nan%                0         -nan%
L1_SHADOW_HIT_POS96                                  0         -nan%                0         -nan%
L1_SHADOW_HIT_POS97                                  0         -nan%                0         -nan%
L1_SHADOW_HIT_POS98                                  0         -nan%                0         -nan%
L1_SHADOW_HIT_POS99                                  0         -nan%                0         -nan%
L1_SHADOW_HIT_POS100                                 0         -nan%                0         -nan%
L1_SHADOW_HIT_POS101                                 0         -nan%                0         -nan%
L1_SHADOW_HIT_POS102                                 0         -nan%                0         -nan%
L1_SHADOW_HIT_POS103                                 0         -nan%                0         -nan%
L1_SHADOW_HIT_POS104                                 0         -nan%                0         -nan%
L1_SHADOW_HIT_POS105                                 0         -nan%                0         -nan%
L1_SHADOW_HIT_POS106                                 0         -nan%                0         -nan%
L1_SHADOW_HIT_POS107                                 0         -nan%                0         -nan%
L1_SHADOW_HIT_POS108                                 0         -nan%                0         -nan%
L1_SHADOW_HIT_POS109                                 0         -nan%                0         -nan%
L1_SHADOW_HIT_POS110                                 0         -nan%                0         -nan%
L1_SHADOW_HIT_POS111                                 0         -nan%                0         -nan%
L1_SHADOW_HIT_POS112                                 0         -nan%                0         -nan%
L1_SHADOW_HIT_POS113                                 0         -nan%                0         -nan%
L1_SHADOW_HIT_POS114                                 0         -nan%                0         -nan%
L1_SHADOW_HIT_POS115                                 0         -nan%                0         -nan%
L1_SHADOW_HIT_POS116                                 0         -nan%                0         -nan%
L1_SHADOW_HIT_POS117                                 0         -nan%                0         -nan%
L1_SHADOW_HIT_POS118                                 0         -nan%                0         -nan%
L1_SHADOW_HIT_POS119                                 0         -nan%                0         -nan%
L1_SHADOW_HIT_POS120                                 0         -nan%                0         -nan%
L1_SHADOW_HIT_POS121                                 0         -nan%                0         -nan%
L1_SHADOW_HIT_POS122                                 0         -nan%                0         -nan%
L1_SHADOW_HIT_POS123                                 0         -nan%                0         -nan%
L1_SHADOW_HIT_POS124                                 0         -nan%                0         -nan%
L1_SHADOW_HIT_POS125                                 0         -nan%                0         -nan%
L1_SHADOW_HIT_POS126                                 0         -nan%                0         -nan%
L1_SHADOW_HIT_POS127                                 0         -nan%                0         -nan%
                                                     0         -nan%                0         -nan%
                                                  -nan         -nan              -nan         -nan

L1_SHADOW_STALLING_HIT_POS0                          0         -nan%                0         -nan%
L1_SHADOW_STALLING_HIT_POS1                          0         -nan%                0         -nan%
L1_SHADOW_STALLING_HIT_POS2                          0         -nan%                0         -nan%
L1_SHADOW_STALLING_HIT_POS3                          0         -nan%                0         -nan%
L1_SHADOW_STALLING_HIT_POS4                          0         -nan%                0         -nan%
L1_SHADOW_STALLING_HIT_POS5                          0         -nan%                0         -nan%
L1_SHADOW_STALLING_HIT_POS6                          0         -nan%                0         -nan%
L1_SHADOW_STALLING_HIT_POS7                          0         -nan%                0         -nan%
L1_SHADOW_STALLING_HIT_POS8                          0         -nan%                0         -nan%
L1_SHADOW_STALLING_HIT_POS9                          0         -nan%                0         -nan%
L1_SHADOW_STALLING_HIT_POS10                         0         -nan%                0         -nan%
L1_SHADOW_STALLING_HIT_POS11                         0         -nan%                0         -nan%
L1_SHADOW_STALLING_HIT_POS12                         0         -nan%                0         -nan%
L1_SHADOW_STALLING_HIT_POS13                         0         -nan%                0         -nan%
L1_SHADOW_STALLING_HIT_POS14                         0         -nan%                0         -nan%
L1_SHADOW_STALLING_HIT_POS15                         0         -nan%                0         -nan%
L1_SHADOW_STALLING_HIT_POS16                         0         -nan%                0         -nan%
L1_SHADOW_STALLING_HIT_POS17                         0         -nan%                0         -nan%
L1_SHADOW_STALLING_HIT_POS18                         0         -nan%                0         -nan%
L1_SHADOW_STALLING_HIT_POS19                         0         -nan%                0         -nan%
L1_SHADOW_STALLING_HIT_POS20                         0         -nan%                0         -nan%
L1_SHADOW_STALLING_HIT_POS21                         0         -nan%                0         -nan%
L1_SHADOW_STALLING_HIT_POS22                         0         -nan%                0         -nan%
L1_SHADOW_STALLING_HIT_POS23                         0         -nan%                0         -nan%
L1_SHADOW_STALLING_HIT_POS24                         0         -nan%                0         -nan%
L1_SHADOW_STALLING_HIT_POS25                         0         -nan%                0         -nan%
L1_SHADOW_STALLING_HIT_POS26                         0         -nan%                0         -nan%
L1_SHADOW_STALLING_HIT_POS27                         0         -nan%                0         -nan%
L1_SHADOW_STALLING_HIT_POS28                         0         -nan%                0         -nan%
L1_SHADOW_STALLING_HIT_POS29                         0         -nan%                0         -nan%
L1_SHADOW_STALLING_HIT_POS30                         0         -nan%                0         -nan%
L1_SHADOW_STALLING_HIT_POS31                         0         -nan%                0         -nan%
L1_SHADOW_STALLING_HIT_POS32                         0         -nan%                0         -nan%
L1_SHADOW_STALLING_HIT_POS33                         0         -nan%                0         -nan%
L1_SHADOW_STALLING_HIT_POS34                         0         -nan%                0         -nan%
L1_SHADOW_STALLING_HIT_POS35                         0         -nan%                0         -nan%
L1_SHADOW_STALLING_HIT_POS36                         0         -nan%                0         -nan%
L1_SHADOW_STALLING_HIT_POS37                         0         -nan%                0         -nan%
L1_SHADOW_STALLING_HIT_POS38                         0         -nan%                0         -nan%
L1_SHADOW_STALLING_HIT_POS39                         0         -nan%                0         -nan%
L1_SHADOW_STALLING_HIT_POS40                         0         -nan%                0         -nan%
L1_SHADOW_STALLING_HIT_POS41                         0         -nan%                0         -nan%
L1_SHADOW_STALLING_HIT_POS42                         0         -nan%                0         -nan%
L1_SHADOW_STALLING_HIT_POS43                         0         -nan%                0         -nan%
L1_SHADOW_STALLING_HIT_POS44                         0         -nan%                0         -nan%
L1_SHADOW_STALLING_HIT_POS45                         0         -nan%                0         -nan%
L1_SHADOW_STALLING_HIT_POS46                         0         -nan%                0         -nan%
L1_SHADOW_STALLING_HIT_POS47                         0         -nan%                0         -nan%
L1_SHADOW_STALLING_HIT_POS48                         0         -nan%                0         -nan%
L1_SHADOW_STALLING_HIT_POS49                         0         -nan%                0         -nan%
L1_SHADOW_STALLING_HIT_POS50                         0         -nan%                0         -nan%
L1_SHADOW_STALLING_HIT_POS51                         0         -nan%                0         -nan%
L1_SHADOW_STALLING_HIT_POS52                         0         -nan%                0         -nan%
L1_SHADOW_STALLING_HIT_POS53                         0         -nan%                0         -nan%
L1_SHADOW_STALLING_HIT_POS54                         0         -nan%                0         -nan%
L1_SHADOW_STALLING_HIT_POS55                         0         -nan%                0         -nan%
L1_SHADOW_STALLING_HIT_POS56                         0         -nan%                0         -nan%
L1_SHADOW_STALLING_HIT_POS57                         0         -nan%                0         -nan%
L1_SHADOW_STALLING_HIT_POS58                         0         -nan%                0         -nan%
L1_SHADOW_STALLING_HIT_POS59                         0         -nan%                0         -nan%
L1_SHADOW_STALLING_HIT_POS60                         0         -nan%                0         -nan%
L1_SHADOW_STALLING_HIT_POS61                         0         -nan%                0         -nan%
L1_SHADOW_STALLING_HIT_POS62                         0         -nan%                0         -nan%
L1_SHADOW_STALLING_HIT_POS63                         0         -nan%                0         -nan%
L1_SHADOW_STALLING_HIT_POS64                         0         -nan%                0         -nan%
L1_SHADOW_STALLING_HIT_POS65                         0         -nan%                0         -nan%
L1_SHADOW_STALLING_HIT_POS66                         0         -nan%                0         -nan%
L1_SHADOW_STALLING_HIT_POS67                         0         -nan%                0         -nan%
L1_SHADOW_STALLING_HIT_POS68                         0         -nan%                0         -nan%
L1_SHADOW_STALLING_HIT_POS69                         0         -nan%                0         -nan%
L1_SHADOW_STALLING_HIT_POS70                         0         -nan%                0         -nan%
L1_SHADOW_STALLING_HIT_POS71                         0         -nan%                0         -nan%
L1_SHADOW_STALLING_HIT_POS72                         0         -nan%                0         -nan%
L1_SHADOW_STALLING_HIT_POS73                         0         -nan%                0         -nan%
L1_SHADOW_STALLING_HIT_POS74                         0         -nan%                0         -nan%
L1_SHADOW_STALLING_HIT_POS75                         0         -nan%                0         -nan%
L1_SHADOW_STALLING_HIT_POS76                         0         -nan%                0         -nan%
L1_SHADOW_STALLING_HIT_POS77                         0         -nan%                0         -nan%
L1_SHADOW_STALLING_HIT_POS78                         0         -nan%                0         -nan%
L1_SHADOW_STALLING_HIT_POS79                         0         -nan%                0         -nan%
L1_SHADOW_STALLING_HIT_POS80                         0         -nan%                0         -nan%
L1_SHADOW_STALLING_HIT_POS81                         0         -nan%                0         -nan%
L1_SHADOW_STALLING_HIT_POS82                         0         -nan%                0         -nan%
L1_SHADOW_STALLING_HIT_POS83                         0         -nan%                0         -nan%
L1_SHADOW_STALLING_HIT_POS84                         0         -nan%                0         -nan%
L1_SHADOW_STALLING_HIT_POS85                         0         -nan%                0         -nan%
L1_SHADOW_STALLING_HIT_POS86                         0         -nan%                0         -nan%
L1_SHADOW_STALLING_HIT_POS87                         0         -nan%                0         -nan%
L1_SHADOW_STALLING_HIT_POS88                         0         -nan%                0         -nan%
L1_SHADOW_STALLING_HIT_POS89                         0         -nan%                0         -nan%
L1_SHADOW_STALLING_HIT_POS90                         0         -nan%                0         -nan%
L1_SHADOW_STALLING_HIT_POS91                         0         -nan%                0         -nan%
L1_SHADOW_STALLING_HIT_POS92                         0         -nan%                0         -nan%
L1_SHADOW_STALLING_HIT_POS93                         0         -nan%                0         -nan%
L1_SHADOW_STALLING_HIT_POS94                         0         -nan%                0         -nan%
L1_SHADOW_STALLING_HIT_POS95                         0         -nan%                0         -nan%
L1_SHADOW_STALLING_HIT_POS96                         0         -nan%                0         -nan%
L1_SHADOW_STALLING_HIT_POS97                         0         -nan%                0         -nan%
L1_SHADOW_STALLING_HIT_POS98                         0         -nan%                0         -nan%
L1_SHADOW_STALLING_HIT_POS99                         0         -nan%                0         -nan%
L1_SHADOW_STALLING_HIT_POS100                        0         -nan%                0         -nan%
L1_SHADOW_STALLING_HIT_POS101                        0         -nan%                0         -nan%
L1_SHADOW_STALLING_HIT_POS102                        0         -nan%                0         -nan%
L1_SHADOW_STALLING_HIT_POS103                        0         -nan%                0         -nan%
L1_SHADOW_STALLING_HIT_POS104                        0         -nan%                0         -nan%
L1_SHADOW_STALLING_HIT_POS105                        0         -nan%                0         -nan%
L1_SHADOW_STALLING_HIT_POS106                        0         -nan%                0         -nan%
L1_SHADOW_STALLING_HIT_POS107                        0         -nan%                0         -nan%
L1_SHADOW_STALLING_HIT_POS108                        0         -nan%                0         -nan%
L1_SHADOW_STALLING_HIT_POS109                        0         -nan%                0         -nan%
L1_SHADOW_STALLING_HIT_POS110                        0         -nan%                0         -nan%
L1_SHADOW_STALLING_HIT_POS111                        0         -nan%                0         -nan%
L1_SHADOW_STALLING_HIT_POS112                        0         -nan%                0         -nan%
L1_SHADOW_STALLING_HIT_POS113                        0         -nan%                0         -nan%
L1_SHADOW_STALLING_HIT_POS114                        0         -nan%                0         -nan%
L1_SHADOW_STALLING_HIT_POS115                        0         -nan%                0         -nan%
L1_SHADOW_STALLING_HIT_POS116                        0         -nan%                0         -nan%
L1_SHADOW_STALLING_HIT_POS117                        0         -nan%                0         -nan%
L1_SHADOW_STALLING_HIT_POS118                        0         -nan%                0         -nan%
L1_SHADOW_STALLING_HIT_POS119                        0         -nan%                0         -nan%
L1_SHADOW_STALLING_HIT_POS120                        0         -nan%                0         -nan%
L1_SHADOW_STALLING_HIT_POS121                        0         -nan%                0         -nan%
L1_SHADOW_STALLING_HIT_POS122                        0         -nan%                0         -nan%
L1_SHADOW_STALLING_HIT_POS123                        0         -nan%                0         -nan%
L1_SHADOW_STALLING_HIT_POS124                        0         -nan%                0         -nan%
L1_SHADOW_STALLING_HIT_POS125                        0         -nan%                0         -nan%
L1_SHADOW_STALLING_HIT_POS126                        0         -nan%                0         -nan%
L1_SHADOW_STALLING_HIT_POS127                        0         -nan%                0         -nan%
                                                     0         -nan%                0         -nan%
                                                  -nan         -nan              -nan         -nan

L1_SHADOW_DEMAND_HIT_POS0                            0         -nan%                0         -nan%
L1_SHADOW_DEMAND_HIT_POS1                            0         -nan%                0         -nan%
L1_SHADOW_DEMAND_HIT_POS2                            0         -nan%                0         -nan%
L1_SHADOW_DEMAND_HIT_POS3                            0         -nan%                0         -nan%
L1_SHADOW_DEMAND_HIT_POS4                            0         -nan%                0         -nan%
L1_SHADOW_DEMAND_HIT_POS5                            0         -nan%                0         -nan%
L1_SHADOW_DEMAND_HIT_POS6                            0         -nan%                0         -nan%
L1_SHADOW_DEMAND_HIT_POS7                            0         -nan%                0         -nan%
L1_SHADOW_DEMAND_HIT_POS8                            0         -nan%                0         -nan%
L1_SHADOW_DEMAND_HIT_POS9                            0         -nan%                0         -nan%
L1_SHADOW_DEMAND_HIT_POS10                           0         -nan%                0         -nan%
L1_SHADOW_DEMAND_HIT_POS11                           0         -nan%                0         -nan%
L1_SHADOW_DEMAND_HIT_POS12                           0         -nan%                0         -nan%
L1_SHADOW_DEMAND_HIT_POS13                           0         -nan%                0         -nan%
L1_SHADOW_DEMAND_HIT_POS14                           0         -nan%                0         -nan%
L1_SHADOW_DEMAND_HIT_POS15                           0         -nan%                0         -nan%
L1_SHADOW_DEMAND_HIT_POS16                           0         -nan%                0         -nan%
L1_SHADOW_DEMAND_HIT_POS17                           0         -nan%                0         -nan%
L1_SHADOW_DEMAND_HIT_POS18                           0         -nan%                0         -nan%
L1_SHADOW_DEMAND_HIT_POS19                           0         -nan%                0         -nan%
L1_SHADOW_DEMAND_HIT_POS20                           0         -nan%                0         -nan%
L1_SHADOW_DEMAND_HIT_POS21                           0         -nan%                0         -nan%
L1_SHADOW_DEMAND_HIT_POS22                           0         -nan%                0         -nan%
L1_SHADOW_DEMAND_HIT_POS23                           0         -nan%                0         -nan%
L1_SHADOW_DEMAND_HIT_POS24                           0         -nan%                0         -nan%
L1_SHADOW_DEMAND_HIT_POS25                           0         -nan%                0         -nan%
L1_SHADOW_DEMAND_HIT_POS26                           0         -nan%                0         -nan%
L1_SHADOW_DEMAND_HIT_POS27                           0         -nan%                0         -nan%
L1_SHADOW_DEMAND_HIT_POS28                           0         -nan%                0         -nan%
L1_SHADOW_DEMAND_HIT_POS29                           0         -nan%                0         -nan%
L1_SHADOW_DEMAND_HIT_POS30                           0         -nan%                0         -nan%
L1_SHADOW_DEMAND_HIT_POS31                           0         -nan%                0         -nan%
L1_SHADOW_DEMAND_HIT_POS32                           0         -nan%                0         -nan%
L1_SHADOW_DEMAND_HIT_POS33                           0         -nan%                0         -nan%
L1_SHADOW_DEMAND_HIT_POS34                           0         -nan%                0         -nan%
L1_SHADOW_DEMAND_HIT_POS35                           0         -nan%                0         -nan%
L1_SHADOW_DEMAND_HIT_POS36                           0         -nan%                0         -nan%
L1_SHADOW_DEMAND_HIT_POS37                           0         -nan%                0         -nan%
L1_SHADOW_DEMAND_HIT_POS38                           0         -nan%                0         -nan%
L1_SHADOW_DEMAND_HIT_POS39                           0         -nan%                0         -nan%
L1_SHADOW_DEMAND_HIT_POS40                           0         -nan%                0         -nan%
L1_SHADOW_DEMAND_HIT_POS41                           0         -nan%                0         -nan%
L1_SHADOW_DEMAND_HIT_POS42                           0         -nan%                0         -nan%
L1_SHADOW_DEMAND_HIT_POS43                           0         -nan%                0         -nan%
L1_SHADOW_DEMAND_HIT_POS44                           0         -nan%                0         -nan%
L1_SHADOW_DEMAND_HIT_POS45                           0         -nan%                0         -nan%
L1_SHADOW_DEMAND_HIT_POS46                           0         -nan%                0         -nan%
L1_SHADOW_DEMAND_HIT_POS47                           0         -nan%                0         -nan%
L1_SHADOW_DEMAND_HIT_POS48                           0         -nan%                0         -nan%
L1_SHADOW_DEMAND_HIT_POS49                           0         -nan%                0         -nan%
L1_SHADOW_DEMAND_HIT_POS50                           0         -nan%                0         -nan%
L1_SHADOW_DEMAND_HIT_POS51                           0         -nan%                0         -nan%
L1_SHADOW_DEMAND_HIT_POS52                           0         -nan%                0         -nan%
L1_SHADOW_DEMAND_HIT_POS53                           0         -nan%                0         -nan%
L1_SHADOW_DEMAND_HIT_POS54                           0         -nan%                0         -nan%
L1_SHADOW_DEMAND_HIT_POS55                           0         -nan%                0         -nan%
L1_SHADOW_DEMAND_HIT_POS56                           0         -nan%                0         -nan%
L1_SHADOW_DEMAND_HIT_POS57                           0         -nan%                0         -nan%
L1_SHADOW_DEMAND_HIT_POS58                           0         -nan%                0         -nan%
L1_SHADOW_DEMAND_HIT_POS59                           0         -nan%                0         -nan%
L1_SHADOW_DEMAND_HIT_POS60                           0         -nan%                0         -nan%
L1_SHADOW_DEMAND_HIT_POS61                           0         -nan%                0         -nan%
L1_SHADOW_DEMAND_HIT_POS62                           0         -nan%                0         -nan%
L1_SHADOW_DEMAND_HIT_POS63                           0         -nan%                0         -nan%
L1_SHADOW_DEMAND_HIT_POS64                           0         -nan%                0         -nan%
L1_SHADOW_DEMAND_HIT_POS65                           0         -nan%                0         -nan%
L1_SHADOW_DEMAND_HIT_POS66                           0         -nan%                0         -nan%
L1_SHADOW_DEMAND_HIT_POS67                           0         -nan%                0         -nan%
L1_SHADOW_DEMAND_HIT_POS68                           0         -nan%                0         -nan%
L1_SHADOW_DEMAND_HIT_POS69                           0         -nan%                0         -nan%
L1_SHADOW_DEMAND_HIT_POS70                           0         -nan%                0         -nan%
L1_SHADOW_DEMAND_HIT_POS71                           0         -nan%                0         -nan%
L1_SHADOW_DEMAND_HIT_POS72                           0         -nan%                0         -nan%
L1_SHADOW_DEMAND_HIT_POS73                           0         -nan%                0         -nan%
L1_SHADOW_DEMAND_HIT_POS74                           0         -nan%                0         -nan%
L1_SHADOW_DEMAND_HIT_POS75                           0         -nan%                0         -nan%
L1_SHADOW_DEMAND_HIT_POS76                           0         -nan%                0         -nan%
L1_SHADOW_DEMAND_HIT_POS77                           0         -nan%                0         -nan%
L1_SHADOW_DEMAND_HIT_POS78                           0         -nan%                0         -nan%
L1_SHADOW_DEMAND_HIT_POS79                           0         -nan%                0         -nan%
L1_SHADOW_DEMAND_HIT_POS80                           0         -nan%                0         -nan%
L1_SHADOW_DEMAND_HIT_POS81                           0         -nan%                0         -nan%
L1_SHADOW_DEMAND_HIT_POS82                           0         -nan%                0         -nan%
L1_SHADOW_DEMAND_HIT_POS83                           0         -nan%                0         -nan%
L1_SHADOW_DEMAND_HIT_POS84                           0         -nan%                0         -nan%
L1_SHADOW_DEMAND_HIT_POS85                           0         -nan%                0         -nan%
L1_SHADOW_DEMAND_HIT_POS86                           0         -nan%                0         -nan%
L1_SHADOW_DEMAND_HIT_POS87                           0         -nan%                0         -nan%
L1_SHADOW_DEMAND_HIT_POS88                           0         -nan%                0         -nan%
L1_SHADOW_DEMAND_HIT_POS89                           0         -nan%                0         -nan%
L1_SHADOW_DEMAND_HIT_POS90                           0         -nan%                0         -nan%
L1_SHADOW_DEMAND_HIT_POS91                           0         -nan%                0         -nan%
L1_SHADOW_DEMAND_HIT_POS92                           0         -nan%                0         -nan%
L1_SHADOW_DEMAND_HIT_POS93                           0         -nan%                0         -nan%
L1_SHADOW_DEMAND_HIT_POS94                           0         -nan%                0         -nan%
L1_SHADOW_DEMAND_HIT_POS95                           0         -nan%                0         -nan%
L1_SHADOW_DEMAND_HIT_POS96                           0         -nan%                0         -nan%
L1_SHADOW_DEMAND_HIT_POS97                           0         -nan%                0         -nan%
L1_SHADOW_DEMAND_HIT_POS98                           0         -nan%                0         -nan%
L1_SHADOW_DEMAND_HIT_POS99                           0         -nan%                0         -nan%
L1_SHADOW_DEMAND_HIT_POS100                          0         -nan%                0         -nan%
L1_SHADOW_DEMAND_HIT_POS101                          0         -nan%                0         -nan%
L1_SHADOW_DEMAND_HIT_POS102                          0         -nan%                0         -nan%
L1_SHADOW_DEMAND_HIT_POS103                          0         -nan%                0         -nan%
L1_SHADOW_DEMAND_HIT_POS104                          0         -nan%                0         -nan%
L1_SHADOW_DEMAND_HIT_POS105                          0         -nan%                0         -nan%
L1_SHADOW_DEMAND_HIT_POS106                          0         -nan%                0         -nan%
L1_SHADOW_DEMAND_HIT_POS107                          0         -nan%                0         -nan%
L1_SHADOW_DEMAND_HIT_POS108                          0         -nan%                0         -nan%
L1_SHADOW_DEMAND_HIT_POS109                          0         -nan%                0         -nan%
L1_SHADOW_DEMAND_HIT_POS110                          0         -nan%                0         -nan%
L1_SHADOW_DEMAND_HIT_POS111                          0         -nan%                0         -nan%
L1_SHADOW_DEMAND_HIT_POS112                          0         -nan%                0         -nan%
L1_SHADOW_DEMAND_HIT_POS113                          0         -nan%                0         -nan%
L1_SHADOW_DEMAND_HIT_POS114                          0         -nan%                0         -nan%
L1_SHADOW_DEMAND_HIT_POS115                          0         -nan%                0         -nan%
L1_SHADOW_DEMAND_HIT_POS116                          0         -nan%                0         -nan%
L1_SHADOW_DEMAND_HIT_POS117                          0         -nan%                0         -nan%
L1_SHADOW_DEMAND_HIT_POS118                          0         -nan%                0         -nan%
L1_SHADOW_DEMAND_HIT_POS119                          0         -nan%                0         -nan%
L1_SHADOW_DEMAND_HIT_POS120                          0         -nan%                0         -nan%
L1_SHADOW_DEMAND_HIT_POS121                          0         -nan%                0         -nan%
L1_SHADOW_DEMAND_HIT_POS122                          0         -nan%                0         -nan%
L1_SHADOW_DEMAND_HIT_POS123                          0         -nan%                0         -nan%
L1_SHADOW_DEMAND_HIT_POS124                          0         -nan%                0         -nan%
L1_SHADOW_DEMAND_HIT_POS125                          0         -nan%                0         -nan%
L1_SHADOW_DEMAND_HIT_POS126                          0         -nan%                0         -nan%
L1_SHADOW_DEMAND_HIT_POS127                          0         -nan%                0         -nan%
                                                     0         -nan%                0         -nan%
                                                  -nan         -nan              -nan         -nan

CORE_PREF_MLC_SENT                                   0                              0              

CORE_PREF_MLC_USED                              565509       99.997%           565509       99.997%
CORE_PREF_MLC_PARTIAL_USED                          19        0.003%               19        0.003%
CORE_PREF_MLC_NOT_USED                               0        0.000%                0        0.000%
CORE_PREF_MLC_DROPPED                                0        0.000%                0        0.000%
                                                565528      100.000%           565528      100.000%
                                                  0.00         0.01              0.00         0.01

CORE_PREF_L1_SENT                                  547                            547              

CORE_PREF_L1_USED                                  307       49.199%              307       49.199%
CORE_PREF_L1_PARTIAL_USED                            2        0.321%                2        0.321%
CORE_PREF_L1_NOT_USED                              315       50.481%              315       50.481%
CORE_PREF_L1_DROPPED                                 0        0.000%                0        0.000%
                                                   624      100.000%              624      100.000%
                                                  1.01         0.70              1.01         0.70

TOTAL_MEM_LATENCY                            573365807     6145.2023        573365807     6145.2023

TOTAL_MEM_LATENCY_DEMAND                     556749659     6002.3035        556749659     6002.3035

TOTAL_MEM_LATENCY_PREF                        16616148    30376.8702         16616148    30376.8702

CORE_MEM_LATENCY                             573365807     6145.2023        573365807     6145.2023

CORE_MEM_LATENCY_DEMAND                      556749659     6002.3035        556749659     6002.3035

CORE_MEM_LATENCY_PREF                         16616148    30376.8702         16616148    30376.8702

CORE_MEM_LATENCY_IFETCH                         193221        1.130%           193221        1.130%
CORE_MEM_LATENCY_DFETCH                         185338        1.084%           185338        1.084%
CORE_MEM_LATENCY_DSTORE                         106799        0.625%           106799        0.625%
CORE_MEM_LATENCY_IPRF                                0        0.000%                0        0.000%
CORE_MEM_LATENCY_UOCPRF                              0        0.000%                0        0.000%
CORE_MEM_LATENCY_FDIPPRF                        518046        3.029%           518046        3.029%
CORE_MEM_LATENCY_DPRF                         16023956       93.702%         16023956       93.702%
CORE_MEM_LATENCY_WB                              73594        0.430%            73594        0.430%
CORE_MEM_LATENCY_WB_NODIRTY                          0        0.000%                0        0.000%
                                              17100954      100.000%         17100954      100.000%
                                                  5.83         0.63              5.83         0.63

CORE_MEM_STALLING_LATENCY_IFETCH                     0         -nan%                0         -nan%
CORE_MEM_STALLING_LATENCY_DFETCH                     0         -nan%                0         -nan%
CORE_MEM_STALLING_LATENCY_DSTORE                     0         -nan%                0         -nan%
CORE_MEM_STALLING_LATENCY_IPRF                       0         -nan%                0         -nan%
CORE_MEM_STALLING_LATENCY_DPRF                       0         -nan%                0         -nan%
CORE_MEM_STALLING_LATENCY_WB                         0         -nan%                0         -nan%
CORE_MEM_STALLING_LATENCY_WB_NODIRTY                 0         -nan%                0         -nan%
                                                     0         -nan%                0         -nan%
                                                  -nan         -nan              -nan         -nan

TOTAL_L1_MISS_LATENCY                         17100954      183.2841         17100954      183.2841

TOTAL_L1_MISS_LATENCY_DEMAND                  17027173      183.5695         17027173      183.5695

TOTAL_L1_MISS_LATENCY_PREF                       73781      134.8830            73781      134.8830

CORE_L1_MISS_LATENCY                          17100954      183.2841         17100954      183.2841

CORE_L1_MISS_LATENCY_DEMAND                   17027173      183.5695         17027173      183.5695

CORE_L1_MISS_LATENCY_PREF                        73781      134.8830            73781      134.8830

CORE_EVICTED_L1_DEMAND                           66958       99.818%            66958       99.818%
CORE_EVICTED_L1_PREF_USED                           45        0.067%               45        0.067%
CORE_EVICTED_L1_PREF_NOT_USED                       77        0.115%               77        0.115%
                                                 67080      100.000%            67080      100.000%
                                                  0.00         0.07              0.00         0.07

CORE_EVICTED_MLC_DEMAND                         992742        7.369%           992742        7.369%
CORE_EVICTED_MLC_PREF_USED                      564731        4.192%           564731        4.192%
CORE_EVICTED_MLC_PREF_NOT_USED                11914604       88.439%         11914604       88.439%
                                              13472077      100.000%         13472077      100.000%
                                                  1.81         1.72              1.81         1.72

CORE_MEM_LATENCY_AVE_DEMAND                   39798565      594.3810         39798565      594.3810

CORE_MEM_LATENCY_AVE_PREF_USED                23720354   527118.9778         23720354   527118.9778

CORE_MEM_LATENCY_AVE_PREF_NOT_USED           500503108  6500040.3636        500503108  6500040.3636

DRAM_LATENCY                                         0                              0              

TOTAL_DRAM_LATENCY                                   0                              0              

DRAM_CLOSED_PAGE_POLICY_CMD                          0                              0              

DRAM_ACTIVATE_STALLING                               0                              0              

DRAM_PRECHARGE_STALLING                              0                              0              

DRAM_PRECHARGE_STALLING_WAIT_CYCLES                  0                              0              

L1_STAY_DEMAND                             49814633916   743968.3670      49814633916   743968.3670

L1_STAY_PREF_USED                            112182209  2492937.9778        112182209  2492937.9778

L1_STAY_PREF_NOT_USED                         19516753   253464.3247         19516753   253464.3247

TOTAL_DATA_MISS_LATENCY                       13957246                       13957246              

TOTAL_DATA_MISS_COUNT                           356501                         356501              

CORE_PREF_L1_NOT_USED_LATENCY200                    77      100.000%               77      100.000%
CORE_PREF_L1_NOT_USED_LATENCY400                     0        0.000%                0        0.000%
CORE_PREF_L1_NOT_USED_LATENCY600                     0        0.000%                0        0.000%
CORE_PREF_L1_NOT_USED_LATENCY800                     0        0.000%                0        0.000%
CORE_PREF_L1_NOT_USED_LATENCY1000                    0        0.000%                0        0.000%
CORE_PREF_L1_NOT_USED_LATENCY1200                    0        0.000%                0        0.000%
CORE_PREF_L1_NOT_USED_LATENCY1400                    0        0.000%                0        0.000%
CORE_PREF_L1_NOT_USED_LATENCY1600                    0        0.000%                0        0.000%
CORE_PREF_L1_NOT_USED_LATENCY1600MORE                0        0.000%                0        0.000%
                                                    77      100.000%               77      100.000%
                                                  0.00         0.00              0.00         0.00

CORE_PREF_L1_NOT_USED_DISTANCE_1                     0        0.000%                0        0.000%
CORE_PREF_L1_NOT_USED_DISTANCE_2                     0        0.000%                0        0.000%
CORE_PREF_L1_NOT_USED_DISTANCE_4                     0        0.000%                0        0.000%
CORE_PREF_L1_NOT_USED_DISTANCE_8                     1        1.299%                1        1.299%
CORE_PREF_L1_NOT_USED_DISTANCE_16                   15       19.481%               15       19.481%
CORE_PREF_L1_NOT_USED_DISTANCE_32                   61       79.221%               61       79.221%
CORE_PREF_L1_NOT_USED_DISTANCE_MORE                  0        0.000%                0        0.000%
                                                    77      100.000%               77      100.000%
                                                  4.78         0.45              4.78         0.45

CORE_PREF_L1_USED_LATENCY200                        44       97.778%               44       97.778%
CORE_PREF_L1_USED_LATENCY400                         0        0.000%                0        0.000%
CORE_PREF_L1_USED_LATENCY600                         0        0.000%                0        0.000%
CORE_PREF_L1_USED_LATENCY800                         1        2.222%                1        2.222%
CORE_PREF_L1_USED_LATENCY1000                        0        0.000%                0        0.000%
CORE_PREF_L1_USED_LATENCY1200                        0        0.000%                0        0.000%
CORE_PREF_L1_USED_LATENCY1400                        0        0.000%                0        0.000%
CORE_PREF_L1_USED_LATENCY1600                        0        0.000%                0        0.000%
CORE_PREF_L1_USED_LATENCY1600MORE                    0        0.000%                0        0.000%
                                                    45      100.000%               45      100.000%
                                                  0.07         0.44              0.07         0.44

CORE_PREF_L1_USED_DISTANCE_1                         0        0.000%                0        0.000%
CORE_PREF_L1_USED_DISTANCE_2                         0        0.000%                0        0.000%
CORE_PREF_L1_USED_DISTANCE_4                         0        0.000%                0        0.000%
CORE_PREF_L1_USED_DISTANCE_8                         1        2.222%                1        2.222%
CORE_PREF_L1_USED_DISTANCE_16                       10       22.222%               10       22.222%
CORE_PREF_L1_USED_DISTANCE_32                       34       75.556%               34       75.556%
CORE_PREF_L1_USED_DISTANCE_MORE                      0        0.000%                0        0.000%
                                                    45      100.000%               45      100.000%
                                                  4.73         0.50              4.73         0.50

CORE_PREF_L1_DEMAND_LATENCY300                   64031       95.629%            64031       95.629%
CORE_PREF_L1_DEMAND_LATENCY400                     529        0.790%              529        0.790%
CORE_PREF_L1_DEMAND_LATENCY500                     316        0.472%              316        0.472%
CORE_PREF_L1_DEMAND_LATENCY600                     247        0.369%              247        0.369%
CORE_PREF_L1_DEMAND_LATENCY700                     245        0.366%              245        0.366%
CORE_PREF_L1_DEMAND_LATENCY800                     155        0.231%              155        0.231%
CORE_PREF_L1_DEMAND_LATENCY900                     146        0.218%              146        0.218%
CORE_PREF_L1_DEMAND_LATENCY1000                    222        0.332%              222        0.332%
CORE_PREF_L1_DEMAND_LATENCY1000MORE               1067        1.594%             1067        1.594%
                                                 66958      100.000%            66958      100.000%
                                                  0.22         1.16              0.22         1.16

CORE_PREF_MLC_NOT_USED_LATENCY200             11889065       99.786%         11889065       99.786%
CORE_PREF_MLC_NOT_USED_LATENCY400                14960        0.126%            14960        0.126%
CORE_PREF_MLC_NOT_USED_LATENCY600                 6807        0.057%             6807        0.057%
CORE_PREF_MLC_NOT_USED_LATENCY800                 1828        0.015%             1828        0.015%
CORE_PREF_MLC_NOT_USED_LATENCY1000                 377        0.003%              377        0.003%
CORE_PREF_MLC_NOT_USED_LATENCY1200                 492        0.004%              492        0.004%
CORE_PREF_MLC_NOT_USED_LATENCY1400                 571        0.005%              571        0.005%
CORE_PREF_MLC_NOT_USED_LATENCY1600                 263        0.002%              263        0.002%
CORE_PREF_MLC_NOT_USED_LATENCY1600MORE             241        0.002%              241        0.002%
                                              11914604      100.000%         11914604      100.000%
                                                  0.00         0.10              0.00         0.10

CORE_PREF_MLC_USED_LATENCY200                   563313       99.749%           563313       99.749%
CORE_PREF_MLC_USED_LATENCY400                      813        0.144%              813        0.144%
CORE_PREF_MLC_USED_LATENCY600                      413        0.073%              413        0.073%
CORE_PREF_MLC_USED_LATENCY800                      124        0.022%              124        0.022%
CORE_PREF_MLC_USED_LATENCY1000                      18        0.003%               18        0.003%
CORE_PREF_MLC_USED_LATENCY1200                      11        0.002%               11        0.002%
CORE_PREF_MLC_USED_LATENCY1400                      18        0.003%               18        0.003%
CORE_PREF_MLC_USED_LATENCY1600                      14        0.002%               14        0.002%
CORE_PREF_MLC_USED_LATENCY1600MORE                   7        0.001%                7        0.001%
                                                564731      100.000%           564731      100.000%
                                                  0.00         0.10              0.00         0.10

CORE_PREF_MLC_DEMAND_LATENCY300                 992095       99.935%           992095       99.935%
CORE_PREF_MLC_DEMAND_LATENCY400                    230        0.023%              230        0.023%
CORE_PREF_MLC_DEMAND_LATENCY500                    170        0.017%              170        0.017%
CORE_PREF_MLC_DEMAND_LATENCY600                     73        0.007%               73        0.007%
CORE_PREF_MLC_DEMAND_LATENCY700                     65        0.007%               65        0.007%
CORE_PREF_MLC_DEMAND_LATENCY800                     25        0.003%               25        0.003%
CORE_PREF_MLC_DEMAND_LATENCY900                     26        0.003%               26        0.003%
CORE_PREF_MLC_DEMAND_LATENCY1000                    13        0.001%               13        0.001%
CORE_PREF_MLC_DEMAND_LATENCY1000MORE                45        0.005%               45        0.005%
                                                992742      100.000%           992742      100.000%
                                                  0.00         0.09              0.00         0.09

TOTAL_BATCH_FORMED                                   0                              0              

TOTAL_BATCH_MEM_REQ_MARKED                           0          -nan                0          -nan

CORE_BATCH_MEM_REQ_MARKED                            0          -nan                0          -nan

CORE_BATCH_MEM_REQ_MARKED_DEMAND                     0          -nan                0          -nan

CORE_BATCH_MEM_REQ_MARKED_PREF                       0          -nan                0          -nan

DRAM_ROW_BATCHES                                     0                              0              

REJECTED_QUEUE_MLC                                   0                              0              

REJECTED_QUEUE_L1                                 1764                           1764              

REJECTED_QUEUE_BUS_OUT                               0                              0              

LEADING_LOAD_LATENCY                                 0        0.0000                0        0.0000

LEADING_LOADS                                        0        0.0000                0        0.0000

MEM_REQ_CRITICAL_PATH_LENGTH                         0        0.0000                0        0.0000

TOTAL_MEM_REQ_LATENCY                                0                              0              

TOTAL_CRITICAL_MEM_REQ_LATENCY                       0          -nan                0          -nan

TOTAL_CRITICAL_BANK_LATENCY                          0          -nan                0          -nan

TOTAL_MEMORY_SLACK                                   0        0.0000                0        0.0000

TOTAL_CHIP_UTILIZATION                               0        0.0000                0        0.0000

CHIP_BUSY_UNDER_CRITICAL_REQS                        0        0.0000                0        0.0000

PERF_PRED_NUM_STAT_RESETS                            0                              0              

PERF_PRED_RESET_STATS_CYCLE                          0                              0              

PERF_PRED_CYCLE                               85787925                       85787925              

ESTIMATED_ALONE_CYCLES                               0        0.0000                0        0.0000

NUM_WINDOWS_WITH_DCACHE_MISS                    283501                         283501              

LONGEST_DCACHE_MISS_CHAIN                      1954319                        1954319              

NUM_DCACHE_MISSES_IN_WINDOW_1                      983        0.347%              983        0.347%
NUM_DCACHE_MISSES_IN_WINDOW_2                     2787        0.983%             2787        0.983%
NUM_DCACHE_MISSES_IN_WINDOW_3                     5335        1.882%             5335        1.882%
NUM_DCACHE_MISSES_IN_WINDOW_4                     8709        3.072%             8709        3.072%
NUM_DCACHE_MISSES_IN_WINDOW_5                    11103        3.916%            11103        3.916%
NUM_DCACHE_MISSES_IN_WINDOW_6                    13128        4.631%            13128        4.631%
NUM_DCACHE_MISSES_IN_WINDOW_7                    14009        4.941%            14009        4.941%
NUM_DCACHE_MISSES_IN_WINDOW_8                    13850        4.885%            13850        4.885%
NUM_DCACHE_MISSES_IN_WINDOW_9                    13899        4.903%            13899        4.903%
NUM_DCACHE_MISSES_IN_WINDOW_10                   13473        4.752%            13473        4.752%
NUM_DCACHE_MISSES_IN_WINDOW_11                   13052        4.604%            13052        4.604%
NUM_DCACHE_MISSES_IN_WINDOW_12                   13240        4.670%            13240        4.670%
NUM_DCACHE_MISSES_IN_WINDOW_13                   13746        4.849%            13746        4.849%
NUM_DCACHE_MISSES_IN_WINDOW_14                   14367        5.068%            14367        5.068%
NUM_DCACHE_MISSES_IN_WINDOW_15                   14626        5.159%            14626        5.159%
NUM_DCACHE_MISSES_IN_WINDOW_16_OR_MORE          117194       41.338%           117194       41.338%
                                                283501      100.000%           283501      100.000%
                                                 11.12         8.32             11.12         8.32

DCACHE_MLP_IN_WINDOW_1_0                          9134        3.222%             9134        3.222%
DCACHE_MLP_IN_WINDOW_1_5                         79430       28.018%            79430       28.018%
DCACHE_MLP_IN_WINDOW_2_0                         87720       30.942%            87720       30.942%
DCACHE_MLP_IN_WINDOW_2_5                         46963       16.565%            46963       16.565%
DCACHE_MLP_IN_WINDOW_3_0                         25162        8.875%            25162        8.875%
DCACHE_MLP_IN_WINDOW_3_5                         16172        5.704%            16172        5.704%
DCACHE_MLP_IN_WINDOW_4_0                          8296        2.926%             8296        2.926%
DCACHE_MLP_IN_WINDOW_4_5                          5142        1.814%             5142        1.814%
DCACHE_MLP_IN_WINDOW_5_0                          2512        0.886%             2512        0.886%
DCACHE_MLP_IN_WINDOW_5_5                          1413        0.498%             1413        0.498%
DCACHE_MLP_IN_WINDOW_6_0                           702        0.248%              702        0.248%
DCACHE_MLP_IN_WINDOW_6_5                           391        0.138%              391        0.138%
DCACHE_MLP_IN_WINDOW_7_0                           240        0.085%              240        0.085%
DCACHE_MLP_IN_WINDOW_7_5                           103        0.036%              103        0.036%
DCACHE_MLP_IN_WINDOW_8_0                            70        0.025%               70        0.025%
DCACHE_MLP_IN_WINDOW_8_5_OR_MORE                    51        0.018%               51        0.018%
                                                283501      100.000%           283501      100.000%
                                                  2.52         1.71              2.52         1.71

PARAM_CHIP_CYCLE_TIME                                0                              0              

PARAM_CORE_CYCLE_TIME                           312500                         312500              

PARAM_L1_CYCLE_TIME                             312500                         312500              

PARAM_MEMORY_CYCLE_TIME                         833333                         833333              

MEM_REQ_NON_SCHEDULED__0                             0         -nan%                0         -nan%
MEM_REQ_NON_SCHEDULED__4                             0         -nan%                0         -nan%
MEM_REQ_NON_SCHEDULED__8                             0         -nan%                0         -nan%
MEM_REQ_NON_SCHEDULED_12                             0         -nan%                0         -nan%
MEM_REQ_NON_SCHEDULED_16                             0         -nan%                0         -nan%
MEM_REQ_NON_SCHEDULED_20                             0         -nan%                0         -nan%
MEM_REQ_NON_SCHEDULED_24                             0         -nan%                0         -nan%
MEM_REQ_NON_SCHEDULED_28                             0         -nan%                0         -nan%
MEM_REQ_NON_SCHEDULED_32                             0         -nan%                0         -nan%
MEM_REQ_NON_SCHEDULED_36                             0         -nan%                0         -nan%
MEM_REQ_NON_SCHEDULED_40                             0         -nan%                0         -nan%
MEM_REQ_NON_SCHEDULED_44                             0         -nan%                0         -nan%
MEM_REQ_NON_SCHEDULED_48                             0         -nan%                0         -nan%
MEM_REQ_NON_SCHEDULED_52                             0         -nan%                0         -nan%
MEM_REQ_NON_SCHEDULED_56                             0         -nan%                0         -nan%
MEM_REQ_NON_SCHEDULED_60                             0         -nan%                0         -nan%
MEM_REQ_NON_SCHEDULED_64                             0         -nan%                0         -nan%
                                                     0         -nan%                0         -nan%
                                                  -nan         -nan              -nan         -nan

MEM_REQ_DEMANDS__0                            78665705       91.698%         78665705       91.698%
MEM_REQ_DEMANDS__4                             6637642        7.737%          6637642        7.737%
MEM_REQ_DEMANDS__8                              466479        0.544%           466479        0.544%
MEM_REQ_DEMANDS_12                               15191        0.018%            15191        0.018%
MEM_REQ_DEMANDS_16                                1418        0.002%             1418        0.002%
MEM_REQ_DEMANDS_20                                 651        0.001%              651        0.001%
MEM_REQ_DEMANDS_24                                 183        0.000%              183        0.000%
MEM_REQ_DEMANDS_28                                 656        0.001%              656        0.001%
MEM_REQ_DEMANDS_32                                   0        0.000%                0        0.000%
MEM_REQ_DEMANDS_36                                   0        0.000%                0        0.000%
MEM_REQ_DEMANDS_40                                   0        0.000%                0        0.000%
MEM_REQ_DEMANDS_44                                   0        0.000%                0        0.000%
MEM_REQ_DEMANDS_48                                   0        0.000%                0        0.000%
MEM_REQ_DEMANDS_52                                   0        0.000%                0        0.000%
MEM_REQ_DEMANDS_56                                   0        0.000%                0        0.000%
MEM_REQ_DEMANDS_60                                   0        0.000%                0        0.000%
MEM_REQ_DEMANDS_64                                   0        0.000%                0        0.000%
                                              85787925      100.000%         85787925      100.000%
                                                  0.09         0.29              0.09         0.29

MEM_REQ_PREFS__0                              33739772       39.329%         33739772       39.329%
MEM_REQ_PREFS__4                              12455993       14.520%         12455993       14.520%
MEM_REQ_PREFS__8                              12922435       15.063%         12922435       15.063%
MEM_REQ_PREFS_12                               9126925       10.639%          9126925       10.639%
MEM_REQ_PREFS_16                               5825667        6.791%          5825667        6.791%
MEM_REQ_PREFS_20                               4165586        4.856%          4165586        4.856%
MEM_REQ_PREFS_24                               7012305        8.174%          7012305        8.174%
MEM_REQ_PREFS_28                                539242        0.629%           539242        0.629%
MEM_REQ_PREFS_32                                     0        0.000%                0        0.000%
MEM_REQ_PREFS_36                                     0        0.000%                0        0.000%
MEM_REQ_PREFS_40                                     0        0.000%                0        0.000%
MEM_REQ_PREFS_44                                     0        0.000%                0        0.000%
MEM_REQ_PREFS_48                                     0        0.000%                0        0.000%
MEM_REQ_PREFS_52                                     0        0.000%                0        0.000%
MEM_REQ_PREFS_56                                     0        0.000%                0        0.000%
MEM_REQ_PREFS_60                                     0        0.000%                0        0.000%
MEM_REQ_PREFS_64                                     0        0.000%                0        0.000%
                                              85787925      100.000%         85787925      100.000%
                                                  1.81         1.63              1.81         1.63

MEM_REQ_WRITEBACKS__0                         83264167       97.058%         83264167       97.058%
MEM_REQ_WRITEBACKS__4                          2466615        2.875%          2466615        2.875%
MEM_REQ_WRITEBACKS__8                            55531        0.065%            55531        0.065%
MEM_REQ_WRITEBACKS_12                             1579        0.002%             1579        0.002%
MEM_REQ_WRITEBACKS_16                               33        0.000%               33        0.000%
MEM_REQ_WRITEBACKS_20                                0        0.000%                0        0.000%
MEM_REQ_WRITEBACKS_24                                0        0.000%                0        0.000%
MEM_REQ_WRITEBACKS_28                                0        0.000%                0        0.000%
MEM_REQ_WRITEBACKS_32                                0        0.000%                0        0.000%
MEM_REQ_WRITEBACKS_36                                0        0.000%                0        0.000%
MEM_REQ_WRITEBACKS_40                                0        0.000%                0        0.000%
MEM_REQ_WRITEBACKS_44                                0        0.000%                0        0.000%
MEM_REQ_WRITEBACKS_48                                0        0.000%                0        0.000%
MEM_REQ_WRITEBACKS_52                                0        0.000%                0        0.000%
MEM_REQ_WRITEBACKS_56                                0        0.000%                0        0.000%
MEM_REQ_WRITEBACKS_60                                0        0.000%                0        0.000%
MEM_REQ_WRITEBACKS_64                                0        0.000%                0        0.000%
                                              85787925      100.000%         85787925      100.000%
                                                  0.03         0.17              0.03         0.17

MEM_REQ_DEMAND_CYCLES                        115554390                      115554390              

MEM_REQ_PREF_CYCLES                          728102859                      728102859              

MEM_REQ_WB_CYCLES                             60068601                       60068601              

DRAM_CHANNEL_REQS                                    0                              0              

DRAM_CHANNEL_CRIT_REQS                               0                              0              

DRAM_CHANNEL_CRIT_DIR_SWITCHES                       0                              0              

DRAM_BANK_CRIT_REQS                                  0                              0              

DRAM_INSTA_MLP_SAMPLES                               0                              0              

DRAM_INSTA_MLP_UNIQUE_REQS                           0          -nan                0          -nan

DRAM_INST_MLP_HITS_NORM_SPREAD_TIMES_1000             0          -nan                0          -nan

DRAM_GLOBAL_MLP                                      0          -nan                0          -nan

DRAM_GLOBAL_MLP_0                                    0         -nan%                0         -nan%
DRAM_GLOBAL_MLP_1                                    0         -nan%                0         -nan%
DRAM_GLOBAL_MLP_2                                    0         -nan%                0         -nan%
DRAM_GLOBAL_MLP_3                                    0         -nan%                0         -nan%
DRAM_GLOBAL_MLP_4                                    0         -nan%                0         -nan%
DRAM_GLOBAL_MLP_5                                    0         -nan%                0         -nan%
DRAM_GLOBAL_MLP_6                                    0         -nan%                0         -nan%
DRAM_GLOBAL_MLP_7                                    0         -nan%                0         -nan%
DRAM_GLOBAL_MLP_8                                    0         -nan%                0         -nan%
DRAM_GLOBAL_MLP_9                                    0         -nan%                0         -nan%
DRAM_GLOBAL_MLP_10                                   0         -nan%                0         -nan%
DRAM_GLOBAL_MLP_11                                   0         -nan%                0         -nan%
DRAM_GLOBAL_MLP_12                                   0         -nan%                0         -nan%
DRAM_GLOBAL_MLP_13                                   0         -nan%                0         -nan%
DRAM_GLOBAL_MLP_14                                   0         -nan%                0         -nan%
DRAM_GLOBAL_MLP_15                                   0         -nan%                0         -nan%
DRAM_GLOBAL_MLP_16                                   0         -nan%                0         -nan%
                                                     0         -nan%                0         -nan%
                                                  -nan         -nan              -nan         -nan

DRAM_TOTAL_GLOBAL_MLP_0                              0         -nan%                0         -nan%
DRAM_TOTAL_GLOBAL_MLP_1                              0         -nan%                0         -nan%
DRAM_TOTAL_GLOBAL_MLP_2                              0         -nan%                0         -nan%
DRAM_TOTAL_GLOBAL_MLP_3                              0         -nan%                0         -nan%
DRAM_TOTAL_GLOBAL_MLP_4                              0         -nan%                0         -nan%
DRAM_TOTAL_GLOBAL_MLP_5                              0         -nan%                0         -nan%
DRAM_TOTAL_GLOBAL_MLP_6                              0         -nan%                0         -nan%
DRAM_TOTAL_GLOBAL_MLP_7                              0         -nan%                0         -nan%
DRAM_TOTAL_GLOBAL_MLP_8                              0         -nan%                0         -nan%
DRAM_TOTAL_GLOBAL_MLP_9                              0         -nan%                0         -nan%
DRAM_TOTAL_GLOBAL_MLP_10                             0         -nan%                0         -nan%
DRAM_TOTAL_GLOBAL_MLP_11                             0         -nan%                0         -nan%
DRAM_TOTAL_GLOBAL_MLP_12                             0         -nan%                0         -nan%
DRAM_TOTAL_GLOBAL_MLP_13                             0         -nan%                0         -nan%
DRAM_TOTAL_GLOBAL_MLP_14                             0         -nan%                0         -nan%
DRAM_TOTAL_GLOBAL_MLP_15                             0         -nan%                0         -nan%
DRAM_TOTAL_GLOBAL_MLP_16                             0         -nan%                0         -nan%
DRAM_TOTAL_GLOBAL_MLP_17                             0         -nan%                0         -nan%
DRAM_TOTAL_GLOBAL_MLP_18                             0         -nan%                0         -nan%
DRAM_TOTAL_GLOBAL_MLP_19                             0         -nan%                0         -nan%
DRAM_TOTAL_GLOBAL_MLP_20                             0         -nan%                0         -nan%
DRAM_TOTAL_GLOBAL_MLP_21                             0         -nan%                0         -nan%
DRAM_TOTAL_GLOBAL_MLP_22                             0         -nan%                0         -nan%
DRAM_TOTAL_GLOBAL_MLP_23                             0         -nan%                0         -nan%
DRAM_TOTAL_GLOBAL_MLP_24                             0         -nan%                0         -nan%
DRAM_TOTAL_GLOBAL_MLP_25                             0         -nan%                0         -nan%
DRAM_TOTAL_GLOBAL_MLP_26                             0         -nan%                0         -nan%
DRAM_TOTAL_GLOBAL_MLP_27                             0         -nan%                0         -nan%
DRAM_TOTAL_GLOBAL_MLP_28                             0         -nan%                0         -nan%
DRAM_TOTAL_GLOBAL_MLP_29                             0         -nan%                0         -nan%
DRAM_TOTAL_GLOBAL_MLP_30                             0         -nan%                0         -nan%
DRAM_TOTAL_GLOBAL_MLP_31                             0         -nan%                0         -nan%
DRAM_TOTAL_GLOBAL_MLP_32                             0         -nan%                0         -nan%
                                                     0         -nan%                0         -nan%
                                                  -nan         -nan              -nan         -nan

UNIQUE_ROWS_PER_BANK_0                               0         -nan%                0         -nan%
UNIQUE_ROWS_PER_BANK_1                               0         -nan%                0         -nan%
UNIQUE_ROWS_PER_BANK_2                               0         -nan%                0         -nan%
UNIQUE_ROWS_PER_BANK_3                               0         -nan%                0         -nan%
UNIQUE_ROWS_PER_BANK_4                               0         -nan%                0         -nan%
UNIQUE_ROWS_PER_BANK_5                               0         -nan%                0         -nan%
UNIQUE_ROWS_PER_BANK_6                               0         -nan%                0         -nan%
UNIQUE_ROWS_PER_BANK_7                               0         -nan%                0         -nan%
UNIQUE_ROWS_PER_BANK_MORE                            0         -nan%                0         -nan%
                                                     0         -nan%                0         -nan%
                                                  -nan         -nan              -nan         -nan

CORE_UNIQUE_ROWS_PER_BANK_0                          0         -nan%                0         -nan%
CORE_UNIQUE_ROWS_PER_BANK_1                          0         -nan%                0         -nan%
CORE_UNIQUE_ROWS_PER_BANK_2                          0         -nan%                0         -nan%
CORE_UNIQUE_ROWS_PER_BANK_3                          0         -nan%                0         -nan%
CORE_UNIQUE_ROWS_PER_BANK_4                          0         -nan%                0         -nan%
CORE_UNIQUE_ROWS_PER_BANK_5                          0         -nan%                0         -nan%
CORE_UNIQUE_ROWS_PER_BANK_6                          0         -nan%                0         -nan%
CORE_UNIQUE_ROWS_PER_BANK_7                          0         -nan%                0         -nan%
CORE_UNIQUE_ROWS_PER_BANK_MORE                       0         -nan%                0         -nan%
                                                     0         -nan%                0         -nan%
                                                  -nan         -nan              -nan         -nan

CORES_PER_BANK_0                                     0         -nan%                0         -nan%
CORES_PER_BANK_1                                     0         -nan%                0         -nan%
CORES_PER_BANK_2                                     0         -nan%                0         -nan%
CORES_PER_BANK_3                                     0         -nan%                0         -nan%
CORES_PER_BANK_4                                     0         -nan%                0         -nan%
CORES_PER_BANK_5                                     0         -nan%                0         -nan%
CORES_PER_BANK_6                                     0         -nan%                0         -nan%
CORES_PER_BANK_7                                     0         -nan%                0         -nan%
CORES_PER_BANK_MORE                                  0         -nan%                0         -nan%
                                                     0         -nan%                0         -nan%
                                                  -nan         -nan              -nan         -nan

MEM_BANKS_WITH_REQS_0                                0         -nan%                0         -nan%
MEM_BANKS_WITH_REQS_1                                0         -nan%                0         -nan%
MEM_BANKS_WITH_REQS_2                                0         -nan%                0         -nan%
MEM_BANKS_WITH_REQS_3                                0         -nan%                0         -nan%
MEM_BANKS_WITH_REQS_4                                0         -nan%                0         -nan%
MEM_BANKS_WITH_REQS_5                                0         -nan%                0         -nan%
MEM_BANKS_WITH_REQS_6                                0         -nan%                0         -nan%
MEM_BANKS_WITH_REQS_7                                0         -nan%                0         -nan%
MEM_BANKS_WITH_REQS_8                                0         -nan%                0         -nan%
MEM_BANKS_WITH_REQS_9                                0         -nan%                0         -nan%
MEM_BANKS_WITH_REQS_10                               0         -nan%                0         -nan%
MEM_BANKS_WITH_REQS_11                               0         -nan%                0         -nan%
MEM_BANKS_WITH_REQS_12                               0         -nan%                0         -nan%
MEM_BANKS_WITH_REQS_13                               0         -nan%                0         -nan%
MEM_BANKS_WITH_REQS_14                               0         -nan%                0         -nan%
MEM_BANKS_WITH_REQS_15                               0         -nan%                0         -nan%
MEM_BANKS_WITH_REQS_16                               0         -nan%                0         -nan%
                                                     0         -nan%                0         -nan%
                                                  -nan         -nan              -nan         -nan

MEM_BANKS_WITH_REQS                                  0                              0              

DRAM_CHANNEL_IN_DEMAND                               0                              0              

DRAM_BUS_IN_DEMAND                                   0                              0              

DRAM_BANK_IN_DEMAND                                  0                              0              

DRAM_BANK_IN_DEMAND_STALLING                         0                              0              

DRAM_ANY_BANK_IN_DEMAND                              0                              0              

DRAM_BANK_IN_DEMAND_BANK_0                           0         -nan%                0         -nan%
DRAM_BANK_IN_DEMAND_BANK_1                           0         -nan%                0         -nan%
DRAM_BANK_IN_DEMAND_BANK_2                           0         -nan%                0         -nan%
DRAM_BANK_IN_DEMAND_BANK_3                           0         -nan%                0         -nan%
DRAM_BANK_IN_DEMAND_BANK_4                           0         -nan%                0         -nan%
DRAM_BANK_IN_DEMAND_BANK_5                           0         -nan%                0         -nan%
DRAM_BANK_IN_DEMAND_BANK_6                           0         -nan%                0         -nan%
DRAM_BANK_IN_DEMAND_BANK_7                           0         -nan%                0         -nan%
DRAM_BANK_IN_DEMAND_BANK_8                           0         -nan%                0         -nan%
DRAM_BANK_IN_DEMAND_BANK_9                           0         -nan%                0         -nan%
DRAM_BANK_IN_DEMAND_BANK_10                          0         -nan%                0         -nan%
DRAM_BANK_IN_DEMAND_BANK_11                          0         -nan%                0         -nan%
DRAM_BANK_IN_DEMAND_BANK_12                          0         -nan%                0         -nan%
DRAM_BANK_IN_DEMAND_BANK_13                          0         -nan%                0         -nan%
DRAM_BANK_IN_DEMAND_BANK_14                          0         -nan%                0         -nan%
DRAM_BANK_IN_DEMAND_BANK_15                          0         -nan%                0         -nan%
DRAM_BANK_IN_DEMAND_BANK_16                          0         -nan%                0         -nan%
                                                     0         -nan%                0         -nan%
                                                  -nan         -nan              -nan         -nan

DRAM_CONTENTION_BUS                                  0          -nan                0          -nan

DRAM_CONTENTION_BANKS                                0          -nan                0          -nan

DRAM_CONTENTION_FAW                                  0          -nan                0          -nan

DRAM_CONTENTION_BANKS_TIMES_1000                     0          -nan                0          -nan

DRAM_STALL_OTHER_CORE                                0                              0              

DRAM_STALLED_BY_OTHER_CORE                           0                              0              

DRAM_MP_CRIT_PATH                                    0                              0              

DRAM_MP_CRIT_PATH_BUS                                0          -nan                0          -nan

DRAM_MP_CRIT_PATH_BANK                               0          -nan                0          -nan

DRAM_MP_CRIT_PATH_BANK_TRAS                          0          -nan                0          -nan

DRAM_MP_CRIT_PATH_FAW                                0          -nan                0          -nan

DRAM_BLACK_BOX_SERVICE_TIMES_1000                    0                              0              

DRAM_BLACK_BOX_REQS_BUSY_0                           0         -nan%                0         -nan%
DRAM_BLACK_BOX_REQS_BUSY_1                           0         -nan%                0         -nan%
DRAM_BLACK_BOX_REQS_BUSY_2                           0         -nan%                0         -nan%
DRAM_BLACK_BOX_REQS_BUSY_3                           0         -nan%                0         -nan%
DRAM_BLACK_BOX_REQS_BUSY_4                           0         -nan%                0         -nan%
DRAM_BLACK_BOX_REQS_BUSY_5                           0         -nan%                0         -nan%
DRAM_BLACK_BOX_REQS_BUSY_6                           0         -nan%                0         -nan%
DRAM_BLACK_BOX_REQS_BUSY_7                           0         -nan%                0         -nan%
DRAM_BLACK_BOX_REQS_BUSY_8                           0         -nan%                0         -nan%
                                                     0         -nan%                0         -nan%
                                                  -nan         -nan              -nan         -nan

NUM_MEM_SCHED_DECISIONS                              0                              0              

MEM_REQ_NON_SCHEDULED_CANDIDATES                     0          -nan                0          -nan

NUM_MEM_SCHED_DECISIONS_PER_BANK                     0                              0              

MEM_REQ_NON_SCHEDULED_CANDIDATES_PER_BANK             0          -nan                0          -nan

ROW_BUFFER_HITS_BANK_0                               0         -nan%                0         -nan%
ROW_BUFFER_HITS_BANK_1                               0         -nan%                0         -nan%
ROW_BUFFER_HITS_BANK_2                               0         -nan%                0         -nan%
ROW_BUFFER_HITS_BANK_3                               0         -nan%                0         -nan%
ROW_BUFFER_HITS_BANK_4                               0         -nan%                0         -nan%
ROW_BUFFER_HITS_BANK_5                               0         -nan%                0         -nan%
ROW_BUFFER_HITS_BANK_6                               0         -nan%                0         -nan%
ROW_BUFFER_HITS_BANK_7                               0         -nan%                0         -nan%
                                                     0         -nan%                0         -nan%
                                                  -nan         -nan              -nan         -nan

ROW_BUFFER_CONFLICTS_BANK_0                          0         -nan%                0         -nan%
ROW_BUFFER_CONFLICTS_BANK_1                          0         -nan%                0         -nan%
ROW_BUFFER_CONFLICTS_BANK_2                          0         -nan%                0         -nan%
ROW_BUFFER_CONFLICTS_BANK_3                          0         -nan%                0         -nan%
ROW_BUFFER_CONFLICTS_BANK_4                          0         -nan%                0         -nan%
ROW_BUFFER_CONFLICTS_BANK_5                          0         -nan%                0         -nan%
ROW_BUFFER_CONFLICTS_BANK_6                          0         -nan%                0         -nan%
ROW_BUFFER_CONFLICTS_BANK_7                          0         -nan%                0         -nan%
                                                     0         -nan%                0         -nan%
                                                  -nan         -nan              -nan         -nan

MEM_BANK_WAITING_CYCLES                              0                              0              

MEM_WAITING_CYCLES_TIMES_840                         0                              0              

MEM_PROB_WAITING_CYCLES                              0                              0              

DRAM_SCHED_QUANTA                                    0                              0              

DRAM_SCHED_CORE_PRIORITY_0                           0         -nan%                0         -nan%
DRAM_SCHED_CORE_PRIORITY_1                           0         -nan%                0         -nan%
DRAM_SCHED_CORE_PRIORITY_2                           0         -nan%                0         -nan%
DRAM_SCHED_CORE_PRIORITY_3                           0         -nan%                0         -nan%
DRAM_SCHED_CORE_PRIORITY_4                           0         -nan%                0         -nan%
DRAM_SCHED_CORE_PRIORITY_5                           0         -nan%                0         -nan%
DRAM_SCHED_CORE_PRIORITY_6                           0         -nan%                0         -nan%
DRAM_SCHED_CORE_PRIORITY_7                           0         -nan%                0         -nan%
                                                     0         -nan%                0         -nan%
                                                  -nan         -nan              -nan         -nan

DRAM_SCHED_CMD_SCHEDULED                             0          -nan                0          -nan

DRAM_SCHED_DIFF_CORE_AVAILABLE                       0          -nan                0          -nan

DRAM_SCHED_DIFF_CORE_DECIDING_INPUT_1                0         -nan%                0         -nan%
DRAM_SCHED_DIFF_CORE_DECIDING_INPUT_2                0         -nan%                0         -nan%
DRAM_SCHED_DIFF_CORE_DECIDING_INPUT_3                0         -nan%                0         -nan%
DRAM_SCHED_DIFF_CORE_DECIDING_INPUT_4                0         -nan%                0         -nan%
DRAM_SCHED_DIFF_CORE_DECIDING_INPUT_5                0         -nan%                0         -nan%
DRAM_SCHED_DIFF_CORE_DECIDING_INPUT_6                0         -nan%                0         -nan%
DRAM_SCHED_DIFF_CORE_DECIDING_INPUT_7                0         -nan%                0         -nan%
DRAM_SCHED_DIFF_CORE_DECIDING_INPUT_8                0         -nan%                0         -nan%
                                                     0         -nan%                0         -nan%
                                                  -nan         -nan              -nan         -nan

DRAM_BANK_WAIT_CYCLES_ROW_CONFLICT                   0                              0              

DRAM_BANK_WAIT_CYCLES_ROW_MISS                       0                              0              

DRAM_BANK_WAIT_CYCLES_ROW_HIT                        0                              0              

DRAM_ROW_OPEN_WAIT                                   0                              0              

MEM_QUEUE_ARRIVAL_DISTANCE_0                         0         -nan%                0         -nan%
MEM_QUEUE_ARRIVAL_DISTANCE_10                        0         -nan%                0         -nan%
MEM_QUEUE_ARRIVAL_DISTANCE_20                        0         -nan%                0         -nan%
MEM_QUEUE_ARRIVAL_DISTANCE_30                        0         -nan%                0         -nan%
MEM_QUEUE_ARRIVAL_DISTANCE_40                        0         -nan%                0         -nan%
MEM_QUEUE_ARRIVAL_DISTANCE_50                        0         -nan%                0         -nan%
MEM_QUEUE_ARRIVAL_DISTANCE_60                        0         -nan%                0         -nan%
MEM_QUEUE_ARRIVAL_DISTANCE_70                        0         -nan%                0         -nan%
MEM_QUEUE_ARRIVAL_DISTANCE_80                        0         -nan%                0         -nan%
MEM_QUEUE_ARRIVAL_DISTANCE_90                        0         -nan%                0         -nan%
MEM_QUEUE_ARRIVAL_DISTANCE_100                       0         -nan%                0         -nan%
MEM_QUEUE_ARRIVAL_DISTANCE_110                       0         -nan%                0         -nan%
MEM_QUEUE_ARRIVAL_DISTANCE_120                       0         -nan%                0         -nan%
MEM_QUEUE_ARRIVAL_DISTANCE_130                       0         -nan%                0         -nan%
MEM_QUEUE_ARRIVAL_DISTANCE_140                       0         -nan%                0         -nan%
MEM_QUEUE_ARRIVAL_DISTANCE_150                       0         -nan%                0         -nan%
MEM_QUEUE_ARRIVAL_DISTANCE_160                       0         -nan%                0         -nan%
MEM_QUEUE_ARRIVAL_DISTANCE_170                       0         -nan%                0         -nan%
MEM_QUEUE_ARRIVAL_DISTANCE_180                       0         -nan%                0         -nan%
MEM_QUEUE_ARRIVAL_DISTANCE_190                       0         -nan%                0         -nan%
MEM_QUEUE_ARRIVAL_DISTANCE_200                       0         -nan%                0         -nan%
MEM_QUEUE_ARRIVAL_DISTANCE_210                       0         -nan%                0         -nan%
MEM_QUEUE_ARRIVAL_DISTANCE_220                       0         -nan%                0         -nan%
MEM_QUEUE_ARRIVAL_DISTANCE_230                       0         -nan%                0         -nan%
MEM_QUEUE_ARRIVAL_DISTANCE_240                       0         -nan%                0         -nan%
MEM_QUEUE_ARRIVAL_DISTANCE_250                       0         -nan%                0         -nan%
MEM_QUEUE_ARRIVAL_DISTANCE_260                       0         -nan%                0         -nan%
MEM_QUEUE_ARRIVAL_DISTANCE_270                       0         -nan%                0         -nan%
MEM_QUEUE_ARRIVAL_DISTANCE_280                       0         -nan%                0         -nan%
MEM_QUEUE_ARRIVAL_DISTANCE_290                       0         -nan%                0         -nan%
MEM_QUEUE_ARRIVAL_DISTANCE_300                       0         -nan%                0         -nan%
MEM_QUEUE_ARRIVAL_DISTANCE_310                       0         -nan%                0         -nan%
MEM_QUEUE_ARRIVAL_DISTANCE_320                       0         -nan%                0         -nan%
MEM_QUEUE_ARRIVAL_DISTANCE_330                       0         -nan%                0         -nan%
MEM_QUEUE_ARRIVAL_DISTANCE_340                       0         -nan%                0         -nan%
MEM_QUEUE_ARRIVAL_DISTANCE_350                       0         -nan%                0         -nan%
MEM_QUEUE_ARRIVAL_DISTANCE_360                       0         -nan%                0         -nan%
MEM_QUEUE_ARRIVAL_DISTANCE_370                       0         -nan%                0         -nan%
MEM_QUEUE_ARRIVAL_DISTANCE_380                       0         -nan%                0         -nan%
MEM_QUEUE_ARRIVAL_DISTANCE_390                       0         -nan%                0         -nan%
MEM_QUEUE_ARRIVAL_DISTANCE_400                       0         -nan%                0         -nan%
MEM_QUEUE_ARRIVAL_DISTANCE_410                       0         -nan%                0         -nan%
MEM_QUEUE_ARRIVAL_DISTANCE_420                       0         -nan%                0         -nan%
MEM_QUEUE_ARRIVAL_DISTANCE_430                       0         -nan%                0         -nan%
MEM_QUEUE_ARRIVAL_DISTANCE_440                       0         -nan%                0         -nan%
MEM_QUEUE_ARRIVAL_DISTANCE_450                       0         -nan%                0         -nan%
MEM_QUEUE_ARRIVAL_DISTANCE_460                       0         -nan%                0         -nan%
MEM_QUEUE_ARRIVAL_DISTANCE_470                       0         -nan%                0         -nan%
MEM_QUEUE_ARRIVAL_DISTANCE_480                       0         -nan%                0         -nan%
MEM_QUEUE_ARRIVAL_DISTANCE_490                       0         -nan%                0         -nan%
MEM_QUEUE_ARRIVAL_DISTANCE_500                       0         -nan%                0         -nan%
MEM_QUEUE_ARRIVAL_DISTANCE_510                       0         -nan%                0         -nan%
MEM_QUEUE_ARRIVAL_DISTANCE_520                       0         -nan%                0         -nan%
MEM_QUEUE_ARRIVAL_DISTANCE_530                       0         -nan%                0         -nan%
MEM_QUEUE_ARRIVAL_DISTANCE_540                       0         -nan%                0         -nan%
MEM_QUEUE_ARRIVAL_DISTANCE_550                       0         -nan%                0         -nan%
MEM_QUEUE_ARRIVAL_DISTANCE_560                       0         -nan%                0         -nan%
MEM_QUEUE_ARRIVAL_DISTANCE_570                       0         -nan%                0         -nan%
MEM_QUEUE_ARRIVAL_DISTANCE_580                       0         -nan%                0         -nan%
MEM_QUEUE_ARRIVAL_DISTANCE_590                       0         -nan%                0         -nan%
MEM_QUEUE_ARRIVAL_DISTANCE_600                       0         -nan%                0         -nan%
MEM_QUEUE_ARRIVAL_DISTANCE_610                       0         -nan%                0         -nan%
MEM_QUEUE_ARRIVAL_DISTANCE_620                       0         -nan%                0         -nan%
MEM_QUEUE_ARRIVAL_DISTANCE_630                       0         -nan%                0         -nan%
MEM_QUEUE_ARRIVAL_DISTANCE_640                       0         -nan%                0         -nan%
MEM_QUEUE_ARRIVAL_DISTANCE_650                       0         -nan%                0         -nan%
MEM_QUEUE_ARRIVAL_DISTANCE_660                       0         -nan%                0         -nan%
MEM_QUEUE_ARRIVAL_DISTANCE_670                       0         -nan%                0         -nan%
MEM_QUEUE_ARRIVAL_DISTANCE_680                       0         -nan%                0         -nan%
MEM_QUEUE_ARRIVAL_DISTANCE_690                       0         -nan%                0         -nan%
MEM_QUEUE_ARRIVAL_DISTANCE_700                       0         -nan%                0         -nan%
MEM_QUEUE_ARRIVAL_DISTANCE_710                       0         -nan%                0         -nan%
MEM_QUEUE_ARRIVAL_DISTANCE_720                       0         -nan%                0         -nan%
MEM_QUEUE_ARRIVAL_DISTANCE_730                       0         -nan%                0         -nan%
MEM_QUEUE_ARRIVAL_DISTANCE_740                       0         -nan%                0         -nan%
MEM_QUEUE_ARRIVAL_DISTANCE_750                       0         -nan%                0         -nan%
MEM_QUEUE_ARRIVAL_DISTANCE_760                       0         -nan%                0         -nan%
MEM_QUEUE_ARRIVAL_DISTANCE_770                       0         -nan%                0         -nan%
MEM_QUEUE_ARRIVAL_DISTANCE_780                       0         -nan%                0         -nan%
MEM_QUEUE_ARRIVAL_DISTANCE_790                       0         -nan%                0         -nan%
MEM_QUEUE_ARRIVAL_DISTANCE_800                       0         -nan%                0         -nan%
MEM_QUEUE_ARRIVAL_DISTANCE_810                       0         -nan%                0         -nan%
MEM_QUEUE_ARRIVAL_DISTANCE_820                       0         -nan%                0         -nan%
MEM_QUEUE_ARRIVAL_DISTANCE_830                       0         -nan%                0         -nan%
MEM_QUEUE_ARRIVAL_DISTANCE_840                       0         -nan%                0         -nan%
MEM_QUEUE_ARRIVAL_DISTANCE_850                       0         -nan%                0         -nan%
MEM_QUEUE_ARRIVAL_DISTANCE_860                       0         -nan%                0         -nan%
MEM_QUEUE_ARRIVAL_DISTANCE_870                       0         -nan%                0         -nan%
MEM_QUEUE_ARRIVAL_DISTANCE_880                       0         -nan%                0         -nan%
MEM_QUEUE_ARRIVAL_DISTANCE_890                       0         -nan%                0         -nan%
MEM_QUEUE_ARRIVAL_DISTANCE_900                       0         -nan%                0         -nan%
MEM_QUEUE_ARRIVAL_DISTANCE_910                       0         -nan%                0         -nan%
MEM_QUEUE_ARRIVAL_DISTANCE_920                       0         -nan%                0         -nan%
MEM_QUEUE_ARRIVAL_DISTANCE_930                       0         -nan%                0         -nan%
MEM_QUEUE_ARRIVAL_DISTANCE_940                       0         -nan%                0         -nan%
MEM_QUEUE_ARRIVAL_DISTANCE_950                       0         -nan%                0         -nan%
MEM_QUEUE_ARRIVAL_DISTANCE_960                       0         -nan%                0         -nan%
MEM_QUEUE_ARRIVAL_DISTANCE_970                       0         -nan%                0         -nan%
MEM_QUEUE_ARRIVAL_DISTANCE_980                       0         -nan%                0         -nan%
MEM_QUEUE_ARRIVAL_DISTANCE_990                       0         -nan%                0         -nan%
MEM_QUEUE_ARRIVAL_DISTANCE_1000                      0         -nan%                0         -nan%
                                                     0         -nan%                0         -nan%
                                                  -nan         -nan              -nan         -nan

EQUAL_USE_QUANTUMS                                   0                              0              

EQUAL_USE_BW_MEASURE_PERIODS                         0                              0              

EQUAL_USE_BW                                         0                              0              

EQUAL_USE_BOTTLENECK_BUS                             0         -nan%                0         -nan%
EQUAL_USE_BOTTLENECK_BANK                            0         -nan%                0         -nan%
EQUAL_USE_BOTTLENECK_FAW                             0         -nan%                0         -nan%
EQUAL_USE_BOTTLENECK_BUS_PLUS_FAW                    0         -nan%                0         -nan%
                                                     0         -nan%                0         -nan%
                                                  -nan         -nan              -nan         -nan

EQUAL_USE_BW_BUS                                     0                              0              

EQUAL_USE_BW_BANK                                    0                              0              

EQUAL_USE_BW_FAW                                     0                              0              

EQUAL_USE_BW_BUS_PLUS_FAW                            0                              0              

EQUAL_USE_BW_BUS_PLUS_FAW2                           0                              0              

EQUAL_USE_BW_BUS_PLUS_FAW3                           0                              0              

EQUAL_USE_BW_CRIT_PATH                               0                              0              

EQUAL_USE_BW_BLACK_BOX                               0                              0              

DRAM_BANK_SERVICE                                    0                              0              

DRAM_CONTENDED_BANK_SERVICE                          0                              0              

DRAM_BUS_DIR_SWITCHES                                0                              0              

DRAM_ACTIVATE_TO_COLUMN_LATENCY                      0                              0              

DRAM_ACTIVATE_TO_READ                                0                              0              

DRAM_ACTIVATE_TO_READ_LATENCY                        0          -nan                0          -nan

DRAM_ACTIVATE_TO_WRITE                               0                              0              

DRAM_ACTIVATE_TO_WRITE_LATENCY                       0          -nan                0          -nan

EQUAL_USE_PRIORITY_0                                 0         -nan%                0         -nan%
EQUAL_USE_PRIORITY_1                                 0         -nan%                0         -nan%
EQUAL_USE_PRIORITY_2                                 0         -nan%                0         -nan%
EQUAL_USE_PRIORITY_3                                 0         -nan%                0         -nan%
EQUAL_USE_PRIORITY_4                                 0         -nan%                0         -nan%
EQUAL_USE_PRIORITY_5                                 0         -nan%                0         -nan%
EQUAL_USE_PRIORITY_6                                 0         -nan%                0         -nan%
EQUAL_USE_PRIORITY_7                                 0         -nan%                0         -nan%
EQUAL_USE_PRIORITY_8                                 0         -nan%                0         -nan%
EQUAL_USE_PRIORITY_9                                 0         -nan%                0         -nan%
EQUAL_USE_PRIORITY_10                                0         -nan%                0         -nan%
EQUAL_USE_PRIORITY_11                                0         -nan%                0         -nan%
EQUAL_USE_PRIORITY_12                                0         -nan%                0         -nan%
EQUAL_USE_PRIORITY_13                                0         -nan%                0         -nan%
EQUAL_USE_PRIORITY_14                                0         -nan%                0         -nan%
EQUAL_USE_PRIORITY_15                                0         -nan%                0         -nan%
                                                     0         -nan%                0         -nan%
                                                  -nan         -nan              -nan         -nan

DRAM_ROW_ACCESSES_0                                  0         -nan%                0         -nan%
DRAM_ROW_ACCESSES_1                                  0         -nan%                0         -nan%
DRAM_ROW_ACCESSES_2                                  0         -nan%                0         -nan%
DRAM_ROW_ACCESSES_3                                  0         -nan%                0         -nan%
DRAM_ROW_ACCESSES_4                                  0         -nan%                0         -nan%
DRAM_ROW_ACCESSES_5                                  0         -nan%                0         -nan%
DRAM_ROW_ACCESSES_6                                  0         -nan%                0         -nan%
DRAM_ROW_ACCESSES_7                                  0         -nan%                0         -nan%
DRAM_ROW_ACCESSES_8                                  0         -nan%                0         -nan%
DRAM_ROW_ACCESSES_9                                  0         -nan%                0         -nan%
DRAM_ROW_ACCESSES_10                                 0         -nan%                0         -nan%
DRAM_ROW_ACCESSES_11                                 0         -nan%                0         -nan%
DRAM_ROW_ACCESSES_12                                 0         -nan%                0         -nan%
DRAM_ROW_ACCESSES_13                                 0         -nan%                0         -nan%
DRAM_ROW_ACCESSES_14                                 0         -nan%                0         -nan%
DRAM_ROW_ACCESSES_15                                 0         -nan%                0         -nan%
DRAM_ROW_ACCESSES_16                                 0         -nan%                0         -nan%
DRAM_ROW_ACCESSES_17                                 0         -nan%                0         -nan%
DRAM_ROW_ACCESSES_18                                 0         -nan%                0         -nan%
DRAM_ROW_ACCESSES_19                                 0         -nan%                0         -nan%
DRAM_ROW_ACCESSES_20                                 0         -nan%                0         -nan%
DRAM_ROW_ACCESSES_21                                 0         -nan%                0         -nan%
DRAM_ROW_ACCESSES_22                                 0         -nan%                0         -nan%
DRAM_ROW_ACCESSES_23                                 0         -nan%                0         -nan%
DRAM_ROW_ACCESSES_24                                 0         -nan%                0         -nan%
DRAM_ROW_ACCESSES_25                                 0         -nan%                0         -nan%
DRAM_ROW_ACCESSES_26                                 0         -nan%                0         -nan%
DRAM_ROW_ACCESSES_27                                 0         -nan%                0         -nan%
DRAM_ROW_ACCESSES_28                                 0         -nan%                0         -nan%
DRAM_ROW_ACCESSES_29                                 0         -nan%                0         -nan%
DRAM_ROW_ACCESSES_30                                 0         -nan%                0         -nan%
DRAM_ROW_ACCESSES_31                                 0         -nan%                0         -nan%
DRAM_ROW_ACCESSES_32                                 0         -nan%                0         -nan%
DRAM_ROW_ACCESSES_33                                 0         -nan%                0         -nan%
DRAM_ROW_ACCESSES_34                                 0         -nan%                0         -nan%
DRAM_ROW_ACCESSES_35                                 0         -nan%                0         -nan%
DRAM_ROW_ACCESSES_36                                 0         -nan%                0         -nan%
DRAM_ROW_ACCESSES_37                                 0         -nan%                0         -nan%
DRAM_ROW_ACCESSES_38                                 0         -nan%                0         -nan%
DRAM_ROW_ACCESSES_39                                 0         -nan%                0         -nan%
DRAM_ROW_ACCESSES_40                                 0         -nan%                0         -nan%
DRAM_ROW_ACCESSES_41                                 0         -nan%                0         -nan%
DRAM_ROW_ACCESSES_42                                 0         -nan%                0         -nan%
DRAM_ROW_ACCESSES_43                                 0         -nan%                0         -nan%
DRAM_ROW_ACCESSES_44                                 0         -nan%                0         -nan%
DRAM_ROW_ACCESSES_45                                 0         -nan%                0         -nan%
DRAM_ROW_ACCESSES_46                                 0         -nan%                0         -nan%
DRAM_ROW_ACCESSES_47                                 0         -nan%                0         -nan%
DRAM_ROW_ACCESSES_48                                 0         -nan%                0         -nan%
DRAM_ROW_ACCESSES_49                                 0         -nan%                0         -nan%
DRAM_ROW_ACCESSES_50                                 0         -nan%                0         -nan%
DRAM_ROW_ACCESSES_51                                 0         -nan%                0         -nan%
DRAM_ROW_ACCESSES_52                                 0         -nan%                0         -nan%
DRAM_ROW_ACCESSES_53                                 0         -nan%                0         -nan%
DRAM_ROW_ACCESSES_54                                 0         -nan%                0         -nan%
DRAM_ROW_ACCESSES_55                                 0         -nan%                0         -nan%
DRAM_ROW_ACCESSES_56                                 0         -nan%                0         -nan%
DRAM_ROW_ACCESSES_57                                 0         -nan%                0         -nan%
DRAM_ROW_ACCESSES_58                                 0         -nan%                0         -nan%
DRAM_ROW_ACCESSES_59                                 0         -nan%                0         -nan%
DRAM_ROW_ACCESSES_60                                 0         -nan%                0         -nan%
DRAM_ROW_ACCESSES_61                                 0         -nan%                0         -nan%
DRAM_ROW_ACCESSES_62                                 0         -nan%                0         -nan%
DRAM_ROW_ACCESSES_63                                 0         -nan%                0         -nan%
DRAM_ROW_ACCESSES_64                                 0         -nan%                0         -nan%
                                                     0         -nan%                0         -nan%
                                                  -nan         -nan              -nan         -nan

DRAM_NUM_REQS_0_TOTAL                                0                              0              

DRAM_NUM_REQS_1_TOTAL                                0                              0              

DRAM_NUM_REQS_2_TOTAL                                0                              0              

DRAM_NUM_REQS_3_TOTAL                                0                              0              

DRAM_NUM_REQS_4_TOTAL                                0                              0              

DRAM_NUM_REQS_5_TOTAL                                0                              0              

DRAM_NUM_REQS_6_TOTAL                                0                              0              

DRAM_NUM_REQS_7_TOTAL                                0                              0              

DRAM_NUM_REQS_8_TOTAL                                0                              0              

DRAM_NUM_REQS_9_TOTAL                                0                              0              

DRAM_NUM_REQS_10_TOTAL                               0                              0              

DRAM_NUM_REQS_11_TOTAL                               0                              0              

DRAM_NUM_REQS_12_TOTAL                               0                              0              

DRAM_NUM_REQS_13_TOTAL                               0                              0              

DRAM_NUM_REQS_14_TOTAL                               0                              0              

DRAM_NUM_REQS_15_TOTAL                               0                              0              

DRAM_NUM_REQS_16_TOTAL                               0                              0              

DRAM_NUM_REQS_17_TOTAL                               0                              0              

DRAM_NUM_REQS_18_TOTAL                               0                              0              

DRAM_NUM_REQS_19_TOTAL                               0                              0              

DRAM_NUM_REQS_20_TOTAL                               0                              0              

DRAM_NUM_REQS_21_TOTAL                               0                              0              

DRAM_NUM_REQS_22_TOTAL                               0                              0              

DRAM_NUM_REQS_23_TOTAL                               0                              0              

DRAM_NUM_REQS_24_TOTAL                               0                              0              

DRAM_NUM_REQS_25_TOTAL                               0                              0              

DRAM_NUM_REQS_26_TOTAL                               0                              0              

DRAM_NUM_REQS_27_TOTAL                               0                              0              

DRAM_NUM_REQS_28_TOTAL                               0                              0              

DRAM_NUM_REQS_29_TOTAL                               0                              0              

DRAM_NUM_REQS_30_TOTAL                               0                              0              

DRAM_NUM_REQS_31_TOTAL                               0                              0              

DRAM_NUM_REQS_32_TOTAL                               0                              0              

DRAM_NUM_REQS_0_IFETCH                               0          -nan                0          -nan

DRAM_NUM_REQS_0_DFETCH                               0          -nan                0          -nan

DRAM_NUM_REQS_0_DSTORE                               0          -nan                0          -nan

DRAM_NUM_REQS_0_IPRF                                 0          -nan                0          -nan

DRAM_NUM_REQS_0_DPRF                                 0          -nan                0          -nan

DRAM_NUM_REQS_0_WB                                   0          -nan                0          -nan

DRAM_NUM_REQS_0_WB_NODIRTY                           0          -nan                0          -nan

DRAM_NUM_REQS_1_IFETCH                               0          -nan                0          -nan

DRAM_NUM_REQS_1_DFETCH                               0          -nan                0          -nan

DRAM_NUM_REQS_1_DSTORE                               0          -nan                0          -nan

DRAM_NUM_REQS_1_IPRF                                 0          -nan                0          -nan

DRAM_NUM_REQS_1_DPRF                                 0          -nan                0          -nan

DRAM_NUM_REQS_1_WB                                   0          -nan                0          -nan

DRAM_NUM_REQS_1_WB_NODIRTY                           0          -nan                0          -nan

DRAM_NUM_REQS_2_IFETCH                               0          -nan                0          -nan

DRAM_NUM_REQS_2_DFETCH                               0          -nan                0          -nan

DRAM_NUM_REQS_2_DSTORE                               0          -nan                0          -nan

DRAM_NUM_REQS_2_IPRF                                 0          -nan                0          -nan

DRAM_NUM_REQS_2_DPRF                                 0          -nan                0          -nan

DRAM_NUM_REQS_2_WB                                   0          -nan                0          -nan

DRAM_NUM_REQS_2_WB_NODIRTY                           0          -nan                0          -nan

DRAM_NUM_REQS_3_IFETCH                               0          -nan                0          -nan

DRAM_NUM_REQS_3_DFETCH                               0          -nan                0          -nan

DRAM_NUM_REQS_3_DSTORE                               0          -nan                0          -nan

DRAM_NUM_REQS_3_IPRF                                 0          -nan                0          -nan

DRAM_NUM_REQS_3_DPRF                                 0          -nan                0          -nan

DRAM_NUM_REQS_3_WB                                   0          -nan                0          -nan

DRAM_NUM_REQS_3_WB_NODIRTY                           0          -nan                0          -nan

DRAM_NUM_REQS_4_IFETCH                               0          -nan                0          -nan

DRAM_NUM_REQS_4_DFETCH                               0          -nan                0          -nan

DRAM_NUM_REQS_4_DSTORE                               0          -nan                0          -nan

DRAM_NUM_REQS_4_IPRF                                 0          -nan                0          -nan

DRAM_NUM_REQS_4_DPRF                                 0          -nan                0          -nan

DRAM_NUM_REQS_4_WB                                   0          -nan                0          -nan

DRAM_NUM_REQS_4_WB_NODIRTY                           0          -nan                0          -nan

DRAM_NUM_REQS_5_IFETCH                               0          -nan                0          -nan

DRAM_NUM_REQS_5_DFETCH                               0          -nan                0          -nan

DRAM_NUM_REQS_5_DSTORE                               0          -nan                0          -nan

DRAM_NUM_REQS_5_IPRF                                 0          -nan                0          -nan

DRAM_NUM_REQS_5_DPRF                                 0          -nan                0          -nan

DRAM_NUM_REQS_5_WB                                   0          -nan                0          -nan

DRAM_NUM_REQS_5_WB_NODIRTY                           0          -nan                0          -nan

DRAM_NUM_REQS_6_IFETCH                               0          -nan                0          -nan

DRAM_NUM_REQS_6_DFETCH                               0          -nan                0          -nan

DRAM_NUM_REQS_6_DSTORE                               0          -nan                0          -nan

DRAM_NUM_REQS_6_IPRF                                 0          -nan                0          -nan

DRAM_NUM_REQS_6_DPRF                                 0          -nan                0          -nan

DRAM_NUM_REQS_6_WB                                   0          -nan                0          -nan

DRAM_NUM_REQS_6_WB_NODIRTY                           0          -nan                0          -nan

DRAM_NUM_REQS_7_IFETCH                               0          -nan                0          -nan

DRAM_NUM_REQS_7_DFETCH                               0          -nan                0          -nan

DRAM_NUM_REQS_7_DSTORE                               0          -nan                0          -nan

DRAM_NUM_REQS_7_IPRF                                 0          -nan                0          -nan

DRAM_NUM_REQS_7_DPRF                                 0          -nan                0          -nan

DRAM_NUM_REQS_7_WB                                   0          -nan                0          -nan

DRAM_NUM_REQS_7_WB_NODIRTY                           0          -nan                0          -nan

DRAM_NUM_REQS_8_IFETCH                               0          -nan                0          -nan

DRAM_NUM_REQS_8_DFETCH                               0          -nan                0          -nan

DRAM_NUM_REQS_8_DSTORE                               0          -nan                0          -nan

DRAM_NUM_REQS_8_IPRF                                 0          -nan                0          -nan

DRAM_NUM_REQS_8_DPRF                                 0          -nan                0          -nan

DRAM_NUM_REQS_8_WB                                   0          -nan                0          -nan

DRAM_NUM_REQS_8_WB_NODIRTY                           0          -nan                0          -nan

DRAM_NUM_REQS_9_IFETCH                               0          -nan                0          -nan

DRAM_NUM_REQS_9_DFETCH                               0          -nan                0          -nan

DRAM_NUM_REQS_9_DSTORE                               0          -nan                0          -nan

DRAM_NUM_REQS_9_IPRF                                 0          -nan                0          -nan

DRAM_NUM_REQS_9_DPRF                                 0          -nan                0          -nan

DRAM_NUM_REQS_9_WB                                   0          -nan                0          -nan

DRAM_NUM_REQS_9_WB_NODIRTY                           0          -nan                0          -nan

DRAM_NUM_REQS_10_IFETCH                              0          -nan                0          -nan

DRAM_NUM_REQS_10_DFETCH                              0          -nan                0          -nan

DRAM_NUM_REQS_10_DSTORE                              0          -nan                0          -nan

DRAM_NUM_REQS_10_IPRF                                0          -nan                0          -nan

DRAM_NUM_REQS_10_DPRF                                0          -nan                0          -nan

DRAM_NUM_REQS_10_WB                                  0          -nan                0          -nan

DRAM_NUM_REQS_10_WB_NODIRTY                          0          -nan                0          -nan

DRAM_NUM_REQS_11_IFETCH                              0          -nan                0          -nan

DRAM_NUM_REQS_11_DFETCH                              0          -nan                0          -nan

DRAM_NUM_REQS_11_DSTORE                              0          -nan                0          -nan

DRAM_NUM_REQS_11_IPRF                                0          -nan                0          -nan

DRAM_NUM_REQS_11_DPRF                                0          -nan                0          -nan

DRAM_NUM_REQS_11_WB                                  0          -nan                0          -nan

DRAM_NUM_REQS_11_WB_NODIRTY                          0          -nan                0          -nan

DRAM_NUM_REQS_12_IFETCH                              0          -nan                0          -nan

DRAM_NUM_REQS_12_DFETCH                              0          -nan                0          -nan

DRAM_NUM_REQS_12_DSTORE                              0          -nan                0          -nan

DRAM_NUM_REQS_12_IPRF                                0          -nan                0          -nan

DRAM_NUM_REQS_12_DPRF                                0          -nan                0          -nan

DRAM_NUM_REQS_12_WB                                  0          -nan                0          -nan

DRAM_NUM_REQS_12_WB_NODIRTY                          0          -nan                0          -nan

DRAM_NUM_REQS_13_IFETCH                              0          -nan                0          -nan

DRAM_NUM_REQS_13_DFETCH                              0          -nan                0          -nan

DRAM_NUM_REQS_13_DSTORE                              0          -nan                0          -nan

DRAM_NUM_REQS_13_IPRF                                0          -nan                0          -nan

DRAM_NUM_REQS_13_DPRF                                0          -nan                0          -nan

DRAM_NUM_REQS_13_WB                                  0          -nan                0          -nan

DRAM_NUM_REQS_13_WB_NODIRTY                          0          -nan                0          -nan

DRAM_NUM_REQS_14_IFETCH                              0          -nan                0          -nan

DRAM_NUM_REQS_14_DFETCH                              0          -nan                0          -nan

DRAM_NUM_REQS_14_DSTORE                              0          -nan                0          -nan

DRAM_NUM_REQS_14_IPRF                                0          -nan                0          -nan

DRAM_NUM_REQS_14_DPRF                                0          -nan                0          -nan

DRAM_NUM_REQS_14_WB                                  0          -nan                0          -nan

DRAM_NUM_REQS_14_WB_NODIRTY                          0          -nan                0          -nan

DRAM_NUM_REQS_15_IFETCH                              0          -nan                0          -nan

DRAM_NUM_REQS_15_DFETCH                              0          -nan                0          -nan

DRAM_NUM_REQS_15_DSTORE                              0          -nan                0          -nan

DRAM_NUM_REQS_15_IPRF                                0          -nan                0          -nan

DRAM_NUM_REQS_15_DPRF                                0          -nan                0          -nan

DRAM_NUM_REQS_15_WB                                  0          -nan                0          -nan

DRAM_NUM_REQS_15_WB_NODIRTY                          0          -nan                0          -nan

DRAM_NUM_REQS_16_IFETCH                              0          -nan                0          -nan

DRAM_NUM_REQS_16_DFETCH                              0          -nan                0          -nan

DRAM_NUM_REQS_16_DSTORE                              0          -nan                0          -nan

DRAM_NUM_REQS_16_IPRF                                0          -nan                0          -nan

DRAM_NUM_REQS_16_DPRF                                0          -nan                0          -nan

DRAM_NUM_REQS_16_WB                                  0          -nan                0          -nan

DRAM_NUM_REQS_16_WB_NODIRTY                          0          -nan                0          -nan

DRAM_NUM_REQS_17_IFETCH                              0          -nan                0          -nan

DRAM_NUM_REQS_17_DFETCH                              0          -nan                0          -nan

DRAM_NUM_REQS_17_DSTORE                              0          -nan                0          -nan

DRAM_NUM_REQS_17_IPRF                                0          -nan                0          -nan

DRAM_NUM_REQS_17_DPRF                                0          -nan                0          -nan

DRAM_NUM_REQS_17_WB                                  0          -nan                0          -nan

DRAM_NUM_REQS_17_WB_NODIRTY                          0          -nan                0          -nan

DRAM_NUM_REQS_18_IFETCH                              0          -nan                0          -nan

DRAM_NUM_REQS_18_DFETCH                              0          -nan                0          -nan

DRAM_NUM_REQS_18_DSTORE                              0          -nan                0          -nan

DRAM_NUM_REQS_18_IPRF                                0          -nan                0          -nan

DRAM_NUM_REQS_18_DPRF                                0          -nan                0          -nan

DRAM_NUM_REQS_18_WB                                  0          -nan                0          -nan

DRAM_NUM_REQS_18_WB_NODIRTY                          0          -nan                0          -nan

DRAM_NUM_REQS_19_IFETCH                              0          -nan                0          -nan

DRAM_NUM_REQS_19_DFETCH                              0          -nan                0          -nan

DRAM_NUM_REQS_19_DSTORE                              0          -nan                0          -nan

DRAM_NUM_REQS_19_IPRF                                0          -nan                0          -nan

DRAM_NUM_REQS_19_DPRF                                0          -nan                0          -nan

DRAM_NUM_REQS_19_WB                                  0          -nan                0          -nan

DRAM_NUM_REQS_19_WB_NODIRTY                          0          -nan                0          -nan

DRAM_NUM_REQS_20_IFETCH                              0          -nan                0          -nan

DRAM_NUM_REQS_20_DFETCH                              0          -nan                0          -nan

DRAM_NUM_REQS_20_DSTORE                              0          -nan                0          -nan

DRAM_NUM_REQS_20_IPRF                                0          -nan                0          -nan

DRAM_NUM_REQS_20_DPRF                                0          -nan                0          -nan

DRAM_NUM_REQS_20_WB                                  0          -nan                0          -nan

DRAM_NUM_REQS_20_WB_NODIRTY                          0          -nan                0          -nan

DRAM_NUM_REQS_21_IFETCH                              0          -nan                0          -nan

DRAM_NUM_REQS_21_DFETCH                              0          -nan                0          -nan

DRAM_NUM_REQS_21_DSTORE                              0          -nan                0          -nan

DRAM_NUM_REQS_21_IPRF                                0          -nan                0          -nan

DRAM_NUM_REQS_21_DPRF                                0          -nan                0          -nan

DRAM_NUM_REQS_21_WB                                  0          -nan                0          -nan

DRAM_NUM_REQS_21_WB_NODIRTY                          0          -nan                0          -nan

DRAM_NUM_REQS_22_IFETCH                              0          -nan                0          -nan

DRAM_NUM_REQS_22_DFETCH                              0          -nan                0          -nan

DRAM_NUM_REQS_22_DSTORE                              0          -nan                0          -nan

DRAM_NUM_REQS_22_IPRF                                0          -nan                0          -nan

DRAM_NUM_REQS_22_DPRF                                0          -nan                0          -nan

DRAM_NUM_REQS_22_WB                                  0          -nan                0          -nan

DRAM_NUM_REQS_22_WB_NODIRTY                          0          -nan                0          -nan

DRAM_NUM_REQS_23_IFETCH                              0          -nan                0          -nan

DRAM_NUM_REQS_23_DFETCH                              0          -nan                0          -nan

DRAM_NUM_REQS_23_DSTORE                              0          -nan                0          -nan

DRAM_NUM_REQS_23_IPRF                                0          -nan                0          -nan

DRAM_NUM_REQS_23_DPRF                                0          -nan                0          -nan

DRAM_NUM_REQS_23_WB                                  0          -nan                0          -nan

DRAM_NUM_REQS_23_WB_NODIRTY                          0          -nan                0          -nan

DRAM_NUM_REQS_24_IFETCH                              0          -nan                0          -nan

DRAM_NUM_REQS_24_DFETCH                              0          -nan                0          -nan

DRAM_NUM_REQS_24_DSTORE                              0          -nan                0          -nan

DRAM_NUM_REQS_24_IPRF                                0          -nan                0          -nan

DRAM_NUM_REQS_24_DPRF                                0          -nan                0          -nan

DRAM_NUM_REQS_24_WB                                  0          -nan                0          -nan

DRAM_NUM_REQS_24_WB_NODIRTY                          0          -nan                0          -nan

DRAM_NUM_REQS_25_IFETCH                              0          -nan                0          -nan

DRAM_NUM_REQS_25_DFETCH                              0          -nan                0          -nan

DRAM_NUM_REQS_25_DSTORE                              0          -nan                0          -nan

DRAM_NUM_REQS_25_IPRF                                0          -nan                0          -nan

DRAM_NUM_REQS_25_DPRF                                0          -nan                0          -nan

DRAM_NUM_REQS_25_WB                                  0          -nan                0          -nan

DRAM_NUM_REQS_25_WB_NODIRTY                          0          -nan                0          -nan

DRAM_NUM_REQS_26_IFETCH                              0          -nan                0          -nan

DRAM_NUM_REQS_26_DFETCH                              0          -nan                0          -nan

DRAM_NUM_REQS_26_DSTORE                              0          -nan                0          -nan

DRAM_NUM_REQS_26_IPRF                                0          -nan                0          -nan

DRAM_NUM_REQS_26_DPRF                                0          -nan                0          -nan

DRAM_NUM_REQS_26_WB                                  0          -nan                0          -nan

DRAM_NUM_REQS_26_WB_NODIRTY                          0          -nan                0          -nan

DRAM_NUM_REQS_27_IFETCH                              0          -nan                0          -nan

DRAM_NUM_REQS_27_DFETCH                              0          -nan                0          -nan

DRAM_NUM_REQS_27_DSTORE                              0          -nan                0          -nan

DRAM_NUM_REQS_27_IPRF                                0          -nan                0          -nan

DRAM_NUM_REQS_27_DPRF                                0          -nan                0          -nan

DRAM_NUM_REQS_27_WB                                  0          -nan                0          -nan

DRAM_NUM_REQS_27_WB_NODIRTY                          0          -nan                0          -nan

DRAM_NUM_REQS_28_IFETCH                              0          -nan                0          -nan

DRAM_NUM_REQS_28_DFETCH                              0          -nan                0          -nan

DRAM_NUM_REQS_28_DSTORE                              0          -nan                0          -nan

DRAM_NUM_REQS_28_IPRF                                0          -nan                0          -nan

DRAM_NUM_REQS_28_DPRF                                0          -nan                0          -nan

DRAM_NUM_REQS_28_WB                                  0          -nan                0          -nan

DRAM_NUM_REQS_28_WB_NODIRTY                          0          -nan                0          -nan

DRAM_NUM_REQS_29_IFETCH                              0          -nan                0          -nan

DRAM_NUM_REQS_29_DFETCH                              0          -nan                0          -nan

DRAM_NUM_REQS_29_DSTORE                              0          -nan                0          -nan

DRAM_NUM_REQS_29_IPRF                                0          -nan                0          -nan

DRAM_NUM_REQS_29_DPRF                                0          -nan                0          -nan

DRAM_NUM_REQS_29_WB                                  0          -nan                0          -nan

DRAM_NUM_REQS_29_WB_NODIRTY                          0          -nan                0          -nan

DRAM_NUM_REQS_30_IFETCH                              0          -nan                0          -nan

DRAM_NUM_REQS_30_DFETCH                              0          -nan                0          -nan

DRAM_NUM_REQS_30_DSTORE                              0          -nan                0          -nan

DRAM_NUM_REQS_30_IPRF                                0          -nan                0          -nan

DRAM_NUM_REQS_30_DPRF                                0          -nan                0          -nan

DRAM_NUM_REQS_30_WB                                  0          -nan                0          -nan

DRAM_NUM_REQS_30_WB_NODIRTY                          0          -nan                0          -nan

DRAM_NUM_REQS_31_IFETCH                              0          -nan                0          -nan

DRAM_NUM_REQS_31_DFETCH                              0          -nan                0          -nan

DRAM_NUM_REQS_31_DSTORE                              0          -nan                0          -nan

DRAM_NUM_REQS_31_IPRF                                0          -nan                0          -nan

DRAM_NUM_REQS_31_DPRF                                0          -nan                0          -nan

DRAM_NUM_REQS_31_WB                                  0          -nan                0          -nan

DRAM_NUM_REQS_31_WB_NODIRTY                          0          -nan                0          -nan

DRAM_NUM_REQS_32_IFETCH                              0          -nan                0          -nan

DRAM_NUM_REQS_32_DFETCH                              0          -nan                0          -nan

DRAM_NUM_REQS_32_DSTORE                              0          -nan                0          -nan

DRAM_NUM_REQS_32_IPRF                                0          -nan                0          -nan

DRAM_NUM_REQS_32_DPRF                                0          -nan                0          -nan

DRAM_NUM_REQS_32_WB                                  0          -nan                0          -nan

DRAM_NUM_REQS_32_WB_NODIRTY                          0          -nan                0          -nan

DRAM_BOTTLENECK_BUS_0                                0         -nan%                0         -nan%
DRAM_BOTTLENECK_BUS_10                               0         -nan%                0         -nan%
DRAM_BOTTLENECK_BUS_20                               0         -nan%                0         -nan%
DRAM_BOTTLENECK_BUS_30                               0         -nan%                0         -nan%
DRAM_BOTTLENECK_BUS_40                               0         -nan%                0         -nan%
DRAM_BOTTLENECK_BUS_50                               0         -nan%                0         -nan%
DRAM_BOTTLENECK_BUS_60                               0         -nan%                0         -nan%
DRAM_BOTTLENECK_BUS_70                               0         -nan%                0         -nan%
DRAM_BOTTLENECK_BUS_80                               0         -nan%                0         -nan%
DRAM_BOTTLENECK_BUS_90                               0         -nan%                0         -nan%
DRAM_BOTTLENECK_BUS_100                              0         -nan%                0         -nan%
                                                     0         -nan%                0         -nan%
                                                  -nan         -nan              -nan         -nan

DRAM_BOTTLENECK_BANKS_0                              0         -nan%                0         -nan%
DRAM_BOTTLENECK_BANKS_10                             0         -nan%                0         -nan%
DRAM_BOTTLENECK_BANKS_20                             0         -nan%                0         -nan%
DRAM_BOTTLENECK_BANKS_30                             0         -nan%                0         -nan%
DRAM_BOTTLENECK_BANKS_40                             0         -nan%                0         -nan%
DRAM_BOTTLENECK_BANKS_50                             0         -nan%                0         -nan%
DRAM_BOTTLENECK_BANKS_60                             0         -nan%                0         -nan%
DRAM_BOTTLENECK_BANKS_70                             0         -nan%                0         -nan%
DRAM_BOTTLENECK_BANKS_80                             0         -nan%                0         -nan%
DRAM_BOTTLENECK_BANKS_90                             0         -nan%                0         -nan%
DRAM_BOTTLENECK_BANKS_100                            0         -nan%                0         -nan%
                                                     0         -nan%                0         -nan%
                                                  -nan         -nan              -nan         -nan

DRAM_BOTTLENECK_FAW_0                                0         -nan%                0         -nan%
DRAM_BOTTLENECK_FAW_10                               0         -nan%                0         -nan%
DRAM_BOTTLENECK_FAW_20                               0         -nan%                0         -nan%
DRAM_BOTTLENECK_FAW_30                               0         -nan%                0         -nan%
DRAM_BOTTLENECK_FAW_40                               0         -nan%                0         -nan%
DRAM_BOTTLENECK_FAW_50                               0         -nan%                0         -nan%
DRAM_BOTTLENECK_FAW_60                               0         -nan%                0         -nan%
DRAM_BOTTLENECK_FAW_70                               0         -nan%                0         -nan%
DRAM_BOTTLENECK_FAW_80                               0         -nan%                0         -nan%
DRAM_BOTTLENECK_FAW_90                               0         -nan%                0         -nan%
DRAM_BOTTLENECK_FAW_100                              0         -nan%                0         -nan%
                                                     0         -nan%                0         -nan%
                                                  -nan         -nan              -nan         -nan

DRAM_ROW_HIT_GEN_AFTER_ROW_OPEN_STALLING             0                              0              

KNOWN_BAD_ADDRESS                                    0        0.000%                0        0.000%
GOOD_ADDRESS                                 306465488      100.000%        306465488      100.000%
                                             306465488      100.000%        306465488      100.000%
                                                  1.00         1.00              1.00         1.00

BBL_LENGTH_1                                         0         -nan%                0         -nan%
BBL_LENGTH_2                                         0         -nan%                0         -nan%
BBL_LENGTH_3                                         0         -nan%                0         -nan%
BBL_LENGTH_4                                         0         -nan%                0         -nan%
BBL_LENGTH_5                                         0         -nan%                0         -nan%
BBL_LENGTH_6                                         0         -nan%                0         -nan%
BBL_LENGTH_7                                         0         -nan%                0         -nan%
BBL_LENGTH_8                                         0         -nan%                0         -nan%
BBL_LENGTH_9                                         0         -nan%                0         -nan%
BBL_LENGTH_10                                        0         -nan%                0         -nan%
BBL_LENGTH_11                                        0         -nan%                0         -nan%
BBL_LENGTH_12                                        0         -nan%                0         -nan%
BBL_LENGTH_13                                        0         -nan%                0         -nan%
BBL_LENGTH_14                                        0         -nan%                0         -nan%
BBL_LENGTH_15                                        0         -nan%                0         -nan%
BBL_LENGTH_16                                        0         -nan%                0         -nan%
BBL_LENGTH_17                                        0         -nan%                0         -nan%
BBL_LENGTH_18                                        0         -nan%                0         -nan%
BBL_LENGTH_19                                        0         -nan%                0         -nan%
BBL_LENGTH_20                                        0         -nan%                0         -nan%
BBL_LENGTH_21                                        0         -nan%                0         -nan%
BBL_LENGTH_22                                        0         -nan%                0         -nan%
BBL_LENGTH_23                                        0         -nan%                0         -nan%
BBL_LENGTH_24                                        0         -nan%                0         -nan%
                                                     0         -nan%                0         -nan%
                                                  -nan         -nan              -nan         -nan

BBL_DONT_END_PRED_NT_LENGTH_1                        0         -nan%                0         -nan%
BBL_DONT_END_PRED_NT_LENGTH_2                        0         -nan%                0         -nan%
BBL_DONT_END_PRED_NT_LENGTH_3                        0         -nan%                0         -nan%
BBL_DONT_END_PRED_NT_LENGTH_4                        0         -nan%                0         -nan%
BBL_DONT_END_PRED_NT_LENGTH_5                        0         -nan%                0         -nan%
BBL_DONT_END_PRED_NT_LENGTH_6                        0         -nan%                0         -nan%
BBL_DONT_END_PRED_NT_LENGTH_7                        0         -nan%                0         -nan%
BBL_DONT_END_PRED_NT_LENGTH_8                        0         -nan%                0         -nan%
BBL_DONT_END_PRED_NT_LENGTH_9                        0         -nan%                0         -nan%
BBL_DONT_END_PRED_NT_LENGTH_10                       0         -nan%                0         -nan%
BBL_DONT_END_PRED_NT_LENGTH_11                       0         -nan%                0         -nan%
BBL_DONT_END_PRED_NT_LENGTH_12                       0         -nan%                0         -nan%
BBL_DONT_END_PRED_NT_LENGTH_13                       0         -nan%                0         -nan%
BBL_DONT_END_PRED_NT_LENGTH_14                       0         -nan%                0         -nan%
BBL_DONT_END_PRED_NT_LENGTH_15                       0         -nan%                0         -nan%
BBL_DONT_END_PRED_NT_LENGTH_16                       0         -nan%                0         -nan%
BBL_DONT_END_PRED_NT_LENGTH_17                       0         -nan%                0         -nan%
BBL_DONT_END_PRED_NT_LENGTH_18                       0         -nan%                0         -nan%
BBL_DONT_END_PRED_NT_LENGTH_19                       0         -nan%                0         -nan%
BBL_DONT_END_PRED_NT_LENGTH_20                       0         -nan%                0         -nan%
BBL_DONT_END_PRED_NT_LENGTH_21                       0         -nan%                0         -nan%
BBL_DONT_END_PRED_NT_LENGTH_22                       0         -nan%                0         -nan%
BBL_DONT_END_PRED_NT_LENGTH_23                       0         -nan%                0         -nan%
BBL_DONT_END_PRED_NT_LENGTH_24                       0         -nan%                0         -nan%
                                                     0         -nan%                0         -nan%
                                                  -nan         -nan              -nan         -nan

DATA_LD_CYCLES_ONPATH                         96409098                       96409098              

DATA_LD_CYCLES_OFFPATH                          536978                         536978              

DATA_LD_MLC_CYCLES_ONPATH                     71988562                       71988562              

DATA_LD_MLC_CYCLES_OFFPATH                      418432                         418432              

DATA_LD_MLC_ACCESSES_ONPATH                    4481821                        4481821              

DATA_LD_MLC_ACCESSES_OFFPATH                     26046                          26046              

DATA_LD_L1_CYCLES_ONPATH                      24028176                       24028176              

DATA_LD_L1_CYCLES_OFFPATH                       115482                         115482              

DATA_LD_L1_ACCESSES_ONPATH                      436789                         436789              

DATA_LD_L1_ACCESSES_OFFPATH                       2099                           2099              

DATA_LD_MEM_CYCLES_ONPATH                       392360                         392360              

DATA_LD_MEM_CYCLES_OFFPATH                        3064                           3064              

DATA_LD_MEM_ACCESSES_ONPATH                       1821                           1821              

DATA_LD_MEM_ACCESSES_OFFPATH                        22                             22              

DATA_LD_PREF_CYCLES_ONPATH                           0                              0              

DATA_LD_PREF_CYCLES_OFFPATH                          0                              0              

DATA_LD_PREF_MLC_CYCLES_ONPATH                       0                              0              

DATA_LD_PREF_MLC_CYCLES_OFFPATH                      0                              0              

DATA_LD_PREF_L1_CYCLES_ONPATH                        0                              0              

DATA_LD_PREF_L1_CYCLES_OFFPATH                       0                              0              

DATA_LD_PREF_MEM_CYCLES_ONPATH                       0                              0              

DATA_LD_PREF_MEM_CYCLES_OFFPATH                      0                              0              

CODVERCH_ICACHE_MOV_ALU_MISS                         0                              0              

CODVERCH_ICACHE_ALU_CF_MISS                      90100                          90100              

CODVERCH_ICACHE_ALU_CF_MISS_IS_MOV               32362                          32362              

CODVERCH_ICACHE_ALU_CF_MISS_HAS_PUSH                 0                              0              

CODVERCH_ICACHE_ALU_CF_MISS_HAS_POP                  0                              0              

CODVERCH_ICACHE_ALU_CF_MISS_IS_PREFETCH              0                              0              

CODVERCH_ICACHE_ALU_CF_MISS_IS_CALL                  0                              0              

CODVERCH_UOP_CACHE_ALU_CF_MISS_ICACHE_MISS         65074                          65074              

CODVERCH_UOP_CACHE_ALU_CF_MISS_ICACHE_IS_MOV         30821                          30821              

CODVERCH_UOP_CACHE_ALU_CF_MISS_ICACHE_HAS_PUSH             0                              0              

CODVERCH_UOP_CACHE_ALU_CF_MISS_ICACHE_HAS_POP             0                              0              

CODVERCH_UOP_CACHE_ALU_CF_MISS_ICACHE_IS_PREFETCH             0                              0              

CODVERCH_UOP_CACHE_ALU_CF_MISS_ICACHE_IS_CALL             0                              0              

CODVERCH_DCACHE_MISS                            491599                         491599              

CODVERCH_MLC_MISS                                 5810                           5810              

CODVERCH_LLC_MISS                                    3                              3              



