Core, 0
Cumulative Cycles, 45593180            
Cumulative Instructions, 99999999            
Cumulative IPC, 2.19331
Periodic Cycles, 45593180            
Periodic Instructions, 99999999            
Periodic IPC, 2.19331

ICACHE_MISS_count,        246717
ICACHE_MISS_pct,        3.325
ICACHE_MISS_total_count,        246717
ICACHE_MISS_total_pct,        3.325

ICACHE_HIT_count,       7173857
ICACHE_HIT_pct,       96.675
ICACHE_HIT_total_count,       7173857
ICACHE_HIT_total_pct,       96.675
ICACHE_HIT_sum_count,       7420574
ICACHE_HIT_sum_pct,      100.000
ICACHE_HIT_sum_total_count,       7420574
ICACHE_HIT_sum_total_pct,      100.000
ICACHE_HIT_mean,         0.97
ICACHE_HIT_stddev,         0.95
ICACHE_HIT_total_mean,         0.97
ICACHE_HIT_total_stddev,         0.95

ICACHE_MISS_ONPATH_count,        224330
ICACHE_MISS_ONPATH_pct,       90.926
ICACHE_MISS_ONPATH_total_count,        224330
ICACHE_MISS_ONPATH_total_pct,       90.926

ICACHE_MISS_OFFPATH_count,         22387
ICACHE_MISS_OFFPATH_pct,        9.074
ICACHE_MISS_OFFPATH_total_count,         22387
ICACHE_MISS_OFFPATH_total_pct,        9.074
ICACHE_MISS_OFFPATH_sum_count,        246717
ICACHE_MISS_OFFPATH_sum_pct,      100.000
ICACHE_MISS_OFFPATH_sum_total_count,        246717
ICACHE_MISS_OFFPATH_sum_total_pct,      100.000
ICACHE_MISS_OFFPATH_mean,         0.09
ICACHE_MISS_OFFPATH_stddev,         0.28
ICACHE_MISS_OFFPATH_total_mean,         0.09
ICACHE_MISS_OFFPATH_total_stddev,         0.28

ICACHE_MISS_NOT_PREFETCHED_count,          5476
ICACHE_MISS_NOT_PREFETCHED_pct,        2.235
ICACHE_MISS_NOT_PREFETCHED_total_count,          5476
ICACHE_MISS_NOT_PREFETCHED_total_pct,        2.235

ICACHE_MISS_PREFETCHED_AND_EVICTED_BY_IFETCH_count,             0
ICACHE_MISS_PREFETCHED_AND_EVICTED_BY_IFETCH_pct,        0.000
ICACHE_MISS_PREFETCHED_AND_EVICTED_BY_IFETCH_total_count,             0
ICACHE_MISS_PREFETCHED_AND_EVICTED_BY_IFETCH_total_pct,        0.000

ICACHE_MISS_PREFETCHED_AND_EVICTED_BY_FDIP_count,             0
ICACHE_MISS_PREFETCHED_AND_EVICTED_BY_FDIP_pct,        0.000
ICACHE_MISS_PREFETCHED_AND_EVICTED_BY_FDIP_total_count,             0
ICACHE_MISS_PREFETCHED_AND_EVICTED_BY_FDIP_total_pct,        0.000

ICACHE_MISS_MSHR_HIT_PREFETCHED_OFFPATH_count,         32092
ICACHE_MISS_MSHR_HIT_PREFETCHED_OFFPATH_pct,       13.097
ICACHE_MISS_MSHR_HIT_PREFETCHED_OFFPATH_total_count,         32092
ICACHE_MISS_MSHR_HIT_PREFETCHED_OFFPATH_total_pct,       13.097

ICACHE_MISS_MSHR_HIT_PREFETCHED_ONPATH_count,        207465
ICACHE_MISS_MSHR_HIT_PREFETCHED_ONPATH_pct,       84.668
ICACHE_MISS_MSHR_HIT_PREFETCHED_ONPATH_total_count,        207465
ICACHE_MISS_MSHR_HIT_PREFETCHED_ONPATH_total_pct,       84.668
ICACHE_MISS_MSHR_HIT_PREFETCHED_ONPATH_sum_count,        245033
ICACHE_MISS_MSHR_HIT_PREFETCHED_ONPATH_sum_pct,      100.000
ICACHE_MISS_MSHR_HIT_PREFETCHED_ONPATH_sum_total_count,        245033
ICACHE_MISS_MSHR_HIT_PREFETCHED_ONPATH_sum_total_pct,      100.000
ICACHE_MISS_MSHR_HIT_PREFETCHED_ONPATH_mean,         3.78
ICACHE_MISS_MSHR_HIT_PREFETCHED_ONPATH_stddev,         3.50
ICACHE_MISS_MSHR_HIT_PREFETCHED_ONPATH_total_mean,         3.78
ICACHE_MISS_MSHR_HIT_PREFETCHED_ONPATH_total_stddev,         3.50

ICACHE_HIT_ONPATH_count,       5827545
ICACHE_HIT_ONPATH_pct,       81.233
ICACHE_HIT_ONPATH_total_count,       5827545
ICACHE_HIT_ONPATH_total_pct,       81.233

ICACHE_HIT_OFFPATH_count,       1346312
ICACHE_HIT_OFFPATH_pct,       18.767
ICACHE_HIT_OFFPATH_total_count,       1346312
ICACHE_HIT_OFFPATH_total_pct,       18.767
ICACHE_HIT_OFFPATH_sum_count,       7173857
ICACHE_HIT_OFFPATH_sum_pct,      100.000
ICACHE_HIT_OFFPATH_sum_total_count,       7173857
ICACHE_HIT_OFFPATH_sum_total_pct,      100.000
ICACHE_HIT_OFFPATH_mean,         0.19
ICACHE_HIT_OFFPATH_stddev,         0.36
ICACHE_HIT_OFFPATH_total_mean,         0.19
ICACHE_HIT_OFFPATH_total_stddev,         0.36

ICACHE_HIT_ONPATH_SAT_BY_OFFPATH_count,             0
ICACHE_HIT_ONPATH_SAT_BY_OFFPATH_pct,         -nan
ICACHE_HIT_ONPATH_SAT_BY_OFFPATH_total_count,             0
ICACHE_HIT_ONPATH_SAT_BY_OFFPATH_total_pct,         -nan

ICACHE_HIT_ONPATH_SAT_BY_ONPATH_count,             0
ICACHE_HIT_ONPATH_SAT_BY_ONPATH_pct,         -nan
ICACHE_HIT_ONPATH_SAT_BY_ONPATH_total_count,             0
ICACHE_HIT_ONPATH_SAT_BY_ONPATH_total_pct,         -nan
ICACHE_HIT_ONPATH_SAT_BY_ONPATH_sum_count,             0
ICACHE_HIT_ONPATH_SAT_BY_ONPATH_sum_pct,         -nan
ICACHE_HIT_ONPATH_SAT_BY_ONPATH_sum_total_count,             0
ICACHE_HIT_ONPATH_SAT_BY_ONPATH_sum_total_pct,         -nan
ICACHE_HIT_ONPATH_SAT_BY_ONPATH_mean,         -nan
ICACHE_HIT_ONPATH_SAT_BY_ONPATH_stddev,         -nan
ICACHE_HIT_ONPATH_SAT_BY_ONPATH_total_mean,         -nan
ICACHE_HIT_ONPATH_SAT_BY_ONPATH_total_stddev,         -nan

ICACHE_HIT_OFFPATH_SAT_BY_OFFPATH_count,             0
ICACHE_HIT_OFFPATH_SAT_BY_OFFPATH_pct,         -nan
ICACHE_HIT_OFFPATH_SAT_BY_OFFPATH_total_count,             0
ICACHE_HIT_OFFPATH_SAT_BY_OFFPATH_total_pct,         -nan

ICACHE_HIT_OFFPATH_SAT_BY_ONPATH_count,             0
ICACHE_HIT_OFFPATH_SAT_BY_ONPATH_pct,         -nan
ICACHE_HIT_OFFPATH_SAT_BY_ONPATH_total_count,             0
ICACHE_HIT_OFFPATH_SAT_BY_ONPATH_total_pct,         -nan
ICACHE_HIT_OFFPATH_SAT_BY_ONPATH_sum_count,             0
ICACHE_HIT_OFFPATH_SAT_BY_ONPATH_sum_pct,         -nan
ICACHE_HIT_OFFPATH_SAT_BY_ONPATH_sum_total_count,             0
ICACHE_HIT_OFFPATH_SAT_BY_ONPATH_sum_total_pct,         -nan
ICACHE_HIT_OFFPATH_SAT_BY_ONPATH_mean,         -nan
ICACHE_HIT_OFFPATH_SAT_BY_ONPATH_stddev,         -nan
ICACHE_HIT_OFFPATH_SAT_BY_ONPATH_total_mean,         -nan
ICACHE_HIT_OFFPATH_SAT_BY_ONPATH_total_stddev,         -nan

ICACHE_HIT_BY_FDIP_ONPATH_count,             0
ICACHE_HIT_BY_FDIP_ONPATH_pct,         -nan
ICACHE_HIT_BY_FDIP_ONPATH_total_count,             0
ICACHE_HIT_BY_FDIP_ONPATH_total_pct,         -nan

ICACHE_HIT_BY_FDIP_OFFPATH_count,             0
ICACHE_HIT_BY_FDIP_OFFPATH_pct,         -nan
ICACHE_HIT_BY_FDIP_OFFPATH_total_count,             0
ICACHE_HIT_BY_FDIP_OFFPATH_total_pct,         -nan
ICACHE_HIT_BY_FDIP_OFFPATH_sum_count,             0
ICACHE_HIT_BY_FDIP_OFFPATH_sum_pct,         -nan
ICACHE_HIT_BY_FDIP_OFFPATH_sum_total_count,             0
ICACHE_HIT_BY_FDIP_OFFPATH_sum_total_pct,         -nan
ICACHE_HIT_BY_FDIP_OFFPATH_mean,         -nan
ICACHE_HIT_BY_FDIP_OFFPATH_stddev,         -nan
ICACHE_HIT_BY_FDIP_OFFPATH_total_mean,         -nan
ICACHE_HIT_BY_FDIP_OFFPATH_total_stddev,         -nan

ICACHE_MISS_MSHR_HIT_BY_FDIP_ONPATH_count,        197239
ICACHE_MISS_MSHR_HIT_BY_FDIP_ONPATH_pct,       82.585
ICACHE_MISS_MSHR_HIT_BY_FDIP_ONPATH_total_count,        197239
ICACHE_MISS_MSHR_HIT_BY_FDIP_ONPATH_total_pct,       82.585

ICACHE_MISS_MSHR_HIT_BY_FDIP_OFFPATH_count,         41593
ICACHE_MISS_MSHR_HIT_BY_FDIP_OFFPATH_pct,       17.415
ICACHE_MISS_MSHR_HIT_BY_FDIP_OFFPATH_total_count,         41593
ICACHE_MISS_MSHR_HIT_BY_FDIP_OFFPATH_total_pct,       17.415
ICACHE_MISS_MSHR_HIT_BY_FDIP_OFFPATH_sum_count,        238832
ICACHE_MISS_MSHR_HIT_BY_FDIP_OFFPATH_sum_pct,      100.000
ICACHE_MISS_MSHR_HIT_BY_FDIP_OFFPATH_sum_total_count,        238832
ICACHE_MISS_MSHR_HIT_BY_FDIP_OFFPATH_sum_total_pct,      100.000
ICACHE_MISS_MSHR_HIT_BY_FDIP_OFFPATH_mean,         0.17
ICACHE_MISS_MSHR_HIT_BY_FDIP_OFFPATH_stddev,         0.35
ICACHE_MISS_MSHR_HIT_BY_FDIP_OFFPATH_total_mean,         0.17
ICACHE_MISS_MSHR_HIT_BY_FDIP_OFFPATH_total_stddev,         0.35

ICACHE_HIT_ONPATH_BY_FDIP_count,             0
ICACHE_HIT_ONPATH_BY_FDIP_pct,        0.000
ICACHE_HIT_ONPATH_BY_FDIP_total_count,             0
ICACHE_HIT_ONPATH_BY_FDIP_total_pct,        0.000

ICACHE_HIT_OFFPATH_BY_FDIP_count,             0
ICACHE_HIT_OFFPATH_BY_FDIP_pct,        0.000
ICACHE_HIT_OFFPATH_BY_FDIP_total_count,             0
ICACHE_HIT_OFFPATH_BY_FDIP_total_pct,        0.000

ICACHE_MISS_MSHR_HIT_ONPATH_BY_FDIP_count,        218140
ICACHE_MISS_MSHR_HIT_ONPATH_BY_FDIP_pct,       88.678
ICACHE_MISS_MSHR_HIT_ONPATH_BY_FDIP_total_count,        218140
ICACHE_MISS_MSHR_HIT_ONPATH_BY_FDIP_total_pct,       88.678

ICACHE_MISS_MSHR_HIT_OFFPATH_BY_FDIP_count,         20692
ICACHE_MISS_MSHR_HIT_OFFPATH_BY_FDIP_pct,        8.412
ICACHE_MISS_MSHR_HIT_OFFPATH_BY_FDIP_total_count,         20692
ICACHE_MISS_MSHR_HIT_OFFPATH_BY_FDIP_total_pct,        8.412

ICACHE_MISS_TOO_EARLY_ONPATH_count,             0
ICACHE_MISS_TOO_EARLY_ONPATH_pct,        0.000
ICACHE_MISS_TOO_EARLY_ONPATH_total_count,             0
ICACHE_MISS_TOO_EARLY_ONPATH_total_pct,        0.000

ICACHE_MISS_TOO_EARLY_OFFPATH_count,             0
ICACHE_MISS_TOO_EARLY_OFFPATH_pct,        0.000
ICACHE_MISS_TOO_EARLY_OFFPATH_total_count,             0
ICACHE_MISS_TOO_EARLY_OFFPATH_total_pct,        0.000

ICACHE_MISS_NOT_PREFETCHED_ONPATH_count,          5476
ICACHE_MISS_NOT_PREFETCHED_ONPATH_pct,        2.226
ICACHE_MISS_NOT_PREFETCHED_ONPATH_total_count,          5476
ICACHE_MISS_NOT_PREFETCHED_ONPATH_total_pct,        2.226

ICACHE_MISS_NOT_PREFETCHED_OFFPATH_count,          1684
ICACHE_MISS_NOT_PREFETCHED_OFFPATH_pct,        0.685
ICACHE_MISS_NOT_PREFETCHED_OFFPATH_total_count,          1684
ICACHE_MISS_NOT_PREFETCHED_OFFPATH_total_pct,        0.685
ICACHE_MISS_NOT_PREFETCHED_OFFPATH_sum_count,        245992
ICACHE_MISS_NOT_PREFETCHED_OFFPATH_sum_pct,      100.000
ICACHE_MISS_NOT_PREFETCHED_OFFPATH_sum_total_count,        245992
ICACHE_MISS_NOT_PREFETCHED_OFFPATH_sum_total_pct,      100.000
ICACHE_MISS_NOT_PREFETCHED_OFFPATH_mean,         2.21
ICACHE_MISS_NOT_PREFETCHED_OFFPATH_stddev,         0.78
ICACHE_MISS_NOT_PREFETCHED_OFFPATH_total_mean,         2.21
ICACHE_MISS_NOT_PREFETCHED_OFFPATH_total_stddev,         0.78

ICACHE_UNIQUE_MISSED_LINES_count,             0
ICACHE_UNIQUE_MISSED_LINES_total_count,             0

ICACHE_UNIQUE_HIT_LINES_count,             0
ICACHE_UNIQUE_HIT_LINES_total_count,             0

ICACHE_OVERTAKE_FDIP_count,             0
ICACHE_OVERTAKE_FDIP_total_count,             0

FT_UOP_CACHE_HIT_ON_PATH_count,      10463307
FT_UOP_CACHE_HIT_ON_PATH_pct,       63.356
FT_UOP_CACHE_HIT_ON_PATH_total_count,      10463307
FT_UOP_CACHE_HIT_ON_PATH_total_pct,       63.356

FT_UOP_CACHE_MISS_ICACHE_HIT_ON_PATH_count,       5827545
FT_UOP_CACHE_MISS_ICACHE_HIT_ON_PATH_pct,       35.286
FT_UOP_CACHE_MISS_ICACHE_HIT_ON_PATH_total_count,       5827545
FT_UOP_CACHE_MISS_ICACHE_HIT_ON_PATH_total_pct,       35.286

FT_UOP_CACHE_MISS_ICACHE_MISS_ON_PATH_count,        224330
FT_UOP_CACHE_MISS_ICACHE_MISS_ON_PATH_pct,        1.358
FT_UOP_CACHE_MISS_ICACHE_MISS_ON_PATH_total_count,        224330
FT_UOP_CACHE_MISS_ICACHE_MISS_ON_PATH_total_pct,        1.358
FT_UOP_CACHE_MISS_ICACHE_MISS_ON_PATH_sum_count,      16515182
FT_UOP_CACHE_MISS_ICACHE_MISS_ON_PATH_sum_pct,      100.000
FT_UOP_CACHE_MISS_ICACHE_MISS_ON_PATH_sum_total_count,      16515182
FT_UOP_CACHE_MISS_ICACHE_MISS_ON_PATH_sum_total_pct,      100.000
FT_UOP_CACHE_MISS_ICACHE_MISS_ON_PATH_mean,         0.38
FT_UOP_CACHE_MISS_ICACHE_MISS_ON_PATH_stddev,         0.42
FT_UOP_CACHE_MISS_ICACHE_MISS_ON_PATH_total_mean,         0.38
FT_UOP_CACHE_MISS_ICACHE_MISS_ON_PATH_total_stddev,         0.42

FT_UOP_CACHE_HIT_OFF_PATH_count,       1935012
FT_UOP_CACHE_HIT_OFF_PATH_pct,       58.571
FT_UOP_CACHE_HIT_OFF_PATH_total_count,       1935012
FT_UOP_CACHE_HIT_OFF_PATH_total_pct,       58.571

FT_UOP_CACHE_MISS_ICACHE_HIT_OFF_PATH_count,       1346312
FT_UOP_CACHE_MISS_ICACHE_HIT_OFF_PATH_pct,       40.752
FT_UOP_CACHE_MISS_ICACHE_HIT_OFF_PATH_total_count,       1346312
FT_UOP_CACHE_MISS_ICACHE_HIT_OFF_PATH_total_pct,       40.752

FT_UOP_CACHE_MISS_ICACHE_MISS_OFF_PATH_count,         22387
FT_UOP_CACHE_MISS_ICACHE_MISS_OFF_PATH_pct,        0.678
FT_UOP_CACHE_MISS_ICACHE_MISS_OFF_PATH_total_count,         22387
FT_UOP_CACHE_MISS_ICACHE_MISS_OFF_PATH_total_pct,        0.678
FT_UOP_CACHE_MISS_ICACHE_MISS_OFF_PATH_sum_count,       3303711
FT_UOP_CACHE_MISS_ICACHE_MISS_OFF_PATH_sum_pct,      100.000
FT_UOP_CACHE_MISS_ICACHE_MISS_OFF_PATH_sum_total_count,       3303711
FT_UOP_CACHE_MISS_ICACHE_MISS_OFF_PATH_sum_total_pct,      100.000
FT_UOP_CACHE_MISS_ICACHE_MISS_OFF_PATH_mean,         0.42
FT_UOP_CACHE_MISS_ICACHE_MISS_OFF_PATH_stddev,         0.39
FT_UOP_CACHE_MISS_ICACHE_MISS_OFF_PATH_total_mean,         0.42
FT_UOP_CACHE_MISS_ICACHE_MISS_OFF_PATH_total_stddev,         0.39

UOPS_SERVED_BY_ICACHE_ON_PATH_count,      48272838
UOPS_SERVED_BY_ICACHE_ON_PATH_pct,       37.812
UOPS_SERVED_BY_ICACHE_ON_PATH_total_count,      48272838
UOPS_SERVED_BY_ICACHE_ON_PATH_total_pct,       37.812

UOPS_SERVED_BY_UOP_CACHE_ON_PATH_count,      79393321
UOPS_SERVED_BY_UOP_CACHE_ON_PATH_pct,       62.188
UOPS_SERVED_BY_UOP_CACHE_ON_PATH_total_count,      79393321
UOPS_SERVED_BY_UOP_CACHE_ON_PATH_total_pct,       62.188
UOPS_SERVED_BY_UOP_CACHE_ON_PATH_sum_count,     127666159
UOPS_SERVED_BY_UOP_CACHE_ON_PATH_sum_pct,      100.000
UOPS_SERVED_BY_UOP_CACHE_ON_PATH_sum_total_count,     127666159
UOPS_SERVED_BY_UOP_CACHE_ON_PATH_sum_total_pct,      100.000
UOPS_SERVED_BY_UOP_CACHE_ON_PATH_mean,         0.62
UOPS_SERVED_BY_UOP_CACHE_ON_PATH_stddev,         0.57
UOPS_SERVED_BY_UOP_CACHE_ON_PATH_total_mean,         0.62
UOPS_SERVED_BY_UOP_CACHE_ON_PATH_total_stddev,         0.57

UOPS_SERVED_BY_ICACHE_OFF_PATH_count,      16438948
UOPS_SERVED_BY_ICACHE_OFF_PATH_pct,       52.558
UOPS_SERVED_BY_ICACHE_OFF_PATH_total_count,      16438948
UOPS_SERVED_BY_ICACHE_OFF_PATH_total_pct,       52.558

UOPS_SERVED_BY_UOP_CACHE_OFF_PATH_count,      14838491
UOPS_SERVED_BY_UOP_CACHE_OFF_PATH_pct,       47.442
UOPS_SERVED_BY_UOP_CACHE_OFF_PATH_total_count,      14838491
UOPS_SERVED_BY_UOP_CACHE_OFF_PATH_total_pct,       47.442
UOPS_SERVED_BY_UOP_CACHE_OFF_PATH_sum_count,      31277439
UOPS_SERVED_BY_UOP_CACHE_OFF_PATH_sum_pct,      100.000
UOPS_SERVED_BY_UOP_CACHE_OFF_PATH_sum_total_count,      31277439
UOPS_SERVED_BY_UOP_CACHE_OFF_PATH_sum_total_pct,      100.000
UOPS_SERVED_BY_UOP_CACHE_OFF_PATH_mean,         0.47
UOPS_SERVED_BY_UOP_CACHE_OFF_PATH_stddev,         0.49
UOPS_SERVED_BY_UOP_CACHE_OFF_PATH_total_mean,         0.47
UOPS_SERVED_BY_UOP_CACHE_OFF_PATH_total_stddev,         0.49

ICACHE_HIT_UOP_CACHE_MISS_ON_PATH_count,             0
ICACHE_HIT_UOP_CACHE_MISS_ON_PATH_pct,         -nan
ICACHE_HIT_UOP_CACHE_MISS_ON_PATH_total_count,             0
ICACHE_HIT_UOP_CACHE_MISS_ON_PATH_total_pct,         -nan

ICACHE_HIT_UOP_CACHE_HIT_ON_PATH_count,             0
ICACHE_HIT_UOP_CACHE_HIT_ON_PATH_pct,         -nan
ICACHE_HIT_UOP_CACHE_HIT_ON_PATH_total_count,             0
ICACHE_HIT_UOP_CACHE_HIT_ON_PATH_total_pct,         -nan

ICACHE_MISS_UOP_CACHE_MISS_ON_PATH_count,             0
ICACHE_MISS_UOP_CACHE_MISS_ON_PATH_pct,         -nan
ICACHE_MISS_UOP_CACHE_MISS_ON_PATH_total_count,             0
ICACHE_MISS_UOP_CACHE_MISS_ON_PATH_total_pct,         -nan

ICACHE_MISS_UOP_CACHE_HIT_ON_PATH_count,             0
ICACHE_MISS_UOP_CACHE_HIT_ON_PATH_pct,         -nan
ICACHE_MISS_UOP_CACHE_HIT_ON_PATH_total_count,             0
ICACHE_MISS_UOP_CACHE_HIT_ON_PATH_total_pct,         -nan
ICACHE_MISS_UOP_CACHE_HIT_ON_PATH_sum_count,             0
ICACHE_MISS_UOP_CACHE_HIT_ON_PATH_sum_pct,         -nan
ICACHE_MISS_UOP_CACHE_HIT_ON_PATH_sum_total_count,             0
ICACHE_MISS_UOP_CACHE_HIT_ON_PATH_sum_total_pct,         -nan
ICACHE_MISS_UOP_CACHE_HIT_ON_PATH_mean,         -nan
ICACHE_MISS_UOP_CACHE_HIT_ON_PATH_stddev,         -nan
ICACHE_MISS_UOP_CACHE_HIT_ON_PATH_total_mean,         -nan
ICACHE_MISS_UOP_CACHE_HIT_ON_PATH_total_stddev,         -nan

ICACHE_HIT_UOP_CACHE_MISS_OFF_PATH_count,             0
ICACHE_HIT_UOP_CACHE_MISS_OFF_PATH_pct,         -nan
ICACHE_HIT_UOP_CACHE_MISS_OFF_PATH_total_count,             0
ICACHE_HIT_UOP_CACHE_MISS_OFF_PATH_total_pct,         -nan

ICACHE_HIT_UOP_CACHE_HIT_OFF_PATH_count,             0
ICACHE_HIT_UOP_CACHE_HIT_OFF_PATH_pct,         -nan
ICACHE_HIT_UOP_CACHE_HIT_OFF_PATH_total_count,             0
ICACHE_HIT_UOP_CACHE_HIT_OFF_PATH_total_pct,         -nan

ICACHE_MISS_UOP_CACHE_MISS_OFF_PATH_count,             0
ICACHE_MISS_UOP_CACHE_MISS_OFF_PATH_pct,         -nan
ICACHE_MISS_UOP_CACHE_MISS_OFF_PATH_total_count,             0
ICACHE_MISS_UOP_CACHE_MISS_OFF_PATH_total_pct,         -nan

ICACHE_MISS_UOP_CACHE_HIT_OFF_PATH_count,             0
ICACHE_MISS_UOP_CACHE_HIT_OFF_PATH_pct,         -nan
ICACHE_MISS_UOP_CACHE_HIT_OFF_PATH_total_count,             0
ICACHE_MISS_UOP_CACHE_HIT_OFF_PATH_total_pct,         -nan
ICACHE_MISS_UOP_CACHE_HIT_OFF_PATH_sum_count,             0
ICACHE_MISS_UOP_CACHE_HIT_OFF_PATH_sum_pct,         -nan
ICACHE_MISS_UOP_CACHE_HIT_OFF_PATH_sum_total_count,             0
ICACHE_MISS_UOP_CACHE_HIT_OFF_PATH_sum_total_pct,         -nan
ICACHE_MISS_UOP_CACHE_HIT_OFF_PATH_mean,         -nan
ICACHE_MISS_UOP_CACHE_HIT_OFF_PATH_stddev,         -nan
ICACHE_MISS_UOP_CACHE_HIT_OFF_PATH_total_mean,         -nan
ICACHE_MISS_UOP_CACHE_HIT_OFF_PATH_total_stddev,         -nan

UOP_CACHE_FT_INSERTED_ONPATH_USED_ONPATH_count,       1505418
UOP_CACHE_FT_INSERTED_ONPATH_USED_ONPATH_total_count,       1505418

UOP_CACHE_FT_INSERTED_OFFPATH_USED_ONPATH_count,        292366
UOP_CACHE_FT_INSERTED_OFFPATH_USED_ONPATH_total_count,        292366

UOP_CACHE_LINE_INSERTED_ONPATH_USED_ONPATH_count,       2613368
UOP_CACHE_LINE_INSERTED_ONPATH_USED_ONPATH_total_count,       2613368

UOP_CACHE_LINE_INSERTED_OFFPATH_USED_ONPATH_count,        507315
UOP_CACHE_LINE_INSERTED_OFFPATH_USED_ONPATH_total_count,        507315

UOP_CACHE_PREFETCH_count,             0
UOP_CACHE_PREFETCH_total_count,             0

UOP_CACHE_FT_INSERT_FAILED_INST_TOO_BIG_ON_PATH_count,             0
UOP_CACHE_FT_INSERT_FAILED_INST_TOO_BIG_ON_PATH_pct,        0.000
UOP_CACHE_FT_INSERT_FAILED_INST_TOO_BIG_ON_PATH_total_count,             0
UOP_CACHE_FT_INSERT_FAILED_INST_TOO_BIG_ON_PATH_total_pct,        0.000

UOP_CACHE_FT_INSERT_FAILED_FT_TOO_BIG_ON_PATH_count,             0
UOP_CACHE_FT_INSERT_FAILED_FT_TOO_BIG_ON_PATH_pct,        0.000
UOP_CACHE_FT_INSERT_FAILED_FT_TOO_BIG_ON_PATH_total_count,             0
UOP_CACHE_FT_INSERT_FAILED_FT_TOO_BIG_ON_PATH_total_pct,        0.000

UOP_CACHE_FT_INSERT_CONFLICTED_SHORT_REUSE_ON_PATH_count,        144665
UOP_CACHE_FT_INSERT_CONFLICTED_SHORT_REUSE_ON_PATH_pct,        2.503
UOP_CACHE_FT_INSERT_CONFLICTED_SHORT_REUSE_ON_PATH_total_count,        144665
UOP_CACHE_FT_INSERT_CONFLICTED_SHORT_REUSE_ON_PATH_total_pct,        2.503

UOP_CACHE_FT_INSERT_SUCCEEDED_ON_PATH_count,       5634457
UOP_CACHE_FT_INSERT_SUCCEEDED_ON_PATH_pct,       97.497
UOP_CACHE_FT_INSERT_SUCCEEDED_ON_PATH_total_count,       5634457
UOP_CACHE_FT_INSERT_SUCCEEDED_ON_PATH_total_pct,       97.497
UOP_CACHE_FT_INSERT_SUCCEEDED_ON_PATH_sum_count,       5779122
UOP_CACHE_FT_INSERT_SUCCEEDED_ON_PATH_sum_pct,      100.000
UOP_CACHE_FT_INSERT_SUCCEEDED_ON_PATH_sum_total_count,       5779122
UOP_CACHE_FT_INSERT_SUCCEEDED_ON_PATH_sum_total_pct,      100.000
UOP_CACHE_FT_INSERT_SUCCEEDED_ON_PATH_mean,         2.97
UOP_CACHE_FT_INSERT_SUCCEEDED_ON_PATH_stddev,         2.94
UOP_CACHE_FT_INSERT_SUCCEEDED_ON_PATH_total_mean,         2.97
UOP_CACHE_FT_INSERT_SUCCEEDED_ON_PATH_total_stddev,         2.94

UOP_CACHE_FT_INSERT_FAILED_INST_TOO_BIG_OFF_PATH_count,             0
UOP_CACHE_FT_INSERT_FAILED_INST_TOO_BIG_OFF_PATH_pct,        0.000
UOP_CACHE_FT_INSERT_FAILED_INST_TOO_BIG_OFF_PATH_total_count,             0
UOP_CACHE_FT_INSERT_FAILED_INST_TOO_BIG_OFF_PATH_total_pct,        0.000

UOP_CACHE_FT_INSERT_FAILED_FT_TOO_BIG_OFF_PATH_count,             0
UOP_CACHE_FT_INSERT_FAILED_FT_TOO_BIG_OFF_PATH_pct,        0.000
UOP_CACHE_FT_INSERT_FAILED_FT_TOO_BIG_OFF_PATH_total_count,             0
UOP_CACHE_FT_INSERT_FAILED_FT_TOO_BIG_OFF_PATH_total_pct,        0.000

UOP_CACHE_FT_INSERT_CONFLICTED_SHORT_REUSE_OFF_PATH_count,         10879
UOP_CACHE_FT_INSERT_CONFLICTED_SHORT_REUSE_OFF_PATH_pct,        1.939
UOP_CACHE_FT_INSERT_CONFLICTED_SHORT_REUSE_OFF_PATH_total_count,         10879
UOP_CACHE_FT_INSERT_CONFLICTED_SHORT_REUSE_OFF_PATH_total_pct,        1.939

UOP_CACHE_FT_INSERT_SUCCEEDED_OFF_PATH_count,        550293
UOP_CACHE_FT_INSERT_SUCCEEDED_OFF_PATH_pct,       98.061
UOP_CACHE_FT_INSERT_SUCCEEDED_OFF_PATH_total_count,        550293
UOP_CACHE_FT_INSERT_SUCCEEDED_OFF_PATH_total_pct,       98.061
UOP_CACHE_FT_INSERT_SUCCEEDED_OFF_PATH_sum_count,        561172
UOP_CACHE_FT_INSERT_SUCCEEDED_OFF_PATH_sum_pct,      100.000
UOP_CACHE_FT_INSERT_SUCCEEDED_OFF_PATH_sum_total_count,        561172
UOP_CACHE_FT_INSERT_SUCCEEDED_OFF_PATH_sum_total_pct,      100.000
UOP_CACHE_FT_INSERT_SUCCEEDED_OFF_PATH_mean,         2.98
UOP_CACHE_FT_INSERT_SUCCEEDED_OFF_PATH_stddev,         2.95
UOP_CACHE_FT_INSERT_SUCCEEDED_OFF_PATH_total_mean,         2.98
UOP_CACHE_FT_INSERT_SUCCEEDED_OFF_PATH_total_stddev,         2.95

UOP_CACHE_LINE_INSERT_FAILED_INST_TOO_BIG_ON_PATH_count,             0
UOP_CACHE_LINE_INSERT_FAILED_INST_TOO_BIG_ON_PATH_pct,        0.000
UOP_CACHE_LINE_INSERT_FAILED_INST_TOO_BIG_ON_PATH_total_count,             0
UOP_CACHE_LINE_INSERT_FAILED_INST_TOO_BIG_ON_PATH_total_pct,        0.000

UOP_CACHE_LINE_INSERT_FAILED_FT_TOO_BIG_ON_PATH_count,             0
UOP_CACHE_LINE_INSERT_FAILED_FT_TOO_BIG_ON_PATH_pct,        0.000
UOP_CACHE_LINE_INSERT_FAILED_FT_TOO_BIG_ON_PATH_total_count,             0
UOP_CACHE_LINE_INSERT_FAILED_FT_TOO_BIG_ON_PATH_total_pct,        0.000

UOP_CACHE_LINE_INSERT_CONFLICTED_SHORT_REUSE_ON_PATH_count,        224079
UOP_CACHE_LINE_INSERT_CONFLICTED_SHORT_REUSE_ON_PATH_pct,        2.140
UOP_CACHE_LINE_INSERT_CONFLICTED_SHORT_REUSE_ON_PATH_total_count,        224079
UOP_CACHE_LINE_INSERT_CONFLICTED_SHORT_REUSE_ON_PATH_total_pct,        2.140

UOP_CACHE_LINE_INSERT_SUCCEEDED_ON_PATH_count,      10248930
UOP_CACHE_LINE_INSERT_SUCCEEDED_ON_PATH_pct,       97.860
UOP_CACHE_LINE_INSERT_SUCCEEDED_ON_PATH_total_count,      10248930
UOP_CACHE_LINE_INSERT_SUCCEEDED_ON_PATH_total_pct,       97.860
UOP_CACHE_LINE_INSERT_SUCCEEDED_ON_PATH_sum_count,      10473009
UOP_CACHE_LINE_INSERT_SUCCEEDED_ON_PATH_sum_pct,      100.000
UOP_CACHE_LINE_INSERT_SUCCEEDED_ON_PATH_sum_total_count,      10473009
UOP_CACHE_LINE_INSERT_SUCCEEDED_ON_PATH_sum_total_pct,      100.000
UOP_CACHE_LINE_INSERT_SUCCEEDED_ON_PATH_mean,         2.98
UOP_CACHE_LINE_INSERT_SUCCEEDED_ON_PATH_stddev,         2.95
UOP_CACHE_LINE_INSERT_SUCCEEDED_ON_PATH_total_mean,         2.98
UOP_CACHE_LINE_INSERT_SUCCEEDED_ON_PATH_total_stddev,         2.95

UOP_CACHE_LINE_INSERT_FAILED_INST_TOO_BIG_OFF_PATH_count,             0
UOP_CACHE_LINE_INSERT_FAILED_INST_TOO_BIG_OFF_PATH_pct,        0.000
UOP_CACHE_LINE_INSERT_FAILED_INST_TOO_BIG_OFF_PATH_total_count,             0
UOP_CACHE_LINE_INSERT_FAILED_INST_TOO_BIG_OFF_PATH_total_pct,        0.000

UOP_CACHE_LINE_INSERT_FAILED_FT_TOO_BIG_OFF_PATH_count,             0
UOP_CACHE_LINE_INSERT_FAILED_FT_TOO_BIG_OFF_PATH_pct,        0.000
UOP_CACHE_LINE_INSERT_FAILED_FT_TOO_BIG_OFF_PATH_total_count,             0
UOP_CACHE_LINE_INSERT_FAILED_FT_TOO_BIG_OFF_PATH_total_pct,        0.000

UOP_CACHE_LINE_INSERT_CONFLICTED_SHORT_REUSE_OFF_PATH_count,         21244
UOP_CACHE_LINE_INSERT_CONFLICTED_SHORT_REUSE_OFF_PATH_pct,        1.845
UOP_CACHE_LINE_INSERT_CONFLICTED_SHORT_REUSE_OFF_PATH_total_count,         21244
UOP_CACHE_LINE_INSERT_CONFLICTED_SHORT_REUSE_OFF_PATH_total_pct,        1.845

UOP_CACHE_LINE_INSERT_SUCCEEDED_OFF_PATH_count,       1130056
UOP_CACHE_LINE_INSERT_SUCCEEDED_OFF_PATH_pct,       98.155
UOP_CACHE_LINE_INSERT_SUCCEEDED_OFF_PATH_total_count,       1130056
UOP_CACHE_LINE_INSERT_SUCCEEDED_OFF_PATH_total_pct,       98.155
UOP_CACHE_LINE_INSERT_SUCCEEDED_OFF_PATH_sum_count,       1151300
UOP_CACHE_LINE_INSERT_SUCCEEDED_OFF_PATH_sum_pct,      100.000
UOP_CACHE_LINE_INSERT_SUCCEEDED_OFF_PATH_sum_total_count,       1151300
UOP_CACHE_LINE_INSERT_SUCCEEDED_OFF_PATH_sum_total_pct,      100.000
UOP_CACHE_LINE_INSERT_SUCCEEDED_OFF_PATH_mean,         2.98
UOP_CACHE_LINE_INSERT_SUCCEEDED_OFF_PATH_stddev,         2.96
UOP_CACHE_LINE_INSERT_SUCCEEDED_OFF_PATH_total_mean,         2.98
UOP_CACHE_LINE_INSERT_SUCCEEDED_OFF_PATH_total_stddev,         2.96

RECOVER_AT_DECODE_BR_FROM_UOC_count,          7157
RECOVER_AT_DECODE_BR_FROM_UOC_total_count,          7157

UOP_CACHE_ICACHE_SWITCH_BR_NOT_TAKEN_RESTEERED_count,             0
UOP_CACHE_ICACHE_SWITCH_BR_NOT_TAKEN_RESTEERED_pct,         -nan
UOP_CACHE_ICACHE_SWITCH_BR_NOT_TAKEN_RESTEERED_total_count,             0
UOP_CACHE_ICACHE_SWITCH_BR_NOT_TAKEN_RESTEERED_total_pct,         -nan

UOP_CACHE_ICACHE_SWITCH_BR_NOT_TAKEN_CORRECT_PRED_count,             0
UOP_CACHE_ICACHE_SWITCH_BR_NOT_TAKEN_CORRECT_PRED_pct,         -nan
UOP_CACHE_ICACHE_SWITCH_BR_NOT_TAKEN_CORRECT_PRED_total_count,             0
UOP_CACHE_ICACHE_SWITCH_BR_NOT_TAKEN_CORRECT_PRED_total_pct,         -nan

UOP_CACHE_ICACHE_SWITCH_BR_TAKEN_RESTEERED_count,             0
UOP_CACHE_ICACHE_SWITCH_BR_TAKEN_RESTEERED_pct,         -nan
UOP_CACHE_ICACHE_SWITCH_BR_TAKEN_RESTEERED_total_count,             0
UOP_CACHE_ICACHE_SWITCH_BR_TAKEN_RESTEERED_total_pct,         -nan

UOP_CACHE_ICACHE_SWITCH_BR_TAKEN_CORRECT_PRED_count,             0
UOP_CACHE_ICACHE_SWITCH_BR_TAKEN_CORRECT_PRED_pct,         -nan
UOP_CACHE_ICACHE_SWITCH_BR_TAKEN_CORRECT_PRED_total_count,             0
UOP_CACHE_ICACHE_SWITCH_BR_TAKEN_CORRECT_PRED_total_pct,         -nan
UOP_CACHE_ICACHE_SWITCH_BR_TAKEN_CORRECT_PRED_sum_count,             0
UOP_CACHE_ICACHE_SWITCH_BR_TAKEN_CORRECT_PRED_sum_pct,         -nan
UOP_CACHE_ICACHE_SWITCH_BR_TAKEN_CORRECT_PRED_sum_total_count,             0
UOP_CACHE_ICACHE_SWITCH_BR_TAKEN_CORRECT_PRED_sum_total_pct,         -nan
UOP_CACHE_ICACHE_SWITCH_BR_TAKEN_CORRECT_PRED_mean,         -nan
UOP_CACHE_ICACHE_SWITCH_BR_TAKEN_CORRECT_PRED_stddev,         -nan
UOP_CACHE_ICACHE_SWITCH_BR_TAKEN_CORRECT_PRED_total_mean,         -nan
UOP_CACHE_ICACHE_SWITCH_BR_TAKEN_CORRECT_PRED_total_stddev,         -nan

UOP_CACHE_ICACHE_SWITCH_UOP_QUEUE_LENGTH_0_count,         69755
UOP_CACHE_ICACHE_SWITCH_UOP_QUEUE_LENGTH_0_pct,        6.165
UOP_CACHE_ICACHE_SWITCH_UOP_QUEUE_LENGTH_0_total_count,         69755
UOP_CACHE_ICACHE_SWITCH_UOP_QUEUE_LENGTH_0_total_pct,        6.165

UOP_CACHE_ICACHE_SWITCH_UOP_QUEUE_LENGTH_1_count,         77733
UOP_CACHE_ICACHE_SWITCH_UOP_QUEUE_LENGTH_1_pct,        6.870
UOP_CACHE_ICACHE_SWITCH_UOP_QUEUE_LENGTH_1_total_count,         77733
UOP_CACHE_ICACHE_SWITCH_UOP_QUEUE_LENGTH_1_total_pct,        6.870

UOP_CACHE_ICACHE_SWITCH_UOP_QUEUE_LENGTH_2_count,        118881
UOP_CACHE_ICACHE_SWITCH_UOP_QUEUE_LENGTH_2_pct,       10.507
UOP_CACHE_ICACHE_SWITCH_UOP_QUEUE_LENGTH_2_total_count,        118881
UOP_CACHE_ICACHE_SWITCH_UOP_QUEUE_LENGTH_2_total_pct,       10.507

UOP_CACHE_ICACHE_SWITCH_UOP_QUEUE_LENGTH_3_count,         94262
UOP_CACHE_ICACHE_SWITCH_UOP_QUEUE_LENGTH_3_pct,        8.331
UOP_CACHE_ICACHE_SWITCH_UOP_QUEUE_LENGTH_3_total_count,         94262
UOP_CACHE_ICACHE_SWITCH_UOP_QUEUE_LENGTH_3_total_pct,        8.331

UOP_CACHE_ICACHE_SWITCH_UOP_QUEUE_LENGTH_4_count,        117102
UOP_CACHE_ICACHE_SWITCH_UOP_QUEUE_LENGTH_4_pct,       10.349
UOP_CACHE_ICACHE_SWITCH_UOP_QUEUE_LENGTH_4_total_count,        117102
UOP_CACHE_ICACHE_SWITCH_UOP_QUEUE_LENGTH_4_total_pct,       10.349

UOP_CACHE_ICACHE_SWITCH_UOP_QUEUE_LENGTH_5_count,        144347
UOP_CACHE_ICACHE_SWITCH_UOP_QUEUE_LENGTH_5_pct,       12.757
UOP_CACHE_ICACHE_SWITCH_UOP_QUEUE_LENGTH_5_total_count,        144347
UOP_CACHE_ICACHE_SWITCH_UOP_QUEUE_LENGTH_5_total_pct,       12.757

UOP_CACHE_ICACHE_SWITCH_UOP_QUEUE_LENGTH_6_count,         88460
UOP_CACHE_ICACHE_SWITCH_UOP_QUEUE_LENGTH_6_pct,        7.818
UOP_CACHE_ICACHE_SWITCH_UOP_QUEUE_LENGTH_6_total_count,         88460
UOP_CACHE_ICACHE_SWITCH_UOP_QUEUE_LENGTH_6_total_pct,        7.818

UOP_CACHE_ICACHE_SWITCH_UOP_QUEUE_LENGTH_7_count,        420942
UOP_CACHE_ICACHE_SWITCH_UOP_QUEUE_LENGTH_7_pct,       37.203
UOP_CACHE_ICACHE_SWITCH_UOP_QUEUE_LENGTH_7_total_count,        420942
UOP_CACHE_ICACHE_SWITCH_UOP_QUEUE_LENGTH_7_total_pct,       37.203

UOP_CACHE_ICACHE_SWITCH_UOP_QUEUE_LENGTH_8_count,             0
UOP_CACHE_ICACHE_SWITCH_UOP_QUEUE_LENGTH_8_pct,        0.000
UOP_CACHE_ICACHE_SWITCH_UOP_QUEUE_LENGTH_8_total_count,             0
UOP_CACHE_ICACHE_SWITCH_UOP_QUEUE_LENGTH_8_total_pct,        0.000

UOP_CACHE_ICACHE_SWITCH_UOP_QUEUE_LENGTH_9_count,             0
UOP_CACHE_ICACHE_SWITCH_UOP_QUEUE_LENGTH_9_pct,        0.000
UOP_CACHE_ICACHE_SWITCH_UOP_QUEUE_LENGTH_9_total_count,             0
UOP_CACHE_ICACHE_SWITCH_UOP_QUEUE_LENGTH_9_total_pct,        0.000

UOP_CACHE_ICACHE_SWITCH_UOP_QUEUE_LENGTH_10_count,             0
UOP_CACHE_ICACHE_SWITCH_UOP_QUEUE_LENGTH_10_pct,        0.000
UOP_CACHE_ICACHE_SWITCH_UOP_QUEUE_LENGTH_10_total_count,             0
UOP_CACHE_ICACHE_SWITCH_UOP_QUEUE_LENGTH_10_total_pct,        0.000

UOP_CACHE_ICACHE_SWITCH_UOP_QUEUE_LENGTH_11_count,             0
UOP_CACHE_ICACHE_SWITCH_UOP_QUEUE_LENGTH_11_pct,        0.000
UOP_CACHE_ICACHE_SWITCH_UOP_QUEUE_LENGTH_11_total_count,             0
UOP_CACHE_ICACHE_SWITCH_UOP_QUEUE_LENGTH_11_total_pct,        0.000

UOP_CACHE_ICACHE_SWITCH_UOP_QUEUE_LENGTH_12_count,             0
UOP_CACHE_ICACHE_SWITCH_UOP_QUEUE_LENGTH_12_pct,        0.000
UOP_CACHE_ICACHE_SWITCH_UOP_QUEUE_LENGTH_12_total_count,             0
UOP_CACHE_ICACHE_SWITCH_UOP_QUEUE_LENGTH_12_total_pct,        0.000

UOP_CACHE_ICACHE_SWITCH_UOP_QUEUE_LENGTH_13_count,             0
UOP_CACHE_ICACHE_SWITCH_UOP_QUEUE_LENGTH_13_pct,        0.000
UOP_CACHE_ICACHE_SWITCH_UOP_QUEUE_LENGTH_13_total_count,             0
UOP_CACHE_ICACHE_SWITCH_UOP_QUEUE_LENGTH_13_total_pct,        0.000

UOP_CACHE_ICACHE_SWITCH_UOP_QUEUE_LENGTH_14_count,             0
UOP_CACHE_ICACHE_SWITCH_UOP_QUEUE_LENGTH_14_pct,        0.000
UOP_CACHE_ICACHE_SWITCH_UOP_QUEUE_LENGTH_14_total_count,             0
UOP_CACHE_ICACHE_SWITCH_UOP_QUEUE_LENGTH_14_total_pct,        0.000

UOP_CACHE_ICACHE_SWITCH_UOP_QUEUE_LENGTH_15_count,             0
UOP_CACHE_ICACHE_SWITCH_UOP_QUEUE_LENGTH_15_pct,        0.000
UOP_CACHE_ICACHE_SWITCH_UOP_QUEUE_LENGTH_15_total_count,             0
UOP_CACHE_ICACHE_SWITCH_UOP_QUEUE_LENGTH_15_total_pct,        0.000

UOP_CACHE_ICACHE_SWITCH_UOP_QUEUE_LENGTH_16_count,             0
UOP_CACHE_ICACHE_SWITCH_UOP_QUEUE_LENGTH_16_pct,        0.000
UOP_CACHE_ICACHE_SWITCH_UOP_QUEUE_LENGTH_16_total_count,             0
UOP_CACHE_ICACHE_SWITCH_UOP_QUEUE_LENGTH_16_total_pct,        0.000

UOP_CACHE_ICACHE_SWITCH_UOP_QUEUE_LENGTH_17_count,             0
UOP_CACHE_ICACHE_SWITCH_UOP_QUEUE_LENGTH_17_pct,        0.000
UOP_CACHE_ICACHE_SWITCH_UOP_QUEUE_LENGTH_17_total_count,             0
UOP_CACHE_ICACHE_SWITCH_UOP_QUEUE_LENGTH_17_total_pct,        0.000

UOP_CACHE_ICACHE_SWITCH_UOP_QUEUE_LENGTH_18_count,             0
UOP_CACHE_ICACHE_SWITCH_UOP_QUEUE_LENGTH_18_pct,        0.000
UOP_CACHE_ICACHE_SWITCH_UOP_QUEUE_LENGTH_18_total_count,             0
UOP_CACHE_ICACHE_SWITCH_UOP_QUEUE_LENGTH_18_total_pct,        0.000

UOP_CACHE_ICACHE_SWITCH_UOP_QUEUE_LENGTH_19_count,             0
UOP_CACHE_ICACHE_SWITCH_UOP_QUEUE_LENGTH_19_pct,        0.000
UOP_CACHE_ICACHE_SWITCH_UOP_QUEUE_LENGTH_19_total_count,             0
UOP_CACHE_ICACHE_SWITCH_UOP_QUEUE_LENGTH_19_total_pct,        0.000

UOP_CACHE_ICACHE_SWITCH_UOP_QUEUE_LENGTH_20_count,             0
UOP_CACHE_ICACHE_SWITCH_UOP_QUEUE_LENGTH_20_pct,        0.000
UOP_CACHE_ICACHE_SWITCH_UOP_QUEUE_LENGTH_20_total_count,             0
UOP_CACHE_ICACHE_SWITCH_UOP_QUEUE_LENGTH_20_total_pct,        0.000
UOP_CACHE_ICACHE_SWITCH_UOP_QUEUE_LENGTH_20_sum_count,       1131482
UOP_CACHE_ICACHE_SWITCH_UOP_QUEUE_LENGTH_20_sum_pct,      100.000
UOP_CACHE_ICACHE_SWITCH_UOP_QUEUE_LENGTH_20_sum_total_count,       1131482
UOP_CACHE_ICACHE_SWITCH_UOP_QUEUE_LENGTH_20_sum_total_pct,      100.000
UOP_CACHE_ICACHE_SWITCH_UOP_QUEUE_LENGTH_20_mean,         4.65
UOP_CACHE_ICACHE_SWITCH_UOP_QUEUE_LENGTH_20_stddev,         2.03
UOP_CACHE_ICACHE_SWITCH_UOP_QUEUE_LENGTH_20_total_mean,         4.65
UOP_CACHE_ICACHE_SWITCH_UOP_QUEUE_LENGTH_20_total_stddev,         2.03

UOP_CACHE_ICACHE_SWITCH_UOP_QUEUE_LENGTH_OFFPATH_0_count,          7254
UOP_CACHE_ICACHE_SWITCH_UOP_QUEUE_LENGTH_OFFPATH_0_pct,        4.106
UOP_CACHE_ICACHE_SWITCH_UOP_QUEUE_LENGTH_OFFPATH_0_total_count,          7254
UOP_CACHE_ICACHE_SWITCH_UOP_QUEUE_LENGTH_OFFPATH_0_total_pct,        4.106

UOP_CACHE_ICACHE_SWITCH_UOP_QUEUE_LENGTH_OFFPATH_1_count,         16384
UOP_CACHE_ICACHE_SWITCH_UOP_QUEUE_LENGTH_OFFPATH_1_pct,        9.274
UOP_CACHE_ICACHE_SWITCH_UOP_QUEUE_LENGTH_OFFPATH_1_total_count,         16384
UOP_CACHE_ICACHE_SWITCH_UOP_QUEUE_LENGTH_OFFPATH_1_total_pct,        9.274

UOP_CACHE_ICACHE_SWITCH_UOP_QUEUE_LENGTH_OFFPATH_2_count,         18535
UOP_CACHE_ICACHE_SWITCH_UOP_QUEUE_LENGTH_OFFPATH_2_pct,       10.492
UOP_CACHE_ICACHE_SWITCH_UOP_QUEUE_LENGTH_OFFPATH_2_total_count,         18535
UOP_CACHE_ICACHE_SWITCH_UOP_QUEUE_LENGTH_OFFPATH_2_total_pct,       10.492

UOP_CACHE_ICACHE_SWITCH_UOP_QUEUE_LENGTH_OFFPATH_3_count,         22003
UOP_CACHE_ICACHE_SWITCH_UOP_QUEUE_LENGTH_OFFPATH_3_pct,       12.455
UOP_CACHE_ICACHE_SWITCH_UOP_QUEUE_LENGTH_OFFPATH_3_total_count,         22003
UOP_CACHE_ICACHE_SWITCH_UOP_QUEUE_LENGTH_OFFPATH_3_total_pct,       12.455

UOP_CACHE_ICACHE_SWITCH_UOP_QUEUE_LENGTH_OFFPATH_4_count,         19360
UOP_CACHE_ICACHE_SWITCH_UOP_QUEUE_LENGTH_OFFPATH_4_pct,       10.959
UOP_CACHE_ICACHE_SWITCH_UOP_QUEUE_LENGTH_OFFPATH_4_total_count,         19360
UOP_CACHE_ICACHE_SWITCH_UOP_QUEUE_LENGTH_OFFPATH_4_total_pct,       10.959

UOP_CACHE_ICACHE_SWITCH_UOP_QUEUE_LENGTH_OFFPATH_5_count,         18466
UOP_CACHE_ICACHE_SWITCH_UOP_QUEUE_LENGTH_OFFPATH_5_pct,       10.453
UOP_CACHE_ICACHE_SWITCH_UOP_QUEUE_LENGTH_OFFPATH_5_total_count,         18466
UOP_CACHE_ICACHE_SWITCH_UOP_QUEUE_LENGTH_OFFPATH_5_total_pct,       10.453

UOP_CACHE_ICACHE_SWITCH_UOP_QUEUE_LENGTH_OFFPATH_6_count,         14614
UOP_CACHE_ICACHE_SWITCH_UOP_QUEUE_LENGTH_OFFPATH_6_pct,        8.272
UOP_CACHE_ICACHE_SWITCH_UOP_QUEUE_LENGTH_OFFPATH_6_total_count,         14614
UOP_CACHE_ICACHE_SWITCH_UOP_QUEUE_LENGTH_OFFPATH_6_total_pct,        8.272

UOP_CACHE_ICACHE_SWITCH_UOP_QUEUE_LENGTH_OFFPATH_7_count,         60048
UOP_CACHE_ICACHE_SWITCH_UOP_QUEUE_LENGTH_OFFPATH_7_pct,       33.990
UOP_CACHE_ICACHE_SWITCH_UOP_QUEUE_LENGTH_OFFPATH_7_total_count,         60048
UOP_CACHE_ICACHE_SWITCH_UOP_QUEUE_LENGTH_OFFPATH_7_total_pct,       33.990

UOP_CACHE_ICACHE_SWITCH_UOP_QUEUE_LENGTH_OFFPATH_8_count,             0
UOP_CACHE_ICACHE_SWITCH_UOP_QUEUE_LENGTH_OFFPATH_8_pct,        0.000
UOP_CACHE_ICACHE_SWITCH_UOP_QUEUE_LENGTH_OFFPATH_8_total_count,             0
UOP_CACHE_ICACHE_SWITCH_UOP_QUEUE_LENGTH_OFFPATH_8_total_pct,        0.000

UOP_CACHE_ICACHE_SWITCH_UOP_QUEUE_LENGTH_OFFPATH_9_count,             0
UOP_CACHE_ICACHE_SWITCH_UOP_QUEUE_LENGTH_OFFPATH_9_pct,        0.000
UOP_CACHE_ICACHE_SWITCH_UOP_QUEUE_LENGTH_OFFPATH_9_total_count,             0
UOP_CACHE_ICACHE_SWITCH_UOP_QUEUE_LENGTH_OFFPATH_9_total_pct,        0.000

UOP_CACHE_ICACHE_SWITCH_UOP_QUEUE_LENGTH_OFFPATH_10_count,             0
UOP_CACHE_ICACHE_SWITCH_UOP_QUEUE_LENGTH_OFFPATH_10_pct,        0.000
UOP_CACHE_ICACHE_SWITCH_UOP_QUEUE_LENGTH_OFFPATH_10_total_count,             0
UOP_CACHE_ICACHE_SWITCH_UOP_QUEUE_LENGTH_OFFPATH_10_total_pct,        0.000

UOP_CACHE_ICACHE_SWITCH_UOP_QUEUE_LENGTH_OFFPATH_11_count,             0
UOP_CACHE_ICACHE_SWITCH_UOP_QUEUE_LENGTH_OFFPATH_11_pct,        0.000
UOP_CACHE_ICACHE_SWITCH_UOP_QUEUE_LENGTH_OFFPATH_11_total_count,             0
UOP_CACHE_ICACHE_SWITCH_UOP_QUEUE_LENGTH_OFFPATH_11_total_pct,        0.000

UOP_CACHE_ICACHE_SWITCH_UOP_QUEUE_LENGTH_OFFPATH_12_count,             0
UOP_CACHE_ICACHE_SWITCH_UOP_QUEUE_LENGTH_OFFPATH_12_pct,        0.000
UOP_CACHE_ICACHE_SWITCH_UOP_QUEUE_LENGTH_OFFPATH_12_total_count,             0
UOP_CACHE_ICACHE_SWITCH_UOP_QUEUE_LENGTH_OFFPATH_12_total_pct,        0.000

UOP_CACHE_ICACHE_SWITCH_UOP_QUEUE_LENGTH_OFFPATH_13_count,             0
UOP_CACHE_ICACHE_SWITCH_UOP_QUEUE_LENGTH_OFFPATH_13_pct,        0.000
UOP_CACHE_ICACHE_SWITCH_UOP_QUEUE_LENGTH_OFFPATH_13_total_count,             0
UOP_CACHE_ICACHE_SWITCH_UOP_QUEUE_LENGTH_OFFPATH_13_total_pct,        0.000

UOP_CACHE_ICACHE_SWITCH_UOP_QUEUE_LENGTH_OFFPATH_14_count,             0
UOP_CACHE_ICACHE_SWITCH_UOP_QUEUE_LENGTH_OFFPATH_14_pct,        0.000
UOP_CACHE_ICACHE_SWITCH_UOP_QUEUE_LENGTH_OFFPATH_14_total_count,             0
UOP_CACHE_ICACHE_SWITCH_UOP_QUEUE_LENGTH_OFFPATH_14_total_pct,        0.000

UOP_CACHE_ICACHE_SWITCH_UOP_QUEUE_LENGTH_OFFPATH_15_count,             0
UOP_CACHE_ICACHE_SWITCH_UOP_QUEUE_LENGTH_OFFPATH_15_pct,        0.000
UOP_CACHE_ICACHE_SWITCH_UOP_QUEUE_LENGTH_OFFPATH_15_total_count,             0
UOP_CACHE_ICACHE_SWITCH_UOP_QUEUE_LENGTH_OFFPATH_15_total_pct,        0.000

UOP_CACHE_ICACHE_SWITCH_UOP_QUEUE_LENGTH_OFFPATH_16_count,             0
UOP_CACHE_ICACHE_SWITCH_UOP_QUEUE_LENGTH_OFFPATH_16_pct,        0.000
UOP_CACHE_ICACHE_SWITCH_UOP_QUEUE_LENGTH_OFFPATH_16_total_count,             0
UOP_CACHE_ICACHE_SWITCH_UOP_QUEUE_LENGTH_OFFPATH_16_total_pct,        0.000

UOP_CACHE_ICACHE_SWITCH_UOP_QUEUE_LENGTH_OFFPATH_17_count,             0
UOP_CACHE_ICACHE_SWITCH_UOP_QUEUE_LENGTH_OFFPATH_17_pct,        0.000
UOP_CACHE_ICACHE_SWITCH_UOP_QUEUE_LENGTH_OFFPATH_17_total_count,             0
UOP_CACHE_ICACHE_SWITCH_UOP_QUEUE_LENGTH_OFFPATH_17_total_pct,        0.000

UOP_CACHE_ICACHE_SWITCH_UOP_QUEUE_LENGTH_OFFPATH_18_count,             0
UOP_CACHE_ICACHE_SWITCH_UOP_QUEUE_LENGTH_OFFPATH_18_pct,        0.000
UOP_CACHE_ICACHE_SWITCH_UOP_QUEUE_LENGTH_OFFPATH_18_total_count,             0
UOP_CACHE_ICACHE_SWITCH_UOP_QUEUE_LENGTH_OFFPATH_18_total_pct,        0.000

UOP_CACHE_ICACHE_SWITCH_UOP_QUEUE_LENGTH_OFFPATH_19_count,             0
UOP_CACHE_ICACHE_SWITCH_UOP_QUEUE_LENGTH_OFFPATH_19_pct,        0.000
UOP_CACHE_ICACHE_SWITCH_UOP_QUEUE_LENGTH_OFFPATH_19_total_count,             0
UOP_CACHE_ICACHE_SWITCH_UOP_QUEUE_LENGTH_OFFPATH_19_total_pct,        0.000

UOP_CACHE_ICACHE_SWITCH_UOP_QUEUE_LENGTH_OFFPATH_20_count,             0
UOP_CACHE_ICACHE_SWITCH_UOP_QUEUE_LENGTH_OFFPATH_20_pct,        0.000
UOP_CACHE_ICACHE_SWITCH_UOP_QUEUE_LENGTH_OFFPATH_20_total_count,             0
UOP_CACHE_ICACHE_SWITCH_UOP_QUEUE_LENGTH_OFFPATH_20_total_pct,        0.000
UOP_CACHE_ICACHE_SWITCH_UOP_QUEUE_LENGTH_OFFPATH_20_sum_count,        176664
UOP_CACHE_ICACHE_SWITCH_UOP_QUEUE_LENGTH_OFFPATH_20_sum_pct,      100.000
UOP_CACHE_ICACHE_SWITCH_UOP_QUEUE_LENGTH_OFFPATH_20_sum_total_count,        176664
UOP_CACHE_ICACHE_SWITCH_UOP_QUEUE_LENGTH_OFFPATH_20_sum_total_pct,      100.000
UOP_CACHE_ICACHE_SWITCH_UOP_QUEUE_LENGTH_OFFPATH_20_mean,         4.51
UOP_CACHE_ICACHE_SWITCH_UOP_QUEUE_LENGTH_OFFPATH_20_stddev,         2.11
UOP_CACHE_ICACHE_SWITCH_UOP_QUEUE_LENGTH_OFFPATH_20_total_mean,         4.51
UOP_CACHE_ICACHE_SWITCH_UOP_QUEUE_LENGTH_OFFPATH_20_total_stddev,         2.11

UOP_CACHE_ICACHE_SWITCH_UOP_QUEUE_PLUS_DECODE_LENGTH_0_count,         69755
UOP_CACHE_ICACHE_SWITCH_UOP_QUEUE_PLUS_DECODE_LENGTH_0_pct,        6.165
UOP_CACHE_ICACHE_SWITCH_UOP_QUEUE_PLUS_DECODE_LENGTH_0_total_count,         69755
UOP_CACHE_ICACHE_SWITCH_UOP_QUEUE_PLUS_DECODE_LENGTH_0_total_pct,        6.165

UOP_CACHE_ICACHE_SWITCH_UOP_QUEUE_PLUS_DECODE_LENGTH_1_count,            65
UOP_CACHE_ICACHE_SWITCH_UOP_QUEUE_PLUS_DECODE_LENGTH_1_pct,        0.006
UOP_CACHE_ICACHE_SWITCH_UOP_QUEUE_PLUS_DECODE_LENGTH_1_total_count,            65
UOP_CACHE_ICACHE_SWITCH_UOP_QUEUE_PLUS_DECODE_LENGTH_1_total_pct,        0.006

UOP_CACHE_ICACHE_SWITCH_UOP_QUEUE_PLUS_DECODE_LENGTH_2_count,          3211
UOP_CACHE_ICACHE_SWITCH_UOP_QUEUE_PLUS_DECODE_LENGTH_2_pct,        0.284
UOP_CACHE_ICACHE_SWITCH_UOP_QUEUE_PLUS_DECODE_LENGTH_2_total_count,          3211
UOP_CACHE_ICACHE_SWITCH_UOP_QUEUE_PLUS_DECODE_LENGTH_2_total_pct,        0.284

UOP_CACHE_ICACHE_SWITCH_UOP_QUEUE_PLUS_DECODE_LENGTH_3_count,          7017
UOP_CACHE_ICACHE_SWITCH_UOP_QUEUE_PLUS_DECODE_LENGTH_3_pct,        0.620
UOP_CACHE_ICACHE_SWITCH_UOP_QUEUE_PLUS_DECODE_LENGTH_3_total_count,          7017
UOP_CACHE_ICACHE_SWITCH_UOP_QUEUE_PLUS_DECODE_LENGTH_3_total_pct,        0.620

UOP_CACHE_ICACHE_SWITCH_UOP_QUEUE_PLUS_DECODE_LENGTH_4_count,          9500
UOP_CACHE_ICACHE_SWITCH_UOP_QUEUE_PLUS_DECODE_LENGTH_4_pct,        0.840
UOP_CACHE_ICACHE_SWITCH_UOP_QUEUE_PLUS_DECODE_LENGTH_4_total_count,          9500
UOP_CACHE_ICACHE_SWITCH_UOP_QUEUE_PLUS_DECODE_LENGTH_4_total_pct,        0.840

UOP_CACHE_ICACHE_SWITCH_UOP_QUEUE_PLUS_DECODE_LENGTH_5_count,          7668
UOP_CACHE_ICACHE_SWITCH_UOP_QUEUE_PLUS_DECODE_LENGTH_5_pct,        0.678
UOP_CACHE_ICACHE_SWITCH_UOP_QUEUE_PLUS_DECODE_LENGTH_5_total_count,          7668
UOP_CACHE_ICACHE_SWITCH_UOP_QUEUE_PLUS_DECODE_LENGTH_5_total_pct,        0.678

UOP_CACHE_ICACHE_SWITCH_UOP_QUEUE_PLUS_DECODE_LENGTH_6_count,         10338
UOP_CACHE_ICACHE_SWITCH_UOP_QUEUE_PLUS_DECODE_LENGTH_6_pct,        0.914
UOP_CACHE_ICACHE_SWITCH_UOP_QUEUE_PLUS_DECODE_LENGTH_6_total_count,         10338
UOP_CACHE_ICACHE_SWITCH_UOP_QUEUE_PLUS_DECODE_LENGTH_6_total_pct,        0.914

UOP_CACHE_ICACHE_SWITCH_UOP_QUEUE_PLUS_DECODE_LENGTH_7_count,       1004332
UOP_CACHE_ICACHE_SWITCH_UOP_QUEUE_PLUS_DECODE_LENGTH_7_pct,       88.763
UOP_CACHE_ICACHE_SWITCH_UOP_QUEUE_PLUS_DECODE_LENGTH_7_total_count,       1004332
UOP_CACHE_ICACHE_SWITCH_UOP_QUEUE_PLUS_DECODE_LENGTH_7_total_pct,       88.763

UOP_CACHE_ICACHE_SWITCH_UOP_QUEUE_PLUS_DECODE_LENGTH_8_count,          6468
UOP_CACHE_ICACHE_SWITCH_UOP_QUEUE_PLUS_DECODE_LENGTH_8_pct,        0.572
UOP_CACHE_ICACHE_SWITCH_UOP_QUEUE_PLUS_DECODE_LENGTH_8_total_count,          6468
UOP_CACHE_ICACHE_SWITCH_UOP_QUEUE_PLUS_DECODE_LENGTH_8_total_pct,        0.572

UOP_CACHE_ICACHE_SWITCH_UOP_QUEUE_PLUS_DECODE_LENGTH_9_count,          4039
UOP_CACHE_ICACHE_SWITCH_UOP_QUEUE_PLUS_DECODE_LENGTH_9_pct,        0.357
UOP_CACHE_ICACHE_SWITCH_UOP_QUEUE_PLUS_DECODE_LENGTH_9_total_count,          4039
UOP_CACHE_ICACHE_SWITCH_UOP_QUEUE_PLUS_DECODE_LENGTH_9_total_pct,        0.357

UOP_CACHE_ICACHE_SWITCH_UOP_QUEUE_PLUS_DECODE_LENGTH_10_count,          4096
UOP_CACHE_ICACHE_SWITCH_UOP_QUEUE_PLUS_DECODE_LENGTH_10_pct,        0.362
UOP_CACHE_ICACHE_SWITCH_UOP_QUEUE_PLUS_DECODE_LENGTH_10_total_count,          4096
UOP_CACHE_ICACHE_SWITCH_UOP_QUEUE_PLUS_DECODE_LENGTH_10_total_pct,        0.362

UOP_CACHE_ICACHE_SWITCH_UOP_QUEUE_PLUS_DECODE_LENGTH_11_count,          1397
UOP_CACHE_ICACHE_SWITCH_UOP_QUEUE_PLUS_DECODE_LENGTH_11_pct,        0.123
UOP_CACHE_ICACHE_SWITCH_UOP_QUEUE_PLUS_DECODE_LENGTH_11_total_count,          1397
UOP_CACHE_ICACHE_SWITCH_UOP_QUEUE_PLUS_DECODE_LENGTH_11_total_pct,        0.123

UOP_CACHE_ICACHE_SWITCH_UOP_QUEUE_PLUS_DECODE_LENGTH_12_count,          2028
UOP_CACHE_ICACHE_SWITCH_UOP_QUEUE_PLUS_DECODE_LENGTH_12_pct,        0.179
UOP_CACHE_ICACHE_SWITCH_UOP_QUEUE_PLUS_DECODE_LENGTH_12_total_count,          2028
UOP_CACHE_ICACHE_SWITCH_UOP_QUEUE_PLUS_DECODE_LENGTH_12_total_pct,        0.179

UOP_CACHE_ICACHE_SWITCH_UOP_QUEUE_PLUS_DECODE_LENGTH_13_count,           820
UOP_CACHE_ICACHE_SWITCH_UOP_QUEUE_PLUS_DECODE_LENGTH_13_pct,        0.072
UOP_CACHE_ICACHE_SWITCH_UOP_QUEUE_PLUS_DECODE_LENGTH_13_total_count,           820
UOP_CACHE_ICACHE_SWITCH_UOP_QUEUE_PLUS_DECODE_LENGTH_13_total_pct,        0.072

UOP_CACHE_ICACHE_SWITCH_UOP_QUEUE_PLUS_DECODE_LENGTH_14_count,           748
UOP_CACHE_ICACHE_SWITCH_UOP_QUEUE_PLUS_DECODE_LENGTH_14_pct,        0.066
UOP_CACHE_ICACHE_SWITCH_UOP_QUEUE_PLUS_DECODE_LENGTH_14_total_count,           748
UOP_CACHE_ICACHE_SWITCH_UOP_QUEUE_PLUS_DECODE_LENGTH_14_total_pct,        0.066

UOP_CACHE_ICACHE_SWITCH_UOP_QUEUE_PLUS_DECODE_LENGTH_15_count,             0
UOP_CACHE_ICACHE_SWITCH_UOP_QUEUE_PLUS_DECODE_LENGTH_15_pct,        0.000
UOP_CACHE_ICACHE_SWITCH_UOP_QUEUE_PLUS_DECODE_LENGTH_15_total_count,             0
UOP_CACHE_ICACHE_SWITCH_UOP_QUEUE_PLUS_DECODE_LENGTH_15_total_pct,        0.000

UOP_CACHE_ICACHE_SWITCH_UOP_QUEUE_PLUS_DECODE_LENGTH_16_count,             0
UOP_CACHE_ICACHE_SWITCH_UOP_QUEUE_PLUS_DECODE_LENGTH_16_pct,        0.000
UOP_CACHE_ICACHE_SWITCH_UOP_QUEUE_PLUS_DECODE_LENGTH_16_total_count,             0
UOP_CACHE_ICACHE_SWITCH_UOP_QUEUE_PLUS_DECODE_LENGTH_16_total_pct,        0.000

UOP_CACHE_ICACHE_SWITCH_UOP_QUEUE_PLUS_DECODE_LENGTH_17_count,             0
UOP_CACHE_ICACHE_SWITCH_UOP_QUEUE_PLUS_DECODE_LENGTH_17_pct,        0.000
UOP_CACHE_ICACHE_SWITCH_UOP_QUEUE_PLUS_DECODE_LENGTH_17_total_count,             0
UOP_CACHE_ICACHE_SWITCH_UOP_QUEUE_PLUS_DECODE_LENGTH_17_total_pct,        0.000

UOP_CACHE_ICACHE_SWITCH_UOP_QUEUE_PLUS_DECODE_LENGTH_18_count,             0
UOP_CACHE_ICACHE_SWITCH_UOP_QUEUE_PLUS_DECODE_LENGTH_18_pct,        0.000
UOP_CACHE_ICACHE_SWITCH_UOP_QUEUE_PLUS_DECODE_LENGTH_18_total_count,             0
UOP_CACHE_ICACHE_SWITCH_UOP_QUEUE_PLUS_DECODE_LENGTH_18_total_pct,        0.000

UOP_CACHE_ICACHE_SWITCH_UOP_QUEUE_PLUS_DECODE_LENGTH_19_count,             0
UOP_CACHE_ICACHE_SWITCH_UOP_QUEUE_PLUS_DECODE_LENGTH_19_pct,        0.000
UOP_CACHE_ICACHE_SWITCH_UOP_QUEUE_PLUS_DECODE_LENGTH_19_total_count,             0
UOP_CACHE_ICACHE_SWITCH_UOP_QUEUE_PLUS_DECODE_LENGTH_19_total_pct,        0.000

UOP_CACHE_ICACHE_SWITCH_UOP_QUEUE_PLUS_DECODE_LENGTH_20_count,             0
UOP_CACHE_ICACHE_SWITCH_UOP_QUEUE_PLUS_DECODE_LENGTH_20_pct,        0.000
UOP_CACHE_ICACHE_SWITCH_UOP_QUEUE_PLUS_DECODE_LENGTH_20_total_count,             0
UOP_CACHE_ICACHE_SWITCH_UOP_QUEUE_PLUS_DECODE_LENGTH_20_total_pct,        0.000
UOP_CACHE_ICACHE_SWITCH_UOP_QUEUE_PLUS_DECODE_LENGTH_20_sum_count,       1131482
UOP_CACHE_ICACHE_SWITCH_UOP_QUEUE_PLUS_DECODE_LENGTH_20_sum_pct,      100.000
UOP_CACHE_ICACHE_SWITCH_UOP_QUEUE_PLUS_DECODE_LENGTH_20_sum_total_count,       1131482
UOP_CACHE_ICACHE_SWITCH_UOP_QUEUE_PLUS_DECODE_LENGTH_20_sum_total_pct,      100.000
UOP_CACHE_ICACHE_SWITCH_UOP_QUEUE_PLUS_DECODE_LENGTH_20_mean,         6.53
UOP_CACHE_ICACHE_SWITCH_UOP_QUEUE_PLUS_DECODE_LENGTH_20_stddev,         0.79
UOP_CACHE_ICACHE_SWITCH_UOP_QUEUE_PLUS_DECODE_LENGTH_20_total_mean,         6.53
UOP_CACHE_ICACHE_SWITCH_UOP_QUEUE_PLUS_DECODE_LENGTH_20_total_stddev,         0.79

UOP_CACHE_ICACHE_SWITCH_UOP_QUEUE_PLUS_DECODE_LENGTH_OFFPATH_0_count,          7254
UOP_CACHE_ICACHE_SWITCH_UOP_QUEUE_PLUS_DECODE_LENGTH_OFFPATH_0_pct,        4.106
UOP_CACHE_ICACHE_SWITCH_UOP_QUEUE_PLUS_DECODE_LENGTH_OFFPATH_0_total_count,          7254
UOP_CACHE_ICACHE_SWITCH_UOP_QUEUE_PLUS_DECODE_LENGTH_OFFPATH_0_total_pct,        4.106

UOP_CACHE_ICACHE_SWITCH_UOP_QUEUE_PLUS_DECODE_LENGTH_OFFPATH_1_count,             5
UOP_CACHE_ICACHE_SWITCH_UOP_QUEUE_PLUS_DECODE_LENGTH_OFFPATH_1_pct,        0.003
UOP_CACHE_ICACHE_SWITCH_UOP_QUEUE_PLUS_DECODE_LENGTH_OFFPATH_1_total_count,             5
UOP_CACHE_ICACHE_SWITCH_UOP_QUEUE_PLUS_DECODE_LENGTH_OFFPATH_1_total_pct,        0.003

UOP_CACHE_ICACHE_SWITCH_UOP_QUEUE_PLUS_DECODE_LENGTH_OFFPATH_2_count,           368
UOP_CACHE_ICACHE_SWITCH_UOP_QUEUE_PLUS_DECODE_LENGTH_OFFPATH_2_pct,        0.208
UOP_CACHE_ICACHE_SWITCH_UOP_QUEUE_PLUS_DECODE_LENGTH_OFFPATH_2_total_count,           368
UOP_CACHE_ICACHE_SWITCH_UOP_QUEUE_PLUS_DECODE_LENGTH_OFFPATH_2_total_pct,        0.208

UOP_CACHE_ICACHE_SWITCH_UOP_QUEUE_PLUS_DECODE_LENGTH_OFFPATH_3_count,           917
UOP_CACHE_ICACHE_SWITCH_UOP_QUEUE_PLUS_DECODE_LENGTH_OFFPATH_3_pct,        0.519
UOP_CACHE_ICACHE_SWITCH_UOP_QUEUE_PLUS_DECODE_LENGTH_OFFPATH_3_total_count,           917
UOP_CACHE_ICACHE_SWITCH_UOP_QUEUE_PLUS_DECODE_LENGTH_OFFPATH_3_total_pct,        0.519

UOP_CACHE_ICACHE_SWITCH_UOP_QUEUE_PLUS_DECODE_LENGTH_OFFPATH_4_count,          1398
UOP_CACHE_ICACHE_SWITCH_UOP_QUEUE_PLUS_DECODE_LENGTH_OFFPATH_4_pct,        0.791
UOP_CACHE_ICACHE_SWITCH_UOP_QUEUE_PLUS_DECODE_LENGTH_OFFPATH_4_total_count,          1398
UOP_CACHE_ICACHE_SWITCH_UOP_QUEUE_PLUS_DECODE_LENGTH_OFFPATH_4_total_pct,        0.791

UOP_CACHE_ICACHE_SWITCH_UOP_QUEUE_PLUS_DECODE_LENGTH_OFFPATH_5_count,          1946
UOP_CACHE_ICACHE_SWITCH_UOP_QUEUE_PLUS_DECODE_LENGTH_OFFPATH_5_pct,        1.102
UOP_CACHE_ICACHE_SWITCH_UOP_QUEUE_PLUS_DECODE_LENGTH_OFFPATH_5_total_count,          1946
UOP_CACHE_ICACHE_SWITCH_UOP_QUEUE_PLUS_DECODE_LENGTH_OFFPATH_5_total_pct,        1.102

UOP_CACHE_ICACHE_SWITCH_UOP_QUEUE_PLUS_DECODE_LENGTH_OFFPATH_6_count,          2747
UOP_CACHE_ICACHE_SWITCH_UOP_QUEUE_PLUS_DECODE_LENGTH_OFFPATH_6_pct,        1.555
UOP_CACHE_ICACHE_SWITCH_UOP_QUEUE_PLUS_DECODE_LENGTH_OFFPATH_6_total_count,          2747
UOP_CACHE_ICACHE_SWITCH_UOP_QUEUE_PLUS_DECODE_LENGTH_OFFPATH_6_total_pct,        1.555

UOP_CACHE_ICACHE_SWITCH_UOP_QUEUE_PLUS_DECODE_LENGTH_OFFPATH_7_count,        158801
UOP_CACHE_ICACHE_SWITCH_UOP_QUEUE_PLUS_DECODE_LENGTH_OFFPATH_7_pct,       89.889
UOP_CACHE_ICACHE_SWITCH_UOP_QUEUE_PLUS_DECODE_LENGTH_OFFPATH_7_total_count,        158801
UOP_CACHE_ICACHE_SWITCH_UOP_QUEUE_PLUS_DECODE_LENGTH_OFFPATH_7_total_pct,       89.889

UOP_CACHE_ICACHE_SWITCH_UOP_QUEUE_PLUS_DECODE_LENGTH_OFFPATH_8_count,          1323
UOP_CACHE_ICACHE_SWITCH_UOP_QUEUE_PLUS_DECODE_LENGTH_OFFPATH_8_pct,        0.749
UOP_CACHE_ICACHE_SWITCH_UOP_QUEUE_PLUS_DECODE_LENGTH_OFFPATH_8_total_count,          1323
UOP_CACHE_ICACHE_SWITCH_UOP_QUEUE_PLUS_DECODE_LENGTH_OFFPATH_8_total_pct,        0.749

UOP_CACHE_ICACHE_SWITCH_UOP_QUEUE_PLUS_DECODE_LENGTH_OFFPATH_9_count,           740
UOP_CACHE_ICACHE_SWITCH_UOP_QUEUE_PLUS_DECODE_LENGTH_OFFPATH_9_pct,        0.419
UOP_CACHE_ICACHE_SWITCH_UOP_QUEUE_PLUS_DECODE_LENGTH_OFFPATH_9_total_count,           740
UOP_CACHE_ICACHE_SWITCH_UOP_QUEUE_PLUS_DECODE_LENGTH_OFFPATH_9_total_pct,        0.419

UOP_CACHE_ICACHE_SWITCH_UOP_QUEUE_PLUS_DECODE_LENGTH_OFFPATH_10_count,           388
UOP_CACHE_ICACHE_SWITCH_UOP_QUEUE_PLUS_DECODE_LENGTH_OFFPATH_10_pct,        0.220
UOP_CACHE_ICACHE_SWITCH_UOP_QUEUE_PLUS_DECODE_LENGTH_OFFPATH_10_total_count,           388
UOP_CACHE_ICACHE_SWITCH_UOP_QUEUE_PLUS_DECODE_LENGTH_OFFPATH_10_total_pct,        0.220

UOP_CACHE_ICACHE_SWITCH_UOP_QUEUE_PLUS_DECODE_LENGTH_OFFPATH_11_count,           278
UOP_CACHE_ICACHE_SWITCH_UOP_QUEUE_PLUS_DECODE_LENGTH_OFFPATH_11_pct,        0.157
UOP_CACHE_ICACHE_SWITCH_UOP_QUEUE_PLUS_DECODE_LENGTH_OFFPATH_11_total_count,           278
UOP_CACHE_ICACHE_SWITCH_UOP_QUEUE_PLUS_DECODE_LENGTH_OFFPATH_11_total_pct,        0.157

UOP_CACHE_ICACHE_SWITCH_UOP_QUEUE_PLUS_DECODE_LENGTH_OFFPATH_12_count,           325
UOP_CACHE_ICACHE_SWITCH_UOP_QUEUE_PLUS_DECODE_LENGTH_OFFPATH_12_pct,        0.184
UOP_CACHE_ICACHE_SWITCH_UOP_QUEUE_PLUS_DECODE_LENGTH_OFFPATH_12_total_count,           325
UOP_CACHE_ICACHE_SWITCH_UOP_QUEUE_PLUS_DECODE_LENGTH_OFFPATH_12_total_pct,        0.184

UOP_CACHE_ICACHE_SWITCH_UOP_QUEUE_PLUS_DECODE_LENGTH_OFFPATH_13_count,           133
UOP_CACHE_ICACHE_SWITCH_UOP_QUEUE_PLUS_DECODE_LENGTH_OFFPATH_13_pct,        0.075
UOP_CACHE_ICACHE_SWITCH_UOP_QUEUE_PLUS_DECODE_LENGTH_OFFPATH_13_total_count,           133
UOP_CACHE_ICACHE_SWITCH_UOP_QUEUE_PLUS_DECODE_LENGTH_OFFPATH_13_total_pct,        0.075

UOP_CACHE_ICACHE_SWITCH_UOP_QUEUE_PLUS_DECODE_LENGTH_OFFPATH_14_count,            41
UOP_CACHE_ICACHE_SWITCH_UOP_QUEUE_PLUS_DECODE_LENGTH_OFFPATH_14_pct,        0.023
UOP_CACHE_ICACHE_SWITCH_UOP_QUEUE_PLUS_DECODE_LENGTH_OFFPATH_14_total_count,            41
UOP_CACHE_ICACHE_SWITCH_UOP_QUEUE_PLUS_DECODE_LENGTH_OFFPATH_14_total_pct,        0.023

UOP_CACHE_ICACHE_SWITCH_UOP_QUEUE_PLUS_DECODE_LENGTH_OFFPATH_15_count,             0
UOP_CACHE_ICACHE_SWITCH_UOP_QUEUE_PLUS_DECODE_LENGTH_OFFPATH_15_pct,        0.000
UOP_CACHE_ICACHE_SWITCH_UOP_QUEUE_PLUS_DECODE_LENGTH_OFFPATH_15_total_count,             0
UOP_CACHE_ICACHE_SWITCH_UOP_QUEUE_PLUS_DECODE_LENGTH_OFFPATH_15_total_pct,        0.000

UOP_CACHE_ICACHE_SWITCH_UOP_QUEUE_PLUS_DECODE_LENGTH_OFFPATH_16_count,             0
UOP_CACHE_ICACHE_SWITCH_UOP_QUEUE_PLUS_DECODE_LENGTH_OFFPATH_16_pct,        0.000
UOP_CACHE_ICACHE_SWITCH_UOP_QUEUE_PLUS_DECODE_LENGTH_OFFPATH_16_total_count,             0
UOP_CACHE_ICACHE_SWITCH_UOP_QUEUE_PLUS_DECODE_LENGTH_OFFPATH_16_total_pct,        0.000

UOP_CACHE_ICACHE_SWITCH_UOP_QUEUE_PLUS_DECODE_LENGTH_OFFPATH_17_count,             0
UOP_CACHE_ICACHE_SWITCH_UOP_QUEUE_PLUS_DECODE_LENGTH_OFFPATH_17_pct,        0.000
UOP_CACHE_ICACHE_SWITCH_UOP_QUEUE_PLUS_DECODE_LENGTH_OFFPATH_17_total_count,             0
UOP_CACHE_ICACHE_SWITCH_UOP_QUEUE_PLUS_DECODE_LENGTH_OFFPATH_17_total_pct,        0.000

UOP_CACHE_ICACHE_SWITCH_UOP_QUEUE_PLUS_DECODE_LENGTH_OFFPATH_18_count,             0
UOP_CACHE_ICACHE_SWITCH_UOP_QUEUE_PLUS_DECODE_LENGTH_OFFPATH_18_pct,        0.000
UOP_CACHE_ICACHE_SWITCH_UOP_QUEUE_PLUS_DECODE_LENGTH_OFFPATH_18_total_count,             0
UOP_CACHE_ICACHE_SWITCH_UOP_QUEUE_PLUS_DECODE_LENGTH_OFFPATH_18_total_pct,        0.000

UOP_CACHE_ICACHE_SWITCH_UOP_QUEUE_PLUS_DECODE_LENGTH_OFFPATH_19_count,             0
UOP_CACHE_ICACHE_SWITCH_UOP_QUEUE_PLUS_DECODE_LENGTH_OFFPATH_19_pct,        0.000
UOP_CACHE_ICACHE_SWITCH_UOP_QUEUE_PLUS_DECODE_LENGTH_OFFPATH_19_total_count,             0
UOP_CACHE_ICACHE_SWITCH_UOP_QUEUE_PLUS_DECODE_LENGTH_OFFPATH_19_total_pct,        0.000

UOP_CACHE_ICACHE_SWITCH_UOP_QUEUE_PLUS_DECODE_LENGTH_OFFPATH_20_count,             0
UOP_CACHE_ICACHE_SWITCH_UOP_QUEUE_PLUS_DECODE_LENGTH_OFFPATH_20_pct,        0.000
UOP_CACHE_ICACHE_SWITCH_UOP_QUEUE_PLUS_DECODE_LENGTH_OFFPATH_20_total_count,             0
UOP_CACHE_ICACHE_SWITCH_UOP_QUEUE_PLUS_DECODE_LENGTH_OFFPATH_20_total_pct,        0.000
UOP_CACHE_ICACHE_SWITCH_UOP_QUEUE_PLUS_DECODE_LENGTH_OFFPATH_20_sum_count,        176664
UOP_CACHE_ICACHE_SWITCH_UOP_QUEUE_PLUS_DECODE_LENGTH_OFFPATH_20_sum_pct,      100.000
UOP_CACHE_ICACHE_SWITCH_UOP_QUEUE_PLUS_DECODE_LENGTH_OFFPATH_20_sum_total_count,        176664
UOP_CACHE_ICACHE_SWITCH_UOP_QUEUE_PLUS_DECODE_LENGTH_OFFPATH_20_sum_total_pct,      100.000
UOP_CACHE_ICACHE_SWITCH_UOP_QUEUE_PLUS_DECODE_LENGTH_OFFPATH_20_mean,         6.66
UOP_CACHE_ICACHE_SWITCH_UOP_QUEUE_PLUS_DECODE_LENGTH_OFFPATH_20_stddev,         0.70
UOP_CACHE_ICACHE_SWITCH_UOP_QUEUE_PLUS_DECODE_LENGTH_OFFPATH_20_total_mean,         6.66
UOP_CACHE_ICACHE_SWITCH_UOP_QUEUE_PLUS_DECODE_LENGTH_OFFPATH_20_total_stddev,         0.70

BF_UOP_CACHE_MISS_UOP_QUEUE_LENGTH_0_count,          8590
BF_UOP_CACHE_MISS_UOP_QUEUE_LENGTH_0_pct,      100.000
BF_UOP_CACHE_MISS_UOP_QUEUE_LENGTH_0_total_count,          8590
BF_UOP_CACHE_MISS_UOP_QUEUE_LENGTH_0_total_pct,      100.000

BF_UOP_CACHE_MISS_UOP_QUEUE_LENGTH_1_count,             0
BF_UOP_CACHE_MISS_UOP_QUEUE_LENGTH_1_pct,        0.000
BF_UOP_CACHE_MISS_UOP_QUEUE_LENGTH_1_total_count,             0
BF_UOP_CACHE_MISS_UOP_QUEUE_LENGTH_1_total_pct,        0.000

BF_UOP_CACHE_MISS_UOP_QUEUE_LENGTH_2_count,             0
BF_UOP_CACHE_MISS_UOP_QUEUE_LENGTH_2_pct,        0.000
BF_UOP_CACHE_MISS_UOP_QUEUE_LENGTH_2_total_count,             0
BF_UOP_CACHE_MISS_UOP_QUEUE_LENGTH_2_total_pct,        0.000

BF_UOP_CACHE_MISS_UOP_QUEUE_LENGTH_3_count,             0
BF_UOP_CACHE_MISS_UOP_QUEUE_LENGTH_3_pct,        0.000
BF_UOP_CACHE_MISS_UOP_QUEUE_LENGTH_3_total_count,             0
BF_UOP_CACHE_MISS_UOP_QUEUE_LENGTH_3_total_pct,        0.000

BF_UOP_CACHE_MISS_UOP_QUEUE_LENGTH_4_count,             0
BF_UOP_CACHE_MISS_UOP_QUEUE_LENGTH_4_pct,        0.000
BF_UOP_CACHE_MISS_UOP_QUEUE_LENGTH_4_total_count,             0
BF_UOP_CACHE_MISS_UOP_QUEUE_LENGTH_4_total_pct,        0.000

BF_UOP_CACHE_MISS_UOP_QUEUE_LENGTH_5_count,             0
BF_UOP_CACHE_MISS_UOP_QUEUE_LENGTH_5_pct,        0.000
BF_UOP_CACHE_MISS_UOP_QUEUE_LENGTH_5_total_count,             0
BF_UOP_CACHE_MISS_UOP_QUEUE_LENGTH_5_total_pct,        0.000

BF_UOP_CACHE_MISS_UOP_QUEUE_LENGTH_6_count,             0
BF_UOP_CACHE_MISS_UOP_QUEUE_LENGTH_6_pct,        0.000
BF_UOP_CACHE_MISS_UOP_QUEUE_LENGTH_6_total_count,             0
BF_UOP_CACHE_MISS_UOP_QUEUE_LENGTH_6_total_pct,        0.000

BF_UOP_CACHE_MISS_UOP_QUEUE_LENGTH_7_count,             0
BF_UOP_CACHE_MISS_UOP_QUEUE_LENGTH_7_pct,        0.000
BF_UOP_CACHE_MISS_UOP_QUEUE_LENGTH_7_total_count,             0
BF_UOP_CACHE_MISS_UOP_QUEUE_LENGTH_7_total_pct,        0.000

BF_UOP_CACHE_MISS_UOP_QUEUE_LENGTH_8_count,             0
BF_UOP_CACHE_MISS_UOP_QUEUE_LENGTH_8_pct,        0.000
BF_UOP_CACHE_MISS_UOP_QUEUE_LENGTH_8_total_count,             0
BF_UOP_CACHE_MISS_UOP_QUEUE_LENGTH_8_total_pct,        0.000

BF_UOP_CACHE_MISS_UOP_QUEUE_LENGTH_9_count,             0
BF_UOP_CACHE_MISS_UOP_QUEUE_LENGTH_9_pct,        0.000
BF_UOP_CACHE_MISS_UOP_QUEUE_LENGTH_9_total_count,             0
BF_UOP_CACHE_MISS_UOP_QUEUE_LENGTH_9_total_pct,        0.000

BF_UOP_CACHE_MISS_UOP_QUEUE_LENGTH_10_count,             0
BF_UOP_CACHE_MISS_UOP_QUEUE_LENGTH_10_pct,        0.000
BF_UOP_CACHE_MISS_UOP_QUEUE_LENGTH_10_total_count,             0
BF_UOP_CACHE_MISS_UOP_QUEUE_LENGTH_10_total_pct,        0.000

BF_UOP_CACHE_MISS_UOP_QUEUE_LENGTH_11_count,             0
BF_UOP_CACHE_MISS_UOP_QUEUE_LENGTH_11_pct,        0.000
BF_UOP_CACHE_MISS_UOP_QUEUE_LENGTH_11_total_count,             0
BF_UOP_CACHE_MISS_UOP_QUEUE_LENGTH_11_total_pct,        0.000

BF_UOP_CACHE_MISS_UOP_QUEUE_LENGTH_12_count,             0
BF_UOP_CACHE_MISS_UOP_QUEUE_LENGTH_12_pct,        0.000
BF_UOP_CACHE_MISS_UOP_QUEUE_LENGTH_12_total_count,             0
BF_UOP_CACHE_MISS_UOP_QUEUE_LENGTH_12_total_pct,        0.000

BF_UOP_CACHE_MISS_UOP_QUEUE_LENGTH_13_count,             0
BF_UOP_CACHE_MISS_UOP_QUEUE_LENGTH_13_pct,        0.000
BF_UOP_CACHE_MISS_UOP_QUEUE_LENGTH_13_total_count,             0
BF_UOP_CACHE_MISS_UOP_QUEUE_LENGTH_13_total_pct,        0.000

BF_UOP_CACHE_MISS_UOP_QUEUE_LENGTH_14_count,             0
BF_UOP_CACHE_MISS_UOP_QUEUE_LENGTH_14_pct,        0.000
BF_UOP_CACHE_MISS_UOP_QUEUE_LENGTH_14_total_count,             0
BF_UOP_CACHE_MISS_UOP_QUEUE_LENGTH_14_total_pct,        0.000

BF_UOP_CACHE_MISS_UOP_QUEUE_LENGTH_15_count,             0
BF_UOP_CACHE_MISS_UOP_QUEUE_LENGTH_15_pct,        0.000
BF_UOP_CACHE_MISS_UOP_QUEUE_LENGTH_15_total_count,             0
BF_UOP_CACHE_MISS_UOP_QUEUE_LENGTH_15_total_pct,        0.000

BF_UOP_CACHE_MISS_UOP_QUEUE_LENGTH_16_count,             0
BF_UOP_CACHE_MISS_UOP_QUEUE_LENGTH_16_pct,        0.000
BF_UOP_CACHE_MISS_UOP_QUEUE_LENGTH_16_total_count,             0
BF_UOP_CACHE_MISS_UOP_QUEUE_LENGTH_16_total_pct,        0.000

BF_UOP_CACHE_MISS_UOP_QUEUE_LENGTH_17_count,             0
BF_UOP_CACHE_MISS_UOP_QUEUE_LENGTH_17_pct,        0.000
BF_UOP_CACHE_MISS_UOP_QUEUE_LENGTH_17_total_count,             0
BF_UOP_CACHE_MISS_UOP_QUEUE_LENGTH_17_total_pct,        0.000

BF_UOP_CACHE_MISS_UOP_QUEUE_LENGTH_18_count,             0
BF_UOP_CACHE_MISS_UOP_QUEUE_LENGTH_18_pct,        0.000
BF_UOP_CACHE_MISS_UOP_QUEUE_LENGTH_18_total_count,             0
BF_UOP_CACHE_MISS_UOP_QUEUE_LENGTH_18_total_pct,        0.000

BF_UOP_CACHE_MISS_UOP_QUEUE_LENGTH_19_count,             0
BF_UOP_CACHE_MISS_UOP_QUEUE_LENGTH_19_pct,        0.000
BF_UOP_CACHE_MISS_UOP_QUEUE_LENGTH_19_total_count,             0
BF_UOP_CACHE_MISS_UOP_QUEUE_LENGTH_19_total_pct,        0.000

BF_UOP_CACHE_MISS_UOP_QUEUE_LENGTH_20_count,             0
BF_UOP_CACHE_MISS_UOP_QUEUE_LENGTH_20_pct,        0.000
BF_UOP_CACHE_MISS_UOP_QUEUE_LENGTH_20_total_count,             0
BF_UOP_CACHE_MISS_UOP_QUEUE_LENGTH_20_total_pct,        0.000
BF_UOP_CACHE_MISS_UOP_QUEUE_LENGTH_20_sum_count,          8590
BF_UOP_CACHE_MISS_UOP_QUEUE_LENGTH_20_sum_pct,      100.000
BF_UOP_CACHE_MISS_UOP_QUEUE_LENGTH_20_sum_total_count,          8590
BF_UOP_CACHE_MISS_UOP_QUEUE_LENGTH_20_sum_total_pct,      100.000
BF_UOP_CACHE_MISS_UOP_QUEUE_LENGTH_20_mean,         0.00
BF_UOP_CACHE_MISS_UOP_QUEUE_LENGTH_20_stddev,         0.00
BF_UOP_CACHE_MISS_UOP_QUEUE_LENGTH_20_total_mean,         0.00
BF_UOP_CACHE_MISS_UOP_QUEUE_LENGTH_20_total_stddev,         0.00

BF_UOP_CACHE_MISS_UOP_QUEUE_PLUS_DECODE_LENGTH_0_count,          8590
BF_UOP_CACHE_MISS_UOP_QUEUE_PLUS_DECODE_LENGTH_0_pct,      100.000
BF_UOP_CACHE_MISS_UOP_QUEUE_PLUS_DECODE_LENGTH_0_total_count,          8590
BF_UOP_CACHE_MISS_UOP_QUEUE_PLUS_DECODE_LENGTH_0_total_pct,      100.000

BF_UOP_CACHE_MISS_UOP_QUEUE_PLUS_DECODE_LENGTH_1_count,             0
BF_UOP_CACHE_MISS_UOP_QUEUE_PLUS_DECODE_LENGTH_1_pct,        0.000
BF_UOP_CACHE_MISS_UOP_QUEUE_PLUS_DECODE_LENGTH_1_total_count,             0
BF_UOP_CACHE_MISS_UOP_QUEUE_PLUS_DECODE_LENGTH_1_total_pct,        0.000

BF_UOP_CACHE_MISS_UOP_QUEUE_PLUS_DECODE_LENGTH_2_count,             0
BF_UOP_CACHE_MISS_UOP_QUEUE_PLUS_DECODE_LENGTH_2_pct,        0.000
BF_UOP_CACHE_MISS_UOP_QUEUE_PLUS_DECODE_LENGTH_2_total_count,             0
BF_UOP_CACHE_MISS_UOP_QUEUE_PLUS_DECODE_LENGTH_2_total_pct,        0.000

BF_UOP_CACHE_MISS_UOP_QUEUE_PLUS_DECODE_LENGTH_3_count,             0
BF_UOP_CACHE_MISS_UOP_QUEUE_PLUS_DECODE_LENGTH_3_pct,        0.000
BF_UOP_CACHE_MISS_UOP_QUEUE_PLUS_DECODE_LENGTH_3_total_count,             0
BF_UOP_CACHE_MISS_UOP_QUEUE_PLUS_DECODE_LENGTH_3_total_pct,        0.000

BF_UOP_CACHE_MISS_UOP_QUEUE_PLUS_DECODE_LENGTH_4_count,             0
BF_UOP_CACHE_MISS_UOP_QUEUE_PLUS_DECODE_LENGTH_4_pct,        0.000
BF_UOP_CACHE_MISS_UOP_QUEUE_PLUS_DECODE_LENGTH_4_total_count,             0
BF_UOP_CACHE_MISS_UOP_QUEUE_PLUS_DECODE_LENGTH_4_total_pct,        0.000

BF_UOP_CACHE_MISS_UOP_QUEUE_PLUS_DECODE_LENGTH_5_count,             0
BF_UOP_CACHE_MISS_UOP_QUEUE_PLUS_DECODE_LENGTH_5_pct,        0.000
BF_UOP_CACHE_MISS_UOP_QUEUE_PLUS_DECODE_LENGTH_5_total_count,             0
BF_UOP_CACHE_MISS_UOP_QUEUE_PLUS_DECODE_LENGTH_5_total_pct,        0.000

BF_UOP_CACHE_MISS_UOP_QUEUE_PLUS_DECODE_LENGTH_6_count,             0
BF_UOP_CACHE_MISS_UOP_QUEUE_PLUS_DECODE_LENGTH_6_pct,        0.000
BF_UOP_CACHE_MISS_UOP_QUEUE_PLUS_DECODE_LENGTH_6_total_count,             0
BF_UOP_CACHE_MISS_UOP_QUEUE_PLUS_DECODE_LENGTH_6_total_pct,        0.000

BF_UOP_CACHE_MISS_UOP_QUEUE_PLUS_DECODE_LENGTH_7_count,             0
BF_UOP_CACHE_MISS_UOP_QUEUE_PLUS_DECODE_LENGTH_7_pct,        0.000
BF_UOP_CACHE_MISS_UOP_QUEUE_PLUS_DECODE_LENGTH_7_total_count,             0
BF_UOP_CACHE_MISS_UOP_QUEUE_PLUS_DECODE_LENGTH_7_total_pct,        0.000

BF_UOP_CACHE_MISS_UOP_QUEUE_PLUS_DECODE_LENGTH_8_count,             0
BF_UOP_CACHE_MISS_UOP_QUEUE_PLUS_DECODE_LENGTH_8_pct,        0.000
BF_UOP_CACHE_MISS_UOP_QUEUE_PLUS_DECODE_LENGTH_8_total_count,             0
BF_UOP_CACHE_MISS_UOP_QUEUE_PLUS_DECODE_LENGTH_8_total_pct,        0.000

BF_UOP_CACHE_MISS_UOP_QUEUE_PLUS_DECODE_LENGTH_9_count,             0
BF_UOP_CACHE_MISS_UOP_QUEUE_PLUS_DECODE_LENGTH_9_pct,        0.000
BF_UOP_CACHE_MISS_UOP_QUEUE_PLUS_DECODE_LENGTH_9_total_count,             0
BF_UOP_CACHE_MISS_UOP_QUEUE_PLUS_DECODE_LENGTH_9_total_pct,        0.000

BF_UOP_CACHE_MISS_UOP_QUEUE_PLUS_DECODE_LENGTH_10_count,             0
BF_UOP_CACHE_MISS_UOP_QUEUE_PLUS_DECODE_LENGTH_10_pct,        0.000
BF_UOP_CACHE_MISS_UOP_QUEUE_PLUS_DECODE_LENGTH_10_total_count,             0
BF_UOP_CACHE_MISS_UOP_QUEUE_PLUS_DECODE_LENGTH_10_total_pct,        0.000

BF_UOP_CACHE_MISS_UOP_QUEUE_PLUS_DECODE_LENGTH_11_count,             0
BF_UOP_CACHE_MISS_UOP_QUEUE_PLUS_DECODE_LENGTH_11_pct,        0.000
BF_UOP_CACHE_MISS_UOP_QUEUE_PLUS_DECODE_LENGTH_11_total_count,             0
BF_UOP_CACHE_MISS_UOP_QUEUE_PLUS_DECODE_LENGTH_11_total_pct,        0.000

BF_UOP_CACHE_MISS_UOP_QUEUE_PLUS_DECODE_LENGTH_12_count,             0
BF_UOP_CACHE_MISS_UOP_QUEUE_PLUS_DECODE_LENGTH_12_pct,        0.000
BF_UOP_CACHE_MISS_UOP_QUEUE_PLUS_DECODE_LENGTH_12_total_count,             0
BF_UOP_CACHE_MISS_UOP_QUEUE_PLUS_DECODE_LENGTH_12_total_pct,        0.000

BF_UOP_CACHE_MISS_UOP_QUEUE_PLUS_DECODE_LENGTH_13_count,             0
BF_UOP_CACHE_MISS_UOP_QUEUE_PLUS_DECODE_LENGTH_13_pct,        0.000
BF_UOP_CACHE_MISS_UOP_QUEUE_PLUS_DECODE_LENGTH_13_total_count,             0
BF_UOP_CACHE_MISS_UOP_QUEUE_PLUS_DECODE_LENGTH_13_total_pct,        0.000

BF_UOP_CACHE_MISS_UOP_QUEUE_PLUS_DECODE_LENGTH_14_count,             0
BF_UOP_CACHE_MISS_UOP_QUEUE_PLUS_DECODE_LENGTH_14_pct,        0.000
BF_UOP_CACHE_MISS_UOP_QUEUE_PLUS_DECODE_LENGTH_14_total_count,             0
BF_UOP_CACHE_MISS_UOP_QUEUE_PLUS_DECODE_LENGTH_14_total_pct,        0.000

BF_UOP_CACHE_MISS_UOP_QUEUE_PLUS_DECODE_LENGTH_15_count,             0
BF_UOP_CACHE_MISS_UOP_QUEUE_PLUS_DECODE_LENGTH_15_pct,        0.000
BF_UOP_CACHE_MISS_UOP_QUEUE_PLUS_DECODE_LENGTH_15_total_count,             0
BF_UOP_CACHE_MISS_UOP_QUEUE_PLUS_DECODE_LENGTH_15_total_pct,        0.000

BF_UOP_CACHE_MISS_UOP_QUEUE_PLUS_DECODE_LENGTH_16_count,             0
BF_UOP_CACHE_MISS_UOP_QUEUE_PLUS_DECODE_LENGTH_16_pct,        0.000
BF_UOP_CACHE_MISS_UOP_QUEUE_PLUS_DECODE_LENGTH_16_total_count,             0
BF_UOP_CACHE_MISS_UOP_QUEUE_PLUS_DECODE_LENGTH_16_total_pct,        0.000

BF_UOP_CACHE_MISS_UOP_QUEUE_PLUS_DECODE_LENGTH_17_count,             0
BF_UOP_CACHE_MISS_UOP_QUEUE_PLUS_DECODE_LENGTH_17_pct,        0.000
BF_UOP_CACHE_MISS_UOP_QUEUE_PLUS_DECODE_LENGTH_17_total_count,             0
BF_UOP_CACHE_MISS_UOP_QUEUE_PLUS_DECODE_LENGTH_17_total_pct,        0.000

BF_UOP_CACHE_MISS_UOP_QUEUE_PLUS_DECODE_LENGTH_18_count,             0
BF_UOP_CACHE_MISS_UOP_QUEUE_PLUS_DECODE_LENGTH_18_pct,        0.000
BF_UOP_CACHE_MISS_UOP_QUEUE_PLUS_DECODE_LENGTH_18_total_count,             0
BF_UOP_CACHE_MISS_UOP_QUEUE_PLUS_DECODE_LENGTH_18_total_pct,        0.000

BF_UOP_CACHE_MISS_UOP_QUEUE_PLUS_DECODE_LENGTH_19_count,             0
BF_UOP_CACHE_MISS_UOP_QUEUE_PLUS_DECODE_LENGTH_19_pct,        0.000
BF_UOP_CACHE_MISS_UOP_QUEUE_PLUS_DECODE_LENGTH_19_total_count,             0
BF_UOP_CACHE_MISS_UOP_QUEUE_PLUS_DECODE_LENGTH_19_total_pct,        0.000

BF_UOP_CACHE_MISS_UOP_QUEUE_PLUS_DECODE_LENGTH_20_count,             0
BF_UOP_CACHE_MISS_UOP_QUEUE_PLUS_DECODE_LENGTH_20_pct,        0.000
BF_UOP_CACHE_MISS_UOP_QUEUE_PLUS_DECODE_LENGTH_20_total_count,             0
BF_UOP_CACHE_MISS_UOP_QUEUE_PLUS_DECODE_LENGTH_20_total_pct,        0.000
BF_UOP_CACHE_MISS_UOP_QUEUE_PLUS_DECODE_LENGTH_20_sum_count,          8590
BF_UOP_CACHE_MISS_UOP_QUEUE_PLUS_DECODE_LENGTH_20_sum_pct,      100.000
BF_UOP_CACHE_MISS_UOP_QUEUE_PLUS_DECODE_LENGTH_20_sum_total_count,          8590
BF_UOP_CACHE_MISS_UOP_QUEUE_PLUS_DECODE_LENGTH_20_sum_total_pct,      100.000
BF_UOP_CACHE_MISS_UOP_QUEUE_PLUS_DECODE_LENGTH_20_mean,         0.00
BF_UOP_CACHE_MISS_UOP_QUEUE_PLUS_DECODE_LENGTH_20_stddev,         0.00
BF_UOP_CACHE_MISS_UOP_QUEUE_PLUS_DECODE_LENGTH_20_total_mean,         0.00
BF_UOP_CACHE_MISS_UOP_QUEUE_PLUS_DECODE_LENGTH_20_total_stddev,         0.00

UOP_CACHE_FT_LINES_1_ON_PATH_count,       2842345
UOP_CACHE_FT_LINES_1_ON_PATH_pct,       49.183
UOP_CACHE_FT_LINES_1_ON_PATH_total_count,       2842345
UOP_CACHE_FT_LINES_1_ON_PATH_total_pct,       49.183

UOP_CACHE_FT_LINES_2_ON_PATH_count,       1648081
UOP_CACHE_FT_LINES_2_ON_PATH_pct,       28.518
UOP_CACHE_FT_LINES_2_ON_PATH_total_count,       1648081
UOP_CACHE_FT_LINES_2_ON_PATH_total_pct,       28.518

UOP_CACHE_FT_LINES_3_ON_PATH_count,        903061
UOP_CACHE_FT_LINES_3_ON_PATH_pct,       15.626
UOP_CACHE_FT_LINES_3_ON_PATH_total_count,        903061
UOP_CACHE_FT_LINES_3_ON_PATH_total_pct,       15.626

UOP_CACHE_FT_LINES_4_ON_PATH_count,        307548
UOP_CACHE_FT_LINES_4_ON_PATH_pct,        5.322
UOP_CACHE_FT_LINES_4_ON_PATH_total_count,        307548
UOP_CACHE_FT_LINES_4_ON_PATH_total_pct,        5.322

UOP_CACHE_FT_LINES_5_ON_PATH_count,         75709
UOP_CACHE_FT_LINES_5_ON_PATH_pct,        1.310
UOP_CACHE_FT_LINES_5_ON_PATH_total_count,         75709
UOP_CACHE_FT_LINES_5_ON_PATH_total_pct,        1.310

UOP_CACHE_FT_LINES_6_ON_PATH_count,           682
UOP_CACHE_FT_LINES_6_ON_PATH_pct,        0.012
UOP_CACHE_FT_LINES_6_ON_PATH_total_count,           682
UOP_CACHE_FT_LINES_6_ON_PATH_total_pct,        0.012

UOP_CACHE_FT_LINES_7_ON_PATH_count,          1078
UOP_CACHE_FT_LINES_7_ON_PATH_pct,        0.019
UOP_CACHE_FT_LINES_7_ON_PATH_total_count,          1078
UOP_CACHE_FT_LINES_7_ON_PATH_total_pct,        0.019

UOP_CACHE_FT_LINES_8_ON_PATH_count,           618
UOP_CACHE_FT_LINES_8_ON_PATH_pct,        0.011
UOP_CACHE_FT_LINES_8_ON_PATH_total_count,           618
UOP_CACHE_FT_LINES_8_ON_PATH_total_pct,        0.011

UOP_CACHE_FT_LINES_9_AND_MORE_ON_PATH_count,             0
UOP_CACHE_FT_LINES_9_AND_MORE_ON_PATH_pct,        0.000
UOP_CACHE_FT_LINES_9_AND_MORE_ON_PATH_total_count,             0
UOP_CACHE_FT_LINES_9_AND_MORE_ON_PATH_total_pct,        0.000
UOP_CACHE_FT_LINES_9_AND_MORE_ON_PATH_sum_count,       5779122
UOP_CACHE_FT_LINES_9_AND_MORE_ON_PATH_sum_pct,      100.000
UOP_CACHE_FT_LINES_9_AND_MORE_ON_PATH_sum_total_count,       5779122
UOP_CACHE_FT_LINES_9_AND_MORE_ON_PATH_sum_total_pct,      100.000
UOP_CACHE_FT_LINES_9_AND_MORE_ON_PATH_mean,         0.81
UOP_CACHE_FT_LINES_9_AND_MORE_ON_PATH_stddev,         0.79
UOP_CACHE_FT_LINES_9_AND_MORE_ON_PATH_total_mean,         0.81
UOP_CACHE_FT_LINES_9_AND_MORE_ON_PATH_total_stddev,         0.79

UOP_CACHE_FT_LINES_1_OFF_PATH_count,        235978
UOP_CACHE_FT_LINES_1_OFF_PATH_pct,       42.051
UOP_CACHE_FT_LINES_1_OFF_PATH_total_count,        235978
UOP_CACHE_FT_LINES_1_OFF_PATH_total_pct,       42.051

UOP_CACHE_FT_LINES_2_OFF_PATH_count,        157985
UOP_CACHE_FT_LINES_2_OFF_PATH_pct,       28.153
UOP_CACHE_FT_LINES_2_OFF_PATH_total_count,        157985
UOP_CACHE_FT_LINES_2_OFF_PATH_total_pct,       28.153

UOP_CACHE_FT_LINES_3_OFF_PATH_count,         76692
UOP_CACHE_FT_LINES_3_OFF_PATH_pct,       13.666
UOP_CACHE_FT_LINES_3_OFF_PATH_total_count,         76692
UOP_CACHE_FT_LINES_3_OFF_PATH_total_pct,       13.666

UOP_CACHE_FT_LINES_4_OFF_PATH_count,         83388
UOP_CACHE_FT_LINES_4_OFF_PATH_pct,       14.860
UOP_CACHE_FT_LINES_4_OFF_PATH_total_count,         83388
UOP_CACHE_FT_LINES_4_OFF_PATH_total_pct,       14.860

UOP_CACHE_FT_LINES_5_OFF_PATH_count,          7050
UOP_CACHE_FT_LINES_5_OFF_PATH_pct,        1.256
UOP_CACHE_FT_LINES_5_OFF_PATH_total_count,          7050
UOP_CACHE_FT_LINES_5_OFF_PATH_total_pct,        1.256

UOP_CACHE_FT_LINES_6_OFF_PATH_count,            79
UOP_CACHE_FT_LINES_6_OFF_PATH_pct,        0.014
UOP_CACHE_FT_LINES_6_OFF_PATH_total_count,            79
UOP_CACHE_FT_LINES_6_OFF_PATH_total_pct,        0.014

UOP_CACHE_FT_LINES_7_OFF_PATH_count,             0
UOP_CACHE_FT_LINES_7_OFF_PATH_pct,        0.000
UOP_CACHE_FT_LINES_7_OFF_PATH_total_count,             0
UOP_CACHE_FT_LINES_7_OFF_PATH_total_pct,        0.000

UOP_CACHE_FT_LINES_8_OFF_PATH_count,             0
UOP_CACHE_FT_LINES_8_OFF_PATH_pct,        0.000
UOP_CACHE_FT_LINES_8_OFF_PATH_total_count,             0
UOP_CACHE_FT_LINES_8_OFF_PATH_total_pct,        0.000

UOP_CACHE_FT_LINES_9_AND_MORE_OFF_PATH_count,             0
UOP_CACHE_FT_LINES_9_AND_MORE_OFF_PATH_pct,        0.000
UOP_CACHE_FT_LINES_9_AND_MORE_OFF_PATH_total_count,             0
UOP_CACHE_FT_LINES_9_AND_MORE_OFF_PATH_total_pct,        0.000
UOP_CACHE_FT_LINES_9_AND_MORE_OFF_PATH_sum_count,        561172
UOP_CACHE_FT_LINES_9_AND_MORE_OFF_PATH_sum_pct,      100.000
UOP_CACHE_FT_LINES_9_AND_MORE_OFF_PATH_sum_total_count,        561172
UOP_CACHE_FT_LINES_9_AND_MORE_OFF_PATH_sum_total_pct,      100.000
UOP_CACHE_FT_LINES_9_AND_MORE_OFF_PATH_mean,         1.05
UOP_CACHE_FT_LINES_9_AND_MORE_OFF_PATH_stddev,         0.89
UOP_CACHE_FT_LINES_9_AND_MORE_OFF_PATH_total_mean,         1.05
UOP_CACHE_FT_LINES_9_AND_MORE_OFF_PATH_total_stddev,         0.89

UOP_CACHE_PREFETCH_PW_LENGTH_1_count,             0
UOP_CACHE_PREFETCH_PW_LENGTH_1_pct,         -nan
UOP_CACHE_PREFETCH_PW_LENGTH_1_total_count,             0
UOP_CACHE_PREFETCH_PW_LENGTH_1_total_pct,         -nan

UOP_CACHE_PREFETCH_PW_LENGTH_2_count,             0
UOP_CACHE_PREFETCH_PW_LENGTH_2_pct,         -nan
UOP_CACHE_PREFETCH_PW_LENGTH_2_total_count,             0
UOP_CACHE_PREFETCH_PW_LENGTH_2_total_pct,         -nan

UOP_CACHE_PREFETCH_PW_LENGTH_3_count,             0
UOP_CACHE_PREFETCH_PW_LENGTH_3_pct,         -nan
UOP_CACHE_PREFETCH_PW_LENGTH_3_total_count,             0
UOP_CACHE_PREFETCH_PW_LENGTH_3_total_pct,         -nan

UOP_CACHE_PREFETCH_PW_LENGTH_4_count,             0
UOP_CACHE_PREFETCH_PW_LENGTH_4_pct,         -nan
UOP_CACHE_PREFETCH_PW_LENGTH_4_total_count,             0
UOP_CACHE_PREFETCH_PW_LENGTH_4_total_pct,         -nan

UOP_CACHE_PREFETCH_PW_LENGTH_5_count,             0
UOP_CACHE_PREFETCH_PW_LENGTH_5_pct,         -nan
UOP_CACHE_PREFETCH_PW_LENGTH_5_total_count,             0
UOP_CACHE_PREFETCH_PW_LENGTH_5_total_pct,         -nan

UOP_CACHE_PREFETCH_PW_LENGTH_6_count,             0
UOP_CACHE_PREFETCH_PW_LENGTH_6_pct,         -nan
UOP_CACHE_PREFETCH_PW_LENGTH_6_total_count,             0
UOP_CACHE_PREFETCH_PW_LENGTH_6_total_pct,         -nan

UOP_CACHE_PREFETCH_PW_LENGTH_7_count,             0
UOP_CACHE_PREFETCH_PW_LENGTH_7_pct,         -nan
UOP_CACHE_PREFETCH_PW_LENGTH_7_total_count,             0
UOP_CACHE_PREFETCH_PW_LENGTH_7_total_pct,         -nan

UOP_CACHE_PREFETCH_PW_LENGTH_8_count,             0
UOP_CACHE_PREFETCH_PW_LENGTH_8_pct,         -nan
UOP_CACHE_PREFETCH_PW_LENGTH_8_total_count,             0
UOP_CACHE_PREFETCH_PW_LENGTH_8_total_pct,         -nan

UOP_CACHE_PREFETCH_PW_LENGTH_9_count,             0
UOP_CACHE_PREFETCH_PW_LENGTH_9_pct,         -nan
UOP_CACHE_PREFETCH_PW_LENGTH_9_total_count,             0
UOP_CACHE_PREFETCH_PW_LENGTH_9_total_pct,         -nan

UOP_CACHE_PREFETCH_PW_LENGTH_10_count,             0
UOP_CACHE_PREFETCH_PW_LENGTH_10_pct,         -nan
UOP_CACHE_PREFETCH_PW_LENGTH_10_total_count,             0
UOP_CACHE_PREFETCH_PW_LENGTH_10_total_pct,         -nan

UOP_CACHE_PREFETCH_PW_LENGTH_11_count,             0
UOP_CACHE_PREFETCH_PW_LENGTH_11_pct,         -nan
UOP_CACHE_PREFETCH_PW_LENGTH_11_total_count,             0
UOP_CACHE_PREFETCH_PW_LENGTH_11_total_pct,         -nan

UOP_CACHE_PREFETCH_PW_LENGTH_12_count,             0
UOP_CACHE_PREFETCH_PW_LENGTH_12_pct,         -nan
UOP_CACHE_PREFETCH_PW_LENGTH_12_total_count,             0
UOP_CACHE_PREFETCH_PW_LENGTH_12_total_pct,         -nan

UOP_CACHE_PREFETCH_PW_LENGTH_13_count,             0
UOP_CACHE_PREFETCH_PW_LENGTH_13_pct,         -nan
UOP_CACHE_PREFETCH_PW_LENGTH_13_total_count,             0
UOP_CACHE_PREFETCH_PW_LENGTH_13_total_pct,         -nan

UOP_CACHE_PREFETCH_PW_LENGTH_14_count,             0
UOP_CACHE_PREFETCH_PW_LENGTH_14_pct,         -nan
UOP_CACHE_PREFETCH_PW_LENGTH_14_total_count,             0
UOP_CACHE_PREFETCH_PW_LENGTH_14_total_pct,         -nan

UOP_CACHE_PREFETCH_PW_LENGTH_15_count,             0
UOP_CACHE_PREFETCH_PW_LENGTH_15_pct,         -nan
UOP_CACHE_PREFETCH_PW_LENGTH_15_total_count,             0
UOP_CACHE_PREFETCH_PW_LENGTH_15_total_pct,         -nan

UOP_CACHE_PREFETCH_PW_LENGTH_16_count,             0
UOP_CACHE_PREFETCH_PW_LENGTH_16_pct,         -nan
UOP_CACHE_PREFETCH_PW_LENGTH_16_total_count,             0
UOP_CACHE_PREFETCH_PW_LENGTH_16_total_pct,         -nan

UOP_CACHE_PREFETCH_PW_LENGTH_17_count,             0
UOP_CACHE_PREFETCH_PW_LENGTH_17_pct,         -nan
UOP_CACHE_PREFETCH_PW_LENGTH_17_total_count,             0
UOP_CACHE_PREFETCH_PW_LENGTH_17_total_pct,         -nan

UOP_CACHE_PREFETCH_PW_LENGTH_18_count,             0
UOP_CACHE_PREFETCH_PW_LENGTH_18_pct,         -nan
UOP_CACHE_PREFETCH_PW_LENGTH_18_total_count,             0
UOP_CACHE_PREFETCH_PW_LENGTH_18_total_pct,         -nan

UOP_CACHE_PREFETCH_PW_LENGTH_19_count,             0
UOP_CACHE_PREFETCH_PW_LENGTH_19_pct,         -nan
UOP_CACHE_PREFETCH_PW_LENGTH_19_total_count,             0
UOP_CACHE_PREFETCH_PW_LENGTH_19_total_pct,         -nan

UOP_CACHE_PREFETCH_PW_LENGTH_20_count,             0
UOP_CACHE_PREFETCH_PW_LENGTH_20_pct,         -nan
UOP_CACHE_PREFETCH_PW_LENGTH_20_total_count,             0
UOP_CACHE_PREFETCH_PW_LENGTH_20_total_pct,         -nan

UOP_CACHE_PREFETCH_PW_LENGTH_21_count,             0
UOP_CACHE_PREFETCH_PW_LENGTH_21_pct,         -nan
UOP_CACHE_PREFETCH_PW_LENGTH_21_total_count,             0
UOP_CACHE_PREFETCH_PW_LENGTH_21_total_pct,         -nan

UOP_CACHE_PREFETCH_PW_LENGTH_22_count,             0
UOP_CACHE_PREFETCH_PW_LENGTH_22_pct,         -nan
UOP_CACHE_PREFETCH_PW_LENGTH_22_total_count,             0
UOP_CACHE_PREFETCH_PW_LENGTH_22_total_pct,         -nan

UOP_CACHE_PREFETCH_PW_LENGTH_23_count,             0
UOP_CACHE_PREFETCH_PW_LENGTH_23_pct,         -nan
UOP_CACHE_PREFETCH_PW_LENGTH_23_total_count,             0
UOP_CACHE_PREFETCH_PW_LENGTH_23_total_pct,         -nan

UOP_CACHE_PREFETCH_PW_LENGTH_24_count,             0
UOP_CACHE_PREFETCH_PW_LENGTH_24_pct,         -nan
UOP_CACHE_PREFETCH_PW_LENGTH_24_total_count,             0
UOP_CACHE_PREFETCH_PW_LENGTH_24_total_pct,         -nan
UOP_CACHE_PREFETCH_PW_LENGTH_24_sum_count,             0
UOP_CACHE_PREFETCH_PW_LENGTH_24_sum_pct,         -nan
UOP_CACHE_PREFETCH_PW_LENGTH_24_sum_total_count,             0
UOP_CACHE_PREFETCH_PW_LENGTH_24_sum_total_pct,         -nan
UOP_CACHE_PREFETCH_PW_LENGTH_24_mean,         -nan
UOP_CACHE_PREFETCH_PW_LENGTH_24_stddev,         -nan
UOP_CACHE_PREFETCH_PW_LENGTH_24_total_mean,         -nan
UOP_CACHE_PREFETCH_PW_LENGTH_24_total_stddev,         -nan

DCACHE_MISS_count,       6956901
DCACHE_MISS_pct,       15.370
DCACHE_MISS_total_count,       6956901
DCACHE_MISS_total_pct,       15.370

DCACHE_ST_BUFFER_HIT_count,         21836
DCACHE_ST_BUFFER_HIT_pct,        0.048
DCACHE_ST_BUFFER_HIT_total_count,         21836
DCACHE_ST_BUFFER_HIT_total_pct,        0.048

DCACHE_HIT_count,      38284026
DCACHE_HIT_pct,       84.582
DCACHE_HIT_total_count,      38284026
DCACHE_HIT_total_pct,       84.582
DCACHE_HIT_sum_count,      45262763
DCACHE_HIT_sum_pct,      100.000
DCACHE_HIT_sum_total_count,      45262763
DCACHE_HIT_sum_total_pct,      100.000
DCACHE_HIT_mean,         1.69
DCACHE_HIT_stddev,         1.58
DCACHE_HIT_total_mean,         1.69
DCACHE_HIT_total_stddev,         1.58

DCACHE_MISS_ONPATH_count,       6956901
DCACHE_MISS_ONPATH_pct,       98.805
DCACHE_MISS_ONPATH_total_count,       6956901
DCACHE_MISS_ONPATH_total_pct,       98.805

DCACHE_MISS_OFFPATH_count,         84125
DCACHE_MISS_OFFPATH_pct,        1.195
DCACHE_MISS_OFFPATH_total_count,         84125
DCACHE_MISS_OFFPATH_total_pct,        1.195
DCACHE_MISS_OFFPATH_sum_count,       7041026
DCACHE_MISS_OFFPATH_sum_pct,      100.000
DCACHE_MISS_OFFPATH_sum_total_count,       7041026
DCACHE_MISS_OFFPATH_sum_total_pct,      100.000
DCACHE_MISS_OFFPATH_mean,         0.01
DCACHE_MISS_OFFPATH_stddev,         0.11
DCACHE_MISS_OFFPATH_total_mean,         0.01
DCACHE_MISS_OFFPATH_total_stddev,         0.11

DCACHE_ST_BUFFER_HIT_ONPATH_count,         21836
DCACHE_ST_BUFFER_HIT_ONPATH_pct,       98.998
DCACHE_ST_BUFFER_HIT_ONPATH_total_count,         21836
DCACHE_ST_BUFFER_HIT_ONPATH_total_pct,       98.998

DCACHE_ST_BUFFER_HIT_OFFPATH_count,           221
DCACHE_ST_BUFFER_HIT_OFFPATH_pct,        1.002
DCACHE_ST_BUFFER_HIT_OFFPATH_total_count,           221
DCACHE_ST_BUFFER_HIT_OFFPATH_total_pct,        1.002
DCACHE_ST_BUFFER_HIT_OFFPATH_sum_count,         22057
DCACHE_ST_BUFFER_HIT_OFFPATH_sum_pct,      100.000
DCACHE_ST_BUFFER_HIT_OFFPATH_sum_total_count,         22057
DCACHE_ST_BUFFER_HIT_OFFPATH_sum_total_pct,      100.000
DCACHE_ST_BUFFER_HIT_OFFPATH_mean,         0.01
DCACHE_ST_BUFFER_HIT_OFFPATH_stddev,         0.10
DCACHE_ST_BUFFER_HIT_OFFPATH_total_mean,         0.01
DCACHE_ST_BUFFER_HIT_OFFPATH_total_stddev,         0.10

DCACHE_HIT_ONPATH_count,      38284026
DCACHE_HIT_ONPATH_pct,       94.623
DCACHE_HIT_ONPATH_total_count,      38284026
DCACHE_HIT_ONPATH_total_pct,       94.623

DCACHE_HIT_OFFPATH_count,       2175674
DCACHE_HIT_OFFPATH_pct,        5.377
DCACHE_HIT_OFFPATH_total_count,       2175674
DCACHE_HIT_OFFPATH_total_pct,        5.377
DCACHE_HIT_OFFPATH_sum_count,      40459700
DCACHE_HIT_OFFPATH_sum_pct,      100.000
DCACHE_HIT_OFFPATH_sum_total_count,      40459700
DCACHE_HIT_OFFPATH_sum_total_pct,      100.000
DCACHE_HIT_OFFPATH_mean,         0.05
DCACHE_HIT_OFFPATH_stddev,         0.22
DCACHE_HIT_OFFPATH_total_mean,         0.05
DCACHE_HIT_OFFPATH_total_stddev,         0.22

DCACHE_HIT_ONPATH_SAT_BY_OFFPATH_count,             0
DCACHE_HIT_ONPATH_SAT_BY_OFFPATH_pct,         -nan
DCACHE_HIT_ONPATH_SAT_BY_OFFPATH_total_count,             0
DCACHE_HIT_ONPATH_SAT_BY_OFFPATH_total_pct,         -nan

DCACHE_HIT_ONPATH_SAT_BY_ONPATH_count,             0
DCACHE_HIT_ONPATH_SAT_BY_ONPATH_pct,         -nan
DCACHE_HIT_ONPATH_SAT_BY_ONPATH_total_count,             0
DCACHE_HIT_ONPATH_SAT_BY_ONPATH_total_pct,         -nan
DCACHE_HIT_ONPATH_SAT_BY_ONPATH_sum_count,             0
DCACHE_HIT_ONPATH_SAT_BY_ONPATH_sum_pct,         -nan
DCACHE_HIT_ONPATH_SAT_BY_ONPATH_sum_total_count,             0
DCACHE_HIT_ONPATH_SAT_BY_ONPATH_sum_total_pct,         -nan
DCACHE_HIT_ONPATH_SAT_BY_ONPATH_mean,         -nan
DCACHE_HIT_ONPATH_SAT_BY_ONPATH_stddev,         -nan
DCACHE_HIT_ONPATH_SAT_BY_ONPATH_total_mean,         -nan
DCACHE_HIT_ONPATH_SAT_BY_ONPATH_total_stddev,         -nan

DCACHE_HIT_OFFPATH_SAT_BY_OFFPATH_count,             0
DCACHE_HIT_OFFPATH_SAT_BY_OFFPATH_pct,         -nan
DCACHE_HIT_OFFPATH_SAT_BY_OFFPATH_total_count,             0
DCACHE_HIT_OFFPATH_SAT_BY_OFFPATH_total_pct,         -nan

DCACHE_HIT_OFFPATH_SAT_BY_ONPATH_count,             0
DCACHE_HIT_OFFPATH_SAT_BY_ONPATH_pct,         -nan
DCACHE_HIT_OFFPATH_SAT_BY_ONPATH_total_count,             0
DCACHE_HIT_OFFPATH_SAT_BY_ONPATH_total_pct,         -nan
DCACHE_HIT_OFFPATH_SAT_BY_ONPATH_sum_count,             0
DCACHE_HIT_OFFPATH_SAT_BY_ONPATH_sum_pct,         -nan
DCACHE_HIT_OFFPATH_SAT_BY_ONPATH_sum_total_count,             0
DCACHE_HIT_OFFPATH_SAT_BY_ONPATH_sum_total_pct,         -nan
DCACHE_HIT_OFFPATH_SAT_BY_ONPATH_mean,         -nan
DCACHE_HIT_OFFPATH_SAT_BY_ONPATH_stddev,         -nan
DCACHE_HIT_OFFPATH_SAT_BY_ONPATH_total_mean,         -nan
DCACHE_HIT_OFFPATH_SAT_BY_ONPATH_total_stddev,         -nan

DCACHE_MISS_LD_count,       4422792
DCACHE_MISS_LD_pct,       63.574
DCACHE_MISS_LD_total_count,       4422792
DCACHE_MISS_LD_total_pct,       63.574

DCACHE_MISS_ST_count,       2534109
DCACHE_MISS_ST_pct,       36.426
DCACHE_MISS_ST_total_count,       2534109
DCACHE_MISS_ST_total_pct,       36.426
DCACHE_MISS_ST_sum_count,       6956901
DCACHE_MISS_ST_sum_pct,      100.000
DCACHE_MISS_ST_sum_total_count,       6956901
DCACHE_MISS_ST_sum_total_pct,      100.000
DCACHE_MISS_ST_mean,         0.36
DCACHE_MISS_ST_stddev,         0.44
DCACHE_MISS_ST_total_mean,         0.36
DCACHE_MISS_ST_total_stddev,         0.44

DCACHE_MISS_LD_ONPATH_count,       4422792
DCACHE_MISS_LD_ONPATH_pct,       98.643
DCACHE_MISS_LD_ONPATH_total_count,       4422792
DCACHE_MISS_LD_ONPATH_total_pct,       98.643

DCACHE_MISS_LD_OFFPATH_count,         60825
DCACHE_MISS_LD_OFFPATH_pct,        1.357
DCACHE_MISS_LD_OFFPATH_total_count,         60825
DCACHE_MISS_LD_OFFPATH_total_pct,        1.357
DCACHE_MISS_LD_OFFPATH_sum_count,       4483617
DCACHE_MISS_LD_OFFPATH_sum_pct,      100.000
DCACHE_MISS_LD_OFFPATH_sum_total_count,       4483617
DCACHE_MISS_LD_OFFPATH_sum_total_pct,      100.000
DCACHE_MISS_LD_OFFPATH_mean,         0.01
DCACHE_MISS_LD_OFFPATH_stddev,         0.11
DCACHE_MISS_LD_OFFPATH_total_mean,         0.01
DCACHE_MISS_LD_OFFPATH_total_stddev,         0.11

DCACHE_MISS_ST_ONPATH_count,       2534109
DCACHE_MISS_ST_ONPATH_pct,       99.089
DCACHE_MISS_ST_ONPATH_total_count,       2534109
DCACHE_MISS_ST_ONPATH_total_pct,       99.089

DCACHE_MISS_ST_OFFPATH_count,         23300
DCACHE_MISS_ST_OFFPATH_pct,        0.911
DCACHE_MISS_ST_OFFPATH_total_count,         23300
DCACHE_MISS_ST_OFFPATH_total_pct,        0.911
DCACHE_MISS_ST_OFFPATH_sum_count,       2557409
DCACHE_MISS_ST_OFFPATH_sum_pct,      100.000
DCACHE_MISS_ST_OFFPATH_sum_total_count,       2557409
DCACHE_MISS_ST_OFFPATH_sum_total_pct,      100.000
DCACHE_MISS_ST_OFFPATH_mean,         0.01
DCACHE_MISS_ST_OFFPATH_stddev,         0.09
DCACHE_MISS_ST_OFFPATH_total_mean,         0.01
DCACHE_MISS_ST_OFFPATH_total_stddev,         0.09

DCACHE_MISS_WAITMEM_count,         27636
DCACHE_MISS_WAITMEM_total_count,         27636

MEM_REQ_ROW_BUFFER_HITS_count,             0
MEM_REQ_ROW_BUFFER_HITS_pct,         -nan
MEM_REQ_ROW_BUFFER_HITS_total_count,             0
MEM_REQ_ROW_BUFFER_HITS_total_pct,         -nan

MEM_REQ_ROW_BUFFER_MISSES_count,             0
MEM_REQ_ROW_BUFFER_MISSES_pct,         -nan
MEM_REQ_ROW_BUFFER_MISSES_total_count,             0
MEM_REQ_ROW_BUFFER_MISSES_total_pct,         -nan

MEM_REQ_ROW_BUFFER_CONFLICTS_count,             0
MEM_REQ_ROW_BUFFER_CONFLICTS_pct,         -nan
MEM_REQ_ROW_BUFFER_CONFLICTS_total_count,             0
MEM_REQ_ROW_BUFFER_CONFLICTS_total_pct,         -nan
MEM_REQ_ROW_BUFFER_CONFLICTS_sum_count,             0
MEM_REQ_ROW_BUFFER_CONFLICTS_sum_pct,         -nan
MEM_REQ_ROW_BUFFER_CONFLICTS_sum_total_count,             0
MEM_REQ_ROW_BUFFER_CONFLICTS_sum_total_pct,         -nan
MEM_REQ_ROW_BUFFER_CONFLICTS_mean,         -nan
MEM_REQ_ROW_BUFFER_CONFLICTS_stddev,         -nan
MEM_REQ_ROW_BUFFER_CONFLICTS_total_mean,         -nan
MEM_REQ_ROW_BUFFER_CONFLICTS_total_stddev,         -nan

SHADOW_ROW_BUFFER_HITS_count,             0
SHADOW_ROW_BUFFER_HITS_total_count,             0

SHADOW_ROW_HIT_STALL_TIME_count,             0
SHADOW_ROW_HIT_STALL_TIME_total_count,             0

CHANNEL0_BUS_BUSY_CYCLES_count,             0
CHANNEL0_BUS_BUSY_CYCLES_pct,         -nan
CHANNEL0_BUS_BUSY_CYCLES_total_count,             0
CHANNEL0_BUS_BUSY_CYCLES_total_pct,         -nan

CHANNEL1_BUS_BUSY_CYCLES_count,             0
CHANNEL1_BUS_BUSY_CYCLES_pct,         -nan
CHANNEL1_BUS_BUSY_CYCLES_total_count,             0
CHANNEL1_BUS_BUSY_CYCLES_total_pct,         -nan

CHANNEL2_BUS_BUSY_CYCLES_count,             0
CHANNEL2_BUS_BUSY_CYCLES_pct,         -nan
CHANNEL2_BUS_BUSY_CYCLES_total_count,             0
CHANNEL2_BUS_BUSY_CYCLES_total_pct,         -nan

CHANNEL3_BUS_BUSY_CYCLES_count,             0
CHANNEL3_BUS_BUSY_CYCLES_pct,         -nan
CHANNEL3_BUS_BUSY_CYCLES_total_count,             0
CHANNEL3_BUS_BUSY_CYCLES_total_pct,         -nan

CHANNEL4_BUS_BUSY_CYCLES_count,             0
CHANNEL4_BUS_BUSY_CYCLES_pct,         -nan
CHANNEL4_BUS_BUSY_CYCLES_total_count,             0
CHANNEL4_BUS_BUSY_CYCLES_total_pct,         -nan

CHANNEL5_BUS_BUSY_CYCLES_count,             0
CHANNEL5_BUS_BUSY_CYCLES_pct,         -nan
CHANNEL5_BUS_BUSY_CYCLES_total_count,             0
CHANNEL5_BUS_BUSY_CYCLES_total_pct,         -nan

CHANNEL6_BUS_BUSY_CYCLES_count,             0
CHANNEL6_BUS_BUSY_CYCLES_pct,         -nan
CHANNEL6_BUS_BUSY_CYCLES_total_count,             0
CHANNEL6_BUS_BUSY_CYCLES_total_pct,         -nan

CHANNEL7_BUS_BUSY_CYCLES_count,             0
CHANNEL7_BUS_BUSY_CYCLES_pct,         -nan
CHANNEL7_BUS_BUSY_CYCLES_total_count,             0
CHANNEL7_BUS_BUSY_CYCLES_total_pct,         -nan
CHANNEL7_BUS_BUSY_CYCLES_sum_count,             0
CHANNEL7_BUS_BUSY_CYCLES_sum_pct,         -nan
CHANNEL7_BUS_BUSY_CYCLES_sum_total_count,             0
CHANNEL7_BUS_BUSY_CYCLES_sum_total_pct,         -nan
CHANNEL7_BUS_BUSY_CYCLES_mean,         -nan
CHANNEL7_BUS_BUSY_CYCLES_stddev,         -nan
CHANNEL7_BUS_BUSY_CYCLES_total_mean,         -nan
CHANNEL7_BUS_BUSY_CYCLES_total_stddev,         -nan

CHANNEL_IDLE_DESPITE_READY_CMD_count,             0
CHANNEL_IDLE_DESPITE_READY_CMD_total_count,             0

MEM_NUM_TOTAL_BUS_CYCLES_count,             0
MEM_NUM_TOTAL_BUS_CYCLES_total_count,             0

MEM_NUM_BANK_BUSY_PER_BUS_CYCLE_count,             0
MEM_NUM_BANK_BUSY_PER_BUS_CYCLE_pct,         -nan
MEM_NUM_BANK_BUSY_PER_BUS_CYCLE_total_count,             0
MEM_NUM_BANK_BUSY_PER_BUS_CYCLE_total_pct,         -nan

CORE_NUM_BANK_BUSY_PER_BUS_CYCLE_count,             0
CORE_NUM_BANK_BUSY_PER_BUS_CYCLE_pct,         -nan
CORE_NUM_BANK_BUSY_PER_BUS_CYCLE_total_count,             0
CORE_NUM_BANK_BUSY_PER_BUS_CYCLE_total_pct,         -nan

CHANNEL0_MEM_NUM_TOTAL_BUS_CYCLES_count,             0
CHANNEL0_MEM_NUM_TOTAL_BUS_CYCLES_pct,         -nan
CHANNEL0_MEM_NUM_TOTAL_BUS_CYCLES_total_count,             0
CHANNEL0_MEM_NUM_TOTAL_BUS_CYCLES_total_pct,         -nan

CHANNEL1_MEM_NUM_TOTAL_BUS_CYCLES_count,             0
CHANNEL1_MEM_NUM_TOTAL_BUS_CYCLES_pct,         -nan
CHANNEL1_MEM_NUM_TOTAL_BUS_CYCLES_total_count,             0
CHANNEL1_MEM_NUM_TOTAL_BUS_CYCLES_total_pct,         -nan

CHANNEL2_MEM_NUM_TOTAL_BUS_CYCLES_count,             0
CHANNEL2_MEM_NUM_TOTAL_BUS_CYCLES_pct,         -nan
CHANNEL2_MEM_NUM_TOTAL_BUS_CYCLES_total_count,             0
CHANNEL2_MEM_NUM_TOTAL_BUS_CYCLES_total_pct,         -nan

CHANNEL3_MEM_NUM_TOTAL_BUS_CYCLES_count,             0
CHANNEL3_MEM_NUM_TOTAL_BUS_CYCLES_pct,         -nan
CHANNEL3_MEM_NUM_TOTAL_BUS_CYCLES_total_count,             0
CHANNEL3_MEM_NUM_TOTAL_BUS_CYCLES_total_pct,         -nan

CHANNEL4_MEM_NUM_TOTAL_BUS_CYCLES_count,             0
CHANNEL4_MEM_NUM_TOTAL_BUS_CYCLES_pct,         -nan
CHANNEL4_MEM_NUM_TOTAL_BUS_CYCLES_total_count,             0
CHANNEL4_MEM_NUM_TOTAL_BUS_CYCLES_total_pct,         -nan

CHANNEL5_MEM_NUM_TOTAL_BUS_CYCLES_count,             0
CHANNEL5_MEM_NUM_TOTAL_BUS_CYCLES_pct,         -nan
CHANNEL5_MEM_NUM_TOTAL_BUS_CYCLES_total_count,             0
CHANNEL5_MEM_NUM_TOTAL_BUS_CYCLES_total_pct,         -nan

CHANNEL6_MEM_NUM_TOTAL_BUS_CYCLES_count,             0
CHANNEL6_MEM_NUM_TOTAL_BUS_CYCLES_pct,         -nan
CHANNEL6_MEM_NUM_TOTAL_BUS_CYCLES_total_count,             0
CHANNEL6_MEM_NUM_TOTAL_BUS_CYCLES_total_pct,         -nan

CHANNEL7_MEM_NUM_TOTAL_BUS_CYCLES_count,             0
CHANNEL7_MEM_NUM_TOTAL_BUS_CYCLES_pct,         -nan
CHANNEL7_MEM_NUM_TOTAL_BUS_CYCLES_total_count,             0
CHANNEL7_MEM_NUM_TOTAL_BUS_CYCLES_total_pct,         -nan
CHANNEL7_MEM_NUM_TOTAL_BUS_CYCLES_sum_count,             0
CHANNEL7_MEM_NUM_TOTAL_BUS_CYCLES_sum_pct,         -nan
CHANNEL7_MEM_NUM_TOTAL_BUS_CYCLES_sum_total_count,             0
CHANNEL7_MEM_NUM_TOTAL_BUS_CYCLES_sum_total_pct,         -nan
CHANNEL7_MEM_NUM_TOTAL_BUS_CYCLES_mean,         -nan
CHANNEL7_MEM_NUM_TOTAL_BUS_CYCLES_stddev,         -nan
CHANNEL7_MEM_NUM_TOTAL_BUS_CYCLES_total_mean,         -nan
CHANNEL7_MEM_NUM_TOTAL_BUS_CYCLES_total_stddev,         -nan

CHANNEL0_MEM_NUM_BANK_BUSY_PER_BUS_CYCLE_count,             0
CHANNEL0_MEM_NUM_BANK_BUSY_PER_BUS_CYCLE_pct,         -nan
CHANNEL0_MEM_NUM_BANK_BUSY_PER_BUS_CYCLE_total_count,             0
CHANNEL0_MEM_NUM_BANK_BUSY_PER_BUS_CYCLE_total_pct,         -nan

CHANNEL1_MEM_NUM_BANK_BUSY_PER_BUS_CYCLE_count,             0
CHANNEL1_MEM_NUM_BANK_BUSY_PER_BUS_CYCLE_pct,         -nan
CHANNEL1_MEM_NUM_BANK_BUSY_PER_BUS_CYCLE_total_count,             0
CHANNEL1_MEM_NUM_BANK_BUSY_PER_BUS_CYCLE_total_pct,         -nan

CHANNEL2_MEM_NUM_BANK_BUSY_PER_BUS_CYCLE_count,             0
CHANNEL2_MEM_NUM_BANK_BUSY_PER_BUS_CYCLE_pct,         -nan
CHANNEL2_MEM_NUM_BANK_BUSY_PER_BUS_CYCLE_total_count,             0
CHANNEL2_MEM_NUM_BANK_BUSY_PER_BUS_CYCLE_total_pct,         -nan

CHANNEL3_MEM_NUM_BANK_BUSY_PER_BUS_CYCLE_count,             0
CHANNEL3_MEM_NUM_BANK_BUSY_PER_BUS_CYCLE_pct,         -nan
CHANNEL3_MEM_NUM_BANK_BUSY_PER_BUS_CYCLE_total_count,             0
CHANNEL3_MEM_NUM_BANK_BUSY_PER_BUS_CYCLE_total_pct,         -nan

CHANNEL4_MEM_NUM_BANK_BUSY_PER_BUS_CYCLE_count,             0
CHANNEL4_MEM_NUM_BANK_BUSY_PER_BUS_CYCLE_pct,         -nan
CHANNEL4_MEM_NUM_BANK_BUSY_PER_BUS_CYCLE_total_count,             0
CHANNEL4_MEM_NUM_BANK_BUSY_PER_BUS_CYCLE_total_pct,         -nan

CHANNEL5_MEM_NUM_BANK_BUSY_PER_BUS_CYCLE_count,             0
CHANNEL5_MEM_NUM_BANK_BUSY_PER_BUS_CYCLE_pct,         -nan
CHANNEL5_MEM_NUM_BANK_BUSY_PER_BUS_CYCLE_total_count,             0
CHANNEL5_MEM_NUM_BANK_BUSY_PER_BUS_CYCLE_total_pct,         -nan

CHANNEL6_MEM_NUM_BANK_BUSY_PER_BUS_CYCLE_count,             0
CHANNEL6_MEM_NUM_BANK_BUSY_PER_BUS_CYCLE_pct,         -nan
CHANNEL6_MEM_NUM_BANK_BUSY_PER_BUS_CYCLE_total_count,             0
CHANNEL6_MEM_NUM_BANK_BUSY_PER_BUS_CYCLE_total_pct,         -nan

CHANNEL7_MEM_NUM_BANK_BUSY_PER_BUS_CYCLE_count,             0
CHANNEL7_MEM_NUM_BANK_BUSY_PER_BUS_CYCLE_pct,         -nan
CHANNEL7_MEM_NUM_BANK_BUSY_PER_BUS_CYCLE_total_count,             0
CHANNEL7_MEM_NUM_BANK_BUSY_PER_BUS_CYCLE_total_pct,         -nan

RAMULATOR_QUEUE_ENQUEUED_count,             0
RAMULATOR_QUEUE_ENQUEUED_total_count,             0

RAMULATOR_QUEUE_FULL_count,             0
RAMULATOR_QUEUE_FULL_total_count,             0

BUS_DEMAND_ACCESS_count,         54523
BUS_DEMAND_ACCESS_total_count,         54523

BUS_PREF_ACCESS_count,           697
BUS_PREF_ACCESS_total_count,           697

BUS_ACCESS_count,             0
BUS_ACCESS_total_count,             0

L1_DEMAND_ACCESS_count,       1813595
L1_DEMAND_ACCESS_total_count,       1813595

L1_PREF_ACCESS_count,       4441073
L1_PREF_ACCESS_total_count,       4441073

L1_ACCESS_count,       6185831
L1_ACCESS_total_count,       6185831

MLC_DEMAND_ACCESS_count,      11701075
MLC_DEMAND_ACCESS_total_count,      11701075

MLC_PREF_ACCESS_count,       3398745
MLC_PREF_ACCESS_total_count,       3398745

MLC_ACCESS_count,      15099820
MLC_ACCESS_total_count,      15099820

L1_HIT_count,        185792
L1_HIT_pct,       97.516
L1_HIT_total_count,        185792
L1_HIT_total_pct,       97.516

L1_MISS_count,          4733
L1_MISS_pct,        2.484
L1_MISS_total_count,          4733
L1_MISS_total_pct,        2.484
L1_MISS_sum_count,        190525
L1_MISS_sum_pct,      100.000
L1_MISS_sum_total_count,        190525
L1_MISS_sum_total_pct,      100.000
L1_MISS_mean,         0.02
L1_MISS_stddev,         0.15
L1_MISS_total_mean,         0.02
L1_MISS_total_stddev,         0.15

L1_HIT_ALL_count,       1535271
L1_HIT_ALL_pct,       96.495
L1_HIT_ALL_total_count,       1535271
L1_HIT_ALL_total_pct,       96.495

L1_MISS_ALL_count,         55758
L1_MISS_ALL_pct,        3.505
L1_MISS_ALL_total_count,         55758
L1_MISS_ALL_total_pct,        3.505
L1_MISS_ALL_sum_count,       1591029
L1_MISS_ALL_sum_pct,      100.000
L1_MISS_ALL_sum_total_count,       1591029
L1_MISS_ALL_sum_total_pct,      100.000
L1_MISS_ALL_mean,         0.04
L1_MISS_ALL_stddev,         0.18
L1_MISS_ALL_total_mean,         0.04
L1_MISS_ALL_total_stddev,         0.18

L1_DEMAND_MISS_count,          4732
L1_DEMAND_MISS_pct,        8.487
L1_DEMAND_MISS_total_count,          4732
L1_DEMAND_MISS_total_pct,        8.487

L1_PREF_REQ_MISS_count,           697
L1_PREF_REQ_MISS_pct,        1.250
L1_PREF_REQ_MISS_total_count,           697
L1_PREF_REQ_MISS_total_pct,        1.250

L1_WB_MISS_count,         50329
L1_WB_MISS_pct,       90.263
L1_WB_MISS_total_count,         50329
L1_WB_MISS_total_pct,       90.263
L1_WB_MISS_sum_count,         55758
L1_WB_MISS_sum_pct,      100.000
L1_WB_MISS_sum_total_count,         55758
L1_WB_MISS_sum_total_pct,      100.000
L1_WB_MISS_mean,         1.82
L1_WB_MISS_stddev,         1.74
L1_WB_MISS_total_mean,         1.82
L1_WB_MISS_total_stddev,         1.74

L1_DEMAND_HIT_count,        185785
L1_DEMAND_HIT_pct,       12.101
L1_DEMAND_HIT_total_count,        185785
L1_DEMAND_HIT_total_pct,       12.101

L1_PREF_REQ_HIT_count,          6382
L1_PREF_REQ_HIT_pct,        0.416
L1_PREF_REQ_HIT_total_count,          6382
L1_PREF_REQ_HIT_total_pct,        0.416

L1_WB_HIT_count,       1343104
L1_WB_HIT_pct,       87.483
L1_WB_HIT_total_count,       1343104
L1_WB_HIT_total_pct,       87.483
L1_WB_HIT_sum_count,       1535271
L1_WB_HIT_sum_pct,      100.000
L1_WB_HIT_sum_total_count,       1535271
L1_WB_HIT_sum_total_pct,      100.000
L1_WB_HIT_mean,         1.75
L1_WB_HIT_stddev,         1.66
L1_WB_HIT_total_mean,         1.75
L1_WB_HIT_total_stddev,         1.66

L1_MISS_ONPATH_count,          4403
L1_MISS_ONPATH_pct,       93.028
L1_MISS_ONPATH_total_count,          4403
L1_MISS_ONPATH_total_pct,       93.028

L1_MISS_OFFPATH_count,           330
L1_MISS_OFFPATH_pct,        6.972
L1_MISS_OFFPATH_total_count,           330
L1_MISS_OFFPATH_total_pct,        6.972
L1_MISS_OFFPATH_sum_count,          4733
L1_MISS_OFFPATH_sum_pct,      100.000
L1_MISS_OFFPATH_sum_total_count,          4733
L1_MISS_OFFPATH_sum_total_pct,      100.000
L1_MISS_OFFPATH_mean,         0.07
L1_MISS_OFFPATH_stddev,         0.25
L1_MISS_OFFPATH_total_mean,         0.07
L1_MISS_OFFPATH_total_stddev,         0.25

L1_MISS_ALL_ONPATH_count,          6607
L1_MISS_ALL_ONPATH_pct,       11.849
L1_MISS_ALL_ONPATH_total_count,          6607
L1_MISS_ALL_ONPATH_total_pct,       11.849

L1_MISS_ALL_OFFPATH_count,         49151
L1_MISS_ALL_OFFPATH_pct,       88.151
L1_MISS_ALL_OFFPATH_total_count,         49151
L1_MISS_ALL_OFFPATH_total_pct,       88.151
L1_MISS_ALL_OFFPATH_sum_count,         55758
L1_MISS_ALL_OFFPATH_sum_pct,      100.000
L1_MISS_ALL_OFFPATH_sum_total_count,         55758
L1_MISS_ALL_OFFPATH_sum_total_pct,      100.000
L1_MISS_ALL_OFFPATH_mean,         0.88
L1_MISS_ALL_OFFPATH_stddev,         0.84
L1_MISS_ALL_OFFPATH_total_mean,         0.88
L1_MISS_ALL_OFFPATH_total_stddev,         0.84

L1_HIT_ONPATH_count,        177716
L1_HIT_ONPATH_pct,       95.653
L1_HIT_ONPATH_total_count,        177716
L1_HIT_ONPATH_total_pct,       95.653

L1_HIT_OFFPATH_count,          8076
L1_HIT_OFFPATH_pct,        4.347
L1_HIT_OFFPATH_total_count,          8076
L1_HIT_OFFPATH_total_pct,        4.347
L1_HIT_OFFPATH_sum_count,        185792
L1_HIT_OFFPATH_sum_pct,      100.000
L1_HIT_OFFPATH_sum_total_count,        185792
L1_HIT_OFFPATH_sum_total_pct,      100.000
L1_HIT_OFFPATH_mean,         0.04
L1_HIT_OFFPATH_stddev,         0.20
L1_HIT_OFFPATH_total_mean,         0.04
L1_HIT_OFFPATH_total_stddev,         0.20

L1_HIT_ALL_ONPATH_count,        392064
L1_HIT_ALL_ONPATH_pct,       25.537
L1_HIT_ALL_ONPATH_total_count,        392064
L1_HIT_ALL_ONPATH_total_pct,       25.537

L1_HIT_ALL_OFFPATH_count,       1143207
L1_HIT_ALL_OFFPATH_pct,       74.463
L1_HIT_ALL_OFFPATH_total_count,       1143207
L1_HIT_ALL_OFFPATH_total_pct,       74.463
L1_HIT_ALL_OFFPATH_sum_count,       1535271
L1_HIT_ALL_OFFPATH_sum_pct,      100.000
L1_HIT_ALL_OFFPATH_sum_total_count,       1535271
L1_HIT_ALL_OFFPATH_sum_total_pct,      100.000
L1_HIT_ALL_OFFPATH_mean,         0.74
L1_HIT_ALL_OFFPATH_stddev,         0.68
L1_HIT_ALL_OFFPATH_total_mean,         0.74
L1_HIT_ALL_OFFPATH_total_stddev,         0.68

L1_HIT_ONPATH_SAT_BY_OFFPATH_count,             0
L1_HIT_ONPATH_SAT_BY_OFFPATH_pct,         -nan
L1_HIT_ONPATH_SAT_BY_OFFPATH_total_count,             0
L1_HIT_ONPATH_SAT_BY_OFFPATH_total_pct,         -nan

L1_HIT_ONPATH_SAT_BY_ONPATH_count,             0
L1_HIT_ONPATH_SAT_BY_ONPATH_pct,         -nan
L1_HIT_ONPATH_SAT_BY_ONPATH_total_count,             0
L1_HIT_ONPATH_SAT_BY_ONPATH_total_pct,         -nan
L1_HIT_ONPATH_SAT_BY_ONPATH_sum_count,             0
L1_HIT_ONPATH_SAT_BY_ONPATH_sum_pct,         -nan
L1_HIT_ONPATH_SAT_BY_ONPATH_sum_total_count,             0
L1_HIT_ONPATH_SAT_BY_ONPATH_sum_total_pct,         -nan
L1_HIT_ONPATH_SAT_BY_ONPATH_mean,         -nan
L1_HIT_ONPATH_SAT_BY_ONPATH_stddev,         -nan
L1_HIT_ONPATH_SAT_BY_ONPATH_total_mean,         -nan
L1_HIT_ONPATH_SAT_BY_ONPATH_total_stddev,         -nan

L1_HIT_OFFPATH_SAT_BY_OFFPATH_count,             0
L1_HIT_OFFPATH_SAT_BY_OFFPATH_pct,         -nan
L1_HIT_OFFPATH_SAT_BY_OFFPATH_total_count,             0
L1_HIT_OFFPATH_SAT_BY_OFFPATH_total_pct,         -nan

L1_HIT_OFFPATH_SAT_BY_ONPATH_count,             0
L1_HIT_OFFPATH_SAT_BY_ONPATH_pct,         -nan
L1_HIT_OFFPATH_SAT_BY_ONPATH_total_count,             0
L1_HIT_OFFPATH_SAT_BY_ONPATH_total_pct,         -nan
L1_HIT_OFFPATH_SAT_BY_ONPATH_sum_count,             0
L1_HIT_OFFPATH_SAT_BY_ONPATH_sum_pct,         -nan
L1_HIT_OFFPATH_SAT_BY_ONPATH_sum_total_count,             0
L1_HIT_OFFPATH_SAT_BY_ONPATH_sum_total_pct,         -nan
L1_HIT_OFFPATH_SAT_BY_ONPATH_mean,         -nan
L1_HIT_OFFPATH_SAT_BY_ONPATH_stddev,         -nan
L1_HIT_OFFPATH_SAT_BY_ONPATH_total_mean,         -nan
L1_HIT_OFFPATH_SAT_BY_ONPATH_total_stddev,         -nan

L1_HIT_ONPATH_IFETCH_SAT_BY_OFFPATH_count,             0
L1_HIT_ONPATH_IFETCH_SAT_BY_OFFPATH_pct,         -nan
L1_HIT_ONPATH_IFETCH_SAT_BY_OFFPATH_total_count,             0
L1_HIT_ONPATH_IFETCH_SAT_BY_OFFPATH_total_pct,         -nan

L1_HIT_ONPATH_IFETCH_SAT_BY_ONPATH_count,             0
L1_HIT_ONPATH_IFETCH_SAT_BY_ONPATH_pct,         -nan
L1_HIT_ONPATH_IFETCH_SAT_BY_ONPATH_total_count,             0
L1_HIT_ONPATH_IFETCH_SAT_BY_ONPATH_total_pct,         -nan
L1_HIT_ONPATH_IFETCH_SAT_BY_ONPATH_sum_count,             0
L1_HIT_ONPATH_IFETCH_SAT_BY_ONPATH_sum_pct,         -nan
L1_HIT_ONPATH_IFETCH_SAT_BY_ONPATH_sum_total_count,             0
L1_HIT_ONPATH_IFETCH_SAT_BY_ONPATH_sum_total_pct,         -nan
L1_HIT_ONPATH_IFETCH_SAT_BY_ONPATH_mean,         -nan
L1_HIT_ONPATH_IFETCH_SAT_BY_ONPATH_stddev,         -nan
L1_HIT_ONPATH_IFETCH_SAT_BY_ONPATH_total_mean,         -nan
L1_HIT_ONPATH_IFETCH_SAT_BY_ONPATH_total_stddev,         -nan

L1_HIT_ONPATH_DATA_SAT_BY_OFFPATH_count,             0
L1_HIT_ONPATH_DATA_SAT_BY_OFFPATH_pct,         -nan
L1_HIT_ONPATH_DATA_SAT_BY_OFFPATH_total_count,             0
L1_HIT_ONPATH_DATA_SAT_BY_OFFPATH_total_pct,         -nan

L1_HIT_ONPATH_DATA_SAT_BY_ONPATH_count,             0
L1_HIT_ONPATH_DATA_SAT_BY_ONPATH_pct,         -nan
L1_HIT_ONPATH_DATA_SAT_BY_ONPATH_total_count,             0
L1_HIT_ONPATH_DATA_SAT_BY_ONPATH_total_pct,         -nan
L1_HIT_ONPATH_DATA_SAT_BY_ONPATH_sum_count,             0
L1_HIT_ONPATH_DATA_SAT_BY_ONPATH_sum_pct,         -nan
L1_HIT_ONPATH_DATA_SAT_BY_ONPATH_sum_total_count,             0
L1_HIT_ONPATH_DATA_SAT_BY_ONPATH_sum_total_pct,         -nan
L1_HIT_ONPATH_DATA_SAT_BY_ONPATH_mean,         -nan
L1_HIT_ONPATH_DATA_SAT_BY_ONPATH_stddev,         -nan
L1_HIT_ONPATH_DATA_SAT_BY_ONPATH_total_mean,         -nan
L1_HIT_ONPATH_DATA_SAT_BY_ONPATH_total_stddev,         -nan

L1_FILL_OFFPATH_IFETCH_count,             0
L1_FILL_OFFPATH_IFETCH_total_count,             0

L1_FILL_OFFPATH_DATA_count,             0
L1_FILL_OFFPATH_DATA_total_count,             0

L1_FILL_OFFPATH_count,             0
L1_FILL_OFFPATH_total_count,             0

L1_USE_OFFPATH_IFETCH_count,             0
L1_USE_OFFPATH_IFETCH_pct,         -nan
L1_USE_OFFPATH_IFETCH_total_count,             0
L1_USE_OFFPATH_IFETCH_total_pct,         -nan

L1_USE_OFFPATH_DATA_count,             0
L1_USE_OFFPATH_DATA_pct,         -nan
L1_USE_OFFPATH_DATA_total_count,             0
L1_USE_OFFPATH_DATA_total_pct,         -nan

L1_USE_OFFPATH_count,             0
L1_USE_OFFPATH_pct,         -nan
L1_USE_OFFPATH_total_count,             0
L1_USE_OFFPATH_total_pct,         -nan

JUST_L1_USE_OFFPATH_count,             0
JUST_L1_USE_OFFPATH_pct,         -nan
JUST_L1_USE_OFFPATH_total_count,             0
JUST_L1_USE_OFFPATH_total_pct,         -nan

L1_FILL_ONPATH_IFETCH_count,             0
L1_FILL_ONPATH_IFETCH_total_count,             0

L1_FILL_ONPATH_DATA_count,             0
L1_FILL_ONPATH_DATA_total_count,             0

L1_FILL_ONPATH_count,             0
L1_FILL_ONPATH_total_count,             0

L1_USE_ONPATH_IFETCH_count,             0
L1_USE_ONPATH_IFETCH_pct,         -nan
L1_USE_ONPATH_IFETCH_total_count,             0
L1_USE_ONPATH_IFETCH_total_pct,         -nan

L1_USE_ONPATH_DATA_count,             0
L1_USE_ONPATH_DATA_pct,         -nan
L1_USE_ONPATH_DATA_total_count,             0
L1_USE_ONPATH_DATA_total_pct,         -nan

L1_USE_ONPATH_count,             0
L1_USE_ONPATH_pct,         -nan
L1_USE_ONPATH_total_count,             0
L1_USE_ONPATH_total_pct,         -nan

L1_CYCLE_count,      45593180
L1_CYCLE_total_count,      45593180

L1_LINES_count, 1464086908755
L1_LINES_pct,    32111.972
L1_LINES_total_count, 1464086908755
L1_LINES_total_pct,    32111.972

MLC_HIT_count,       6965801
MLC_HIT_pct,       97.677
MLC_HIT_total_count,       6965801
MLC_HIT_total_pct,       97.677

MLC_MISS_count,        165633
MLC_MISS_pct,        2.323
MLC_MISS_total_count,        165633
MLC_MISS_total_pct,        2.323
MLC_MISS_sum_count,       7131434
MLC_MISS_sum_pct,      100.000
MLC_MISS_sum_total_count,       7131434
MLC_MISS_sum_total_pct,      100.000
MLC_MISS_mean,         0.02
MLC_MISS_stddev,         0.15
MLC_MISS_total_mean,         0.02
MLC_MISS_total_stddev,         0.15

MLC_HIT_ALL_count,      13443348
MLC_HIT_ALL_pct,       89.798
MLC_HIT_ALL_total_count,      13443348
MLC_HIT_ALL_total_pct,       89.798

MLC_MISS_ALL_count,       1527388
MLC_MISS_ALL_pct,       10.202
MLC_MISS_ALL_total_count,       1527388
MLC_MISS_ALL_total_pct,       10.202
MLC_MISS_ALL_sum_count,      14970736
MLC_MISS_ALL_sum_pct,      100.000
MLC_MISS_ALL_sum_total_count,      14970736
MLC_MISS_ALL_sum_total_pct,      100.000
MLC_MISS_ALL_mean,         0.10
MLC_MISS_ALL_stddev,         0.29
MLC_MISS_ALL_total_mean,         0.10
MLC_MISS_ALL_total_stddev,         0.29

MLC_DEMAND_MISS_count,        165633
MLC_DEMAND_MISS_pct,       10.844
MLC_DEMAND_MISS_total_count,        165633
MLC_DEMAND_MISS_total_pct,       10.844

MLC_PREF_REQ_MISS_count,             0
MLC_PREF_REQ_MISS_pct,        0.000
MLC_PREF_REQ_MISS_total_count,             0
MLC_PREF_REQ_MISS_total_pct,        0.000

MLC_WB_MISS_count,       1361755
MLC_WB_MISS_pct,       89.156
MLC_WB_MISS_total_count,       1361755
MLC_WB_MISS_total_pct,       89.156
MLC_WB_MISS_sum_count,       1527388
MLC_WB_MISS_sum_pct,      100.000
MLC_WB_MISS_sum_total_count,       1527388
MLC_WB_MISS_sum_total_pct,      100.000
MLC_WB_MISS_mean,         1.78
MLC_WB_MISS_stddev,         1.70
MLC_WB_MISS_total_mean,         1.78
MLC_WB_MISS_total_stddev,         1.70

MLC_DEMAND_HIT_count,       6965801
MLC_DEMAND_HIT_pct,       51.816
MLC_DEMAND_HIT_total_count,       6965801
MLC_DEMAND_HIT_total_pct,       51.816

MLC_PREF_REQ_HIT_count,             0
MLC_PREF_REQ_HIT_pct,        0.000
MLC_PREF_REQ_HIT_total_count,             0
MLC_PREF_REQ_HIT_total_pct,        0.000

MLC_WB_HIT_count,       6477547
MLC_WB_HIT_pct,       48.184
MLC_WB_HIT_total_count,       6477547
MLC_WB_HIT_total_pct,       48.184
MLC_WB_HIT_sum_count,      13443348
MLC_WB_HIT_sum_pct,      100.000
MLC_WB_HIT_sum_total_count,      13443348
MLC_WB_HIT_sum_total_pct,      100.000
MLC_WB_HIT_mean,         0.96
MLC_WB_HIT_stddev,         0.98
MLC_WB_HIT_total_mean,         0.96
MLC_WB_HIT_total_stddev,         0.98

MLC_MISS_ONPATH_count,        160236
MLC_MISS_ONPATH_pct,       96.742
MLC_MISS_ONPATH_total_count,        160236
MLC_MISS_ONPATH_total_pct,       96.742

MLC_MISS_OFFPATH_count,          5397
MLC_MISS_OFFPATH_pct,        3.258
MLC_MISS_OFFPATH_total_count,          5397
MLC_MISS_OFFPATH_total_pct,        3.258
MLC_MISS_OFFPATH_sum_count,        165633
MLC_MISS_OFFPATH_sum_pct,      100.000
MLC_MISS_OFFPATH_sum_total_count,        165633
MLC_MISS_OFFPATH_sum_total_pct,      100.000
MLC_MISS_OFFPATH_mean,         0.03
MLC_MISS_OFFPATH_stddev,         0.17
MLC_MISS_OFFPATH_total_mean,         0.03
MLC_MISS_OFFPATH_total_stddev,         0.17

MLC_MISS_ALL_ONPATH_count,        327151
MLC_MISS_ALL_ONPATH_pct,       21.419
MLC_MISS_ALL_ONPATH_total_count,        327151
MLC_MISS_ALL_ONPATH_total_pct,       21.419

MLC_MISS_ALL_OFFPATH_count,       1200237
MLC_MISS_ALL_OFFPATH_pct,       78.581
MLC_MISS_ALL_OFFPATH_total_count,       1200237
MLC_MISS_ALL_OFFPATH_total_pct,       78.581
MLC_MISS_ALL_OFFPATH_sum_count,       1527388
MLC_MISS_ALL_OFFPATH_sum_pct,      100.000
MLC_MISS_ALL_OFFPATH_sum_total_count,       1527388
MLC_MISS_ALL_OFFPATH_sum_total_pct,      100.000
MLC_MISS_ALL_OFFPATH_mean,         0.79
MLC_MISS_ALL_OFFPATH_stddev,         0.72
MLC_MISS_ALL_OFFPATH_total_mean,         0.79
MLC_MISS_ALL_OFFPATH_total_stddev,         0.72

MLC_HIT_ONPATH_count,       6904208
MLC_HIT_ONPATH_pct,       99.116
MLC_HIT_ONPATH_total_count,       6904208
MLC_HIT_ONPATH_total_pct,       99.116

MLC_HIT_OFFPATH_count,         61593
MLC_HIT_OFFPATH_pct,        0.884
MLC_HIT_OFFPATH_total_count,         61593
MLC_HIT_OFFPATH_total_pct,        0.884
MLC_HIT_OFFPATH_sum_count,       6965801
MLC_HIT_OFFPATH_sum_pct,      100.000
MLC_HIT_OFFPATH_sum_total_count,       6965801
MLC_HIT_OFFPATH_sum_total_pct,      100.000
MLC_HIT_OFFPATH_mean,         0.01
MLC_HIT_OFFPATH_stddev,         0.09
MLC_HIT_OFFPATH_total_mean,         0.01
MLC_HIT_OFFPATH_total_stddev,         0.09

MLC_HIT_ALL_ONPATH_count,      12625188
MLC_HIT_ALL_ONPATH_pct,       93.914
MLC_HIT_ALL_ONPATH_total_count,      12625188
MLC_HIT_ALL_ONPATH_total_pct,       93.914

MLC_HIT_ALL_OFFPATH_count,        818160
MLC_HIT_ALL_OFFPATH_pct,        6.086
MLC_HIT_ALL_OFFPATH_total_count,        818160
MLC_HIT_ALL_OFFPATH_total_pct,        6.086
MLC_HIT_ALL_OFFPATH_sum_count,      13443348
MLC_HIT_ALL_OFFPATH_sum_pct,      100.000
MLC_HIT_ALL_OFFPATH_sum_total_count,      13443348
MLC_HIT_ALL_OFFPATH_sum_total_pct,      100.000
MLC_HIT_ALL_OFFPATH_mean,         0.06
MLC_HIT_ALL_OFFPATH_stddev,         0.23
MLC_HIT_ALL_OFFPATH_total_mean,         0.06
MLC_HIT_ALL_OFFPATH_total_stddev,         0.23

L1_QUEUE_OCCUPANCY_count,      62009489
L1_QUEUE_OCCUPANCY_pct,        1.360
L1_QUEUE_OCCUPANCY_total_count,      62009489
L1_QUEUE_OCCUPANCY_total_pct,        1.360

MLC_QUEUE_OCCUPANCY_count,      60418460
MLC_QUEUE_OCCUPANCY_pct,        1.325
MLC_QUEUE_OCCUPANCY_total_count,      60418460
MLC_QUEUE_OCCUPANCY_total_pct,        1.325

DCACHE_FILL_PORT_UNAVAILABLE_ONPATH_count,        583231
DCACHE_FILL_PORT_UNAVAILABLE_ONPATH_total_count,        583231

DCACHE_FILL_PORT_UNAVAILABLE_OFFPATH_count,          3836
DCACHE_FILL_PORT_UNAVAILABLE_OFFPATH_total_count,          3836

DCACHE_FILL_OFFPATH_count,             0
DCACHE_FILL_OFFPATH_total_count,             0

DCACHE_USE_OFFPATH_count,             0
DCACHE_USE_OFFPATH_pct,         -nan
DCACHE_USE_OFFPATH_total_count,             0
DCACHE_USE_OFFPATH_total_pct,         -nan

DCACHE_FILL_ONPATH_count,             0
DCACHE_FILL_ONPATH_total_count,             0

DCACHE_USE_ONPATH_count,             0
DCACHE_USE_ONPATH_pct,         -nan
DCACHE_USE_ONPATH_total_count,             0
DCACHE_USE_ONPATH_total_pct,         -nan

ICACHE_FILL_OFFPATH_count,             0
ICACHE_FILL_OFFPATH_total_count,             0

ICACHE_USE_OFFPATH_count,             0
ICACHE_USE_OFFPATH_pct,         -nan
ICACHE_USE_OFFPATH_total_count,             0
ICACHE_USE_OFFPATH_total_pct,         -nan

ICACHE_FILL_ONPATH_count,             0
ICACHE_FILL_ONPATH_total_count,             0

ICACHE_USE_ONPATH_count,             0
ICACHE_USE_ONPATH_pct,         -nan
ICACHE_USE_ONPATH_total_count,             0
ICACHE_USE_ONPATH_total_pct,         -nan

REQBUF_CREATE_ONPATH_count,      13014021
REQBUF_CREATE_ONPATH_total_count,      13014021

REQBUF_ONPATH_MATCH_OFFPATH_count,             0
REQBUF_ONPATH_MATCH_OFFPATH_pct,        0.000
REQBUF_ONPATH_MATCH_OFFPATH_total_count,             0
REQBUF_ONPATH_MATCH_OFFPATH_total_pct,        0.000

REQBUF_CREATE_ONPATH_DATA_count,       6873922
REQBUF_CREATE_ONPATH_DATA_total_count,       6873922

REQBUF_ONPATH_MATCH_OFFPATH_DATA_count,             0
REQBUF_ONPATH_MATCH_OFFPATH_DATA_pct,        0.000
REQBUF_ONPATH_MATCH_OFFPATH_DATA_total_count,             0
REQBUF_ONPATH_MATCH_OFFPATH_DATA_total_pct,        0.000

REQBUF_CREATE_ONPATH_IFETCH_count,          5464
REQBUF_CREATE_ONPATH_IFETCH_total_count,          5464

REQBUF_ONPATH_MATCH_OFFPATH_IFETCH_count,             0
REQBUF_ONPATH_MATCH_OFFPATH_IFETCH_pct,        0.000
REQBUF_ONPATH_MATCH_OFFPATH_IFETCH_total_count,             0
REQBUF_ONPATH_MATCH_OFFPATH_IFETCH_total_pct,        0.000

REQBUF_CREATE_OFFPATH_count,       2026088
REQBUF_CREATE_OFFPATH_total_count,       2026088

ONPATH_KICKED_OUT_OFFPATH_count,             0
ONPATH_KICKED_OUT_OFFPATH_total_count,             0

ONPATH_KICKED_OUT_PREFETCH_count,             0
ONPATH_KICKED_OUT_PREFETCH_total_count,             0

DIST_ICACHE_FILL_OFFPATH_USED_count,             0
DIST_ICACHE_FILL_OFFPATH_USED_pct,         -nan
DIST_ICACHE_FILL_OFFPATH_USED_total_count,             0
DIST_ICACHE_FILL_OFFPATH_USED_total_pct,         -nan

DIST_ICACHE_FILL_OFFPATH_NOTUSED_count,             0
DIST_ICACHE_FILL_OFFPATH_NOTUSED_pct,         -nan
DIST_ICACHE_FILL_OFFPATH_NOTUSED_total_count,             0
DIST_ICACHE_FILL_OFFPATH_NOTUSED_total_pct,         -nan

DIST_ICACHE_FILL_ONPATH_PARTIAL_count,             0
DIST_ICACHE_FILL_ONPATH_PARTIAL_pct,         -nan
DIST_ICACHE_FILL_ONPATH_PARTIAL_total_count,             0
DIST_ICACHE_FILL_ONPATH_PARTIAL_total_pct,         -nan

DIST_ICACHE_FILL_ONPATH_count,             0
DIST_ICACHE_FILL_ONPATH_pct,         -nan
DIST_ICACHE_FILL_ONPATH_total_count,             0
DIST_ICACHE_FILL_ONPATH_total_pct,         -nan
DIST_ICACHE_FILL_ONPATH_sum_count,             0
DIST_ICACHE_FILL_ONPATH_sum_pct,         -nan
DIST_ICACHE_FILL_ONPATH_sum_total_count,             0
DIST_ICACHE_FILL_ONPATH_sum_total_pct,         -nan
DIST_ICACHE_FILL_ONPATH_mean,         -nan
DIST_ICACHE_FILL_ONPATH_stddev,         -nan
DIST_ICACHE_FILL_ONPATH_total_mean,         -nan
DIST_ICACHE_FILL_ONPATH_total_stddev,         -nan

DIST_DCACHE_FILL_OFFPATH_USED_count,             0
DIST_DCACHE_FILL_OFFPATH_USED_pct,         -nan
DIST_DCACHE_FILL_OFFPATH_USED_total_count,             0
DIST_DCACHE_FILL_OFFPATH_USED_total_pct,         -nan

DIST_DCACHE_FILL_OFFPATH_NOTUSED_count,             0
DIST_DCACHE_FILL_OFFPATH_NOTUSED_pct,         -nan
DIST_DCACHE_FILL_OFFPATH_NOTUSED_total_count,             0
DIST_DCACHE_FILL_OFFPATH_NOTUSED_total_pct,         -nan

DIST_DCACHE_FILL_ONPATH_PARTIAL_count,             0
DIST_DCACHE_FILL_ONPATH_PARTIAL_pct,         -nan
DIST_DCACHE_FILL_ONPATH_PARTIAL_total_count,             0
DIST_DCACHE_FILL_ONPATH_PARTIAL_total_pct,         -nan

DIST_DCACHE_FILL_ONPATH_count,             0
DIST_DCACHE_FILL_ONPATH_pct,         -nan
DIST_DCACHE_FILL_ONPATH_total_count,             0
DIST_DCACHE_FILL_ONPATH_total_pct,         -nan
DIST_DCACHE_FILL_ONPATH_sum_count,             0
DIST_DCACHE_FILL_ONPATH_sum_pct,         -nan
DIST_DCACHE_FILL_ONPATH_sum_total_count,             0
DIST_DCACHE_FILL_ONPATH_sum_total_pct,         -nan
DIST_DCACHE_FILL_ONPATH_mean,         -nan
DIST_DCACHE_FILL_ONPATH_stddev,         -nan
DIST_DCACHE_FILL_ONPATH_total_mean,         -nan
DIST_DCACHE_FILL_ONPATH_total_stddev,         -nan

DIST_L1_FILL_OFFPATH_USED_count,             0
DIST_L1_FILL_OFFPATH_USED_pct,         -nan
DIST_L1_FILL_OFFPATH_USED_total_count,             0
DIST_L1_FILL_OFFPATH_USED_total_pct,         -nan

DIST_L1_FILL_OFFPATH_NOTUSED_count,             0
DIST_L1_FILL_OFFPATH_NOTUSED_pct,         -nan
DIST_L1_FILL_OFFPATH_NOTUSED_total_count,             0
DIST_L1_FILL_OFFPATH_NOTUSED_total_pct,         -nan

DIST_L1_FILL_ONPATH_PARTIAL_count,             0
DIST_L1_FILL_ONPATH_PARTIAL_pct,         -nan
DIST_L1_FILL_ONPATH_PARTIAL_total_count,             0
DIST_L1_FILL_ONPATH_PARTIAL_total_pct,         -nan

DIST_L1_FILL_ONPATH_count,             0
DIST_L1_FILL_ONPATH_pct,         -nan
DIST_L1_FILL_ONPATH_total_count,             0
DIST_L1_FILL_ONPATH_total_pct,         -nan
DIST_L1_FILL_ONPATH_sum_count,             0
DIST_L1_FILL_ONPATH_sum_pct,         -nan
DIST_L1_FILL_ONPATH_sum_total_count,             0
DIST_L1_FILL_ONPATH_sum_total_pct,         -nan
DIST_L1_FILL_ONPATH_mean,         -nan
DIST_L1_FILL_ONPATH_stddev,         -nan
DIST_L1_FILL_ONPATH_total_mean,         -nan
DIST_L1_FILL_ONPATH_total_stddev,         -nan

DIST_JUST_L1_FILL_OFFPATH_USED_count,             0
DIST_JUST_L1_FILL_OFFPATH_USED_pct,         -nan
DIST_JUST_L1_FILL_OFFPATH_USED_total_count,             0
DIST_JUST_L1_FILL_OFFPATH_USED_total_pct,         -nan

DIST_JUST_L1_FILL_OFFPATH_NOTUSED_count,             0
DIST_JUST_L1_FILL_OFFPATH_NOTUSED_pct,         -nan
DIST_JUST_L1_FILL_OFFPATH_NOTUSED_total_count,             0
DIST_JUST_L1_FILL_OFFPATH_NOTUSED_total_pct,         -nan

DIST_JUST_L1_FILL_ONPATH_PARTIAL_count,             0
DIST_JUST_L1_FILL_ONPATH_PARTIAL_pct,         -nan
DIST_JUST_L1_FILL_ONPATH_PARTIAL_total_count,             0
DIST_JUST_L1_FILL_ONPATH_PARTIAL_total_pct,         -nan

DIST_JUST_L1_FILL_ONPATH_count,             0
DIST_JUST_L1_FILL_ONPATH_pct,         -nan
DIST_JUST_L1_FILL_ONPATH_total_count,             0
DIST_JUST_L1_FILL_ONPATH_total_pct,         -nan
DIST_JUST_L1_FILL_ONPATH_sum_count,             0
DIST_JUST_L1_FILL_ONPATH_sum_pct,         -nan
DIST_JUST_L1_FILL_ONPATH_sum_total_count,             0
DIST_JUST_L1_FILL_ONPATH_sum_total_pct,         -nan
DIST_JUST_L1_FILL_ONPATH_mean,         -nan
DIST_JUST_L1_FILL_ONPATH_stddev,         -nan
DIST_JUST_L1_FILL_ONPATH_total_mean,         -nan
DIST_JUST_L1_FILL_ONPATH_total_stddev,         -nan

DIST_REQBUF_OFFPATH_USED_count,             0
DIST_REQBUF_OFFPATH_USED_pct,        0.000
DIST_REQBUF_OFFPATH_USED_total_count,             0
DIST_REQBUF_OFFPATH_USED_total_pct,        0.000

DIST_REQBUF_OFFPATH_NOTUSED_count,             0
DIST_REQBUF_OFFPATH_NOTUSED_pct,        0.000
DIST_REQBUF_OFFPATH_NOTUSED_total_count,             0
DIST_REQBUF_OFFPATH_NOTUSED_total_pct,        0.000

DIST_REQBUF_ONPATH_count,       8376624
DIST_REQBUF_ONPATH_pct,      100.000
DIST_REQBUF_ONPATH_total_count,       8376624
DIST_REQBUF_ONPATH_total_pct,      100.000
DIST_REQBUF_ONPATH_sum_count,       8376624
DIST_REQBUF_ONPATH_sum_pct,      100.000
DIST_REQBUF_ONPATH_sum_total_count,       8376624
DIST_REQBUF_ONPATH_sum_total_pct,      100.000
DIST_REQBUF_ONPATH_mean,         2.00
DIST_REQBUF_ONPATH_stddev,         2.00
DIST_REQBUF_ONPATH_total_mean,         2.00
DIST_REQBUF_ONPATH_total_stddev,         2.00

DIST2_REQBUF_OFFPATH_USED_PARTIAL_count,             0
DIST2_REQBUF_OFFPATH_USED_PARTIAL_pct,        0.000
DIST2_REQBUF_OFFPATH_USED_PARTIAL_total_count,             0
DIST2_REQBUF_OFFPATH_USED_PARTIAL_total_pct,        0.000

DIST2_REQBUF_OFFPATH_USED_FULL_count,             0
DIST2_REQBUF_OFFPATH_USED_FULL_pct,        0.000
DIST2_REQBUF_OFFPATH_USED_FULL_total_count,             0
DIST2_REQBUF_OFFPATH_USED_FULL_total_pct,        0.000

DIST2_REQBUF_OFFPATH_NOTUSED_count,             0
DIST2_REQBUF_OFFPATH_NOTUSED_pct,        0.000
DIST2_REQBUF_OFFPATH_NOTUSED_total_count,             0
DIST2_REQBUF_OFFPATH_NOTUSED_total_pct,        0.000

DIST2_REQBUF_ONPATH_count,       8376624
DIST2_REQBUF_ONPATH_pct,      100.000
DIST2_REQBUF_ONPATH_total_count,       8376624
DIST2_REQBUF_ONPATH_total_pct,      100.000
DIST2_REQBUF_ONPATH_sum_count,       8376624
DIST2_REQBUF_ONPATH_sum_pct,      100.000
DIST2_REQBUF_ONPATH_sum_total_count,       8376624
DIST2_REQBUF_ONPATH_sum_total_pct,      100.000
DIST2_REQBUF_ONPATH_mean,         3.00
DIST2_REQBUF_ONPATH_stddev,         3.00
DIST2_REQBUF_ONPATH_total_mean,         3.00
DIST2_REQBUF_ONPATH_total_stddev,         3.00

DIST_ICACHE_FILL_count,             0
DIST_ICACHE_FILL_total_count,             0

DIST_DCACHE_FILL_count,             0
DIST_DCACHE_FILL_total_count,             0

DIST_L1_FILL_count,             0
DIST_L1_FILL_total_count,             0

DIST_USED_OFFPATH_ICACHE_count,             0
DIST_USED_OFFPATH_ICACHE_pct,         -nan
DIST_USED_OFFPATH_ICACHE_total_count,             0
DIST_USED_OFFPATH_ICACHE_total_pct,         -nan

DIST_NOTUSED_OFFPATH_ICACHE_count,             0
DIST_NOTUSED_OFFPATH_ICACHE_pct,         -nan
DIST_NOTUSED_OFFPATH_ICACHE_total_count,             0
DIST_NOTUSED_OFFPATH_ICACHE_total_pct,         -nan
DIST_NOTUSED_OFFPATH_ICACHE_sum_count,             0
DIST_NOTUSED_OFFPATH_ICACHE_sum_pct,         -nan
DIST_NOTUSED_OFFPATH_ICACHE_sum_total_count,             0
DIST_NOTUSED_OFFPATH_ICACHE_sum_total_pct,         -nan
DIST_NOTUSED_OFFPATH_ICACHE_mean,         -nan
DIST_NOTUSED_OFFPATH_ICACHE_stddev,         -nan
DIST_NOTUSED_OFFPATH_ICACHE_total_mean,         -nan
DIST_NOTUSED_OFFPATH_ICACHE_total_stddev,         -nan

DIST_USED_OFFPATH_DCACHE_count,             0
DIST_USED_OFFPATH_DCACHE_pct,         -nan
DIST_USED_OFFPATH_DCACHE_total_count,             0
DIST_USED_OFFPATH_DCACHE_total_pct,         -nan

DIST_NOTUSED_OFFPATH_DCACHE_count,             0
DIST_NOTUSED_OFFPATH_DCACHE_pct,         -nan
DIST_NOTUSED_OFFPATH_DCACHE_total_count,             0
DIST_NOTUSED_OFFPATH_DCACHE_total_pct,         -nan
DIST_NOTUSED_OFFPATH_DCACHE_sum_count,             0
DIST_NOTUSED_OFFPATH_DCACHE_sum_pct,         -nan
DIST_NOTUSED_OFFPATH_DCACHE_sum_total_count,             0
DIST_NOTUSED_OFFPATH_DCACHE_sum_total_pct,         -nan
DIST_NOTUSED_OFFPATH_DCACHE_mean,         -nan
DIST_NOTUSED_OFFPATH_DCACHE_stddev,         -nan
DIST_NOTUSED_OFFPATH_DCACHE_total_mean,         -nan
DIST_NOTUSED_OFFPATH_DCACHE_total_stddev,         -nan

DIST_USED_OFFPATH_L1_count,             0
DIST_USED_OFFPATH_L1_pct,         -nan
DIST_USED_OFFPATH_L1_total_count,             0
DIST_USED_OFFPATH_L1_total_pct,         -nan

DIST_NOTUSED_OFFPATH_L1_count,             0
DIST_NOTUSED_OFFPATH_L1_pct,         -nan
DIST_NOTUSED_OFFPATH_L1_total_count,             0
DIST_NOTUSED_OFFPATH_L1_total_pct,         -nan
DIST_NOTUSED_OFFPATH_L1_sum_count,             0
DIST_NOTUSED_OFFPATH_L1_sum_pct,         -nan
DIST_NOTUSED_OFFPATH_L1_sum_total_count,             0
DIST_NOTUSED_OFFPATH_L1_sum_total_pct,         -nan
DIST_NOTUSED_OFFPATH_L1_mean,         -nan
DIST_NOTUSED_OFFPATH_L1_stddev,         -nan
DIST_NOTUSED_OFFPATH_L1_total_mean,         -nan
DIST_NOTUSED_OFFPATH_L1_total_stddev,         -nan

DIST_USED_OFFPATH_JUST_L1_count,             0
DIST_USED_OFFPATH_JUST_L1_pct,         -nan
DIST_USED_OFFPATH_JUST_L1_total_count,             0
DIST_USED_OFFPATH_JUST_L1_total_pct,         -nan

DIST_NOTUSED_OFFPATH_JUST_L1_count,             0
DIST_NOTUSED_OFFPATH_JUST_L1_pct,         -nan
DIST_NOTUSED_OFFPATH_JUST_L1_total_count,             0
DIST_NOTUSED_OFFPATH_JUST_L1_total_pct,         -nan
DIST_NOTUSED_OFFPATH_JUST_L1_sum_count,             0
DIST_NOTUSED_OFFPATH_JUST_L1_sum_pct,         -nan
DIST_NOTUSED_OFFPATH_JUST_L1_sum_total_count,             0
DIST_NOTUSED_OFFPATH_JUST_L1_sum_total_pct,         -nan
DIST_NOTUSED_OFFPATH_JUST_L1_mean,         -nan
DIST_NOTUSED_OFFPATH_JUST_L1_stddev,         -nan
DIST_NOTUSED_OFFPATH_JUST_L1_total_mean,         -nan
DIST_NOTUSED_OFFPATH_JUST_L1_total_stddev,         -nan

DIST_OFFPATH_ICACHE_FULL_count,             0
DIST_OFFPATH_ICACHE_FULL_pct,         -nan
DIST_OFFPATH_ICACHE_FULL_total_count,             0
DIST_OFFPATH_ICACHE_FULL_total_pct,         -nan

DIST_OFFPATH_ICACHE_PARTIAL_count,             0
DIST_OFFPATH_ICACHE_PARTIAL_pct,         -nan
DIST_OFFPATH_ICACHE_PARTIAL_total_count,             0
DIST_OFFPATH_ICACHE_PARTIAL_total_pct,         -nan

DIST_OFFPATH_ICACHE_NOTUSED_count,             0
DIST_OFFPATH_ICACHE_NOTUSED_pct,         -nan
DIST_OFFPATH_ICACHE_NOTUSED_total_count,             0
DIST_OFFPATH_ICACHE_NOTUSED_total_pct,         -nan
DIST_OFFPATH_ICACHE_NOTUSED_sum_count,             0
DIST_OFFPATH_ICACHE_NOTUSED_sum_pct,         -nan
DIST_OFFPATH_ICACHE_NOTUSED_sum_total_count,             0
DIST_OFFPATH_ICACHE_NOTUSED_sum_total_pct,         -nan
DIST_OFFPATH_ICACHE_NOTUSED_mean,         -nan
DIST_OFFPATH_ICACHE_NOTUSED_stddev,         -nan
DIST_OFFPATH_ICACHE_NOTUSED_total_mean,         -nan
DIST_OFFPATH_ICACHE_NOTUSED_total_stddev,         -nan

DIST_OFFPATH_DCACHE_FULL_count,             0
DIST_OFFPATH_DCACHE_FULL_pct,         -nan
DIST_OFFPATH_DCACHE_FULL_total_count,             0
DIST_OFFPATH_DCACHE_FULL_total_pct,         -nan

DIST_OFFPATH_DCACHE_PARTIAL_count,             0
DIST_OFFPATH_DCACHE_PARTIAL_pct,         -nan
DIST_OFFPATH_DCACHE_PARTIAL_total_count,             0
DIST_OFFPATH_DCACHE_PARTIAL_total_pct,         -nan

DIST_OFFPATH_DCACHE_NOTUSED_count,             0
DIST_OFFPATH_DCACHE_NOTUSED_pct,         -nan
DIST_OFFPATH_DCACHE_NOTUSED_total_count,             0
DIST_OFFPATH_DCACHE_NOTUSED_total_pct,         -nan
DIST_OFFPATH_DCACHE_NOTUSED_sum_count,             0
DIST_OFFPATH_DCACHE_NOTUSED_sum_pct,         -nan
DIST_OFFPATH_DCACHE_NOTUSED_sum_total_count,             0
DIST_OFFPATH_DCACHE_NOTUSED_sum_total_pct,         -nan
DIST_OFFPATH_DCACHE_NOTUSED_mean,         -nan
DIST_OFFPATH_DCACHE_NOTUSED_stddev,         -nan
DIST_OFFPATH_DCACHE_NOTUSED_total_mean,         -nan
DIST_OFFPATH_DCACHE_NOTUSED_total_stddev,         -nan

DIST_OFFPATH_L1_FULL_count,             0
DIST_OFFPATH_L1_FULL_pct,         -nan
DIST_OFFPATH_L1_FULL_total_count,             0
DIST_OFFPATH_L1_FULL_total_pct,         -nan

DIST_OFFPATH_L1_PARTIAL_count,             0
DIST_OFFPATH_L1_PARTIAL_pct,         -nan
DIST_OFFPATH_L1_PARTIAL_total_count,             0
DIST_OFFPATH_L1_PARTIAL_total_pct,         -nan

DIST_OFFPATH_L1_NOTUSED_count,             0
DIST_OFFPATH_L1_NOTUSED_pct,         -nan
DIST_OFFPATH_L1_NOTUSED_total_count,             0
DIST_OFFPATH_L1_NOTUSED_total_pct,         -nan
DIST_OFFPATH_L1_NOTUSED_sum_count,             0
DIST_OFFPATH_L1_NOTUSED_sum_pct,         -nan
DIST_OFFPATH_L1_NOTUSED_sum_total_count,             0
DIST_OFFPATH_L1_NOTUSED_sum_total_pct,         -nan
DIST_OFFPATH_L1_NOTUSED_mean,         -nan
DIST_OFFPATH_L1_NOTUSED_stddev,         -nan
DIST_OFFPATH_L1_NOTUSED_total_mean,         -nan
DIST_OFFPATH_L1_NOTUSED_total_stddev,         -nan

DIST_OFFPATH_JUST_L1_FULL_count,             0
DIST_OFFPATH_JUST_L1_FULL_pct,         -nan
DIST_OFFPATH_JUST_L1_FULL_total_count,             0
DIST_OFFPATH_JUST_L1_FULL_total_pct,         -nan

DIST_OFFPATH_JUST_L1_PARTIAL_count,             0
DIST_OFFPATH_JUST_L1_PARTIAL_pct,         -nan
DIST_OFFPATH_JUST_L1_PARTIAL_total_count,             0
DIST_OFFPATH_JUST_L1_PARTIAL_total_pct,         -nan

DIST_OFFPATH_JUST_L1_NOTUSED_count,             0
DIST_OFFPATH_JUST_L1_NOTUSED_pct,         -nan
DIST_OFFPATH_JUST_L1_NOTUSED_total_count,             0
DIST_OFFPATH_JUST_L1_NOTUSED_total_pct,         -nan
DIST_OFFPATH_JUST_L1_NOTUSED_sum_count,             0
DIST_OFFPATH_JUST_L1_NOTUSED_sum_pct,         -nan
DIST_OFFPATH_JUST_L1_NOTUSED_sum_total_count,             0
DIST_OFFPATH_JUST_L1_NOTUSED_sum_total_pct,         -nan
DIST_OFFPATH_JUST_L1_NOTUSED_mean,         -nan
DIST_OFFPATH_JUST_L1_NOTUSED_stddev,         -nan
DIST_OFFPATH_JUST_L1_NOTUSED_total_mean,         -nan
DIST_OFFPATH_JUST_L1_NOTUSED_total_stddev,         -nan

MLC_MISS_ONPATH_IFETCH_count,        105799
MLC_MISS_ONPATH_IFETCH_pct,       32.340
MLC_MISS_ONPATH_IFETCH_total_count,        105799
MLC_MISS_ONPATH_IFETCH_total_pct,       32.340

MLC_MISS_ONPATH_DFETCH_count,         33600
MLC_MISS_ONPATH_DFETCH_pct,       10.270
MLC_MISS_ONPATH_DFETCH_total_count,         33600
MLC_MISS_ONPATH_DFETCH_total_pct,       10.270

MLC_MISS_ONPATH_DSTORE_count,         20837
MLC_MISS_ONPATH_DSTORE_pct,        6.369
MLC_MISS_ONPATH_DSTORE_total_count,         20837
MLC_MISS_ONPATH_DSTORE_total_pct,        6.369

MLC_MISS_ONPATH_IPRF_count,             0
MLC_MISS_ONPATH_IPRF_pct,        0.000
MLC_MISS_ONPATH_IPRF_total_count,             0
MLC_MISS_ONPATH_IPRF_total_pct,        0.000

MLC_MISS_ONPATH_DPRF_count,             0
MLC_MISS_ONPATH_DPRF_pct,        0.000
MLC_MISS_ONPATH_DPRF_total_count,             0
MLC_MISS_ONPATH_DPRF_total_pct,        0.000

MLC_MISS_ONPATH_WB_count,        161719
MLC_MISS_ONPATH_WB_pct,       49.433
MLC_MISS_ONPATH_WB_total_count,        161719
MLC_MISS_ONPATH_WB_total_pct,       49.433

MLC_MISS_ONPATH_WB_NODIRTY_count,          5196
MLC_MISS_ONPATH_WB_NODIRTY_pct,        1.588
MLC_MISS_ONPATH_WB_NODIRTY_total_count,          5196
MLC_MISS_ONPATH_WB_NODIRTY_total_pct,        1.588
MLC_MISS_ONPATH_WB_NODIRTY_sum_count,        327151
MLC_MISS_ONPATH_WB_NODIRTY_sum_pct,      100.000
MLC_MISS_ONPATH_WB_NODIRTY_sum_total_count,        327151
MLC_MISS_ONPATH_WB_NODIRTY_sum_total_pct,      100.000
MLC_MISS_ONPATH_WB_NODIRTY_mean,         2.80
MLC_MISS_ONPATH_WB_NODIRTY_stddev,         1.75
MLC_MISS_ONPATH_WB_NODIRTY_total_mean,         2.80
MLC_MISS_ONPATH_WB_NODIRTY_total_stddev,         1.75

MLC_MISS_OFFPATH_IFETCH_count,          5190
MLC_MISS_OFFPATH_IFETCH_pct,        0.432
MLC_MISS_OFFPATH_IFETCH_total_count,          5190
MLC_MISS_OFFPATH_IFETCH_total_pct,        0.432

MLC_MISS_OFFPATH_DFETCH_count,           151
MLC_MISS_OFFPATH_DFETCH_pct,        0.013
MLC_MISS_OFFPATH_DFETCH_total_count,           151
MLC_MISS_OFFPATH_DFETCH_total_pct,        0.013

MLC_MISS_OFFPATH_DSTORE_count,            56
MLC_MISS_OFFPATH_DSTORE_pct,        0.005
MLC_MISS_OFFPATH_DSTORE_total_count,            56
MLC_MISS_OFFPATH_DSTORE_total_pct,        0.005

MLC_MISS_OFFPATH_IPRF_count,             0
MLC_MISS_OFFPATH_IPRF_pct,        0.000
MLC_MISS_OFFPATH_IPRF_total_count,             0
MLC_MISS_OFFPATH_IPRF_total_pct,        0.000

MLC_MISS_OFFPATH_DPRF_count,             0
MLC_MISS_OFFPATH_DPRF_pct,        0.000
MLC_MISS_OFFPATH_DPRF_total_count,             0
MLC_MISS_OFFPATH_DPRF_total_pct,        0.000

MLC_MISS_OFFPATH_WB_count,          1574
MLC_MISS_OFFPATH_WB_pct,        0.131
MLC_MISS_OFFPATH_WB_total_count,          1574
MLC_MISS_OFFPATH_WB_total_pct,        0.131

MLC_MISS_OFFPATH_WB_NODIRTY_count,       1193266
MLC_MISS_OFFPATH_WB_NODIRTY_pct,       99.419
MLC_MISS_OFFPATH_WB_NODIRTY_total_count,       1193266
MLC_MISS_OFFPATH_WB_NODIRTY_total_pct,       99.419
MLC_MISS_OFFPATH_WB_NODIRTY_sum_count,       1200237
MLC_MISS_OFFPATH_WB_NODIRTY_sum_pct,      100.000
MLC_MISS_OFFPATH_WB_NODIRTY_sum_total_count,       1200237
MLC_MISS_OFFPATH_WB_NODIRTY_sum_total_pct,      100.000
MLC_MISS_OFFPATH_WB_NODIRTY_mean,         5.97
MLC_MISS_OFFPATH_WB_NODIRTY_stddev,         5.96
MLC_MISS_OFFPATH_WB_NODIRTY_total_mean,         5.97
MLC_MISS_OFFPATH_WB_NODIRTY_total_stddev,         5.96

MLC_HIT_ONPATH_IFETCH_count,         83457
MLC_HIT_ONPATH_IFETCH_pct,        0.661
MLC_HIT_ONPATH_IFETCH_total_count,         83457
MLC_HIT_ONPATH_IFETCH_total_pct,        0.661

MLC_HIT_ONPATH_DFETCH_count,       4346607
MLC_HIT_ONPATH_DFETCH_pct,       34.428
MLC_HIT_ONPATH_DFETCH_total_count,       4346607
MLC_HIT_ONPATH_DFETCH_total_pct,       34.428

MLC_HIT_ONPATH_DSTORE_count,       2474144
MLC_HIT_ONPATH_DSTORE_pct,       19.597
MLC_HIT_ONPATH_DSTORE_total_count,       2474144
MLC_HIT_ONPATH_DSTORE_total_pct,       19.597

MLC_HIT_ONPATH_IPRF_count,             0
MLC_HIT_ONPATH_IPRF_pct,        0.000
MLC_HIT_ONPATH_IPRF_total_count,             0
MLC_HIT_ONPATH_IPRF_total_pct,        0.000

MLC_HIT_ONPATH_DPRF_count,             0
MLC_HIT_ONPATH_DPRF_pct,        0.000
MLC_HIT_ONPATH_DPRF_total_count,             0
MLC_HIT_ONPATH_DPRF_total_pct,        0.000

MLC_HIT_ONPATH_WB_count,       1151073
MLC_HIT_ONPATH_WB_pct,        9.117
MLC_HIT_ONPATH_WB_total_count,       1151073
MLC_HIT_ONPATH_WB_total_pct,        9.117

MLC_HIT_ONPATH_WB_NODIRTY_count,       4569907
MLC_HIT_ONPATH_WB_NODIRTY_pct,       36.197
MLC_HIT_ONPATH_WB_NODIRTY_total_count,       4569907
MLC_HIT_ONPATH_WB_NODIRTY_total_pct,       36.197
MLC_HIT_ONPATH_WB_NODIRTY_sum_count,      12625188
MLC_HIT_ONPATH_WB_NODIRTY_sum_pct,      100.000
MLC_HIT_ONPATH_WB_NODIRTY_sum_total_count,      12625188
MLC_HIT_ONPATH_WB_NODIRTY_sum_total_pct,      100.000
MLC_HIT_ONPATH_WB_NODIRTY_mean,         3.36
MLC_HIT_ONPATH_WB_NODIRTY_stddev,         3.02
MLC_HIT_ONPATH_WB_NODIRTY_total_mean,         3.36
MLC_HIT_ONPATH_WB_NODIRTY_total_stddev,         3.02

MLC_HIT_OFFPATH_IFETCH_count,          2916
MLC_HIT_OFFPATH_IFETCH_pct,        0.356
MLC_HIT_OFFPATH_IFETCH_total_count,          2916
MLC_HIT_OFFPATH_IFETCH_total_pct,        0.356

MLC_HIT_OFFPATH_DFETCH_count,         41674
MLC_HIT_OFFPATH_DFETCH_pct,        5.094
MLC_HIT_OFFPATH_DFETCH_total_count,         41674
MLC_HIT_OFFPATH_DFETCH_total_pct,        5.094

MLC_HIT_OFFPATH_DSTORE_count,         17003
MLC_HIT_OFFPATH_DSTORE_pct,        2.078
MLC_HIT_OFFPATH_DSTORE_total_count,         17003
MLC_HIT_OFFPATH_DSTORE_total_pct,        2.078

MLC_HIT_OFFPATH_IPRF_count,             0
MLC_HIT_OFFPATH_IPRF_pct,        0.000
MLC_HIT_OFFPATH_IPRF_total_count,             0
MLC_HIT_OFFPATH_IPRF_total_pct,        0.000

MLC_HIT_OFFPATH_DPRF_count,             0
MLC_HIT_OFFPATH_DPRF_pct,        0.000
MLC_HIT_OFFPATH_DPRF_total_count,             0
MLC_HIT_OFFPATH_DPRF_total_pct,        0.000

MLC_HIT_OFFPATH_WB_count,          2167
MLC_HIT_OFFPATH_WB_pct,        0.265
MLC_HIT_OFFPATH_WB_total_count,          2167
MLC_HIT_OFFPATH_WB_total_pct,        0.265

MLC_HIT_OFFPATH_WB_NODIRTY_count,        754400
MLC_HIT_OFFPATH_WB_NODIRTY_pct,       92.207
MLC_HIT_OFFPATH_WB_NODIRTY_total_count,        754400
MLC_HIT_OFFPATH_WB_NODIRTY_total_pct,       92.207
MLC_HIT_OFFPATH_WB_NODIRTY_sum_count,        818160
MLC_HIT_OFFPATH_WB_NODIRTY_sum_pct,      100.000
MLC_HIT_OFFPATH_WB_NODIRTY_sum_total_count,        818160
MLC_HIT_OFFPATH_WB_NODIRTY_sum_total_pct,      100.000
MLC_HIT_OFFPATH_WB_NODIRTY_mean,         5.64
MLC_HIT_OFFPATH_WB_NODIRTY_stddev,         5.55
MLC_HIT_OFFPATH_WB_NODIRTY_total_mean,         5.64
MLC_HIT_OFFPATH_WB_NODIRTY_total_stddev,         5.55

L1_MISS_ONPATH_IFETCH_count,          2591
L1_MISS_ONPATH_IFETCH_pct,       39.216
L1_MISS_ONPATH_IFETCH_total_count,          2591
L1_MISS_ONPATH_IFETCH_total_pct,       39.216

L1_MISS_ONPATH_DFETCH_count,          1314
L1_MISS_ONPATH_DFETCH_pct,       19.888
L1_MISS_ONPATH_DFETCH_total_count,          1314
L1_MISS_ONPATH_DFETCH_total_pct,       19.888

L1_MISS_ONPATH_DSTORE_count,           498
L1_MISS_ONPATH_DSTORE_pct,        7.537
L1_MISS_ONPATH_DSTORE_total_count,           498
L1_MISS_ONPATH_DSTORE_total_pct,        7.537

L1_MISS_ONPATH_IPRF_count,             0
L1_MISS_ONPATH_IPRF_pct,        0.000
L1_MISS_ONPATH_IPRF_total_count,             0
L1_MISS_ONPATH_IPRF_total_pct,        0.000

L1_MISS_ONPATH_DPRF_count,             0
L1_MISS_ONPATH_DPRF_pct,        0.000
L1_MISS_ONPATH_DPRF_total_count,             0
L1_MISS_ONPATH_DPRF_total_pct,        0.000

L1_MISS_ONPATH_WB_count,           970
L1_MISS_ONPATH_WB_pct,       14.681
L1_MISS_ONPATH_WB_total_count,           970
L1_MISS_ONPATH_WB_total_pct,       14.681

L1_MISS_ONPATH_WB_NODIRTY_count,          1234
L1_MISS_ONPATH_WB_NODIRTY_pct,       18.677
L1_MISS_ONPATH_WB_NODIRTY_total_count,          1234
L1_MISS_ONPATH_WB_NODIRTY_total_pct,       18.677
L1_MISS_ONPATH_WB_NODIRTY_sum_count,          6607
L1_MISS_ONPATH_WB_NODIRTY_sum_pct,      100.000
L1_MISS_ONPATH_WB_NODIRTY_sum_total_count,          6607
L1_MISS_ONPATH_WB_NODIRTY_sum_total_pct,      100.000
L1_MISS_ONPATH_WB_NODIRTY_mean,         2.20
L1_MISS_ONPATH_WB_NODIRTY_stddev,         2.24
L1_MISS_ONPATH_WB_NODIRTY_total_mean,         2.20
L1_MISS_ONPATH_WB_NODIRTY_total_stddev,         2.24

L1_MISS_OFFPATH_IFETCH_count,           330
L1_MISS_OFFPATH_IFETCH_pct,        0.671
L1_MISS_OFFPATH_IFETCH_total_count,           330
L1_MISS_OFFPATH_IFETCH_total_pct,        0.671

L1_MISS_OFFPATH_DFETCH_count,             0
L1_MISS_OFFPATH_DFETCH_pct,        0.000
L1_MISS_OFFPATH_DFETCH_total_count,             0
L1_MISS_OFFPATH_DFETCH_total_pct,        0.000

L1_MISS_OFFPATH_DSTORE_count,             0
L1_MISS_OFFPATH_DSTORE_pct,        0.000
L1_MISS_OFFPATH_DSTORE_total_count,             0
L1_MISS_OFFPATH_DSTORE_total_pct,        0.000

L1_MISS_OFFPATH_IPRF_count,             0
L1_MISS_OFFPATH_IPRF_pct,        0.000
L1_MISS_OFFPATH_IPRF_total_count,             0
L1_MISS_OFFPATH_IPRF_total_pct,        0.000

L1_MISS_OFFPATH_DPRF_count,             0
L1_MISS_OFFPATH_DPRF_pct,        0.000
L1_MISS_OFFPATH_DPRF_total_count,             0
L1_MISS_OFFPATH_DPRF_total_pct,        0.000

L1_MISS_OFFPATH_WB_count,            32
L1_MISS_OFFPATH_WB_pct,        0.065
L1_MISS_OFFPATH_WB_total_count,            32
L1_MISS_OFFPATH_WB_total_pct,        0.065

L1_MISS_OFFPATH_WB_NODIRTY_count,         48789
L1_MISS_OFFPATH_WB_NODIRTY_pct,       99.263
L1_MISS_OFFPATH_WB_NODIRTY_total_count,         48789
L1_MISS_OFFPATH_WB_NODIRTY_total_pct,       99.263
L1_MISS_OFFPATH_WB_NODIRTY_sum_count,         49151
L1_MISS_OFFPATH_WB_NODIRTY_sum_pct,      100.000
L1_MISS_OFFPATH_WB_NODIRTY_sum_total_count,         49151
L1_MISS_OFFPATH_WB_NODIRTY_sum_total_pct,      100.000
L1_MISS_OFFPATH_WB_NODIRTY_mean,         5.96
L1_MISS_OFFPATH_WB_NODIRTY_stddev,         5.94
L1_MISS_OFFPATH_WB_NODIRTY_total_mean,         5.96
L1_MISS_OFFPATH_WB_NODIRTY_total_stddev,         5.94

L1_HIT_ONPATH_IFETCH_count,        125069
L1_HIT_ONPATH_IFETCH_pct,       31.900
L1_HIT_ONPATH_IFETCH_total_count,        125069
L1_HIT_ONPATH_IFETCH_total_pct,       31.900

L1_HIT_ONPATH_DFETCH_count,         32301
L1_HIT_ONPATH_DFETCH_pct,        8.239
L1_HIT_ONPATH_DFETCH_total_count,         32301
L1_HIT_ONPATH_DFETCH_total_pct,        8.239

L1_HIT_ONPATH_DSTORE_count,         20346
L1_HIT_ONPATH_DSTORE_pct,        5.189
L1_HIT_ONPATH_DSTORE_total_count,         20346
L1_HIT_ONPATH_DSTORE_total_pct,        5.189

L1_HIT_ONPATH_IPRF_count,             0
L1_HIT_ONPATH_IPRF_pct,        0.000
L1_HIT_ONPATH_IPRF_total_count,             0
L1_HIT_ONPATH_IPRF_total_pct,        0.000

L1_HIT_ONPATH_DPRF_count,             0
L1_HIT_ONPATH_DPRF_pct,        0.000
L1_HIT_ONPATH_DPRF_total_count,             0
L1_HIT_ONPATH_DPRF_total_pct,        0.000

L1_HIT_ONPATH_WB_count,        146753
L1_HIT_ONPATH_WB_pct,       37.431
L1_HIT_ONPATH_WB_total_count,        146753
L1_HIT_ONPATH_WB_total_pct,       37.431

L1_HIT_ONPATH_WB_NODIRTY_count,         67595
L1_HIT_ONPATH_WB_NODIRTY_pct,       17.241
L1_HIT_ONPATH_WB_NODIRTY_total_count,         67595
L1_HIT_ONPATH_WB_NODIRTY_total_pct,       17.241
L1_HIT_ONPATH_WB_NODIRTY_sum_count,        392064
L1_HIT_ONPATH_WB_NODIRTY_sum_pct,      100.000
L1_HIT_ONPATH_WB_NODIRTY_sum_total_count,        392064
L1_HIT_ONPATH_WB_NODIRTY_sum_total_pct,      100.000
L1_HIT_ONPATH_WB_NODIRTY_mean,         3.09
L1_HIT_ONPATH_WB_NODIRTY_stddev,         2.21
L1_HIT_ONPATH_WB_NODIRTY_total_mean,         3.09
L1_HIT_ONPATH_WB_NODIRTY_total_stddev,         2.21

L1_HIT_OFFPATH_IFETCH_count,          7883
L1_HIT_OFFPATH_IFETCH_pct,        0.690
L1_HIT_OFFPATH_IFETCH_total_count,          7883
L1_HIT_OFFPATH_IFETCH_total_pct,        0.690

L1_HIT_OFFPATH_DFETCH_count,           140
L1_HIT_OFFPATH_DFETCH_pct,        0.012
L1_HIT_OFFPATH_DFETCH_total_count,           140
L1_HIT_OFFPATH_DFETCH_total_pct,        0.012

L1_HIT_OFFPATH_DSTORE_count,            53
L1_HIT_OFFPATH_DSTORE_pct,        0.005
L1_HIT_OFFPATH_DSTORE_total_count,            53
L1_HIT_OFFPATH_DSTORE_total_pct,        0.005

L1_HIT_OFFPATH_IPRF_count,             0
L1_HIT_OFFPATH_IPRF_pct,        0.000
L1_HIT_OFFPATH_IPRF_total_count,             0
L1_HIT_OFFPATH_IPRF_total_pct,        0.000

L1_HIT_OFFPATH_DPRF_count,             0
L1_HIT_OFFPATH_DPRF_pct,        0.000
L1_HIT_OFFPATH_DPRF_total_count,             0
L1_HIT_OFFPATH_DPRF_total_pct,        0.000

L1_HIT_OFFPATH_WB_count,          8965
L1_HIT_OFFPATH_WB_pct,        0.784
L1_HIT_OFFPATH_WB_total_count,          8965
L1_HIT_OFFPATH_WB_total_pct,        0.784

L1_HIT_OFFPATH_WB_NODIRTY_count,       1126166
L1_HIT_OFFPATH_WB_NODIRTY_pct,       98.509
L1_HIT_OFFPATH_WB_NODIRTY_total_count,       1126166
L1_HIT_OFFPATH_WB_NODIRTY_total_pct,       98.509
L1_HIT_OFFPATH_WB_NODIRTY_sum_count,       1143207
L1_HIT_OFFPATH_WB_NODIRTY_sum_pct,      100.000
L1_HIT_OFFPATH_WB_NODIRTY_sum_total_count,       1143207
L1_HIT_OFFPATH_WB_NODIRTY_sum_total_pct,      100.000
L1_HIT_OFFPATH_WB_NODIRTY_mean,         5.95
L1_HIT_OFFPATH_WB_NODIRTY_stddev,         5.91
L1_HIT_OFFPATH_WB_NODIRTY_total_mean,         5.95
L1_HIT_OFFPATH_WB_NODIRTY_total_stddev,         5.91

DRAM_CYCLES_count,             0
DRAM_CYCLES_total_count,             0

DRAM_UNBLOCK_CYCLES_count,             0
DRAM_UNBLOCK_CYCLES_pct,         -nan
DRAM_UNBLOCK_CYCLES_total_count,             0
DRAM_UNBLOCK_CYCLES_total_pct,         -nan

DRAM_UNBLOCK_PERIODS_count,             0
DRAM_UNBLOCK_PERIODS_total_count,             0

MEM_REQ_BUFFER_FULL_count,         47525
MEM_REQ_BUFFER_FULL_total_count,         47525

MEM_REQ_BUFFER_FULL_DENIED_DEMAND_count,         30873
MEM_REQ_BUFFER_FULL_DENIED_DEMAND_total_count,         30873

CORE_MEM_BLOCKED_count,         30766
CORE_MEM_BLOCKED_total_count,         30766

MEM_REQ_BUFFER_FULL_DENIED_IFETCH_count,          3237
MEM_REQ_BUFFER_FULL_DENIED_IFETCH_pct,        8.112
MEM_REQ_BUFFER_FULL_DENIED_IFETCH_total_count,          3237
MEM_REQ_BUFFER_FULL_DENIED_IFETCH_total_pct,        8.112

MEM_REQ_BUFFER_FULL_DENIED_DFETCH_count,         17176
MEM_REQ_BUFFER_FULL_DENIED_DFETCH_pct,       43.043
MEM_REQ_BUFFER_FULL_DENIED_DFETCH_total_count,         17176
MEM_REQ_BUFFER_FULL_DENIED_DFETCH_total_pct,       43.043

MEM_REQ_BUFFER_FULL_DENIED_DSTORE_count,         10460
MEM_REQ_BUFFER_FULL_DENIED_DSTORE_pct,       26.213
MEM_REQ_BUFFER_FULL_DENIED_DSTORE_total_count,         10460
MEM_REQ_BUFFER_FULL_DENIED_DSTORE_total_pct,       26.213

MEM_REQ_BUFFER_FULL_DENIED_IPRF_count,             0
MEM_REQ_BUFFER_FULL_DENIED_IPRF_pct,        0.000
MEM_REQ_BUFFER_FULL_DENIED_IPRF_total_count,             0
MEM_REQ_BUFFER_FULL_DENIED_IPRF_total_pct,        0.000

MEM_REQ_BUFFER_FULL_DENIED_DPRF_count,             0
MEM_REQ_BUFFER_FULL_DENIED_DPRF_pct,        0.000
MEM_REQ_BUFFER_FULL_DENIED_DPRF_total_count,             0
MEM_REQ_BUFFER_FULL_DENIED_DPRF_total_pct,        0.000

MEM_REQ_BUFFER_FULL_DENIED_WB_count,          5666
MEM_REQ_BUFFER_FULL_DENIED_WB_pct,       14.199
MEM_REQ_BUFFER_FULL_DENIED_WB_total_count,          5666
MEM_REQ_BUFFER_FULL_DENIED_WB_total_pct,       14.199

MEM_REQ_BUFFER_FULL_DENIED_WB_NODIRTY_count,          3365
MEM_REQ_BUFFER_FULL_DENIED_WB_NODIRTY_pct,        8.433
MEM_REQ_BUFFER_FULL_DENIED_WB_NODIRTY_total_count,          3365
MEM_REQ_BUFFER_FULL_DENIED_WB_NODIRTY_total_pct,        8.433
MEM_REQ_BUFFER_FULL_DENIED_WB_NODIRTY_sum_count,         39904
MEM_REQ_BUFFER_FULL_DENIED_WB_NODIRTY_sum_pct,      100.000
MEM_REQ_BUFFER_FULL_DENIED_WB_NODIRTY_sum_total_count,         39904
MEM_REQ_BUFFER_FULL_DENIED_WB_NODIRTY_sum_total_pct,      100.000
MEM_REQ_BUFFER_FULL_DENIED_WB_NODIRTY_mean,         2.17
MEM_REQ_BUFFER_FULL_DENIED_WB_NODIRTY_stddev,         1.84
MEM_REQ_BUFFER_FULL_DENIED_WB_NODIRTY_total_mean,         2.17
MEM_REQ_BUFFER_FULL_DENIED_WB_NODIRTY_total_stddev,         1.84

MEM_QUEUE_FULL_count,          7606
MEM_QUEUE_FULL_total_count,          7606

MEM_REQ_BUFFER_MISS_count,      15040124
MEM_REQ_BUFFER_MISS_pct,       91.016
MEM_REQ_BUFFER_MISS_total_count,      15040124
MEM_REQ_BUFFER_MISS_total_pct,       91.016

MEM_REQ_BUFFER_HIT_count,       1484658
MEM_REQ_BUFFER_HIT_pct,        8.984
MEM_REQ_BUFFER_HIT_total_count,       1484658
MEM_REQ_BUFFER_HIT_total_pct,        8.984
MEM_REQ_BUFFER_HIT_sum_count,      16524782
MEM_REQ_BUFFER_HIT_sum_pct,      100.000
MEM_REQ_BUFFER_HIT_sum_total_count,      16524782
MEM_REQ_BUFFER_HIT_sum_total_pct,      100.000
MEM_REQ_BUFFER_HIT_mean,         0.09
MEM_REQ_BUFFER_HIT_stddev,         0.27
MEM_REQ_BUFFER_HIT_total_mean,         0.09
MEM_REQ_BUFFER_HIT_total_stddev,         0.27

MEM_REQ_FDIP_BUFFER_HIT_count,       1375455
MEM_REQ_FDIP_BUFFER_HIT_total_count,       1375455

MEM_REQ_FDIP_CYCLE_DELTA_count,      26202675
MEM_REQ_FDIP_CYCLE_DELTA_total_count,      26202675

MEM_REQ_DEMAND_ICACHE_BUFFER_HIT_count,          2226
MEM_REQ_DEMAND_ICACHE_BUFFER_HIT_total_count,          2226

MEM_REQ_DEMAND_ICACHE_CYCLE_DELTA_count,         61868
MEM_REQ_DEMAND_ICACHE_CYCLE_DELTA_total_count,         61868

MEM_REQ_IFETCH_count,          7153
MEM_REQ_IFETCH_pct,        0.048
MEM_REQ_IFETCH_total_count,          7153
MEM_REQ_IFETCH_total_pct,        0.048

MEM_REQ_DFETCH_count,       4419789
MEM_REQ_DFETCH_pct,       29.387
MEM_REQ_DFETCH_total_count,       4419789
MEM_REQ_DFETCH_total_pct,       29.387

MEM_REQ_DSTORE_count,       2514283
MEM_REQ_DSTORE_pct,       16.717
MEM_REQ_DSTORE_total_count,       2514283
MEM_REQ_DSTORE_total_pct,       16.717

MEM_REQ_IPRF_count,             0
MEM_REQ_IPRF_pct,        0.000
MEM_REQ_IPRF_total_count,             0
MEM_REQ_IPRF_total_pct,        0.000

MEM_REQ_DPRF_count,             0
MEM_REQ_DPRF_pct,        0.000
MEM_REQ_DPRF_total_count,             0
MEM_REQ_DPRF_total_pct,        0.000

MEM_REQ_WB_count,       1490159
MEM_REQ_WB_pct,        9.908
MEM_REQ_WB_total_count,       1490159
MEM_REQ_WB_total_pct,        9.908

MEM_REQ_WB_NODIRTY_count,       6608725
MEM_REQ_WB_NODIRTY_pct,       43.941
MEM_REQ_WB_NODIRTY_total_count,       6608725
MEM_REQ_WB_NODIRTY_total_pct,       43.941
MEM_REQ_WB_NODIRTY_sum_count,      15040109
MEM_REQ_WB_NODIRTY_sum_pct,      100.000
MEM_REQ_WB_NODIRTY_sum_total_count,      15040109
MEM_REQ_WB_NODIRTY_sum_total_pct,      100.000
MEM_REQ_WB_NODIRTY_mean,         3.76
MEM_REQ_WB_NODIRTY_stddev,         3.37
MEM_REQ_WB_NODIRTY_total_mean,         3.76
MEM_REQ_WB_NODIRTY_total_stddev,         3.37

LD_NO_FORWARD_count,      33930065
LD_NO_FORWARD_pct,       99.269
LD_NO_FORWARD_total_count,      33930065
LD_NO_FORWARD_total_pct,       99.269

FORWARDED_LD_count,        249829
FORWARDED_LD_pct,        0.731
FORWARDED_LD_total_count,        249829
FORWARDED_LD_total_pct,        0.731
FORWARDED_LD_sum_count,      34179894
FORWARDED_LD_sum_pct,      100.000
FORWARDED_LD_sum_total_count,      34179894
FORWARDED_LD_sum_total_pct,      100.000
FORWARDED_LD_mean,         0.01
FORWARDED_LD_stddev,         0.08
FORWARDED_LD_total_mean,         0.01
FORWARDED_LD_total_stddev,         0.08

WRONGPATH_L1Q_REMOVALS_count,             0
WRONGPATH_L1Q_REMOVALS_pct,         -nan
WRONGPATH_L1Q_REMOVALS_total_count,             0
WRONGPATH_L1Q_REMOVALS_total_pct,         -nan

WRONGPATH_BUSQ_REMOVALS_count,             0
WRONGPATH_BUSQ_REMOVALS_pct,         -nan
WRONGPATH_BUSQ_REMOVALS_total_count,             0
WRONGPATH_BUSQ_REMOVALS_total_pct,         -nan

WRONGPATH_MEMQ_REMOVALS_count,             0
WRONGPATH_MEMQ_REMOVALS_pct,         -nan
WRONGPATH_MEMQ_REMOVALS_total_count,             0
WRONGPATH_MEMQ_REMOVALS_total_pct,         -nan

WRONGPATH_L1FILLQ_REMOVALS_count,             0
WRONGPATH_L1FILLQ_REMOVALS_pct,         -nan
WRONGPATH_L1FILLQ_REMOVALS_total_count,             0
WRONGPATH_L1FILLQ_REMOVALS_total_pct,         -nan
WRONGPATH_L1FILLQ_REMOVALS_sum_count,             0
WRONGPATH_L1FILLQ_REMOVALS_sum_pct,         -nan
WRONGPATH_L1FILLQ_REMOVALS_sum_total_count,             0
WRONGPATH_L1FILLQ_REMOVALS_sum_total_pct,         -nan
WRONGPATH_L1FILLQ_REMOVALS_mean,         -nan
WRONGPATH_L1FILLQ_REMOVALS_stddev,         -nan
WRONGPATH_L1FILLQ_REMOVALS_total_mean,         -nan
WRONGPATH_L1FILLQ_REMOVALS_total_stddev,         -nan

WRONGPATH_L1Q_DEMOTIONS_count,             0
WRONGPATH_L1Q_DEMOTIONS_pct,         -nan
WRONGPATH_L1Q_DEMOTIONS_total_count,             0
WRONGPATH_L1Q_DEMOTIONS_total_pct,         -nan

WRONGPATH_BUSQ_DEMOTIONS_count,             0
WRONGPATH_BUSQ_DEMOTIONS_pct,         -nan
WRONGPATH_BUSQ_DEMOTIONS_total_count,             0
WRONGPATH_BUSQ_DEMOTIONS_total_pct,         -nan

WRONGPATH_MEMQ_DEMOTIONS_count,             0
WRONGPATH_MEMQ_DEMOTIONS_pct,         -nan
WRONGPATH_MEMQ_DEMOTIONS_total_count,             0
WRONGPATH_MEMQ_DEMOTIONS_total_pct,         -nan

WRONGPATH_L1FILLQ_DEMOTIONS_count,             0
WRONGPATH_L1FILLQ_DEMOTIONS_pct,         -nan
WRONGPATH_L1FILLQ_DEMOTIONS_total_count,             0
WRONGPATH_L1FILLQ_DEMOTIONS_total_pct,         -nan
WRONGPATH_L1FILLQ_DEMOTIONS_sum_count,             0
WRONGPATH_L1FILLQ_DEMOTIONS_sum_pct,         -nan
WRONGPATH_L1FILLQ_DEMOTIONS_sum_total_count,             0
WRONGPATH_L1FILLQ_DEMOTIONS_sum_total_pct,         -nan
WRONGPATH_L1FILLQ_DEMOTIONS_mean,         -nan
WRONGPATH_L1FILLQ_DEMOTIONS_stddev,         -nan
WRONGPATH_L1FILLQ_DEMOTIONS_total_mean,         -nan
WRONGPATH_L1FILLQ_DEMOTIONS_total_stddev,         -nan

PROMOTION_QMLC_count,        198305
PROMOTION_QMLC_pct,       84.665
PROMOTION_QMLC_total_count,        198305
PROMOTION_QMLC_total_pct,       84.665

PROMOTION_QL1_count,         35919
PROMOTION_QL1_pct,       15.335
PROMOTION_QL1_total_count,         35919
PROMOTION_QL1_total_pct,       15.335
PROMOTION_QL1_sum_count,        234224
PROMOTION_QL1_sum_pct,      100.000
PROMOTION_QL1_sum_total_count,        234224
PROMOTION_QL1_sum_total_pct,      100.000
PROMOTION_QL1_mean,         0.15
PROMOTION_QL1_stddev,         0.34
PROMOTION_QL1_total_mean,         0.15
PROMOTION_QL1_total_stddev,         0.34

PROMOTION_QBUSOUT_count,             0
PROMOTION_QBUSOUT_total_count,             0

PROMOTION_QMEM_count,             0
PROMOTION_QMEM_total_count,             0

PROMOTION_QL1FILL_count,            85
PROMOTION_QL1FILL_total_count,            85

PROMOTION_QMLC_FILL_count,         14388
PROMOTION_QMLC_FILL_total_count,         14388

NOPROMOTION_QMEM_count,             0
NOPROMOTION_QMEM_total_count,             0

NOPROMOTION_QL1FILL_count,             0
NOPROMOTION_QL1FILL_pct,         -nan
NOPROMOTION_QL1FILL_total_count,             0
NOPROMOTION_QL1FILL_total_pct,         -nan

NOPROMOTION_QMLC_FILL_count,             0
NOPROMOTION_QMLC_FILL_pct,         -nan
NOPROMOTION_QMLC_FILL_total_count,             0
NOPROMOTION_QMLC_FILL_total_pct,         -nan
NOPROMOTION_QMLC_FILL_sum_count,             0
NOPROMOTION_QMLC_FILL_sum_pct,         -nan
NOPROMOTION_QMLC_FILL_sum_total_count,             0
NOPROMOTION_QMLC_FILL_sum_total_pct,         -nan
NOPROMOTION_QMLC_FILL_mean,         -nan
NOPROMOTION_QMLC_FILL_stddev,         -nan
NOPROMOTION_QMLC_FILL_total_mean,         -nan
NOPROMOTION_QMLC_FILL_total_stddev,         -nan

PROMOTION_FROM_FDIP_OFF_TO_ON_count,         17525
PROMOTION_FROM_FDIP_OFF_TO_ON_total_count,         17525

ICACHE_FILL_CORRECT_REQ_count,        227913
ICACHE_FILL_CORRECT_REQ_pct,        6.584
ICACHE_FILL_CORRECT_REQ_total_count,        227913
ICACHE_FILL_CORRECT_REQ_total_pct,        6.584

ICACHE_FILL_INCORRECT_REQ_count,       3233648
ICACHE_FILL_INCORRECT_REQ_pct,       93.416
ICACHE_FILL_INCORRECT_REQ_total_count,       3233648
ICACHE_FILL_INCORRECT_REQ_total_pct,       93.416
ICACHE_FILL_INCORRECT_REQ_sum_count,       3461561
ICACHE_FILL_INCORRECT_REQ_sum_pct,      100.000
ICACHE_FILL_INCORRECT_REQ_sum_total_count,       3461561
ICACHE_FILL_INCORRECT_REQ_sum_total_pct,      100.000
ICACHE_FILL_INCORRECT_REQ_mean,         0.93
ICACHE_FILL_INCORRECT_REQ_stddev,         0.91
ICACHE_FILL_INCORRECT_REQ_total_mean,         0.93
ICACHE_FILL_INCORRECT_REQ_total_stddev,         0.91

ICACHE_FILL_CORRECT_REQ_BY_FDIP_count,        222052
ICACHE_FILL_CORRECT_REQ_BY_FDIP_pct,        6.415
ICACHE_FILL_CORRECT_REQ_BY_FDIP_total_count,        222052
ICACHE_FILL_CORRECT_REQ_BY_FDIP_total_pct,        6.415

ICACHE_FILL_INCORRECT_REQ_BY_FDIP_count,       3232356
ICACHE_FILL_INCORRECT_REQ_BY_FDIP_pct,       93.379
ICACHE_FILL_INCORRECT_REQ_BY_FDIP_total_count,       3232356
ICACHE_FILL_INCORRECT_REQ_BY_FDIP_total_pct,       93.379

ICACHE_FILL_CORRECT_REQ_BY_ICACHE_DEMAND_count,          5861
ICACHE_FILL_CORRECT_REQ_BY_ICACHE_DEMAND_pct,        0.169
ICACHE_FILL_CORRECT_REQ_BY_ICACHE_DEMAND_total_count,          5861
ICACHE_FILL_CORRECT_REQ_BY_ICACHE_DEMAND_total_pct,        0.169

ICACHE_FILL_INCORRECT_REQ_BY_ICACHE_DEMAND_count,          1292
ICACHE_FILL_INCORRECT_REQ_BY_ICACHE_DEMAND_pct,        0.037
ICACHE_FILL_INCORRECT_REQ_BY_ICACHE_DEMAND_total_count,          1292
ICACHE_FILL_INCORRECT_REQ_BY_ICACHE_DEMAND_total_pct,        0.037
ICACHE_FILL_INCORRECT_REQ_BY_ICACHE_DEMAND_sum_count,       3461561
ICACHE_FILL_INCORRECT_REQ_BY_ICACHE_DEMAND_sum_pct,      100.000
ICACHE_FILL_INCORRECT_REQ_BY_ICACHE_DEMAND_sum_total_count,       3461561
ICACHE_FILL_INCORRECT_REQ_BY_ICACHE_DEMAND_sum_total_pct,      100.000
ICACHE_FILL_INCORRECT_REQ_BY_ICACHE_DEMAND_mean,         0.94
ICACHE_FILL_INCORRECT_REQ_BY_ICACHE_DEMAND_stddev,         0.09
ICACHE_FILL_INCORRECT_REQ_BY_ICACHE_DEMAND_total_mean,         0.94
ICACHE_FILL_INCORRECT_REQ_BY_ICACHE_DEMAND_total_stddev,         0.09

ICACHE_FILL_CORRECT_REQ_BY_ON_FDIP_HIT_BY_DEMAND_LOAD_count,        177229
ICACHE_FILL_CORRECT_REQ_BY_ON_FDIP_HIT_BY_DEMAND_LOAD_total_count,        177229

ICACHE_FILL_CORRECT_REQ_BY_OFF_FDIP_HIT_BY_DEMAND_LOAD_count,          1947
ICACHE_FILL_CORRECT_REQ_BY_OFF_FDIP_HIT_BY_DEMAND_LOAD_total_count,          1947

ICACHE_FILL_INCORRECT_REQ_BY_ON_FDIP_HIT_BY_DEMAND_LOAD_count,         37276
ICACHE_FILL_INCORRECT_REQ_BY_ON_FDIP_HIT_BY_DEMAND_LOAD_total_count,         37276

ICACHE_FILL_INCORRECT_REQ_BY_OFF_FDIP_HIT_BY_DEMAND_LOAD_count,          1183
ICACHE_FILL_INCORRECT_REQ_BY_OFF_FDIP_HIT_BY_DEMAND_LOAD_total_count,          1183

ICACHE_FILL_CORRECT_REQ_CYCLE_DELTA_count, 5137082242147
ICACHE_FILL_CORRECT_REQ_CYCLE_DELTA_total_count, 5137082242147

ICACHE_FILL_CORRECT_REQ_CYCLE_DELTA_BY_ICACHE_DEMAND_count,        409501
ICACHE_FILL_CORRECT_REQ_CYCLE_DELTA_BY_ICACHE_DEMAND_total_count,        409501

ICACHE_FILL_CORRECT_REQ_CYCLE_DELTA_BY_FDIP_count,       9427777
ICACHE_FILL_CORRECT_REQ_CYCLE_DELTA_BY_FDIP_total_count,       9427777

ICACHE_FILL_CORRECT_REQ_CYCLE_DELTA_BY_ON_FDIP_HIT_BY_DEMAND_LOAD_count,       5742730
ICACHE_FILL_CORRECT_REQ_CYCLE_DELTA_BY_ON_FDIP_HIT_BY_DEMAND_LOAD_total_count,       5742730

ICACHE_FILL_CORRECT_REQ_CYCLE_DELTA_BY_OFF_FDIP_HIT_BY_DEMAND_LOAD_count,         13432
ICACHE_FILL_CORRECT_REQ_CYCLE_DELTA_BY_OFF_FDIP_HIT_BY_DEMAND_LOAD_total_count,         13432

ICACHE_FILL_INCORRECT_REQ_CYCLE_DELTA_count, 75729871132063
ICACHE_FILL_INCORRECT_REQ_CYCLE_DELTA_total_count, 75729871132063

ICACHE_FILL_INCORRECT_REQ_CYCLE_DELTA_BY_ICACHE_DEMAND_count,        122956
ICACHE_FILL_INCORRECT_REQ_CYCLE_DELTA_BY_ICACHE_DEMAND_total_count,        122956

ICACHE_FILL_INCORRECT_REQ_CYCLE_DELTA_BY_FDIP_count,     114195897
ICACHE_FILL_INCORRECT_REQ_CYCLE_DELTA_BY_FDIP_total_count,     114195897

ICACHE_FILL_INCORRECT_REQ_CYCLE_DELTA_BY_ON_FDIP_HIT_BY_DEMAND_LOAD_count,             0
ICACHE_FILL_INCORRECT_REQ_CYCLE_DELTA_BY_ON_FDIP_HIT_BY_DEMAND_LOAD_total_count,             0

ICACHE_FILL_INCORRECT_REQ_CYCLE_DELTA_BY_OFF_FDIP_HIT_BY_DEMAND_LOAD_count,         48378
ICACHE_FILL_INCORRECT_REQ_CYCLE_DELTA_BY_OFF_FDIP_HIT_BY_DEMAND_LOAD_total_count,         48378

MEM_REQ_INIT_count,      15050342
MEM_REQ_INIT_total_count,      15050342

MEM_REQ_COMPLETE_count,      15039573
MEM_REQ_COMPLETE_pct,        0.999
MEM_REQ_COMPLETE_total_count,      15039573
MEM_REQ_COMPLETE_total_pct,        0.999

MEM_REQ_KILLED_count,           534
MEM_REQ_KILLED_pct,        0.000
MEM_REQ_KILLED_total_count,           534
MEM_REQ_KILLED_total_pct,        0.000

MEM_REQ_COMPLETE_MLC_count,      13448544
MEM_REQ_COMPLETE_MLC_pct,        0.894
MEM_REQ_COMPLETE_MLC_total_count,      13448544
MEM_REQ_COMPLETE_MLC_total_pct,        0.894

MEM_REQ_COMPLETE_L1_count,         68133
MEM_REQ_COMPLETE_L1_pct,        0.005
MEM_REQ_COMPLETE_L1_total_count,         68133
MEM_REQ_COMPLETE_L1_total_pct,        0.005

MEM_REQ_COMPLETE_MEM_count,       1522896
MEM_REQ_COMPLETE_MEM_pct,        0.101
MEM_REQ_COMPLETE_MEM_total_count,       1522896
MEM_REQ_COMPLETE_MEM_total_pct,        0.101

MEM_REQ_INIT_ONPATH_count,      13014021
MEM_REQ_INIT_ONPATH_pct,        0.865
MEM_REQ_INIT_ONPATH_total_count,      13014021
MEM_REQ_INIT_ONPATH_total_pct,        0.865

MEM_REQ_INIT_OFFPATH_count,       2026088
MEM_REQ_INIT_OFFPATH_pct,        0.135
MEM_REQ_INIT_OFFPATH_total_count,       2026088
MEM_REQ_INIT_OFFPATH_total_pct,        0.135

MEM_REQ_COMPLETE_ONPATH_count,      13032314
MEM_REQ_COMPLETE_ONPATH_pct,        0.867
MEM_REQ_COMPLETE_ONPATH_total_count,      13032314
MEM_REQ_COMPLETE_ONPATH_total_pct,        0.867

MEM_REQ_COMPLETE_OFFPATH_count,       2007259
MEM_REQ_COMPLETE_OFFPATH_pct,        0.133
MEM_REQ_COMPLETE_OFFPATH_total_count,       2007259
MEM_REQ_COMPLETE_OFFPATH_total_pct,        0.133

MEM_REQ_INIT_IFETCH_count,          7153
MEM_REQ_INIT_IFETCH_pct,        0.069
MEM_REQ_INIT_IFETCH_total_count,          7153
MEM_REQ_INIT_IFETCH_total_pct,        0.069

MEM_REQ_INIT_DFETCH_count,       4419789
MEM_REQ_INIT_DFETCH_pct,       42.516
MEM_REQ_INIT_DFETCH_total_count,       4419789
MEM_REQ_INIT_DFETCH_total_pct,       42.516

MEM_REQ_INIT_DSTORE_count,       2514283
MEM_REQ_INIT_DSTORE_pct,       24.186
MEM_REQ_INIT_DSTORE_total_count,       2514283
MEM_REQ_INIT_DSTORE_total_pct,       24.186

MEM_REQ_INIT_IPRF_count,             0
MEM_REQ_INIT_IPRF_pct,        0.000
MEM_REQ_INIT_IPRF_total_count,             0
MEM_REQ_INIT_IPRF_total_pct,        0.000

MEM_REQ_INIT_DPRF_count,             0
MEM_REQ_INIT_DPRF_pct,        0.000
MEM_REQ_INIT_DPRF_total_count,             0
MEM_REQ_INIT_DPRF_total_pct,        0.000

MEM_REQ_INIT_WB_count,       1490159
MEM_REQ_INIT_WB_pct,       14.334
MEM_REQ_INIT_WB_total_count,       1490159
MEM_REQ_INIT_WB_total_pct,       14.334

MEM_REQ_INIT_WB_NODIRTY_count,       1964249
MEM_REQ_INIT_WB_NODIRTY_pct,       18.895
MEM_REQ_INIT_WB_NODIRTY_total_count,       1964249
MEM_REQ_INIT_WB_NODIRTY_total_pct,       18.895
MEM_REQ_INIT_WB_NODIRTY_sum_count,      10395633
MEM_REQ_INIT_WB_NODIRTY_sum_pct,      100.000
MEM_REQ_INIT_WB_NODIRTY_sum_total_count,      10395633
MEM_REQ_INIT_WB_NODIRTY_sum_total_pct,      100.000
MEM_REQ_INIT_WB_NODIRTY_mean,         2.76
MEM_REQ_INIT_WB_NODIRTY_stddev,         2.37
MEM_REQ_INIT_WB_NODIRTY_total_mean,         2.76
MEM_REQ_INIT_WB_NODIRTY_total_stddev,         2.37

MEM_REQ_COMPLETE_IFETCH_count,        243153
MEM_REQ_COMPLETE_IFETCH_pct,        1.617
MEM_REQ_COMPLETE_IFETCH_total_count,        243153
MEM_REQ_COMPLETE_IFETCH_total_pct,        1.617

MEM_REQ_COMPLETE_DFETCH_count,       9059433
MEM_REQ_COMPLETE_DFETCH_pct,       60.235
MEM_REQ_COMPLETE_DFETCH_total_count,       9059433
MEM_REQ_COMPLETE_DFETCH_total_pct,       60.235

MEM_REQ_COMPLETE_DSTORE_count,       2512045
MEM_REQ_COMPLETE_DSTORE_pct,       16.702
MEM_REQ_COMPLETE_DSTORE_total_count,       2512045
MEM_REQ_COMPLETE_DSTORE_total_pct,       16.702

MEM_REQ_COMPLETE_IPRF_count,             0
MEM_REQ_COMPLETE_IPRF_pct,        0.000
MEM_REQ_COMPLETE_IPRF_total_count,             0
MEM_REQ_COMPLETE_IPRF_total_pct,        0.000

MEM_REQ_COMPLETE_DPRF_count,             0
MEM_REQ_COMPLETE_DPRF_pct,        0.000
MEM_REQ_COMPLETE_DPRF_total_count,             0
MEM_REQ_COMPLETE_DPRF_total_pct,        0.000

MEM_REQ_COMPLETE_WB_count,       1299344
MEM_REQ_COMPLETE_WB_pct,        8.639
MEM_REQ_COMPLETE_WB_total_count,       1299344
MEM_REQ_COMPLETE_WB_total_pct,        8.639

MEM_REQ_COMPLETE_WB_NODIRTY_count,       1926143
MEM_REQ_COMPLETE_WB_NODIRTY_pct,       12.807
MEM_REQ_COMPLETE_WB_NODIRTY_total_count,       1926143
MEM_REQ_COMPLETE_WB_NODIRTY_total_pct,       12.807
MEM_REQ_COMPLETE_WB_NODIRTY_sum_count,      15040118
MEM_REQ_COMPLETE_WB_NODIRTY_sum_pct,      100.000
MEM_REQ_COMPLETE_WB_NODIRTY_sum_total_count,      15040118
MEM_REQ_COMPLETE_WB_NODIRTY_sum_total_pct,      100.000
MEM_REQ_COMPLETE_WB_NODIRTY_mean,         2.14
MEM_REQ_COMPLETE_WB_NODIRTY_stddev,         2.00
MEM_REQ_COMPLETE_WB_NODIRTY_total_mean,         2.14
MEM_REQ_COMPLETE_WB_NODIRTY_total_stddev,         2.00

MEM_REQ_KILLED_IFETCH_count,       4643931
MEM_REQ_KILLED_IFETCH_pct,      100.000
MEM_REQ_KILLED_IFETCH_total_count,       4643931
MEM_REQ_KILLED_IFETCH_total_pct,      100.000

MEM_REQ_KILLED_DFETCH_count,             0
MEM_REQ_KILLED_DFETCH_pct,        0.000
MEM_REQ_KILLED_DFETCH_total_count,             0
MEM_REQ_KILLED_DFETCH_total_pct,        0.000

MEM_REQ_KILLED_DSTORE_count,             0
MEM_REQ_KILLED_DSTORE_pct,        0.000
MEM_REQ_KILLED_DSTORE_total_count,             0
MEM_REQ_KILLED_DSTORE_total_pct,        0.000

MEM_REQ_KILLED_IPRF_count,             0
MEM_REQ_KILLED_IPRF_pct,        0.000
MEM_REQ_KILLED_IPRF_total_count,             0
MEM_REQ_KILLED_IPRF_total_pct,        0.000

MEM_REQ_KILLED_DPRF_count,             0
MEM_REQ_KILLED_DPRF_pct,        0.000
MEM_REQ_KILLED_DPRF_total_count,             0
MEM_REQ_KILLED_DPRF_total_pct,        0.000

MEM_REQ_KILLED_WB_count,             0
MEM_REQ_KILLED_WB_pct,        0.000
MEM_REQ_KILLED_WB_total_count,             0
MEM_REQ_KILLED_WB_total_pct,        0.000

MEM_REQ_KILLED_WB_NODIRTY_count,             0
MEM_REQ_KILLED_WB_NODIRTY_pct,        0.000
MEM_REQ_KILLED_WB_NODIRTY_total_count,             0
MEM_REQ_KILLED_WB_NODIRTY_total_pct,        0.000
MEM_REQ_KILLED_WB_NODIRTY_sum_count,       4643931
MEM_REQ_KILLED_WB_NODIRTY_sum_pct,      100.000
MEM_REQ_KILLED_WB_NODIRTY_sum_total_count,       4643931
MEM_REQ_KILLED_WB_NODIRTY_sum_total_pct,      100.000
MEM_REQ_KILLED_WB_NODIRTY_mean,         0.00
MEM_REQ_KILLED_WB_NODIRTY_stddev,         0.00
MEM_REQ_KILLED_WB_NODIRTY_total_mean,         0.00
MEM_REQ_KILLED_WB_NODIRTY_total_stddev,         0.00

MEM_REQ_INIT_OFFPATH_IFETCH_count,          2223
MEM_REQ_INIT_OFFPATH_IFETCH_pct,        0.110
MEM_REQ_INIT_OFFPATH_IFETCH_total_count,          2223
MEM_REQ_INIT_OFFPATH_IFETCH_total_pct,        0.110

MEM_REQ_INIT_OFFPATH_DFETCH_count,         42834
MEM_REQ_INIT_OFFPATH_DFETCH_pct,        2.114
MEM_REQ_INIT_OFFPATH_DFETCH_total_count,         42834
MEM_REQ_INIT_OFFPATH_DFETCH_total_pct,        2.114

MEM_REQ_INIT_OFFPATH_DSTORE_count,         17316
MEM_REQ_INIT_OFFPATH_DSTORE_pct,        0.854
MEM_REQ_INIT_OFFPATH_DSTORE_total_count,         17316
MEM_REQ_INIT_OFFPATH_DSTORE_total_pct,        0.854

MEM_REQ_INIT_OFFPATH_IPRF_count,             0
MEM_REQ_INIT_OFFPATH_IPRF_pct,        0.000
MEM_REQ_INIT_OFFPATH_IPRF_total_count,             0
MEM_REQ_INIT_OFFPATH_IPRF_total_pct,        0.000

MEM_REQ_INIT_OFFPATH_DPRF_count,             0
MEM_REQ_INIT_OFFPATH_DPRF_pct,        0.000
MEM_REQ_INIT_OFFPATH_DPRF_total_count,             0
MEM_REQ_INIT_OFFPATH_DPRF_total_pct,        0.000

MEM_REQ_INIT_OFFPATH_WB_count,             0
MEM_REQ_INIT_OFFPATH_WB_pct,        0.000
MEM_REQ_INIT_OFFPATH_WB_total_count,             0
MEM_REQ_INIT_OFFPATH_WB_total_pct,        0.000

MEM_REQ_INIT_OFFPATH_WB_NODIRTY_count,       1964249
MEM_REQ_INIT_OFFPATH_WB_NODIRTY_pct,       96.922
MEM_REQ_INIT_OFFPATH_WB_NODIRTY_total_count,       1964249
MEM_REQ_INIT_OFFPATH_WB_NODIRTY_total_pct,       96.922
MEM_REQ_INIT_OFFPATH_WB_NODIRTY_sum_count,       2026622
MEM_REQ_INIT_OFFPATH_WB_NODIRTY_sum_pct,      100.000
MEM_REQ_INIT_OFFPATH_WB_NODIRTY_sum_total_count,       2026622
MEM_REQ_INIT_OFFPATH_WB_NODIRTY_sum_total_pct,      100.000
MEM_REQ_INIT_OFFPATH_WB_NODIRTY_mean,         5.85
MEM_REQ_INIT_OFFPATH_WB_NODIRTY_stddev,         5.82
MEM_REQ_INIT_OFFPATH_WB_NODIRTY_total_mean,         5.85
MEM_REQ_INIT_OFFPATH_WB_NODIRTY_total_stddev,         5.82

MEM_REQ_INIT_ONPATH_IFETCH_count,          5464
MEM_REQ_INIT_ONPATH_IFETCH_pct,        0.065
MEM_REQ_INIT_ONPATH_IFETCH_total_count,          5464
MEM_REQ_INIT_ONPATH_IFETCH_total_pct,        0.065

MEM_REQ_INIT_ONPATH_DFETCH_count,       4376955
MEM_REQ_INIT_ONPATH_DFETCH_pct,       52.296
MEM_REQ_INIT_ONPATH_DFETCH_total_count,       4376955
MEM_REQ_INIT_ONPATH_DFETCH_total_pct,       52.296

MEM_REQ_INIT_ONPATH_DSTORE_count,       2496967
MEM_REQ_INIT_ONPATH_DSTORE_pct,       29.834
MEM_REQ_INIT_ONPATH_DSTORE_total_count,       2496967
MEM_REQ_INIT_ONPATH_DSTORE_total_pct,       29.834

MEM_REQ_INIT_ONPATH_IPRF_count,             0
MEM_REQ_INIT_ONPATH_IPRF_pct,        0.000
MEM_REQ_INIT_ONPATH_IPRF_total_count,             0
MEM_REQ_INIT_ONPATH_IPRF_total_pct,        0.000

MEM_REQ_INIT_ONPATH_DPRF_count,             0
MEM_REQ_INIT_ONPATH_DPRF_pct,        0.000
MEM_REQ_INIT_ONPATH_DPRF_total_count,             0
MEM_REQ_INIT_ONPATH_DPRF_total_pct,        0.000

MEM_REQ_INIT_ONPATH_WB_count,       1490159
MEM_REQ_INIT_ONPATH_WB_pct,       17.805
MEM_REQ_INIT_ONPATH_WB_total_count,       1490159
MEM_REQ_INIT_ONPATH_WB_total_pct,       17.805

MEM_REQ_INIT_ONPATH_WB_NODIRTY_count,             0
MEM_REQ_INIT_ONPATH_WB_NODIRTY_pct,        0.000
MEM_REQ_INIT_ONPATH_WB_NODIRTY_total_count,             0
MEM_REQ_INIT_ONPATH_WB_NODIRTY_total_pct,        0.000
MEM_REQ_INIT_ONPATH_WB_NODIRTY_sum_count,       8369545
MEM_REQ_INIT_ONPATH_WB_NODIRTY_sum_pct,      100.000
MEM_REQ_INIT_ONPATH_WB_NODIRTY_sum_total_count,       8369545
MEM_REQ_INIT_ONPATH_WB_NODIRTY_sum_total_pct,      100.000
MEM_REQ_INIT_ONPATH_WB_NODIRTY_mean,         2.01
MEM_REQ_INIT_ONPATH_WB_NODIRTY_stddev,         1.46
MEM_REQ_INIT_ONPATH_WB_NODIRTY_total_mean,         2.01
MEM_REQ_INIT_ONPATH_WB_NODIRTY_total_stddev,         1.46

MEM_REQ_MATCH_IFETCH_count,        193015
MEM_REQ_MATCH_IFETCH_pct,        2.601
MEM_REQ_MATCH_IFETCH_total_count,        193015
MEM_REQ_MATCH_IFETCH_total_pct,        2.601

MEM_REQ_MATCH_DFETCH_count,       4720944
MEM_REQ_MATCH_DFETCH_pct,       63.618
MEM_REQ_MATCH_DFETCH_total_count,       4720944
MEM_REQ_MATCH_DFETCH_total_pct,       63.618

MEM_REQ_MATCH_DSTORE_count,         23372
MEM_REQ_MATCH_DSTORE_pct,        0.315
MEM_REQ_MATCH_DSTORE_total_count,         23372
MEM_REQ_MATCH_DSTORE_total_pct,        0.315

MEM_REQ_MATCH_IPRF_count,             0
MEM_REQ_MATCH_IPRF_pct,        0.000
MEM_REQ_MATCH_IPRF_total_count,             0
MEM_REQ_MATCH_IPRF_total_pct,        0.000

MEM_REQ_MATCH_DPRF_count,             0
MEM_REQ_MATCH_DPRF_pct,        0.000
MEM_REQ_MATCH_DPRF_total_count,             0
MEM_REQ_MATCH_DPRF_total_pct,        0.000

MEM_REQ_MATCH_WB_count,       1230360
MEM_REQ_MATCH_WB_pct,       16.580
MEM_REQ_MATCH_WB_total_count,       1230360
MEM_REQ_MATCH_WB_total_pct,       16.580

MEM_REQ_MATCH_WB_NODIRTY_count,       1253032
MEM_REQ_MATCH_WB_NODIRTY_pct,       16.886
MEM_REQ_MATCH_WB_NODIRTY_total_count,       1253032
MEM_REQ_MATCH_WB_NODIRTY_total_pct,       16.886
MEM_REQ_MATCH_WB_NODIRTY_sum_count,       7420723
MEM_REQ_MATCH_WB_NODIRTY_sum_pct,      100.000
MEM_REQ_MATCH_WB_NODIRTY_sum_total_count,       7420723
MEM_REQ_MATCH_WB_NODIRTY_sum_total_pct,      100.000
MEM_REQ_MATCH_WB_NODIRTY_mean,         2.48
MEM_REQ_MATCH_WB_NODIRTY_stddev,         2.36
MEM_REQ_MATCH_WB_NODIRTY_total_mean,         2.48
MEM_REQ_MATCH_WB_NODIRTY_total_stddev,         2.36

MEM_REQ_COMPLETE_OFFPATH_IFETCH_count,         12112
MEM_REQ_COMPLETE_OFFPATH_IFETCH_pct,        0.603
MEM_REQ_COMPLETE_OFFPATH_IFETCH_total_count,         12112
MEM_REQ_COMPLETE_OFFPATH_IFETCH_total_pct,        0.603

MEM_REQ_COMPLETE_OFFPATH_DFETCH_count,         41813
MEM_REQ_COMPLETE_OFFPATH_DFETCH_pct,        2.083
MEM_REQ_COMPLETE_OFFPATH_DFETCH_total_count,         41813
MEM_REQ_COMPLETE_OFFPATH_DFETCH_total_pct,        2.083

MEM_REQ_COMPLETE_OFFPATH_DSTORE_count,         17056
MEM_REQ_COMPLETE_OFFPATH_DSTORE_pct,        0.850
MEM_REQ_COMPLETE_OFFPATH_DSTORE_total_count,         17056
MEM_REQ_COMPLETE_OFFPATH_DSTORE_total_pct,        0.850

MEM_REQ_COMPLETE_OFFPATH_IPRF_count,             0
MEM_REQ_COMPLETE_OFFPATH_IPRF_pct,        0.000
MEM_REQ_COMPLETE_OFFPATH_IPRF_total_count,             0
MEM_REQ_COMPLETE_OFFPATH_IPRF_total_pct,        0.000

MEM_REQ_COMPLETE_OFFPATH_DPRF_count,             0
MEM_REQ_COMPLETE_OFFPATH_DPRF_pct,        0.000
MEM_REQ_COMPLETE_OFFPATH_DPRF_total_count,             0
MEM_REQ_COMPLETE_OFFPATH_DPRF_total_pct,        0.000

MEM_REQ_COMPLETE_OFFPATH_WB_count,         10955
MEM_REQ_COMPLETE_OFFPATH_WB_pct,        0.546
MEM_REQ_COMPLETE_OFFPATH_WB_total_count,         10955
MEM_REQ_COMPLETE_OFFPATH_WB_total_pct,        0.546

MEM_REQ_COMPLETE_OFFPATH_WB_NODIRTY_count,       1925323
MEM_REQ_COMPLETE_OFFPATH_WB_NODIRTY_pct,       95.918
MEM_REQ_COMPLETE_OFFPATH_WB_NODIRTY_total_count,       1925323
MEM_REQ_COMPLETE_OFFPATH_WB_NODIRTY_total_pct,       95.918
MEM_REQ_COMPLETE_OFFPATH_WB_NODIRTY_sum_count,       2007259
MEM_REQ_COMPLETE_OFFPATH_WB_NODIRTY_sum_pct,      100.000
MEM_REQ_COMPLETE_OFFPATH_WB_NODIRTY_sum_total_count,       2007259
MEM_REQ_COMPLETE_OFFPATH_WB_NODIRTY_sum_total_pct,      100.000
MEM_REQ_COMPLETE_OFFPATH_WB_NODIRTY_mean,         5.82
MEM_REQ_COMPLETE_OFFPATH_WB_NODIRTY_stddev,         5.76
MEM_REQ_COMPLETE_OFFPATH_WB_NODIRTY_total_mean,         5.82
MEM_REQ_COMPLETE_OFFPATH_WB_NODIRTY_total_stddev,         5.76

MEM_REQ_COMPLETE_ONPATH_IFETCH_count,        223962
MEM_REQ_COMPLETE_ONPATH_IFETCH_pct,        2.670
MEM_REQ_COMPLETE_ONPATH_IFETCH_total_count,        223962
MEM_REQ_COMPLETE_ONPATH_IFETCH_total_pct,        2.670

MEM_REQ_COMPLETE_ONPATH_DFETCH_count,       4380223
MEM_REQ_COMPLETE_ONPATH_DFETCH_pct,       52.218
MEM_REQ_COMPLETE_ONPATH_DFETCH_total_count,       4380223
MEM_REQ_COMPLETE_ONPATH_DFETCH_total_pct,       52.218

MEM_REQ_COMPLETE_ONPATH_DSTORE_count,       2494989
MEM_REQ_COMPLETE_ONPATH_DSTORE_pct,       29.743
MEM_REQ_COMPLETE_ONPATH_DSTORE_total_count,       2494989
MEM_REQ_COMPLETE_ONPATH_DSTORE_total_pct,       29.743

MEM_REQ_COMPLETE_ONPATH_IPRF_count,             0
MEM_REQ_COMPLETE_ONPATH_IPRF_pct,        0.000
MEM_REQ_COMPLETE_ONPATH_IPRF_total_count,             0
MEM_REQ_COMPLETE_ONPATH_IPRF_total_pct,        0.000

MEM_REQ_COMPLETE_ONPATH_DPRF_count,             0
MEM_REQ_COMPLETE_ONPATH_DPRF_pct,        0.000
MEM_REQ_COMPLETE_ONPATH_DPRF_total_count,             0
MEM_REQ_COMPLETE_ONPATH_DPRF_total_pct,        0.000

MEM_REQ_COMPLETE_ONPATH_WB_count,       1288389
MEM_REQ_COMPLETE_ONPATH_WB_pct,       15.359
MEM_REQ_COMPLETE_ONPATH_WB_total_count,       1288389
MEM_REQ_COMPLETE_ONPATH_WB_total_pct,       15.359

MEM_REQ_COMPLETE_ONPATH_WB_NODIRTY_count,           820
MEM_REQ_COMPLETE_ONPATH_WB_NODIRTY_pct,        0.010
MEM_REQ_COMPLETE_ONPATH_WB_NODIRTY_total_count,           820
MEM_REQ_COMPLETE_ONPATH_WB_NODIRTY_total_pct,        0.010
MEM_REQ_COMPLETE_ONPATH_WB_NODIRTY_sum_count,       8388383
MEM_REQ_COMPLETE_ONPATH_WB_NODIRTY_sum_pct,      100.000
MEM_REQ_COMPLETE_ONPATH_WB_NODIRTY_sum_total_count,       8388383
MEM_REQ_COMPLETE_ONPATH_WB_NODIRTY_sum_total_pct,      100.000
MEM_REQ_COMPLETE_ONPATH_WB_NODIRTY_mean,         1.89
MEM_REQ_COMPLETE_ONPATH_WB_NODIRTY_stddev,         1.38
MEM_REQ_COMPLETE_ONPATH_WB_NODIRTY_total_mean,         1.89
MEM_REQ_COMPLETE_ONPATH_WB_NODIRTY_total_stddev,         1.38

MEM_REQ_COMPLETE_MEM_IFETCH_count,       4793632
MEM_REQ_COMPLETE_MEM_IFETCH_pct,       77.741
MEM_REQ_COMPLETE_MEM_IFETCH_total_count,       4793632
MEM_REQ_COMPLETE_MEM_IFETCH_total_pct,       77.741

MEM_REQ_COMPLETE_MEM_DFETCH_count,         33755
MEM_REQ_COMPLETE_MEM_DFETCH_pct,        0.547
MEM_REQ_COMPLETE_MEM_DFETCH_total_count,         33755
MEM_REQ_COMPLETE_MEM_DFETCH_total_pct,        0.547

MEM_REQ_COMPLETE_MEM_DSTORE_count,         20898
MEM_REQ_COMPLETE_MEM_DSTORE_pct,        0.339
MEM_REQ_COMPLETE_MEM_DSTORE_total_count,         20898
MEM_REQ_COMPLETE_MEM_DSTORE_total_pct,        0.339

MEM_REQ_COMPLETE_MEM_IPRF_count,             0
MEM_REQ_COMPLETE_MEM_IPRF_pct,        0.000
MEM_REQ_COMPLETE_MEM_IPRF_total_count,             0
MEM_REQ_COMPLETE_MEM_IPRF_total_pct,        0.000

MEM_REQ_COMPLETE_MEM_DPRF_count,             0
MEM_REQ_COMPLETE_MEM_DPRF_pct,        0.000
MEM_REQ_COMPLETE_MEM_DPRF_total_count,             0
MEM_REQ_COMPLETE_MEM_DPRF_total_pct,        0.000

MEM_REQ_COMPLETE_MEM_WB_count,        146104
MEM_REQ_COMPLETE_MEM_WB_pct,        2.369
MEM_REQ_COMPLETE_MEM_WB_total_count,        146104
MEM_REQ_COMPLETE_MEM_WB_total_pct,        2.369

MEM_REQ_COMPLETE_MEM_WB_NODIRTY_count,       1171743
MEM_REQ_COMPLETE_MEM_WB_NODIRTY_pct,       19.003
MEM_REQ_COMPLETE_MEM_WB_NODIRTY_total_count,       1171743
MEM_REQ_COMPLETE_MEM_WB_NODIRTY_total_pct,       19.003
MEM_REQ_COMPLETE_MEM_WB_NODIRTY_sum_count,       6166132
MEM_REQ_COMPLETE_MEM_WB_NODIRTY_sum_pct,      100.000
MEM_REQ_COMPLETE_MEM_WB_NODIRTY_sum_total_count,       6166132
MEM_REQ_COMPLETE_MEM_WB_NODIRTY_sum_total_pct,      100.000
MEM_REQ_COMPLETE_MEM_WB_NODIRTY_mean,         1.27
MEM_REQ_COMPLETE_MEM_WB_NODIRTY_stddev,         2.21
MEM_REQ_COMPLETE_MEM_WB_NODIRTY_total_mean,         1.27
MEM_REQ_COMPLETE_MEM_WB_NODIRTY_total_stddev,         2.21

MEM_REQ_COMPLETE_MEM_BW_PREFETCHABLE_count,          2655
MEM_REQ_COMPLETE_MEM_BW_PREFETCHABLE_total_count,          2655

MEM_REQ_COMPLETE_MEM_MATCHED_BW_PREF_count,             8
MEM_REQ_COMPLETE_MEM_MATCHED_BW_PREF_total_count,             8

MEM_REQ_COMPLETE_L1_IFETCH_count,             0
MEM_REQ_COMPLETE_L1_IFETCH_pct,         -nan
MEM_REQ_COMPLETE_L1_IFETCH_total_count,             0
MEM_REQ_COMPLETE_L1_IFETCH_total_pct,         -nan

MEM_REQ_COMPLETE_L1_DFETCH_count,             0
MEM_REQ_COMPLETE_L1_DFETCH_pct,         -nan
MEM_REQ_COMPLETE_L1_DFETCH_total_count,             0
MEM_REQ_COMPLETE_L1_DFETCH_total_pct,         -nan

MEM_REQ_COMPLETE_L1_DSTORE_count,             0
MEM_REQ_COMPLETE_L1_DSTORE_pct,         -nan
MEM_REQ_COMPLETE_L1_DSTORE_total_count,             0
MEM_REQ_COMPLETE_L1_DSTORE_total_pct,         -nan

MEM_REQ_COMPLETE_L1_IPRF_count,             0
MEM_REQ_COMPLETE_L1_IPRF_pct,         -nan
MEM_REQ_COMPLETE_L1_IPRF_total_count,             0
MEM_REQ_COMPLETE_L1_IPRF_total_pct,         -nan

MEM_REQ_COMPLETE_L1_DPRF_count,             0
MEM_REQ_COMPLETE_L1_DPRF_pct,         -nan
MEM_REQ_COMPLETE_L1_DPRF_total_count,             0
MEM_REQ_COMPLETE_L1_DPRF_total_pct,         -nan

MEM_REQ_COMPLETE_L1_WB_count,             0
MEM_REQ_COMPLETE_L1_WB_pct,         -nan
MEM_REQ_COMPLETE_L1_WB_total_count,             0
MEM_REQ_COMPLETE_L1_WB_total_pct,         -nan

MEM_REQ_COMPLETE_L1_WB_NODIRTY_count,             0
MEM_REQ_COMPLETE_L1_WB_NODIRTY_pct,         -nan
MEM_REQ_COMPLETE_L1_WB_NODIRTY_total_count,             0
MEM_REQ_COMPLETE_L1_WB_NODIRTY_total_pct,         -nan
MEM_REQ_COMPLETE_L1_WB_NODIRTY_sum_count,             0
MEM_REQ_COMPLETE_L1_WB_NODIRTY_sum_pct,         -nan
MEM_REQ_COMPLETE_L1_WB_NODIRTY_sum_total_count,             0
MEM_REQ_COMPLETE_L1_WB_NODIRTY_sum_total_pct,         -nan
MEM_REQ_COMPLETE_L1_WB_NODIRTY_mean,         -nan
MEM_REQ_COMPLETE_L1_WB_NODIRTY_stddev,         -nan
MEM_REQ_COMPLETE_L1_WB_NODIRTY_total_mean,         -nan
MEM_REQ_COMPLETE_L1_WB_NODIRTY_total_stddev,         -nan

MEM_REQ_COMPLETE_MLC_IFETCH_count,        154506
MEM_REQ_COMPLETE_MLC_IFETCH_pct,        1.728
MEM_REQ_COMPLETE_MLC_IFETCH_total_count,        154506
MEM_REQ_COMPLETE_MLC_IFETCH_total_pct,        1.728

MEM_REQ_COMPLETE_MLC_DFETCH_count,       4388281
MEM_REQ_COMPLETE_MLC_DFETCH_pct,       49.077
MEM_REQ_COMPLETE_MLC_DFETCH_total_count,       4388281
MEM_REQ_COMPLETE_MLC_DFETCH_total_pct,       49.077

MEM_REQ_COMPLETE_MLC_DSTORE_count,       2491147
MEM_REQ_COMPLETE_MLC_DSTORE_pct,       27.860
MEM_REQ_COMPLETE_MLC_DSTORE_total_count,       2491147
MEM_REQ_COMPLETE_MLC_DSTORE_total_pct,       27.860

MEM_REQ_COMPLETE_MLC_IPRF_count,             0
MEM_REQ_COMPLETE_MLC_IPRF_pct,        0.000
MEM_REQ_COMPLETE_MLC_IPRF_total_count,             0
MEM_REQ_COMPLETE_MLC_IPRF_total_pct,        0.000

MEM_REQ_COMPLETE_MLC_DPRF_count,             0
MEM_REQ_COMPLETE_MLC_DPRF_pct,        0.000
MEM_REQ_COMPLETE_MLC_DPRF_total_count,             0
MEM_REQ_COMPLETE_MLC_DPRF_total_pct,        0.000

MEM_REQ_COMPLETE_MLC_WB_count,       1153240
MEM_REQ_COMPLETE_MLC_WB_pct,       12.898
MEM_REQ_COMPLETE_MLC_WB_total_count,       1153240
MEM_REQ_COMPLETE_MLC_WB_total_pct,       12.898

MEM_REQ_COMPLETE_MLC_WB_NODIRTY_count,        754400
MEM_REQ_COMPLETE_MLC_WB_NODIRTY_pct,        8.437
MEM_REQ_COMPLETE_MLC_WB_NODIRTY_total_count,        754400
MEM_REQ_COMPLETE_MLC_WB_NODIRTY_total_pct,        8.437
MEM_REQ_COMPLETE_MLC_WB_NODIRTY_sum_count,       8941574
MEM_REQ_COMPLETE_MLC_WB_NODIRTY_sum_pct,      100.000
MEM_REQ_COMPLETE_MLC_WB_NODIRTY_sum_total_count,       8941574
MEM_REQ_COMPLETE_MLC_WB_NODIRTY_sum_total_pct,      100.000
MEM_REQ_COMPLETE_MLC_WB_NODIRTY_mean,         2.20
MEM_REQ_COMPLETE_MLC_WB_NODIRTY_stddev,         1.83
MEM_REQ_COMPLETE_MLC_WB_NODIRTY_total_mean,         2.20
MEM_REQ_COMPLETE_MLC_WB_NODIRTY_total_stddev,         1.83

CORE_MLP_CLUSTERS_count,       4575103
CORE_MLP_CLUSTERS_total_count,       4575103

CORE_MLP_count,      15549759
CORE_MLP_total_count,      15549759

CORE_MLP_IFETCH_count,             0
CORE_MLP_IFETCH_total_count,             0

CORE_MLP_DFETCH_count,             0
CORE_MLP_DFETCH_total_count,             0

CORE_MLP_DSTORE_count,             0
CORE_MLP_DSTORE_total_count,             0

CORE_MLP_IPRF_count,             0
CORE_MLP_IPRF_total_count,             0

CORE_MLP_DPRF_count,             0
CORE_MLP_DPRF_total_count,             0

CORE_MLP_WB_count,             0
CORE_MLP_WB_total_count,             0

CORE_MLP_WB_NODIRTY_count,             0
CORE_MLP_WB_NODIRTY_total_count,             0

CORE_MLP_0_count,      44362345
CORE_MLP_0_pct,       97.300
CORE_MLP_0_total_count,      44362345
CORE_MLP_0_total_pct,       97.300

CORE_MLP_1_count,        205494
CORE_MLP_1_pct,        0.451
CORE_MLP_1_total_count,        205494
CORE_MLP_1_total_pct,        0.451

CORE_MLP_2_count,         89227
CORE_MLP_2_pct,        0.196
CORE_MLP_2_total_count,         89227
CORE_MLP_2_total_pct,        0.196

CORE_MLP_3_count,         60848
CORE_MLP_3_pct,        0.133
CORE_MLP_3_total_count,         60848
CORE_MLP_3_total_pct,        0.133

CORE_MLP_4_count,         53528
CORE_MLP_4_pct,        0.117
CORE_MLP_4_total_count,         53528
CORE_MLP_4_total_pct,        0.117

CORE_MLP_5_count,         44412
CORE_MLP_5_pct,        0.097
CORE_MLP_5_total_count,         44412
CORE_MLP_5_total_pct,        0.097

CORE_MLP_6_count,         33433
CORE_MLP_6_pct,        0.073
CORE_MLP_6_total_count,         33433
CORE_MLP_6_total_pct,        0.073

CORE_MLP_7_count,         27928
CORE_MLP_7_pct,        0.061
CORE_MLP_7_total_count,         27928
CORE_MLP_7_total_pct,        0.061

CORE_MLP_8_count,         26723
CORE_MLP_8_pct,        0.059
CORE_MLP_8_total_count,         26723
CORE_MLP_8_total_pct,        0.059

CORE_MLP_9_count,         26987
CORE_MLP_9_pct,        0.059
CORE_MLP_9_total_count,         26987
CORE_MLP_9_total_pct,        0.059

CORE_MLP_10_count,         26105
CORE_MLP_10_pct,        0.057
CORE_MLP_10_total_count,         26105
CORE_MLP_10_total_pct,        0.057

CORE_MLP_11_count,         24247
CORE_MLP_11_pct,        0.053
CORE_MLP_11_total_count,         24247
CORE_MLP_11_total_pct,        0.053

CORE_MLP_12_count,         21091
CORE_MLP_12_pct,        0.046
CORE_MLP_12_total_count,         21091
CORE_MLP_12_total_pct,        0.046

CORE_MLP_13_count,         23172
CORE_MLP_13_pct,        0.051
CORE_MLP_13_total_count,         23172
CORE_MLP_13_total_pct,        0.051

CORE_MLP_14_count,         24122
CORE_MLP_14_pct,        0.053
CORE_MLP_14_total_count,         24122
CORE_MLP_14_total_pct,        0.053

CORE_MLP_15_count,         21322
CORE_MLP_15_pct,        0.047
CORE_MLP_15_total_count,         21322
CORE_MLP_15_total_pct,        0.047

CORE_MLP_16_count,         23316
CORE_MLP_16_pct,        0.051
CORE_MLP_16_total_count,         23316
CORE_MLP_16_total_pct,        0.051

CORE_MLP_17_count,         23082
CORE_MLP_17_pct,        0.051
CORE_MLP_17_total_count,         23082
CORE_MLP_17_total_pct,        0.051

CORE_MLP_18_count,         20772
CORE_MLP_18_pct,        0.046
CORE_MLP_18_total_count,         20772
CORE_MLP_18_total_pct,        0.046

CORE_MLP_19_count,         22207
CORE_MLP_19_pct,        0.049
CORE_MLP_19_total_count,         22207
CORE_MLP_19_total_pct,        0.049

CORE_MLP_20_count,         24402
CORE_MLP_20_pct,        0.054
CORE_MLP_20_total_count,         24402
CORE_MLP_20_total_pct,        0.054

CORE_MLP_21_count,         27575
CORE_MLP_21_pct,        0.060
CORE_MLP_21_total_count,         27575
CORE_MLP_21_total_pct,        0.060

CORE_MLP_22_count,         44738
CORE_MLP_22_pct,        0.098
CORE_MLP_22_total_count,         44738
CORE_MLP_22_total_pct,        0.098

CORE_MLP_23_count,         90701
CORE_MLP_23_pct,        0.199
CORE_MLP_23_total_count,         90701
CORE_MLP_23_total_pct,        0.199

CORE_MLP_24_count,         90027
CORE_MLP_24_pct,        0.197
CORE_MLP_24_total_count,         90027
CORE_MLP_24_total_pct,        0.197

CORE_MLP_25_count,         69917
CORE_MLP_25_pct,        0.153
CORE_MLP_25_total_count,         69917
CORE_MLP_25_total_pct,        0.153

CORE_MLP_26_count,         16624
CORE_MLP_26_pct,        0.036
CORE_MLP_26_total_count,         16624
CORE_MLP_26_total_pct,        0.036

CORE_MLP_27_count,         15918
CORE_MLP_27_pct,        0.035
CORE_MLP_27_total_count,         15918
CORE_MLP_27_total_pct,        0.035

CORE_MLP_28_count,         50464
CORE_MLP_28_pct,        0.111
CORE_MLP_28_total_count,         50464
CORE_MLP_28_total_pct,        0.111

CORE_MLP_29_count,          1217
CORE_MLP_29_pct,        0.003
CORE_MLP_29_total_count,          1217
CORE_MLP_29_total_pct,        0.003

CORE_MLP_30_count,          1236
CORE_MLP_30_pct,        0.003
CORE_MLP_30_total_count,          1236
CORE_MLP_30_total_pct,        0.003

CORE_MLP_31_count,             0
CORE_MLP_31_pct,        0.000
CORE_MLP_31_total_count,             0
CORE_MLP_31_total_pct,        0.000

CORE_MLP_32_count,             0
CORE_MLP_32_pct,        0.000
CORE_MLP_32_total_count,             0
CORE_MLP_32_total_pct,        0.000
CORE_MLP_32_sum_count,      45593180
CORE_MLP_32_sum_pct,      100.000
CORE_MLP_32_sum_total_count,      45593180
CORE_MLP_32_sum_total_pct,      100.000
CORE_MLP_32_mean,         0.34
CORE_MLP_32_stddev,         2.57
CORE_MLP_32_total_mean,         0.34
CORE_MLP_32_total_stddev,         2.57

MEM_QUEUE_OCC_0_count,             0
MEM_QUEUE_OCC_0_pct,         -nan
MEM_QUEUE_OCC_0_total_count,             0
MEM_QUEUE_OCC_0_total_pct,         -nan

MEM_QUEUE_OCC_4_count,             0
MEM_QUEUE_OCC_4_pct,         -nan
MEM_QUEUE_OCC_4_total_count,             0
MEM_QUEUE_OCC_4_total_pct,         -nan

MEM_QUEUE_OCC_8_count,             0
MEM_QUEUE_OCC_8_pct,         -nan
MEM_QUEUE_OCC_8_total_count,             0
MEM_QUEUE_OCC_8_total_pct,         -nan

MEM_QUEUE_OCC_12_count,             0
MEM_QUEUE_OCC_12_pct,         -nan
MEM_QUEUE_OCC_12_total_count,             0
MEM_QUEUE_OCC_12_total_pct,         -nan

MEM_QUEUE_OCC_16_count,             0
MEM_QUEUE_OCC_16_pct,         -nan
MEM_QUEUE_OCC_16_total_count,             0
MEM_QUEUE_OCC_16_total_pct,         -nan

MEM_QUEUE_OCC_20_count,             0
MEM_QUEUE_OCC_20_pct,         -nan
MEM_QUEUE_OCC_20_total_count,             0
MEM_QUEUE_OCC_20_total_pct,         -nan

MEM_QUEUE_OCC_24_count,             0
MEM_QUEUE_OCC_24_pct,         -nan
MEM_QUEUE_OCC_24_total_count,             0
MEM_QUEUE_OCC_24_total_pct,         -nan

MEM_QUEUE_OCC_28_count,             0
MEM_QUEUE_OCC_28_pct,         -nan
MEM_QUEUE_OCC_28_total_count,             0
MEM_QUEUE_OCC_28_total_pct,         -nan

MEM_QUEUE_OCC_32_count,             0
MEM_QUEUE_OCC_32_pct,         -nan
MEM_QUEUE_OCC_32_total_count,             0
MEM_QUEUE_OCC_32_total_pct,         -nan

MEM_QUEUE_OCC_36_count,             0
MEM_QUEUE_OCC_36_pct,         -nan
MEM_QUEUE_OCC_36_total_count,             0
MEM_QUEUE_OCC_36_total_pct,         -nan

MEM_QUEUE_OCC_40_count,             0
MEM_QUEUE_OCC_40_pct,         -nan
MEM_QUEUE_OCC_40_total_count,             0
MEM_QUEUE_OCC_40_total_pct,         -nan

MEM_QUEUE_OCC_44_count,             0
MEM_QUEUE_OCC_44_pct,         -nan
MEM_QUEUE_OCC_44_total_count,             0
MEM_QUEUE_OCC_44_total_pct,         -nan

MEM_QUEUE_OCC_48_count,             0
MEM_QUEUE_OCC_48_pct,         -nan
MEM_QUEUE_OCC_48_total_count,             0
MEM_QUEUE_OCC_48_total_pct,         -nan

MEM_QUEUE_OCC_52_count,             0
MEM_QUEUE_OCC_52_pct,         -nan
MEM_QUEUE_OCC_52_total_count,             0
MEM_QUEUE_OCC_52_total_pct,         -nan

MEM_QUEUE_OCC_56_count,             0
MEM_QUEUE_OCC_56_pct,         -nan
MEM_QUEUE_OCC_56_total_count,             0
MEM_QUEUE_OCC_56_total_pct,         -nan

MEM_QUEUE_OCC_60_count,             0
MEM_QUEUE_OCC_60_pct,         -nan
MEM_QUEUE_OCC_60_total_count,             0
MEM_QUEUE_OCC_60_total_pct,         -nan

MEM_QUEUE_OCC_64_count,             0
MEM_QUEUE_OCC_64_pct,         -nan
MEM_QUEUE_OCC_64_total_count,             0
MEM_QUEUE_OCC_64_total_pct,         -nan

MEM_QUEUE_OCC_68_count,             0
MEM_QUEUE_OCC_68_pct,         -nan
MEM_QUEUE_OCC_68_total_count,             0
MEM_QUEUE_OCC_68_total_pct,         -nan

MEM_QUEUE_OCC_72_count,             0
MEM_QUEUE_OCC_72_pct,         -nan
MEM_QUEUE_OCC_72_total_count,             0
MEM_QUEUE_OCC_72_total_pct,         -nan

MEM_QUEUE_OCC_76_count,             0
MEM_QUEUE_OCC_76_pct,         -nan
MEM_QUEUE_OCC_76_total_count,             0
MEM_QUEUE_OCC_76_total_pct,         -nan

MEM_QUEUE_OCC_80_count,             0
MEM_QUEUE_OCC_80_pct,         -nan
MEM_QUEUE_OCC_80_total_count,             0
MEM_QUEUE_OCC_80_total_pct,         -nan

MEM_QUEUE_OCC_84_count,             0
MEM_QUEUE_OCC_84_pct,         -nan
MEM_QUEUE_OCC_84_total_count,             0
MEM_QUEUE_OCC_84_total_pct,         -nan

MEM_QUEUE_OCC_88_count,             0
MEM_QUEUE_OCC_88_pct,         -nan
MEM_QUEUE_OCC_88_total_count,             0
MEM_QUEUE_OCC_88_total_pct,         -nan

MEM_QUEUE_OCC_92_count,             0
MEM_QUEUE_OCC_92_pct,         -nan
MEM_QUEUE_OCC_92_total_count,             0
MEM_QUEUE_OCC_92_total_pct,         -nan

MEM_QUEUE_OCC_96_count,             0
MEM_QUEUE_OCC_96_pct,         -nan
MEM_QUEUE_OCC_96_total_count,             0
MEM_QUEUE_OCC_96_total_pct,         -nan

MEM_QUEUE_OCC_100_count,             0
MEM_QUEUE_OCC_100_pct,         -nan
MEM_QUEUE_OCC_100_total_count,             0
MEM_QUEUE_OCC_100_total_pct,         -nan

MEM_QUEUE_OCC_104_count,             0
MEM_QUEUE_OCC_104_pct,         -nan
MEM_QUEUE_OCC_104_total_count,             0
MEM_QUEUE_OCC_104_total_pct,         -nan

MEM_QUEUE_OCC_108_count,             0
MEM_QUEUE_OCC_108_pct,         -nan
MEM_QUEUE_OCC_108_total_count,             0
MEM_QUEUE_OCC_108_total_pct,         -nan

MEM_QUEUE_OCC_112_count,             0
MEM_QUEUE_OCC_112_pct,         -nan
MEM_QUEUE_OCC_112_total_count,             0
MEM_QUEUE_OCC_112_total_pct,         -nan

MEM_QUEUE_OCC_116_count,             0
MEM_QUEUE_OCC_116_pct,         -nan
MEM_QUEUE_OCC_116_total_count,             0
MEM_QUEUE_OCC_116_total_pct,         -nan

MEM_QUEUE_OCC_120_count,             0
MEM_QUEUE_OCC_120_pct,         -nan
MEM_QUEUE_OCC_120_total_count,             0
MEM_QUEUE_OCC_120_total_pct,         -nan

MEM_QUEUE_OCC_124_count,             0
MEM_QUEUE_OCC_124_pct,         -nan
MEM_QUEUE_OCC_124_total_count,             0
MEM_QUEUE_OCC_124_total_pct,         -nan

MEM_QUEUE_OCC_128_count,             0
MEM_QUEUE_OCC_128_pct,         -nan
MEM_QUEUE_OCC_128_total_count,             0
MEM_QUEUE_OCC_128_total_pct,         -nan
MEM_QUEUE_OCC_128_sum_count,             0
MEM_QUEUE_OCC_128_sum_pct,         -nan
MEM_QUEUE_OCC_128_sum_total_count,             0
MEM_QUEUE_OCC_128_sum_total_pct,         -nan
MEM_QUEUE_OCC_128_mean,         -nan
MEM_QUEUE_OCC_128_stddev,         -nan
MEM_QUEUE_OCC_128_total_mean,         -nan
MEM_QUEUE_OCC_128_total_stddev,         -nan

OPEN_PAGE_HIT_count,             0
OPEN_PAGE_HIT_pct,         -nan
OPEN_PAGE_HIT_total_count,             0
OPEN_PAGE_HIT_total_pct,         -nan

CLOSED_PAGE_MISS_count,             0
CLOSED_PAGE_MISS_pct,         -nan
CLOSED_PAGE_MISS_total_count,             0
CLOSED_PAGE_MISS_total_pct,         -nan

WRONG_PAGE_MISS_count,             0
WRONG_PAGE_MISS_pct,         -nan
WRONG_PAGE_MISS_total_count,             0
WRONG_PAGE_MISS_total_pct,         -nan
WRONG_PAGE_MISS_sum_count,             0
WRONG_PAGE_MISS_sum_pct,         -nan
WRONG_PAGE_MISS_sum_total_count,             0
WRONG_PAGE_MISS_sum_total_pct,         -nan
WRONG_PAGE_MISS_mean,         -nan
WRONG_PAGE_MISS_stddev,         -nan
WRONG_PAGE_MISS_total_mean,         -nan
WRONG_PAGE_MISS_total_stddev,         -nan

L0_LD_BANK_BLOCK_count,             0
L0_LD_BANK_BLOCK_pct,         -nan
L0_LD_BANK_BLOCK_total_count,             0
L0_LD_BANK_BLOCK_total_pct,         -nan

L0_LD_BANK_AVAIL_count,             0
L0_LD_BANK_AVAIL_pct,         -nan
L0_LD_BANK_AVAIL_total_count,             0
L0_LD_BANK_AVAIL_total_pct,         -nan
L0_LD_BANK_AVAIL_sum_count,             0
L0_LD_BANK_AVAIL_sum_pct,         -nan
L0_LD_BANK_AVAIL_sum_total_count,             0
L0_LD_BANK_AVAIL_sum_total_pct,         -nan
L0_LD_BANK_AVAIL_mean,         -nan
L0_LD_BANK_AVAIL_stddev,         -nan
L0_LD_BANK_AVAIL_total_mean,         -nan
L0_LD_BANK_AVAIL_total_stddev,         -nan

L0_ST_BANK_BLOCK_count,             0
L0_ST_BANK_BLOCK_pct,         -nan
L0_ST_BANK_BLOCK_total_count,             0
L0_ST_BANK_BLOCK_total_pct,         -nan

L0_ST_BANK_AVAIL_count,             0
L0_ST_BANK_AVAIL_pct,         -nan
L0_ST_BANK_AVAIL_total_count,             0
L0_ST_BANK_AVAIL_total_pct,         -nan
L0_ST_BANK_AVAIL_sum_count,             0
L0_ST_BANK_AVAIL_sum_pct,         -nan
L0_ST_BANK_AVAIL_sum_total_count,             0
L0_ST_BANK_AVAIL_sum_total_pct,         -nan
L0_ST_BANK_AVAIL_mean,         -nan
L0_ST_BANK_AVAIL_stddev,         -nan
L0_ST_BANK_AVAIL_total_mean,         -nan
L0_ST_BANK_AVAIL_total_stddev,         -nan

L0_LD_CACHE_BLOCK_count,             0
L0_LD_CACHE_BLOCK_pct,         -nan
L0_LD_CACHE_BLOCK_total_count,             0
L0_LD_CACHE_BLOCK_total_pct,         -nan

L0_LD_CACHE_AVAIL_count,             0
L0_LD_CACHE_AVAIL_pct,         -nan
L0_LD_CACHE_AVAIL_total_count,             0
L0_LD_CACHE_AVAIL_total_pct,         -nan
L0_LD_CACHE_AVAIL_sum_count,             0
L0_LD_CACHE_AVAIL_sum_pct,         -nan
L0_LD_CACHE_AVAIL_sum_total_count,             0
L0_LD_CACHE_AVAIL_sum_total_pct,         -nan
L0_LD_CACHE_AVAIL_mean,         -nan
L0_LD_CACHE_AVAIL_stddev,         -nan
L0_LD_CACHE_AVAIL_total_mean,         -nan
L0_LD_CACHE_AVAIL_total_stddev,         -nan

MLC_LD_BANK_BLOCK_count,        129082
MLC_LD_BANK_BLOCK_pct,        1.226
MLC_LD_BANK_BLOCK_total_count,        129082
MLC_LD_BANK_BLOCK_total_pct,        1.226

MLC_LD_BANK_AVAIL_count,      10395633
MLC_LD_BANK_AVAIL_pct,       98.774
MLC_LD_BANK_AVAIL_total_count,      10395633
MLC_LD_BANK_AVAIL_total_pct,       98.774
MLC_LD_BANK_AVAIL_sum_count,      10524715
MLC_LD_BANK_AVAIL_sum_pct,      100.000
MLC_LD_BANK_AVAIL_sum_total_count,      10524715
MLC_LD_BANK_AVAIL_sum_total_pct,      100.000
MLC_LD_BANK_AVAIL_mean,         0.99
MLC_LD_BANK_AVAIL_stddev,         0.98
MLC_LD_BANK_AVAIL_total_mean,         0.99
MLC_LD_BANK_AVAIL_total_stddev,         0.98

MLC_ST_BANK_BLOCK_count,             0
MLC_ST_BANK_BLOCK_pct,        0.000
MLC_ST_BANK_BLOCK_total_count,             0
MLC_ST_BANK_BLOCK_total_pct,        0.000

MLC_ST_BANK_AVAIL_count,       4575105
MLC_ST_BANK_AVAIL_pct,      100.000
MLC_ST_BANK_AVAIL_total_count,       4575105
MLC_ST_BANK_AVAIL_total_pct,      100.000
MLC_ST_BANK_AVAIL_sum_count,       4575105
MLC_ST_BANK_AVAIL_sum_pct,      100.000
MLC_ST_BANK_AVAIL_sum_total_count,       4575105
MLC_ST_BANK_AVAIL_sum_total_pct,      100.000
MLC_ST_BANK_AVAIL_mean,         1.00
MLC_ST_BANK_AVAIL_stddev,         1.00
MLC_ST_BANK_AVAIL_total_mean,         1.00
MLC_ST_BANK_AVAIL_total_stddev,         1.00

MLC_LD_CACHE_BLOCK_count,             0
MLC_LD_CACHE_BLOCK_pct,         -nan
MLC_LD_CACHE_BLOCK_total_count,             0
MLC_LD_CACHE_BLOCK_total_pct,         -nan

MLC_LD_CACHE_AVAIL_count,             0
MLC_LD_CACHE_AVAIL_pct,         -nan
MLC_LD_CACHE_AVAIL_total_count,             0
MLC_LD_CACHE_AVAIL_total_pct,         -nan
MLC_LD_CACHE_AVAIL_sum_count,             0
MLC_LD_CACHE_AVAIL_sum_pct,         -nan
MLC_LD_CACHE_AVAIL_sum_total_count,             0
MLC_LD_CACHE_AVAIL_sum_total_pct,         -nan
MLC_LD_CACHE_AVAIL_mean,         -nan
MLC_LD_CACHE_AVAIL_stddev,         -nan
MLC_LD_CACHE_AVAIL_total_mean,         -nan
MLC_LD_CACHE_AVAIL_total_stddev,         -nan

MLC_ST_CACHE_BLOCK_count,             0
MLC_ST_CACHE_BLOCK_pct,         -nan
MLC_ST_CACHE_BLOCK_total_count,             0
MLC_ST_CACHE_BLOCK_total_pct,         -nan

MLC_ST_CACHE_AVAIL_count,             0
MLC_ST_CACHE_AVAIL_pct,         -nan
MLC_ST_CACHE_AVAIL_total_count,             0
MLC_ST_CACHE_AVAIL_total_pct,         -nan
MLC_ST_CACHE_AVAIL_sum_count,             0
MLC_ST_CACHE_AVAIL_sum_pct,         -nan
MLC_ST_CACHE_AVAIL_sum_total_count,             0
MLC_ST_CACHE_AVAIL_sum_total_pct,         -nan
MLC_ST_CACHE_AVAIL_mean,         -nan
MLC_ST_CACHE_AVAIL_stddev,         -nan
MLC_ST_CACHE_AVAIL_total_mean,         -nan
MLC_ST_CACHE_AVAIL_total_stddev,         -nan

L1_LD_BANK_BLOCK_count,       3072608
L1_LD_BANK_BLOCK_pct,       66.769
L1_LD_BANK_BLOCK_total_count,       3072608
L1_LD_BANK_BLOCK_total_pct,       66.769

L1_LD_BANK_AVAIL_count,       1529271
L1_LD_BANK_AVAIL_pct,       33.231
L1_LD_BANK_AVAIL_total_count,       1529271
L1_LD_BANK_AVAIL_total_pct,       33.231
L1_LD_BANK_AVAIL_sum_count,       4601879
L1_LD_BANK_AVAIL_sum_pct,      100.000
L1_LD_BANK_AVAIL_sum_total_count,       4601879
L1_LD_BANK_AVAIL_sum_total_pct,      100.000
L1_LD_BANK_AVAIL_mean,         0.33
L1_LD_BANK_AVAIL_stddev,         0.43
L1_LD_BANK_AVAIL_total_mean,         0.33
L1_LD_BANK_AVAIL_total_stddev,         0.43

L1_ST_BANK_BLOCK_count,             2
L1_ST_BANK_BLOCK_pct,        0.003
L1_ST_BANK_BLOCK_total_count,             2
L1_ST_BANK_BLOCK_total_pct,        0.003

L1_ST_BANK_AVAIL_count,         61758
L1_ST_BANK_AVAIL_pct,       99.997
L1_ST_BANK_AVAIL_total_count,         61758
L1_ST_BANK_AVAIL_total_pct,       99.997
L1_ST_BANK_AVAIL_sum_count,         61760
L1_ST_BANK_AVAIL_sum_pct,      100.000
L1_ST_BANK_AVAIL_sum_total_count,         61760
L1_ST_BANK_AVAIL_sum_total_pct,      100.000
L1_ST_BANK_AVAIL_mean,         1.00
L1_ST_BANK_AVAIL_stddev,         1.00
L1_ST_BANK_AVAIL_total_mean,         1.00
L1_ST_BANK_AVAIL_total_stddev,         1.00

L1_LD_CACHE_BLOCK_count,             0
L1_LD_CACHE_BLOCK_pct,         -nan
L1_LD_CACHE_BLOCK_total_count,             0
L1_LD_CACHE_BLOCK_total_pct,         -nan

L1_LD_CACHE_AVAIL_count,             0
L1_LD_CACHE_AVAIL_pct,         -nan
L1_LD_CACHE_AVAIL_total_count,             0
L1_LD_CACHE_AVAIL_total_pct,         -nan
L1_LD_CACHE_AVAIL_sum_count,             0
L1_LD_CACHE_AVAIL_sum_pct,         -nan
L1_LD_CACHE_AVAIL_sum_total_count,             0
L1_LD_CACHE_AVAIL_sum_total_pct,         -nan
L1_LD_CACHE_AVAIL_mean,         -nan
L1_LD_CACHE_AVAIL_stddev,         -nan
L1_LD_CACHE_AVAIL_total_mean,         -nan
L1_LD_CACHE_AVAIL_total_stddev,         -nan

L1_ST_CACHE_BLOCK_count,             0
L1_ST_CACHE_BLOCK_pct,         -nan
L1_ST_CACHE_BLOCK_total_count,             0
L1_ST_CACHE_BLOCK_total_pct,         -nan

L1_ST_CACHE_AVAIL_count,             0
L1_ST_CACHE_AVAIL_pct,         -nan
L1_ST_CACHE_AVAIL_total_count,             0
L1_ST_CACHE_AVAIL_total_pct,         -nan
L1_ST_CACHE_AVAIL_sum_count,             0
L1_ST_CACHE_AVAIL_sum_pct,         -nan
L1_ST_CACHE_AVAIL_sum_total_count,             0
L1_ST_CACHE_AVAIL_sum_total_pct,         -nan
L1_ST_CACHE_AVAIL_mean,         -nan
L1_ST_CACHE_AVAIL_stddev,         -nan
L1_ST_CACHE_AVAIL_total_mean,         -nan
L1_ST_CACHE_AVAIL_total_stddev,         -nan

MEM_LD_BANK_BLOCK_count,             0
MEM_LD_BANK_BLOCK_pct,         -nan
MEM_LD_BANK_BLOCK_total_count,             0
MEM_LD_BANK_BLOCK_total_pct,         -nan

MEM_LD_BANK_AVAIL_count,             0
MEM_LD_BANK_AVAIL_pct,         -nan
MEM_LD_BANK_AVAIL_total_count,             0
MEM_LD_BANK_AVAIL_total_pct,         -nan
MEM_LD_BANK_AVAIL_sum_count,             0
MEM_LD_BANK_AVAIL_sum_pct,         -nan
MEM_LD_BANK_AVAIL_sum_total_count,             0
MEM_LD_BANK_AVAIL_sum_total_pct,         -nan
MEM_LD_BANK_AVAIL_mean,         -nan
MEM_LD_BANK_AVAIL_stddev,         -nan
MEM_LD_BANK_AVAIL_total_mean,         -nan
MEM_LD_BANK_AVAIL_total_stddev,         -nan

MEM_ST_BANK_BLOCK_count,             0
MEM_ST_BANK_BLOCK_pct,         -nan
MEM_ST_BANK_BLOCK_total_count,             0
MEM_ST_BANK_BLOCK_total_pct,         -nan

MEM_ST_BANK_AVAIL_count,             0
MEM_ST_BANK_AVAIL_pct,         -nan
MEM_ST_BANK_AVAIL_total_count,             0
MEM_ST_BANK_AVAIL_total_pct,         -nan
MEM_ST_BANK_AVAIL_sum_count,             0
MEM_ST_BANK_AVAIL_sum_pct,         -nan
MEM_ST_BANK_AVAIL_sum_total_count,             0
MEM_ST_BANK_AVAIL_sum_total_pct,         -nan
MEM_ST_BANK_AVAIL_mean,         -nan
MEM_ST_BANK_AVAIL_stddev,         -nan
MEM_ST_BANK_AVAIL_total_mean,         -nan
MEM_ST_BANK_AVAIL_total_stddev,         -nan

MEM_PF_BANK_BLOCK_count,             0
MEM_PF_BANK_BLOCK_pct,         -nan
MEM_PF_BANK_BLOCK_total_count,             0
MEM_PF_BANK_BLOCK_total_pct,         -nan

MEM_PF_BANK_AVAIL_count,             0
MEM_PF_BANK_AVAIL_pct,         -nan
MEM_PF_BANK_AVAIL_total_count,             0
MEM_PF_BANK_AVAIL_total_pct,         -nan
MEM_PF_BANK_AVAIL_sum_count,             0
MEM_PF_BANK_AVAIL_sum_pct,         -nan
MEM_PF_BANK_AVAIL_sum_total_count,             0
MEM_PF_BANK_AVAIL_sum_total_pct,         -nan
MEM_PF_BANK_AVAIL_mean,         -nan
MEM_PF_BANK_AVAIL_stddev,         -nan
MEM_PF_BANK_AVAIL_total_mean,         -nan
MEM_PF_BANK_AVAIL_total_stddev,         -nan

L0_FILL_count,             0
L0_FILL_total_count,             0

L1_FILL_count,         55220
L1_FILL_pct,       99.035
L1_FILL_total_count,         55220
L1_FILL_total_pct,       99.035

L1_WB_FILL_count,           538
L1_WB_FILL_pct,        0.965
L1_WB_FILL_total_count,           538
L1_WB_FILL_total_pct,        0.965
L1_WB_FILL_sum_count,         55758
L1_WB_FILL_sum_pct,      100.000
L1_WB_FILL_sum_total_count,         55758
L1_WB_FILL_sum_total_pct,      100.000
L1_WB_FILL_mean,         0.01
L1_WB_FILL_stddev,         0.10
L1_WB_FILL_total_mean,         0.01
L1_WB_FILL_total_stddev,         0.10

L1_DEMAND_FILL_count,         54523
L1_DEMAND_FILL_pct,       98.738
L1_DEMAND_FILL_total_count,         54523
L1_DEMAND_FILL_total_pct,       98.738

L1_PREF_FILL_count,           697
L1_PREF_FILL_pct,        1.262
L1_PREF_FILL_total_count,           697
L1_PREF_FILL_total_pct,        1.262
L1_PREF_FILL_sum_count,         55220
L1_PREF_FILL_sum_pct,      100.000
L1_PREF_FILL_sum_total_count,         55220
L1_PREF_FILL_sum_total_pct,      100.000
L1_PREF_FILL_mean,         0.01
L1_PREF_FILL_stddev,         0.11
L1_PREF_FILL_total_mean,         0.01
L1_PREF_FILL_total_stddev,         0.11

MLC_FILL_count,       1522201
MLC_FILL_pct,       99.660
MLC_FILL_total_count,       1522201
MLC_FILL_total_pct,       99.660

MLC_WB_FILL_count,          5196
MLC_WB_FILL_pct,        0.340
MLC_WB_FILL_total_count,          5196
MLC_WB_FILL_total_pct,        0.340
MLC_WB_FILL_sum_count,       1527397
MLC_WB_FILL_sum_pct,      100.000
MLC_WB_FILL_sum_total_count,       1527397
MLC_WB_FILL_sum_total_pct,      100.000
MLC_WB_FILL_mean,         0.00
MLC_WB_FILL_stddev,         0.06
MLC_WB_FILL_total_mean,         0.00
MLC_WB_FILL_total_stddev,         0.06

MLC_DEMAND_FILL_count,       1522192
MLC_DEMAND_FILL_pct,       99.999
MLC_DEMAND_FILL_total_count,       1522192
MLC_DEMAND_FILL_total_pct,       99.999

MLC_PREF_FILL_count,             9
MLC_PREF_FILL_pct,        0.001
MLC_PREF_FILL_total_count,             9
MLC_PREF_FILL_total_pct,        0.001
MLC_PREF_FILL_sum_count,       1522201
MLC_PREF_FILL_sum_pct,      100.000
MLC_PREF_FILL_sum_total_count,       1522201
MLC_PREF_FILL_sum_total_pct,      100.000
MLC_PREF_FILL_mean,         0.00
MLC_PREF_FILL_stddev,         0.00
MLC_PREF_FILL_total_mean,         0.00
MLC_PREF_FILL_total_stddev,         0.00

NORESET_L1_FILL_count,         55758
NORESET_L1_FILL_total_count,         55758

NORESET_L1_FILL_NONPREF_count,          5270
NORESET_L1_FILL_NONPREF_total_count,          5270

NORESET_L1_FILL_PREF_count,         50488
NORESET_L1_FILL_PREF_total_count,         50488

NORESET_L1_EVICT_count,         23130
NORESET_L1_EVICT_total_count,         23130

NORESET_L1_EVICT_NONPREF_count,         23101
NORESET_L1_EVICT_NONPREF_total_count,         23101

NORESET_L1_EVICT_PREF_USED_count,            21
NORESET_L1_EVICT_PREF_USED_total_count,            21

NORESET_L1_EVICT_PREF_UNUSED_count,             8
NORESET_L1_EVICT_PREF_UNUSED_total_count,             8

NORESET_L1_PREF_USED_count,           399
NORESET_L1_PREF_USED_total_count,           399

ORACLE_OFFPATH_DC_FILL_count,             0
ORACLE_OFFPATH_DC_FILL_total_count,             0

ORACLE_OFFPATH_IC_FILL_count,             0
ORACLE_OFFPATH_IC_FILL_total_count,             0

ORACLE_OFFPATH_L1_FILL_count,             0
ORACLE_OFFPATH_L1_FILL_total_count,             0

UPDATE_EVENT_QUEUE_PROCESS_count,             0
UPDATE_EVENT_QUEUE_PROCESS_total_count,             0

INSERT_EVENT_QUEUE_PROCESS_count,             0
INSERT_EVENT_QUEUE_PROCESS_total_count,             0

ICFILL_AFTER_REDIRECT_count,             0
ICFILL_AFTER_REDIRECT_total_count,             0

EVENT_QUEUE_MATCH_ADD_REQ_count,             0
EVENT_QUEUE_MATCH_ADD_REQ_total_count,             0

DC_PREF_CACHE_INSERT_REQ_count,             0
DC_PREF_CACHE_INSERT_REQ_total_count,             0

DC_PREF_REQ_DCACHE_HIT_count,             0
DC_PREF_REQ_DCACHE_HIT_pct,         -nan
DC_PREF_REQ_DCACHE_HIT_total_count,             0
DC_PREF_REQ_DCACHE_HIT_total_pct,         -nan

DC_PREF_REQ_PREF_CACHE_HIT_count,             0
DC_PREF_REQ_PREF_CACHE_HIT_pct,         -nan
DC_PREF_REQ_PREF_CACHE_HIT_total_count,             0
DC_PREF_REQ_PREF_CACHE_HIT_total_pct,         -nan

DC_PREF_REQ_L1_MISS_count,             0
DC_PREF_REQ_L1_MISS_pct,         -nan
DC_PREF_REQ_L1_MISS_total_count,             0
DC_PREF_REQ_L1_MISS_total_pct,         -nan

DC_PREF_REQ_CORR_count,             0
DC_PREF_REQ_CORR_pct,         -nan
DC_PREF_REQ_CORR_total_count,             0
DC_PREF_REQ_CORR_total_pct,         -nan
DC_PREF_REQ_CORR_sum_count,             0
DC_PREF_REQ_CORR_sum_pct,         -nan
DC_PREF_REQ_CORR_sum_total_count,             0
DC_PREF_REQ_CORR_sum_total_pct,         -nan
DC_PREF_REQ_CORR_mean,         -nan
DC_PREF_REQ_CORR_stddev,         -nan
DC_PREF_REQ_CORR_total_mean,         -nan
DC_PREF_REQ_CORR_total_stddev,         -nan

DC_PREF_CACHE_INSERT_count,             0
DC_PREF_CACHE_INSERT_total_count,             0

DC_PREF_CACHE_HIT_PER_count,             0
DC_PREF_CACHE_HIT_PER_pct,        0.000
DC_PREF_CACHE_HIT_PER_total_count,             0
DC_PREF_CACHE_HIT_PER_total_pct,        0.000

DC_PREF_CACHE_HIT_PER_OFFPATH_count,             0
DC_PREF_CACHE_HIT_PER_OFFPATH_pct,        0.000
DC_PREF_CACHE_HIT_PER_OFFPATH_total_count,             0
DC_PREF_CACHE_HIT_PER_OFFPATH_total_pct,        0.000

DC_PREF_CACHE_HIT_count,             0
DC_PREF_CACHE_HIT_total_count,             0

DC_PREF_CACHE_HIT_OFFPATH_count,             0
DC_PREF_CACHE_HIT_OFFPATH_total_count,             0

DC_PREF_HIT_L1_MISS_count,             0
DC_PREF_HIT_L1_MISS_total_count,             0

IC_PREF_CACHE_HIT_PER_count,             0
IC_PREF_CACHE_HIT_PER_pct,        0.000
IC_PREF_CACHE_HIT_PER_total_count,             0
IC_PREF_CACHE_HIT_PER_total_pct,        0.000

IC_PREF_CACHE_HIT_PER_OFFPATH_count,             0
IC_PREF_CACHE_HIT_PER_OFFPATH_pct,        0.000
IC_PREF_CACHE_HIT_PER_OFFPATH_total_count,             0
IC_PREF_CACHE_HIT_PER_OFFPATH_total_pct,        0.000

IC_PREF_CACHE_HIT_count,             0
IC_PREF_CACHE_HIT_total_count,             0

IC_PREF_CACHE_HIT_OFFPATH_count,             0
IC_PREF_CACHE_HIT_OFFPATH_total_count,             0

L1_PREF_CACHE_HIT_PER_count,             0
L1_PREF_CACHE_HIT_PER_pct,        0.000
L1_PREF_CACHE_HIT_PER_total_count,             0
L1_PREF_CACHE_HIT_PER_total_pct,        0.000

L1_PREF_CACHE_HIT_PER_OFFPATH_count,             0
L1_PREF_CACHE_HIT_PER_OFFPATH_pct,        0.000
L1_PREF_CACHE_HIT_PER_OFFPATH_total_count,             0
L1_PREF_CACHE_HIT_PER_OFFPATH_total_pct,        0.000

L1_PREF_CACHE_HIT_count,             0
L1_PREF_CACHE_HIT_total_count,             0

L1_PREF_CACHE_HIT_OFFPATH_count,             0
L1_PREF_CACHE_HIT_OFFPATH_total_count,             0

DC_PREF_CACHE_FILL_count,             0
DC_PREF_CACHE_FILL_total_count,             0

DC_PREF_MOVE_DC_count,             0
DC_PREF_MOVE_DC_pct,         -nan
DC_PREF_MOVE_DC_total_count,             0
DC_PREF_MOVE_DC_total_pct,         -nan

DC_PREF_MOVE_L1_count,             0
DC_PREF_MOVE_L1_pct,         -nan
DC_PREF_MOVE_L1_total_count,             0
DC_PREF_MOVE_L1_total_pct,         -nan

IC_PREF_CACHE_FILL_count,             0
IC_PREF_CACHE_FILL_total_count,             0

IC_PREF_MOVE_IC_count,             0
IC_PREF_MOVE_IC_pct,         -nan
IC_PREF_MOVE_IC_total_count,             0
IC_PREF_MOVE_IC_total_pct,         -nan

IC_PREF_MOVE_L1_count,             0
IC_PREF_MOVE_L1_pct,         -nan
IC_PREF_MOVE_L1_total_count,             0
IC_PREF_MOVE_L1_total_pct,         -nan

L1_PREF_CACHE_FILL_count,             0
L1_PREF_CACHE_FILL_total_count,             0

L1_PREF_MOVE_L1_count,             0
L1_PREF_MOVE_L1_pct,         -nan
L1_PREF_MOVE_L1_total_count,             0
L1_PREF_MOVE_L1_total_pct,         -nan

OFF_PATH_CONFIRMED_count,       2141881
OFF_PATH_CONFIRMED_total_count,       2141881

OFF_PATH_NO_FILL_L1_count,             0
OFF_PATH_NO_FILL_L1_total_count,             0

WB_L1_MISS_FILL_L1_count,           538
WB_L1_MISS_FILL_L1_total_count,           538

WB_MLC_MISS_FILL_MLC_count,          5196
WB_MLC_MISS_FILL_MLC_total_count,          5196

ICACHE_EVICT_REQ_WB_L1_count,             0
ICACHE_EVICT_REQ_WB_L1_total_count,             0

DCACHE_EVICT_REQ_WB_L1_count,             0
DCACHE_EVICT_REQ_WB_L1_total_count,             0

DCACHE_EVICT_REQ_WB_L1_NOREAD_count,             0
DCACHE_EVICT_REQ_WB_L1_NOREAD_total_count,             0

L1_FILL_SKIPPED_count,             0
L1_FILL_SKIPPED_total_count,             0

MLC_FILL_SKIPPED_count,             0
MLC_FILL_SKIPPED_total_count,             0

DCACHE_FILL_count,       6934081
DCACHE_FILL_total_count,       6934081

DCACHE_WB_REQ_count,       4575123
DCACHE_WB_REQ_pct,        0.660
DCACHE_WB_REQ_total_count,       4575123
DCACHE_WB_REQ_total_pct,        0.660

DCACHE_WB_REQ_DIRTY_count,       4575123
DCACHE_WB_REQ_DIRTY_pct,      100.000
DCACHE_WB_REQ_DIRTY_total_count,       4575123
DCACHE_WB_REQ_DIRTY_total_pct,      100.000

DCACHE_WB_REQ_NODIRTY_count,             0
DCACHE_WB_REQ_NODIRTY_pct,        0.000
DCACHE_WB_REQ_NODIRTY_total_count,             0
DCACHE_WB_REQ_NODIRTY_total_pct,        0.000
DCACHE_WB_REQ_NODIRTY_sum_count,       4575123
DCACHE_WB_REQ_NODIRTY_sum_pct,      100.000
DCACHE_WB_REQ_NODIRTY_sum_total_count,       4575123
DCACHE_WB_REQ_NODIRTY_sum_total_pct,      100.000
DCACHE_WB_REQ_NODIRTY_mean,         0.00
DCACHE_WB_REQ_NODIRTY_stddev,         0.00
DCACHE_WB_REQ_NODIRTY_total_mean,         0.00
DCACHE_WB_REQ_NODIRTY_total_stddev,         0.00

ICACHE_FILL_count,        227913
ICACHE_FILL_total_count,        227913

ICACHE_WB_REQ_count,             0
ICACHE_WB_REQ_pct,        0.000
ICACHE_WB_REQ_total_count,             0
ICACHE_WB_REQ_total_pct,        0.000

L1_FILL_DIRTY_count,           534
L1_FILL_DIRTY_pct,        0.010
L1_FILL_DIRTY_total_count,           534
L1_FILL_DIRTY_total_pct,        0.010

MLC_FILL_DIRTY_count,         61758
MLC_FILL_DIRTY_pct,        0.041
MLC_FILL_DIRTY_total_count,         61758
MLC_FILL_DIRTY_total_pct,        0.041

ICACHE_UNUSEFUL_CL_CYC_count,             0
ICACHE_UNUSEFUL_CL_CYC_total_count,             0

ICACHE_UNUSEFUL_CL_count,             0
ICACHE_UNUSEFUL_CL_total_count,             0

ICACHE_EVICT_MISS_ONPATH_BY_FDIP_count,             0
ICACHE_EVICT_MISS_ONPATH_BY_FDIP_pct,         -nan
ICACHE_EVICT_MISS_ONPATH_BY_FDIP_total_count,             0
ICACHE_EVICT_MISS_ONPATH_BY_FDIP_total_pct,         -nan

ICACHE_EVICT_MISS_OFFPATH_BY_FDIP_count,             0
ICACHE_EVICT_MISS_OFFPATH_BY_FDIP_pct,         -nan
ICACHE_EVICT_MISS_OFFPATH_BY_FDIP_total_count,             0
ICACHE_EVICT_MISS_OFFPATH_BY_FDIP_total_pct,         -nan
ICACHE_EVICT_MISS_OFFPATH_BY_FDIP_sum_count,             0
ICACHE_EVICT_MISS_OFFPATH_BY_FDIP_sum_pct,         -nan
ICACHE_EVICT_MISS_OFFPATH_BY_FDIP_sum_total_count,             0
ICACHE_EVICT_MISS_OFFPATH_BY_FDIP_sum_total_pct,         -nan
ICACHE_EVICT_MISS_OFFPATH_BY_FDIP_mean,         -nan
ICACHE_EVICT_MISS_OFFPATH_BY_FDIP_stddev,         -nan
ICACHE_EVICT_MISS_OFFPATH_BY_FDIP_total_mean,         -nan
ICACHE_EVICT_MISS_OFFPATH_BY_FDIP_total_stddev,         -nan

ICACHE_EVICT_MISS_BY_FDIP_ONPATH_count,             0
ICACHE_EVICT_MISS_BY_FDIP_ONPATH_pct,         -nan
ICACHE_EVICT_MISS_BY_FDIP_ONPATH_total_count,             0
ICACHE_EVICT_MISS_BY_FDIP_ONPATH_total_pct,         -nan

ICACHE_EVICT_MISS_BY_FDIP_OFFPATH_count,             0
ICACHE_EVICT_MISS_BY_FDIP_OFFPATH_pct,         -nan
ICACHE_EVICT_MISS_BY_FDIP_OFFPATH_total_count,             0
ICACHE_EVICT_MISS_BY_FDIP_OFFPATH_total_pct,         -nan
ICACHE_EVICT_MISS_BY_FDIP_OFFPATH_sum_count,             0
ICACHE_EVICT_MISS_BY_FDIP_OFFPATH_sum_pct,         -nan
ICACHE_EVICT_MISS_BY_FDIP_OFFPATH_sum_total_count,             0
ICACHE_EVICT_MISS_BY_FDIP_OFFPATH_sum_total_pct,         -nan
ICACHE_EVICT_MISS_BY_FDIP_OFFPATH_mean,         -nan
ICACHE_EVICT_MISS_BY_FDIP_OFFPATH_stddev,         -nan
ICACHE_EVICT_MISS_BY_FDIP_OFFPATH_total_mean,         -nan
ICACHE_EVICT_MISS_BY_FDIP_OFFPATH_total_stddev,         -nan

ICACHE_EVICT_HIT_ONPATH_BY_FDIP_count,             0
ICACHE_EVICT_HIT_ONPATH_BY_FDIP_pct,         -nan
ICACHE_EVICT_HIT_ONPATH_BY_FDIP_total_count,             0
ICACHE_EVICT_HIT_ONPATH_BY_FDIP_total_pct,         -nan

ICACHE_EVICT_HIT_OFFPATH_BY_FDIP_count,             0
ICACHE_EVICT_HIT_OFFPATH_BY_FDIP_pct,         -nan
ICACHE_EVICT_HIT_OFFPATH_BY_FDIP_total_count,             0
ICACHE_EVICT_HIT_OFFPATH_BY_FDIP_total_pct,         -nan
ICACHE_EVICT_HIT_OFFPATH_BY_FDIP_sum_count,             0
ICACHE_EVICT_HIT_OFFPATH_BY_FDIP_sum_pct,         -nan
ICACHE_EVICT_HIT_OFFPATH_BY_FDIP_sum_total_count,             0
ICACHE_EVICT_HIT_OFFPATH_BY_FDIP_sum_total_pct,         -nan
ICACHE_EVICT_HIT_OFFPATH_BY_FDIP_mean,         -nan
ICACHE_EVICT_HIT_OFFPATH_BY_FDIP_stddev,         -nan
ICACHE_EVICT_HIT_OFFPATH_BY_FDIP_total_mean,         -nan
ICACHE_EVICT_HIT_OFFPATH_BY_FDIP_total_stddev,         -nan

ICACHE_EVICT_HIT_BY_FDIP_ONPATH_count,             0
ICACHE_EVICT_HIT_BY_FDIP_ONPATH_pct,         -nan
ICACHE_EVICT_HIT_BY_FDIP_ONPATH_total_count,             0
ICACHE_EVICT_HIT_BY_FDIP_ONPATH_total_pct,         -nan

ICACHE_EVICT_HIT_BY_FDIP_OFFPATH_count,             0
ICACHE_EVICT_HIT_BY_FDIP_OFFPATH_pct,         -nan
ICACHE_EVICT_HIT_BY_FDIP_OFFPATH_total_count,             0
ICACHE_EVICT_HIT_BY_FDIP_OFFPATH_total_pct,         -nan
ICACHE_EVICT_HIT_BY_FDIP_OFFPATH_sum_count,             0
ICACHE_EVICT_HIT_BY_FDIP_OFFPATH_sum_pct,         -nan
ICACHE_EVICT_HIT_BY_FDIP_OFFPATH_sum_total_count,             0
ICACHE_EVICT_HIT_BY_FDIP_OFFPATH_sum_total_pct,         -nan
ICACHE_EVICT_HIT_BY_FDIP_OFFPATH_mean,         -nan
ICACHE_EVICT_HIT_BY_FDIP_OFFPATH_stddev,         -nan
ICACHE_EVICT_HIT_BY_FDIP_OFFPATH_total_mean,         -nan
ICACHE_EVICT_HIT_BY_FDIP_OFFPATH_total_stddev,         -nan

MEM_REQ_DENIED_NULL_count,             0
MEM_REQ_DENIED_NULL_pct,         -nan
MEM_REQ_DENIED_NULL_total_count,             0
MEM_REQ_DENIED_NULL_total_pct,         -nan

MEM_REQ_DENIED_INST_OUTOF_CS_count,             0
MEM_REQ_DENIED_INST_OUTOF_CS_pct,         -nan
MEM_REQ_DENIED_INST_OUTOF_CS_total_count,             0
MEM_REQ_DENIED_INST_OUTOF_CS_total_pct,         -nan

MEM_REQ_DENIED_DATA_IN_CS_count,             0
MEM_REQ_DENIED_DATA_IN_CS_pct,         -nan
MEM_REQ_DENIED_DATA_IN_CS_total_count,             0
MEM_REQ_DENIED_DATA_IN_CS_total_pct,         -nan

MEM_REQ_DENIED_DATA_OUTOF_RANGE_count,             0
MEM_REQ_DENIED_DATA_OUTOF_RANGE_pct,         -nan
MEM_REQ_DENIED_DATA_OUTOF_RANGE_total_count,             0
MEM_REQ_DENIED_DATA_OUTOF_RANGE_total_pct,         -nan
MEM_REQ_DENIED_DATA_OUTOF_RANGE_sum_count,             0
MEM_REQ_DENIED_DATA_OUTOF_RANGE_sum_pct,         -nan
MEM_REQ_DENIED_DATA_OUTOF_RANGE_sum_total_count,             0
MEM_REQ_DENIED_DATA_OUTOF_RANGE_sum_total_pct,         -nan
MEM_REQ_DENIED_DATA_OUTOF_RANGE_mean,         -nan
MEM_REQ_DENIED_DATA_OUTOF_RANGE_stddev,         -nan
MEM_REQ_DENIED_DATA_OUTOF_RANGE_total_mean,         -nan
MEM_REQ_DENIED_DATA_OUTOF_RANGE_total_stddev,         -nan

MEM_REQ_DENIED_count,             0
MEM_REQ_DENIED_pct,         -nan
MEM_REQ_DENIED_total_count,             0
MEM_REQ_DENIED_total_pct,         -nan

MEM_REQ_NOT_DENIED_count,             0
MEM_REQ_NOT_DENIED_pct,         -nan
MEM_REQ_NOT_DENIED_total_count,             0
MEM_REQ_NOT_DENIED_total_pct,         -nan
MEM_REQ_NOT_DENIED_sum_count,             0
MEM_REQ_NOT_DENIED_sum_pct,         -nan
MEM_REQ_NOT_DENIED_sum_total_count,             0
MEM_REQ_NOT_DENIED_sum_total_pct,         -nan
MEM_REQ_NOT_DENIED_mean,         -nan
MEM_REQ_NOT_DENIED_stddev,         -nan
MEM_REQ_NOT_DENIED_total_mean,         -nan
MEM_REQ_NOT_DENIED_total_stddev,         -nan

DEMAND_HIT_WB_STALL_count,             0
DEMAND_HIT_WB_STALL_total_count,             0

EXCLUSION_VIOLATED_OSR_count,             0
EXCLUSION_VIOLATED_OSR_pct,         -nan
EXCLUSION_VIOLATED_OSR_total_count,             0
EXCLUSION_VIOLATED_OSR_total_pct,         -nan

EXCLUSION_VIOLATED_NOTOSR_count,             0
EXCLUSION_VIOLATED_NOTOSR_pct,         -nan
EXCLUSION_VIOLATED_NOTOSR_total_count,             0
EXCLUSION_VIOLATED_NOTOSR_total_pct,         -nan

EXCLUSION_NOT_VIOLATED_count,             0
EXCLUSION_NOT_VIOLATED_pct,         -nan
EXCLUSION_NOT_VIOLATED_total_count,             0
EXCLUSION_NOT_VIOLATED_total_pct,         -nan
EXCLUSION_NOT_VIOLATED_sum_count,             0
EXCLUSION_NOT_VIOLATED_sum_pct,         -nan
EXCLUSION_NOT_VIOLATED_sum_total_count,             0
EXCLUSION_NOT_VIOLATED_sum_total_pct,         -nan
EXCLUSION_NOT_VIOLATED_mean,         -nan
EXCLUSION_NOT_VIOLATED_stddev,         -nan
EXCLUSION_NOT_VIOLATED_total_mean,         -nan
EXCLUSION_NOT_VIOLATED_total_stddev,         -nan

DIRTY_WRITE_TO_ICACHE_count,             0
DIRTY_WRITE_TO_ICACHE_total_count,             0

STREAM_DC_HIT_NOSEND_count,             0
STREAM_DC_HIT_NOSEND_pct,         -nan
STREAM_DC_HIT_NOSEND_total_count,             0
STREAM_DC_HIT_NOSEND_total_pct,         -nan

STREAM_WBQDC_HIT_NOSEND_count,             0
STREAM_WBQDC_HIT_NOSEND_pct,         -nan
STREAM_WBQDC_HIT_NOSEND_total_count,             0
STREAM_WBQDC_HIT_NOSEND_total_pct,         -nan
STREAM_WBQDC_HIT_NOSEND_sum_count,             0
STREAM_WBQDC_HIT_NOSEND_sum_pct,         -nan
STREAM_WBQDC_HIT_NOSEND_sum_total_count,             0
STREAM_WBQDC_HIT_NOSEND_sum_total_pct,         -nan
STREAM_WBQDC_HIT_NOSEND_mean,         -nan
STREAM_WBQDC_HIT_NOSEND_stddev,         -nan
STREAM_WBQDC_HIT_NOSEND_total_mean,         -nan
STREAM_WBQDC_HIT_NOSEND_total_stddev,         -nan

STREAM_DCACHE_PREF_HIT_count,             0
STREAM_DCACHE_PREF_HIT_total_count,             0

PREF_DC_HIT_ON_INSERT_count,             0
PREF_DC_HIT_ON_INSERT_pct,         -nan
PREF_DC_HIT_ON_INSERT_total_count,             0
PREF_DC_HIT_ON_INSERT_total_pct,         -nan

PREF_L1_HIT_ON_INSERT_count,             0
PREF_L1_HIT_ON_INSERT_pct,         -nan
PREF_L1_HIT_ON_INSERT_total_count,             0
PREF_L1_HIT_ON_INSERT_total_pct,         -nan
PREF_L1_HIT_ON_INSERT_sum_count,             0
PREF_L1_HIT_ON_INSERT_sum_pct,         -nan
PREF_L1_HIT_ON_INSERT_sum_total_count,             0
PREF_L1_HIT_ON_INSERT_sum_total_pct,         -nan
PREF_L1_HIT_ON_INSERT_mean,         -nan
PREF_L1_HIT_ON_INSERT_stddev,         -nan
PREF_L1_HIT_ON_INSERT_total_mean,         -nan
PREF_L1_HIT_ON_INSERT_total_stddev,         -nan

L1_NEWREQ_MATCHED_MLC_REQ_count,             4
L1_NEWREQ_MATCHED_MLC_REQ_total_count,             4

MLC_NEWREQ_MATCHED_L2_PREF_count,             9
MLC_NEWREQ_MATCHED_L2_PREF_total_count,             9

MLC_NEWREQ_MATCHED_L2_PREF_MLC_HIT_count,             9
MLC_NEWREQ_MATCHED_L2_PREF_MLC_HIT_pct,        1.000
MLC_NEWREQ_MATCHED_L2_PREF_MLC_HIT_total_count,             9
MLC_NEWREQ_MATCHED_L2_PREF_MLC_HIT_total_pct,        1.000

NEWREQ_WB_MATCH_IGNORED_count,             0
NEWREQ_WB_MATCH_IGNORED_total_count,             0

DEMAND_MATCH_WB_NEW_DONE_FUNC_count,             0
DEMAND_MATCH_WB_NEW_DONE_FUNC_pct,         -nan
DEMAND_MATCH_WB_NEW_DONE_FUNC_total_count,             0
DEMAND_MATCH_WB_NEW_DONE_FUNC_total_pct,         -nan

DEMAND_MATCH_WB_NEW_DONE_FUNC_NULL_count,             0
DEMAND_MATCH_WB_NEW_DONE_FUNC_NULL_pct,         -nan
DEMAND_MATCH_WB_NEW_DONE_FUNC_NULL_total_count,             0
DEMAND_MATCH_WB_NEW_DONE_FUNC_NULL_total_pct,         -nan

DEMAND_MATCH_WB_DONE_FUNC_NOT_SAME_count,             0
DEMAND_MATCH_WB_DONE_FUNC_NOT_SAME_pct,         -nan
DEMAND_MATCH_WB_DONE_FUNC_NOT_SAME_total_count,             0
DEMAND_MATCH_WB_DONE_FUNC_NOT_SAME_total_pct,         -nan

DEMAND_MATCH_WB_DONE_FUNC_SAME_count,             0
DEMAND_MATCH_WB_DONE_FUNC_SAME_pct,         -nan
DEMAND_MATCH_WB_DONE_FUNC_SAME_total_count,             0
DEMAND_MATCH_WB_DONE_FUNC_SAME_total_pct,         -nan
DEMAND_MATCH_WB_DONE_FUNC_SAME_sum_count,             0
DEMAND_MATCH_WB_DONE_FUNC_SAME_sum_pct,         -nan
DEMAND_MATCH_WB_DONE_FUNC_SAME_sum_total_count,             0
DEMAND_MATCH_WB_DONE_FUNC_SAME_sum_total_pct,         -nan
DEMAND_MATCH_WB_DONE_FUNC_SAME_mean,         -nan
DEMAND_MATCH_WB_DONE_FUNC_SAME_stddev,         -nan
DEMAND_MATCH_WB_DONE_FUNC_SAME_total_mean,         -nan
DEMAND_MATCH_WB_DONE_FUNC_SAME_total_stddev,         -nan

DEMAND_MATCH_WB_count,             0
DEMAND_MATCH_WB_pct,         -nan
DEMAND_MATCH_WB_total_count,             0
DEMAND_MATCH_WB_total_pct,         -nan

DEMAND_MATCH_WB_NODIRTY_count,             0
DEMAND_MATCH_WB_NODIRTY_pct,         -nan
DEMAND_MATCH_WB_NODIRTY_total_count,             0
DEMAND_MATCH_WB_NODIRTY_total_pct,         -nan
DEMAND_MATCH_WB_NODIRTY_sum_count,             0
DEMAND_MATCH_WB_NODIRTY_sum_pct,         -nan
DEMAND_MATCH_WB_NODIRTY_sum_total_count,             0
DEMAND_MATCH_WB_NODIRTY_sum_total_pct,         -nan
DEMAND_MATCH_WB_NODIRTY_mean,         -nan
DEMAND_MATCH_WB_NODIRTY_stddev,         -nan
DEMAND_MATCH_WB_NODIRTY_total_mean,         -nan
DEMAND_MATCH_WB_NODIRTY_total_stddev,         -nan

DEMAND_MATCH_WBALL_IFETCH_count,             0
DEMAND_MATCH_WBALL_IFETCH_pct,         -nan
DEMAND_MATCH_WBALL_IFETCH_total_count,             0
DEMAND_MATCH_WBALL_IFETCH_total_pct,         -nan

DEMAND_MATCH_WBALL_DFETCH_count,             0
DEMAND_MATCH_WBALL_DFETCH_pct,         -nan
DEMAND_MATCH_WBALL_DFETCH_total_count,             0
DEMAND_MATCH_WBALL_DFETCH_total_pct,         -nan

DEMAND_MATCH_WBALL_DSTORE_count,             0
DEMAND_MATCH_WBALL_DSTORE_pct,         -nan
DEMAND_MATCH_WBALL_DSTORE_total_count,             0
DEMAND_MATCH_WBALL_DSTORE_total_pct,         -nan

DEMAND_MATCH_WBALL_IPRF_count,             0
DEMAND_MATCH_WBALL_IPRF_pct,         -nan
DEMAND_MATCH_WBALL_IPRF_total_count,             0
DEMAND_MATCH_WBALL_IPRF_total_pct,         -nan

DEMAND_MATCH_WBALL_DPRF_count,             0
DEMAND_MATCH_WBALL_DPRF_pct,         -nan
DEMAND_MATCH_WBALL_DPRF_total_count,             0
DEMAND_MATCH_WBALL_DPRF_total_pct,         -nan

DEMAND_MATCH_WBALL_WB_count,             0
DEMAND_MATCH_WBALL_WB_pct,         -nan
DEMAND_MATCH_WBALL_WB_total_count,             0
DEMAND_MATCH_WBALL_WB_total_pct,         -nan

DEMAND_MATCH_WBALL_WB_NODIRTY_count,             0
DEMAND_MATCH_WBALL_WB_NODIRTY_pct,         -nan
DEMAND_MATCH_WBALL_WB_NODIRTY_total_count,             0
DEMAND_MATCH_WBALL_WB_NODIRTY_total_pct,         -nan
DEMAND_MATCH_WBALL_WB_NODIRTY_sum_count,             0
DEMAND_MATCH_WBALL_WB_NODIRTY_sum_pct,         -nan
DEMAND_MATCH_WBALL_WB_NODIRTY_sum_total_count,             0
DEMAND_MATCH_WBALL_WB_NODIRTY_sum_total_pct,         -nan
DEMAND_MATCH_WBALL_WB_NODIRTY_mean,         -nan
DEMAND_MATCH_WBALL_WB_NODIRTY_stddev,         -nan
DEMAND_MATCH_WBALL_WB_NODIRTY_total_mean,         -nan
DEMAND_MATCH_WBALL_WB_NODIRTY_total_stddev,         -nan

DEMAND_MATCH_WB_IFETCH_count,             0
DEMAND_MATCH_WB_IFETCH_pct,         -nan
DEMAND_MATCH_WB_IFETCH_total_count,             0
DEMAND_MATCH_WB_IFETCH_total_pct,         -nan

DEMAND_MATCH_WB_DFETCH_count,             0
DEMAND_MATCH_WB_DFETCH_pct,         -nan
DEMAND_MATCH_WB_DFETCH_total_count,             0
DEMAND_MATCH_WB_DFETCH_total_pct,         -nan

DEMAND_MATCH_WB_DSTORE_count,             0
DEMAND_MATCH_WB_DSTORE_pct,         -nan
DEMAND_MATCH_WB_DSTORE_total_count,             0
DEMAND_MATCH_WB_DSTORE_total_pct,         -nan

DEMAND_MATCH_WB_IPRF_count,             0
DEMAND_MATCH_WB_IPRF_pct,         -nan
DEMAND_MATCH_WB_IPRF_total_count,             0
DEMAND_MATCH_WB_IPRF_total_pct,         -nan

DEMAND_MATCH_WB_DPRF_count,             0
DEMAND_MATCH_WB_DPRF_pct,         -nan
DEMAND_MATCH_WB_DPRF_total_count,             0
DEMAND_MATCH_WB_DPRF_total_pct,         -nan

DEMAND_MATCH_WB_WB_count,             0
DEMAND_MATCH_WB_WB_pct,         -nan
DEMAND_MATCH_WB_WB_total_count,             0
DEMAND_MATCH_WB_WB_total_pct,         -nan

DEMAND_MATCH_WB_WB_NODIRTY_count,             0
DEMAND_MATCH_WB_WB_NODIRTY_pct,         -nan
DEMAND_MATCH_WB_WB_NODIRTY_total_count,             0
DEMAND_MATCH_WB_WB_NODIRTY_total_pct,         -nan
DEMAND_MATCH_WB_WB_NODIRTY_sum_count,             0
DEMAND_MATCH_WB_WB_NODIRTY_sum_pct,         -nan
DEMAND_MATCH_WB_WB_NODIRTY_sum_total_count,             0
DEMAND_MATCH_WB_WB_NODIRTY_sum_total_pct,         -nan
DEMAND_MATCH_WB_WB_NODIRTY_mean,         -nan
DEMAND_MATCH_WB_WB_NODIRTY_stddev,         -nan
DEMAND_MATCH_WB_WB_NODIRTY_total_mean,         -nan
DEMAND_MATCH_WB_WB_NODIRTY_total_stddev,         -nan

DEMAND_MATCH_WB_ND_IFETCH_count,             0
DEMAND_MATCH_WB_ND_IFETCH_pct,         -nan
DEMAND_MATCH_WB_ND_IFETCH_total_count,             0
DEMAND_MATCH_WB_ND_IFETCH_total_pct,         -nan

DEMAND_MATCH_WB_ND_DFETCH_count,             0
DEMAND_MATCH_WB_ND_DFETCH_pct,         -nan
DEMAND_MATCH_WB_ND_DFETCH_total_count,             0
DEMAND_MATCH_WB_ND_DFETCH_total_pct,         -nan

DEMAND_MATCH_WB_ND_DSTORE_count,             0
DEMAND_MATCH_WB_ND_DSTORE_pct,         -nan
DEMAND_MATCH_WB_ND_DSTORE_total_count,             0
DEMAND_MATCH_WB_ND_DSTORE_total_pct,         -nan

DEMAND_MATCH_WB_ND_IPRF_count,             0
DEMAND_MATCH_WB_ND_IPRF_pct,         -nan
DEMAND_MATCH_WB_ND_IPRF_total_count,             0
DEMAND_MATCH_WB_ND_IPRF_total_pct,         -nan

DEMAND_MATCH_WB_ND_DPRF_count,             0
DEMAND_MATCH_WB_ND_DPRF_pct,         -nan
DEMAND_MATCH_WB_ND_DPRF_total_count,             0
DEMAND_MATCH_WB_ND_DPRF_total_pct,         -nan

DEMAND_MATCH_WB_ND_WB_count,             0
DEMAND_MATCH_WB_ND_WB_pct,         -nan
DEMAND_MATCH_WB_ND_WB_total_count,             0
DEMAND_MATCH_WB_ND_WB_total_pct,         -nan

DEMAND_MATCH_WB_ND_WB_NODIRTY_count,             0
DEMAND_MATCH_WB_ND_WB_NODIRTY_pct,         -nan
DEMAND_MATCH_WB_ND_WB_NODIRTY_total_count,             0
DEMAND_MATCH_WB_ND_WB_NODIRTY_total_pct,         -nan
DEMAND_MATCH_WB_ND_WB_NODIRTY_sum_count,             0
DEMAND_MATCH_WB_ND_WB_NODIRTY_sum_pct,         -nan
DEMAND_MATCH_WB_ND_WB_NODIRTY_sum_total_count,             0
DEMAND_MATCH_WB_ND_WB_NODIRTY_sum_total_pct,         -nan
DEMAND_MATCH_WB_ND_WB_NODIRTY_mean,         -nan
DEMAND_MATCH_WB_ND_WB_NODIRTY_stddev,         -nan
DEMAND_MATCH_WB_ND_WB_NODIRTY_total_mean,         -nan
DEMAND_MATCH_WB_ND_WB_NODIRTY_total_stddev,         -nan

WB_MATCH_DEMAND_count,             0
WB_MATCH_DEMAND_pct,        0.000
WB_MATCH_DEMAND_total_count,             0
WB_MATCH_DEMAND_total_pct,        0.000

WB_MATCH_PREF_count,            10
WB_MATCH_PREF_pct,        0.001
WB_MATCH_PREF_total_count,            10
WB_MATCH_PREF_total_pct,        0.001

WB_MATCH_WB_count,             0
WB_MATCH_WB_pct,        0.000
WB_MATCH_WB_total_count,             0
WB_MATCH_WB_total_pct,        0.000

WB_MATCH_WB_FILTERED_count,       1598805
WB_MATCH_WB_FILTERED_pct,       99.999
WB_MATCH_WB_FILTERED_total_count,       1598805
WB_MATCH_WB_FILTERED_total_pct,       99.999
WB_MATCH_WB_FILTERED_sum_count,       1598815
WB_MATCH_WB_FILTERED_sum_pct,      100.000
WB_MATCH_WB_FILTERED_sum_total_count,       1598815
WB_MATCH_WB_FILTERED_sum_total_pct,      100.000
WB_MATCH_WB_FILTERED_mean,         3.00
WB_MATCH_WB_FILTERED_stddev,         3.00
WB_MATCH_WB_FILTERED_total_mean,         3.00
WB_MATCH_WB_FILTERED_total_stddev,         3.00

WB_COMING_BACK_FROM_MEM_count,             0
WB_COMING_BACK_FROM_MEM_total_count,             0

WB_COMING_BACK_FROM_L1_count,             0
WB_COMING_BACK_FROM_L1_total_count,             0

WB_COMING_BACK_FROM_MLC_count,             0
WB_COMING_BACK_FROM_MLC_total_count,             0

MEM_REQ_MATCH_OFF_PATH_HIT_BY_ON_PATH_count,          1281
MEM_REQ_MATCH_OFF_PATH_HIT_BY_ON_PATH_pct,        1.198
MEM_REQ_MATCH_OFF_PATH_HIT_BY_ON_PATH_total_count,          1281
MEM_REQ_MATCH_OFF_PATH_HIT_BY_ON_PATH_total_pct,        1.198

MEM_REQ_MATCH_OFF_PATH_HIT_BY_ON_PATH_ETC_count,        105673
MEM_REQ_MATCH_OFF_PATH_HIT_BY_ON_PATH_ETC_pct,       98.802
MEM_REQ_MATCH_OFF_PATH_HIT_BY_ON_PATH_ETC_total_count,        105673
MEM_REQ_MATCH_OFF_PATH_HIT_BY_ON_PATH_ETC_total_pct,       98.802
MEM_REQ_MATCH_OFF_PATH_HIT_BY_ON_PATH_ETC_sum_count,        106954
MEM_REQ_MATCH_OFF_PATH_HIT_BY_ON_PATH_ETC_sum_pct,      100.000
MEM_REQ_MATCH_OFF_PATH_HIT_BY_ON_PATH_ETC_sum_total_count,        106954
MEM_REQ_MATCH_OFF_PATH_HIT_BY_ON_PATH_ETC_sum_total_pct,      100.000
MEM_REQ_MATCH_OFF_PATH_HIT_BY_ON_PATH_ETC_mean,         0.99
MEM_REQ_MATCH_OFF_PATH_HIT_BY_ON_PATH_ETC_stddev,         0.98
MEM_REQ_MATCH_OFF_PATH_HIT_BY_ON_PATH_ETC_total_mean,         0.99
MEM_REQ_MATCH_OFF_PATH_HIT_BY_ON_PATH_ETC_total_stddev,         0.98

TOTAL_ONPATH_ICACHE_FILLS_count,             0
TOTAL_ONPATH_ICACHE_FILLS_total_count,             0

TOTAL_ONPATH_DCACHE_FILLS_count,             0
TOTAL_ONPATH_DCACHE_FILLS_total_count,             0

TOTAL_ONPATH_L1_FILLS_count,             0
TOTAL_ONPATH_L1_FILLS_total_count,             0

PER1K_ONPATH_ICACHE_FILLS_count,             0
PER1K_ONPATH_ICACHE_FILLS_pct,        0.000
PER1K_ONPATH_ICACHE_FILLS_total_count,             0
PER1K_ONPATH_ICACHE_FILLS_total_pct,        0.000

PER1K_ONPATH_DCACHE_FILLS_count,             0
PER1K_ONPATH_DCACHE_FILLS_pct,        0.000
PER1K_ONPATH_DCACHE_FILLS_total_count,             0
PER1K_ONPATH_DCACHE_FILLS_total_pct,        0.000

PER1K_ONPATH_L1_FILLS_count,             0
PER1K_ONPATH_L1_FILLS_pct,        0.000
PER1K_ONPATH_L1_FILLS_total_count,             0
PER1K_ONPATH_L1_FILLS_total_pct,        0.000

PER1K_L1_DEMAND_MISS_ONPATH_count,          4403
PER1K_L1_DEMAND_MISS_ONPATH_pct,        0.044
PER1K_L1_DEMAND_MISS_ONPATH_total_count,          4403
PER1K_L1_DEMAND_MISS_ONPATH_total_pct,        0.044

PER1K_L1_DEMAND_MISS_OFFPATH_count,           330
PER1K_L1_DEMAND_MISS_OFFPATH_pct,        0.003
PER1K_L1_DEMAND_MISS_OFFPATH_total_count,           330
PER1K_L1_DEMAND_MISS_OFFPATH_total_pct,        0.003

L2_IDEAL_FILL_L1_count,             0
L2_IDEAL_FILL_L1_pct,         -nan
L2_IDEAL_FILL_L1_total_count,             0
L2_IDEAL_FILL_L1_total_pct,         -nan

L2_IDEAL_MISS_L2_count,             0
L2_IDEAL_MISS_L2_pct,         -nan
L2_IDEAL_MISS_L2_total_count,             0
L2_IDEAL_MISS_L2_total_pct,         -nan
L2_IDEAL_MISS_L2_sum_count,             0
L2_IDEAL_MISS_L2_sum_pct,         -nan
L2_IDEAL_MISS_L2_sum_total_count,             0
L2_IDEAL_MISS_L2_sum_total_pct,         -nan
L2_IDEAL_MISS_L2_mean,         -nan
L2_IDEAL_MISS_L2_stddev,         -nan
L2_IDEAL_MISS_L2_total_mean,         -nan
L2_IDEAL_MISS_L2_total_stddev,         -nan

L2_IDEAL_FILL_ICACHE_count,             0
L2_IDEAL_FILL_ICACHE_pct,         -nan
L2_IDEAL_FILL_ICACHE_total_count,             0
L2_IDEAL_FILL_ICACHE_total_pct,         -nan

L2_IDEAL_MISS_ICACHE_count,             0
L2_IDEAL_MISS_ICACHE_pct,         -nan
L2_IDEAL_MISS_ICACHE_total_count,             0
L2_IDEAL_MISS_ICACHE_total_pct,         -nan
L2_IDEAL_MISS_ICACHE_sum_count,             0
L2_IDEAL_MISS_ICACHE_sum_pct,         -nan
L2_IDEAL_MISS_ICACHE_sum_total_count,             0
L2_IDEAL_MISS_ICACHE_sum_total_pct,         -nan
L2_IDEAL_MISS_ICACHE_mean,         -nan
L2_IDEAL_MISS_ICACHE_stddev,         -nan
L2_IDEAL_MISS_ICACHE_total_mean,         -nan
L2_IDEAL_MISS_ICACHE_total_stddev,         -nan

HPS_MISS_DELTA__0_count,             0
HPS_MISS_DELTA__0_pct,         -nan
HPS_MISS_DELTA__0_total_count,             0
HPS_MISS_DELTA__0_total_pct,         -nan

HPS_MISS_DELTA__1_count,             0
HPS_MISS_DELTA__1_pct,         -nan
HPS_MISS_DELTA__1_total_count,             0
HPS_MISS_DELTA__1_total_pct,         -nan

HPS_MISS_DELTA__2_count,             0
HPS_MISS_DELTA__2_pct,         -nan
HPS_MISS_DELTA__2_total_count,             0
HPS_MISS_DELTA__2_total_pct,         -nan

HPS_MISS_DELTA__3_count,             0
HPS_MISS_DELTA__3_pct,         -nan
HPS_MISS_DELTA__3_total_count,             0
HPS_MISS_DELTA__3_total_pct,         -nan

HPS_MISS_DELTA__4_count,             0
HPS_MISS_DELTA__4_pct,         -nan
HPS_MISS_DELTA__4_total_count,             0
HPS_MISS_DELTA__4_total_pct,         -nan

HPS_MISS_DELTA__5_count,             0
HPS_MISS_DELTA__5_pct,         -nan
HPS_MISS_DELTA__5_total_count,             0
HPS_MISS_DELTA__5_total_pct,         -nan

HPS_MISS_DELTA__6_count,             0
HPS_MISS_DELTA__6_pct,         -nan
HPS_MISS_DELTA__6_total_count,             0
HPS_MISS_DELTA__6_total_pct,         -nan

HPS_MISS_DELTA__7_count,             0
HPS_MISS_DELTA__7_pct,         -nan
HPS_MISS_DELTA__7_total_count,             0
HPS_MISS_DELTA__7_total_pct,         -nan

HPS_MISS_DELTA__8_count,             0
HPS_MISS_DELTA__8_pct,         -nan
HPS_MISS_DELTA__8_total_count,             0
HPS_MISS_DELTA__8_total_pct,         -nan

HPS_MISS_DELTA__9_count,             0
HPS_MISS_DELTA__9_pct,         -nan
HPS_MISS_DELTA__9_total_count,             0
HPS_MISS_DELTA__9_total_pct,         -nan
HPS_MISS_DELTA__9_sum_count,             0
HPS_MISS_DELTA__9_sum_pct,         -nan
HPS_MISS_DELTA__9_sum_total_count,             0
HPS_MISS_DELTA__9_sum_total_pct,         -nan
HPS_MISS_DELTA__9_mean,         -nan
HPS_MISS_DELTA__9_stddev,         -nan
HPS_MISS_DELTA__9_total_mean,         -nan
HPS_MISS_DELTA__9_total_stddev,         -nan

HPS_HIT_DELTA__0_count,             0
HPS_HIT_DELTA__0_pct,         -nan
HPS_HIT_DELTA__0_total_count,             0
HPS_HIT_DELTA__0_total_pct,         -nan

HPS_HIT_DELTA__1_count,             0
HPS_HIT_DELTA__1_pct,         -nan
HPS_HIT_DELTA__1_total_count,             0
HPS_HIT_DELTA__1_total_pct,         -nan

HPS_HIT_DELTA__2_count,             0
HPS_HIT_DELTA__2_pct,         -nan
HPS_HIT_DELTA__2_total_count,             0
HPS_HIT_DELTA__2_total_pct,         -nan

HPS_HIT_DELTA__3_count,             0
HPS_HIT_DELTA__3_pct,         -nan
HPS_HIT_DELTA__3_total_count,             0
HPS_HIT_DELTA__3_total_pct,         -nan

HPS_HIT_DELTA__4_count,             0
HPS_HIT_DELTA__4_pct,         -nan
HPS_HIT_DELTA__4_total_count,             0
HPS_HIT_DELTA__4_total_pct,         -nan

HPS_HIT_DELTA__5_count,             0
HPS_HIT_DELTA__5_pct,         -nan
HPS_HIT_DELTA__5_total_count,             0
HPS_HIT_DELTA__5_total_pct,         -nan

HPS_HIT_DELTA__6_count,             0
HPS_HIT_DELTA__6_pct,         -nan
HPS_HIT_DELTA__6_total_count,             0
HPS_HIT_DELTA__6_total_pct,         -nan

HPS_HIT_DELTA__7_count,             0
HPS_HIT_DELTA__7_pct,         -nan
HPS_HIT_DELTA__7_total_count,             0
HPS_HIT_DELTA__7_total_pct,         -nan

HPS_HIT_DELTA__8_count,             0
HPS_HIT_DELTA__8_pct,         -nan
HPS_HIT_DELTA__8_total_count,             0
HPS_HIT_DELTA__8_total_pct,         -nan

HPS_HIT_DELTA__9_count,             0
HPS_HIT_DELTA__9_pct,         -nan
HPS_HIT_DELTA__9_total_count,             0
HPS_HIT_DELTA__9_total_pct,         -nan
HPS_HIT_DELTA__9_sum_count,             0
HPS_HIT_DELTA__9_sum_pct,         -nan
HPS_HIT_DELTA__9_sum_total_count,             0
HPS_HIT_DELTA__9_sum_total_pct,         -nan
HPS_HIT_DELTA__9_mean,         -nan
HPS_HIT_DELTA__9_stddev,         -nan
HPS_HIT_DELTA__9_total_mean,         -nan
HPS_HIT_DELTA__9_total_stddev,         -nan

DC_MISS_DELTA__0_count,             0
DC_MISS_DELTA__0_pct,         -nan
DC_MISS_DELTA__0_total_count,             0
DC_MISS_DELTA__0_total_pct,         -nan

DC_MISS_DELTA__1_count,             0
DC_MISS_DELTA__1_pct,         -nan
DC_MISS_DELTA__1_total_count,             0
DC_MISS_DELTA__1_total_pct,         -nan

DC_MISS_DELTA__2_count,             0
DC_MISS_DELTA__2_pct,         -nan
DC_MISS_DELTA__2_total_count,             0
DC_MISS_DELTA__2_total_pct,         -nan

DC_MISS_DELTA__3_count,             0
DC_MISS_DELTA__3_pct,         -nan
DC_MISS_DELTA__3_total_count,             0
DC_MISS_DELTA__3_total_pct,         -nan

DC_MISS_DELTA__4_count,             0
DC_MISS_DELTA__4_pct,         -nan
DC_MISS_DELTA__4_total_count,             0
DC_MISS_DELTA__4_total_pct,         -nan

DC_MISS_DELTA__5_count,             0
DC_MISS_DELTA__5_pct,         -nan
DC_MISS_DELTA__5_total_count,             0
DC_MISS_DELTA__5_total_pct,         -nan

DC_MISS_DELTA__6_count,             0
DC_MISS_DELTA__6_pct,         -nan
DC_MISS_DELTA__6_total_count,             0
DC_MISS_DELTA__6_total_pct,         -nan

DC_MISS_DELTA__7_count,             0
DC_MISS_DELTA__7_pct,         -nan
DC_MISS_DELTA__7_total_count,             0
DC_MISS_DELTA__7_total_pct,         -nan

DC_MISS_DELTA__8_count,             0
DC_MISS_DELTA__8_pct,         -nan
DC_MISS_DELTA__8_total_count,             0
DC_MISS_DELTA__8_total_pct,         -nan

DC_MISS_DELTA__9_count,             0
DC_MISS_DELTA__9_pct,         -nan
DC_MISS_DELTA__9_total_count,             0
DC_MISS_DELTA__9_total_pct,         -nan
DC_MISS_DELTA__9_sum_count,             0
DC_MISS_DELTA__9_sum_pct,         -nan
DC_MISS_DELTA__9_sum_total_count,             0
DC_MISS_DELTA__9_sum_total_pct,         -nan
DC_MISS_DELTA__9_mean,         -nan
DC_MISS_DELTA__9_stddev,         -nan
DC_MISS_DELTA__9_total_mean,         -nan
DC_MISS_DELTA__9_total_stddev,         -nan

ONE_MORE_SUCESS_count,             0
ONE_MORE_SUCESS_pct,         -nan
ONE_MORE_SUCESS_total_count,             0
ONE_MORE_SUCESS_total_pct,         -nan

ONE_MORE_DISCARDED_L0CACHE_count,             0
ONE_MORE_DISCARDED_L0CACHE_pct,         -nan
ONE_MORE_DISCARDED_L0CACHE_total_count,             0
ONE_MORE_DISCARDED_L0CACHE_total_pct,         -nan

ONE_MORE_DISCARDED_MEM_REQ_FULL_count,             0
ONE_MORE_DISCARDED_MEM_REQ_FULL_pct,         -nan
ONE_MORE_DISCARDED_MEM_REQ_FULL_total_count,             0
ONE_MORE_DISCARDED_MEM_REQ_FULL_total_pct,         -nan
ONE_MORE_DISCARDED_MEM_REQ_FULL_sum_count,             0
ONE_MORE_DISCARDED_MEM_REQ_FULL_sum_pct,         -nan
ONE_MORE_DISCARDED_MEM_REQ_FULL_sum_total_count,             0
ONE_MORE_DISCARDED_MEM_REQ_FULL_sum_total_pct,         -nan
ONE_MORE_DISCARDED_MEM_REQ_FULL_mean,         -nan
ONE_MORE_DISCARDED_MEM_REQ_FULL_stddev,         -nan
ONE_MORE_DISCARDED_MEM_REQ_FULL_total_mean,         -nan
ONE_MORE_DISCARDED_MEM_REQ_FULL_total_stddev,         -nan

PREF_L1_TOTAL_SENT_count,           697
PREF_L1_TOTAL_SENT_total_count,           697

PREF_L1_TOTAL_USED_count,           399
PREF_L1_TOTAL_USED_pct,       57.245
PREF_L1_TOTAL_USED_total_count,           399
PREF_L1_TOTAL_USED_total_pct,       57.245

PREF_L1_TOTAL_PARTIAL_USED_count,             2
PREF_L1_TOTAL_PARTIAL_USED_pct,        0.287
PREF_L1_TOTAL_PARTIAL_USED_total_count,             2
PREF_L1_TOTAL_PARTIAL_USED_total_pct,        0.287

PREF_L1_TOTAL_NOT_USED_count,           296
PREF_L1_TOTAL_NOT_USED_pct,       42.468
PREF_L1_TOTAL_NOT_USED_total_count,           296
PREF_L1_TOTAL_NOT_USED_total_pct,       42.468

PREF_L1_TOTAL_DROPPED_count,             0
PREF_L1_TOTAL_DROPPED_pct,        0.000
PREF_L1_TOTAL_DROPPED_total_count,             0
PREF_L1_TOTAL_DROPPED_total_pct,        0.000
PREF_L1_TOTAL_DROPPED_sum_count,           697
PREF_L1_TOTAL_DROPPED_sum_pct,      100.000
PREF_L1_TOTAL_DROPPED_sum_total_count,           697
PREF_L1_TOTAL_DROPPED_sum_total_pct,      100.000
PREF_L1_TOTAL_DROPPED_mean,         0.85
PREF_L1_TOTAL_DROPPED_stddev,         0.75
PREF_L1_TOTAL_DROPPED_total_mean,         0.85
PREF_L1_TOTAL_DROPPED_total_stddev,         0.75

PREF_MLC_TOTAL_SENT_count,             0
PREF_MLC_TOTAL_SENT_total_count,             0

PREF_MLC_TOTAL_USED_count,         93212
PREF_MLC_TOTAL_USED_pct,       99.990
PREF_MLC_TOTAL_USED_total_count,         93212
PREF_MLC_TOTAL_USED_total_pct,       99.990

PREF_MLC_TOTAL_PARTIAL_USED_count,             9
PREF_MLC_TOTAL_PARTIAL_USED_pct,        0.010
PREF_MLC_TOTAL_PARTIAL_USED_total_count,             9
PREF_MLC_TOTAL_PARTIAL_USED_total_pct,        0.010

PREF_MLC_TOTAL_NOT_USED_count,             0
PREF_MLC_TOTAL_NOT_USED_pct,        0.000
PREF_MLC_TOTAL_NOT_USED_total_count,             0
PREF_MLC_TOTAL_NOT_USED_total_pct,        0.000

PREF_MLC_TOTAL_DROPPED_count,             0
PREF_MLC_TOTAL_DROPPED_pct,        0.000
PREF_MLC_TOTAL_DROPPED_total_count,             0
PREF_MLC_TOTAL_DROPPED_total_pct,        0.000
PREF_MLC_TOTAL_DROPPED_sum_count,         93221
PREF_MLC_TOTAL_DROPPED_sum_pct,      100.000
PREF_MLC_TOTAL_DROPPED_sum_total_count,         93221
PREF_MLC_TOTAL_DROPPED_sum_total_pct,      100.000
PREF_MLC_TOTAL_DROPPED_mean,         0.00
PREF_MLC_TOTAL_DROPPED_stddev,         0.01
PREF_MLC_TOTAL_DROPPED_total_mean,         0.00
PREF_MLC_TOTAL_DROPPED_total_stddev,         0.01

CORE_MLC_PREF_REQ_MISS_count,             0
CORE_MLC_PREF_REQ_MISS_pct,        0.000
CORE_MLC_PREF_REQ_MISS_total_count,             0
CORE_MLC_PREF_REQ_MISS_total_pct,        0.000

CORE_MLC_DEMAND_MISS_count,        165633
CORE_MLC_DEMAND_MISS_pct,       10.844
CORE_MLC_DEMAND_MISS_total_count,        165633
CORE_MLC_DEMAND_MISS_total_pct,       10.844

CORE_MLC_WB_MISS_count,       1361755
CORE_MLC_WB_MISS_pct,       89.156
CORE_MLC_WB_MISS_total_count,       1361755
CORE_MLC_WB_MISS_total_pct,       89.156
CORE_MLC_WB_MISS_sum_count,       1527388
CORE_MLC_WB_MISS_sum_pct,      100.000
CORE_MLC_WB_MISS_sum_total_count,       1527388
CORE_MLC_WB_MISS_sum_total_pct,      100.000
CORE_MLC_WB_MISS_mean,         1.89
CORE_MLC_WB_MISS_stddev,         1.81
CORE_MLC_WB_MISS_total_mean,         1.89
CORE_MLC_WB_MISS_total_stddev,         1.81

CORE_MLC_PREF_REQ_HIT_count,             0
CORE_MLC_PREF_REQ_HIT_pct,        0.000
CORE_MLC_PREF_REQ_HIT_total_count,             0
CORE_MLC_PREF_REQ_HIT_total_pct,        0.000

CORE_MLC_DEMAND_HIT_count,       6965801
CORE_MLC_DEMAND_HIT_pct,       51.816
CORE_MLC_DEMAND_HIT_total_count,       6965801
CORE_MLC_DEMAND_HIT_total_pct,       51.816

CORE_MLC_WB_HIT_count,       6477547
CORE_MLC_WB_HIT_pct,       48.184
CORE_MLC_WB_HIT_total_count,       6477547
CORE_MLC_WB_HIT_total_pct,       48.184
CORE_MLC_WB_HIT_sum_count,      13443348
CORE_MLC_WB_HIT_sum_pct,      100.000
CORE_MLC_WB_HIT_sum_total_count,      13443348
CORE_MLC_WB_HIT_sum_total_pct,      100.000
CORE_MLC_WB_HIT_mean,         1.48
CORE_MLC_WB_HIT_stddev,         1.14
CORE_MLC_WB_HIT_total_mean,         1.48
CORE_MLC_WB_HIT_total_stddev,         1.14

CORE_MLC_HIT_count,       6965801
CORE_MLC_HIT_pct,       97.677
CORE_MLC_HIT_total_count,       6965801
CORE_MLC_HIT_total_pct,       97.677

CORE_MLC_MISS_count,        165633
CORE_MLC_MISS_pct,        2.323
CORE_MLC_MISS_total_count,        165633
CORE_MLC_MISS_total_pct,        2.323
CORE_MLC_MISS_sum_count,       7131434
CORE_MLC_MISS_sum_pct,      100.000
CORE_MLC_MISS_sum_total_count,       7131434
CORE_MLC_MISS_sum_total_pct,      100.000
CORE_MLC_MISS_mean,         0.02
CORE_MLC_MISS_stddev,         0.15
CORE_MLC_MISS_total_mean,         0.02
CORE_MLC_MISS_total_stddev,         0.15

CORE_MLC_FILL_count,       1522201
CORE_MLC_FILL_pct,       99.660
CORE_MLC_FILL_total_count,       1522201
CORE_MLC_FILL_total_pct,       99.660

CORE_MLC_WB_FILL_count,          5196
CORE_MLC_WB_FILL_pct,        0.340
CORE_MLC_WB_FILL_total_count,          5196
CORE_MLC_WB_FILL_total_pct,        0.340
CORE_MLC_WB_FILL_sum_count,       1527397
CORE_MLC_WB_FILL_sum_pct,      100.000
CORE_MLC_WB_FILL_sum_total_count,       1527397
CORE_MLC_WB_FILL_sum_total_pct,      100.000
CORE_MLC_WB_FILL_mean,         0.00
CORE_MLC_WB_FILL_stddev,         0.06
CORE_MLC_WB_FILL_total_mean,         0.00
CORE_MLC_WB_FILL_total_stddev,         0.06

CORE_MLC_DEMAND_FILL_count,       1522192
CORE_MLC_DEMAND_FILL_pct,       99.999
CORE_MLC_DEMAND_FILL_total_count,       1522192
CORE_MLC_DEMAND_FILL_total_pct,       99.999

CORE_MLC_PREF_FILL_count,             9
CORE_MLC_PREF_FILL_pct,        0.001
CORE_MLC_PREF_FILL_total_count,             9
CORE_MLC_PREF_FILL_total_pct,        0.001
CORE_MLC_PREF_FILL_sum_count,       1522201
CORE_MLC_PREF_FILL_sum_pct,      100.000
CORE_MLC_PREF_FILL_sum_total_count,       1522201
CORE_MLC_PREF_FILL_sum_total_pct,      100.000
CORE_MLC_PREF_FILL_mean,         0.00
CORE_MLC_PREF_FILL_stddev,         0.00
CORE_MLC_PREF_FILL_total_mean,         0.00
CORE_MLC_PREF_FILL_total_stddev,         0.00

CORE_MLC_PREF_FILL_USED_count,         93212
CORE_MLC_PREF_FILL_USED_pct,       99.990
CORE_MLC_PREF_FILL_USED_total_count,         93212
CORE_MLC_PREF_FILL_USED_total_pct,       99.990

CORE_MLC_PREF_FILL_PARTIAL_USED_count,             9
CORE_MLC_PREF_FILL_PARTIAL_USED_pct,        0.010
CORE_MLC_PREF_FILL_PARTIAL_USED_total_count,             9
CORE_MLC_PREF_FILL_PARTIAL_USED_total_pct,        0.010

CORE_MLC_PREF_FILL_NOT_USED_count,             0
CORE_MLC_PREF_FILL_NOT_USED_pct,        0.000
CORE_MLC_PREF_FILL_NOT_USED_total_count,             0
CORE_MLC_PREF_FILL_NOT_USED_total_pct,        0.000
CORE_MLC_PREF_FILL_NOT_USED_sum_count,         93221
CORE_MLC_PREF_FILL_NOT_USED_sum_pct,      100.000
CORE_MLC_PREF_FILL_NOT_USED_sum_total_count,         93221
CORE_MLC_PREF_FILL_NOT_USED_sum_total_pct,      100.000
CORE_MLC_PREF_FILL_NOT_USED_mean,         0.00
CORE_MLC_PREF_FILL_NOT_USED_stddev,         0.01
CORE_MLC_PREF_FILL_NOT_USED_total_mean,         0.00
CORE_MLC_PREF_FILL_NOT_USED_total_stddev,         0.01

CORE_L1_PREF_REQ_MISS_count,           697
CORE_L1_PREF_REQ_MISS_pct,        1.250
CORE_L1_PREF_REQ_MISS_total_count,           697
CORE_L1_PREF_REQ_MISS_total_pct,        1.250

CORE_L1_DEMAND_MISS_count,          4732
CORE_L1_DEMAND_MISS_pct,        8.487
CORE_L1_DEMAND_MISS_total_count,          4732
CORE_L1_DEMAND_MISS_total_pct,        8.487

CORE_L1_WB_MISS_count,         50329
CORE_L1_WB_MISS_pct,       90.263
CORE_L1_WB_MISS_total_count,         50329
CORE_L1_WB_MISS_total_pct,       90.263
CORE_L1_WB_MISS_sum_count,         55758
CORE_L1_WB_MISS_sum_pct,      100.000
CORE_L1_WB_MISS_sum_total_count,         55758
CORE_L1_WB_MISS_sum_total_pct,      100.000
CORE_L1_WB_MISS_mean,         1.89
CORE_L1_WB_MISS_stddev,         1.82
CORE_L1_WB_MISS_total_mean,         1.89
CORE_L1_WB_MISS_total_stddev,         1.82

CORE_L1_PREF_REQ_HIT_count,          6382
CORE_L1_PREF_REQ_HIT_pct,        0.416
CORE_L1_PREF_REQ_HIT_total_count,          6382
CORE_L1_PREF_REQ_HIT_total_pct,        0.416

CORE_L1_DEMAND_HIT_count,        185785
CORE_L1_DEMAND_HIT_pct,       12.101
CORE_L1_DEMAND_HIT_total_count,        185785
CORE_L1_DEMAND_HIT_total_pct,       12.101

CORE_L1_WB_HIT_count,       1343104
CORE_L1_WB_HIT_pct,       87.483
CORE_L1_WB_HIT_total_count,       1343104
CORE_L1_WB_HIT_total_pct,       87.483
CORE_L1_WB_HIT_sum_count,       1535271
CORE_L1_WB_HIT_sum_pct,      100.000
CORE_L1_WB_HIT_sum_total_count,       1535271
CORE_L1_WB_HIT_sum_total_pct,      100.000
CORE_L1_WB_HIT_mean,         1.87
CORE_L1_WB_HIT_stddev,         1.78
CORE_L1_WB_HIT_total_mean,         1.87
CORE_L1_WB_HIT_total_stddev,         1.78

CORE_L1_HIT_count,        185792
CORE_L1_HIT_pct,       97.516
CORE_L1_HIT_total_count,        185792
CORE_L1_HIT_total_pct,       97.516

CORE_L1_MISS_count,          4733
CORE_L1_MISS_pct,        2.484
CORE_L1_MISS_total_count,          4733
CORE_L1_MISS_total_pct,        2.484
CORE_L1_MISS_sum_count,        190525
CORE_L1_MISS_sum_pct,      100.000
CORE_L1_MISS_sum_total_count,        190525
CORE_L1_MISS_sum_total_pct,      100.000
CORE_L1_MISS_mean,         0.02
CORE_L1_MISS_stddev,         0.15
CORE_L1_MISS_total_mean,         0.02
CORE_L1_MISS_total_stddev,         0.15

CORE_L1_FILL_count,         55220
CORE_L1_FILL_pct,       99.035
CORE_L1_FILL_total_count,         55220
CORE_L1_FILL_total_pct,       99.035

CORE_L1_WB_FILL_count,           538
CORE_L1_WB_FILL_pct,        0.965
CORE_L1_WB_FILL_total_count,           538
CORE_L1_WB_FILL_total_pct,        0.965
CORE_L1_WB_FILL_sum_count,         55758
CORE_L1_WB_FILL_sum_pct,      100.000
CORE_L1_WB_FILL_sum_total_count,         55758
CORE_L1_WB_FILL_sum_total_pct,      100.000
CORE_L1_WB_FILL_mean,         0.01
CORE_L1_WB_FILL_stddev,         0.10
CORE_L1_WB_FILL_total_mean,         0.01
CORE_L1_WB_FILL_total_stddev,         0.10

CORE_L1_DEMAND_FILL_count,         54523
CORE_L1_DEMAND_FILL_pct,       98.738
CORE_L1_DEMAND_FILL_total_count,         54523
CORE_L1_DEMAND_FILL_total_pct,       98.738

CORE_L1_PREF_FILL_count,           697
CORE_L1_PREF_FILL_pct,        1.262
CORE_L1_PREF_FILL_total_count,           697
CORE_L1_PREF_FILL_total_pct,        1.262
CORE_L1_PREF_FILL_sum_count,         55220
CORE_L1_PREF_FILL_sum_pct,      100.000
CORE_L1_PREF_FILL_sum_total_count,         55220
CORE_L1_PREF_FILL_sum_total_pct,      100.000
CORE_L1_PREF_FILL_mean,         0.01
CORE_L1_PREF_FILL_stddev,         0.11
CORE_L1_PREF_FILL_total_mean,         0.01
CORE_L1_PREF_FILL_total_stddev,         0.11

CORE_L1_PREF_FILL_USED_count,           399
CORE_L1_PREF_FILL_USED_pct,       57.245
CORE_L1_PREF_FILL_USED_total_count,           399
CORE_L1_PREF_FILL_USED_total_pct,       57.245

CORE_L1_PREF_FILL_PARTIAL_USED_count,             2
CORE_L1_PREF_FILL_PARTIAL_USED_pct,        0.287
CORE_L1_PREF_FILL_PARTIAL_USED_total_count,             2
CORE_L1_PREF_FILL_PARTIAL_USED_total_pct,        0.287

CORE_L1_PREF_FILL_NOT_USED_count,           296
CORE_L1_PREF_FILL_NOT_USED_pct,       42.468
CORE_L1_PREF_FILL_NOT_USED_total_count,           296
CORE_L1_PREF_FILL_NOT_USED_total_pct,       42.468
CORE_L1_PREF_FILL_NOT_USED_sum_count,           697
CORE_L1_PREF_FILL_NOT_USED_sum_pct,      100.000
CORE_L1_PREF_FILL_NOT_USED_sum_total_count,           697
CORE_L1_PREF_FILL_NOT_USED_sum_total_pct,      100.000
CORE_L1_PREF_FILL_NOT_USED_mean,         0.85
CORE_L1_PREF_FILL_NOT_USED_stddev,         0.93
CORE_L1_PREF_FILL_NOT_USED_total_mean,         0.85
CORE_L1_PREF_FILL_NOT_USED_total_stddev,         0.93

CORE_L1_DEMAND_USED_POS0_count,             0
CORE_L1_DEMAND_USED_POS0_pct,         -nan
CORE_L1_DEMAND_USED_POS0_total_count,             0
CORE_L1_DEMAND_USED_POS0_total_pct,         -nan

CORE_L1_DEMAND_USED_POS1_count,             0
CORE_L1_DEMAND_USED_POS1_pct,         -nan
CORE_L1_DEMAND_USED_POS1_total_count,             0
CORE_L1_DEMAND_USED_POS1_total_pct,         -nan

CORE_L1_DEMAND_USED_POS2_count,             0
CORE_L1_DEMAND_USED_POS2_pct,         -nan
CORE_L1_DEMAND_USED_POS2_total_count,             0
CORE_L1_DEMAND_USED_POS2_total_pct,         -nan

CORE_L1_DEMAND_USED_POS3_count,             0
CORE_L1_DEMAND_USED_POS3_pct,         -nan
CORE_L1_DEMAND_USED_POS3_total_count,             0
CORE_L1_DEMAND_USED_POS3_total_pct,         -nan

CORE_L1_DEMAND_USED_POS4_count,             0
CORE_L1_DEMAND_USED_POS4_pct,         -nan
CORE_L1_DEMAND_USED_POS4_total_count,             0
CORE_L1_DEMAND_USED_POS4_total_pct,         -nan

CORE_L1_DEMAND_USED_POS5_count,             0
CORE_L1_DEMAND_USED_POS5_pct,         -nan
CORE_L1_DEMAND_USED_POS5_total_count,             0
CORE_L1_DEMAND_USED_POS5_total_pct,         -nan

CORE_L1_DEMAND_USED_POS6_count,             0
CORE_L1_DEMAND_USED_POS6_pct,         -nan
CORE_L1_DEMAND_USED_POS6_total_count,             0
CORE_L1_DEMAND_USED_POS6_total_pct,         -nan

CORE_L1_DEMAND_USED_POS7_count,             0
CORE_L1_DEMAND_USED_POS7_pct,         -nan
CORE_L1_DEMAND_USED_POS7_total_count,             0
CORE_L1_DEMAND_USED_POS7_total_pct,         -nan

CORE_L1_DEMAND_USED_POS8_count,             0
CORE_L1_DEMAND_USED_POS8_pct,         -nan
CORE_L1_DEMAND_USED_POS8_total_count,             0
CORE_L1_DEMAND_USED_POS8_total_pct,         -nan

CORE_L1_DEMAND_USED_POS9_count,             0
CORE_L1_DEMAND_USED_POS9_pct,         -nan
CORE_L1_DEMAND_USED_POS9_total_count,             0
CORE_L1_DEMAND_USED_POS9_total_pct,         -nan

CORE_L1_DEMAND_USED_POS10_count,             0
CORE_L1_DEMAND_USED_POS10_pct,         -nan
CORE_L1_DEMAND_USED_POS10_total_count,             0
CORE_L1_DEMAND_USED_POS10_total_pct,         -nan

CORE_L1_DEMAND_USED_POS11_count,             0
CORE_L1_DEMAND_USED_POS11_pct,         -nan
CORE_L1_DEMAND_USED_POS11_total_count,             0
CORE_L1_DEMAND_USED_POS11_total_pct,         -nan

CORE_L1_DEMAND_USED_POS12_count,             0
CORE_L1_DEMAND_USED_POS12_pct,         -nan
CORE_L1_DEMAND_USED_POS12_total_count,             0
CORE_L1_DEMAND_USED_POS12_total_pct,         -nan

CORE_L1_DEMAND_USED_POS13_count,             0
CORE_L1_DEMAND_USED_POS13_pct,         -nan
CORE_L1_DEMAND_USED_POS13_total_count,             0
CORE_L1_DEMAND_USED_POS13_total_pct,         -nan

CORE_L1_DEMAND_USED_POS14_count,             0
CORE_L1_DEMAND_USED_POS14_pct,         -nan
CORE_L1_DEMAND_USED_POS14_total_count,             0
CORE_L1_DEMAND_USED_POS14_total_pct,         -nan

CORE_L1_DEMAND_USED_POS15_count,             0
CORE_L1_DEMAND_USED_POS15_pct,         -nan
CORE_L1_DEMAND_USED_POS15_total_count,             0
CORE_L1_DEMAND_USED_POS15_total_pct,         -nan

CORE_L1_DEMAND_USED_POS16_count,             0
CORE_L1_DEMAND_USED_POS16_pct,         -nan
CORE_L1_DEMAND_USED_POS16_total_count,             0
CORE_L1_DEMAND_USED_POS16_total_pct,         -nan

CORE_L1_DEMAND_USED_POS17_count,             0
CORE_L1_DEMAND_USED_POS17_pct,         -nan
CORE_L1_DEMAND_USED_POS17_total_count,             0
CORE_L1_DEMAND_USED_POS17_total_pct,         -nan

CORE_L1_DEMAND_USED_POS18_count,             0
CORE_L1_DEMAND_USED_POS18_pct,         -nan
CORE_L1_DEMAND_USED_POS18_total_count,             0
CORE_L1_DEMAND_USED_POS18_total_pct,         -nan

CORE_L1_DEMAND_USED_POS19_count,             0
CORE_L1_DEMAND_USED_POS19_pct,         -nan
CORE_L1_DEMAND_USED_POS19_total_count,             0
CORE_L1_DEMAND_USED_POS19_total_pct,         -nan

CORE_L1_DEMAND_USED_POS20_count,             0
CORE_L1_DEMAND_USED_POS20_pct,         -nan
CORE_L1_DEMAND_USED_POS20_total_count,             0
CORE_L1_DEMAND_USED_POS20_total_pct,         -nan

CORE_L1_DEMAND_USED_POS21_count,             0
CORE_L1_DEMAND_USED_POS21_pct,         -nan
CORE_L1_DEMAND_USED_POS21_total_count,             0
CORE_L1_DEMAND_USED_POS21_total_pct,         -nan

CORE_L1_DEMAND_USED_POS22_count,             0
CORE_L1_DEMAND_USED_POS22_pct,         -nan
CORE_L1_DEMAND_USED_POS22_total_count,             0
CORE_L1_DEMAND_USED_POS22_total_pct,         -nan

CORE_L1_DEMAND_USED_POS23_count,             0
CORE_L1_DEMAND_USED_POS23_pct,         -nan
CORE_L1_DEMAND_USED_POS23_total_count,             0
CORE_L1_DEMAND_USED_POS23_total_pct,         -nan

CORE_L1_DEMAND_USED_POS24_count,             0
CORE_L1_DEMAND_USED_POS24_pct,         -nan
CORE_L1_DEMAND_USED_POS24_total_count,             0
CORE_L1_DEMAND_USED_POS24_total_pct,         -nan

CORE_L1_DEMAND_USED_POS25_count,             0
CORE_L1_DEMAND_USED_POS25_pct,         -nan
CORE_L1_DEMAND_USED_POS25_total_count,             0
CORE_L1_DEMAND_USED_POS25_total_pct,         -nan

CORE_L1_DEMAND_USED_POS26_count,             0
CORE_L1_DEMAND_USED_POS26_pct,         -nan
CORE_L1_DEMAND_USED_POS26_total_count,             0
CORE_L1_DEMAND_USED_POS26_total_pct,         -nan

CORE_L1_DEMAND_USED_POS27_count,             0
CORE_L1_DEMAND_USED_POS27_pct,         -nan
CORE_L1_DEMAND_USED_POS27_total_count,             0
CORE_L1_DEMAND_USED_POS27_total_pct,         -nan

CORE_L1_DEMAND_USED_POS28_count,             0
CORE_L1_DEMAND_USED_POS28_pct,         -nan
CORE_L1_DEMAND_USED_POS28_total_count,             0
CORE_L1_DEMAND_USED_POS28_total_pct,         -nan

CORE_L1_DEMAND_USED_POS29_count,             0
CORE_L1_DEMAND_USED_POS29_pct,         -nan
CORE_L1_DEMAND_USED_POS29_total_count,             0
CORE_L1_DEMAND_USED_POS29_total_pct,         -nan

CORE_L1_DEMAND_USED_POS30_count,             0
CORE_L1_DEMAND_USED_POS30_pct,         -nan
CORE_L1_DEMAND_USED_POS30_total_count,             0
CORE_L1_DEMAND_USED_POS30_total_pct,         -nan

CORE_L1_DEMAND_USED_POS31_count,             0
CORE_L1_DEMAND_USED_POS31_pct,         -nan
CORE_L1_DEMAND_USED_POS31_total_count,             0
CORE_L1_DEMAND_USED_POS31_total_pct,         -nan

CORE_L1_DEMAND_USED_POS32_count,             0
CORE_L1_DEMAND_USED_POS32_pct,         -nan
CORE_L1_DEMAND_USED_POS32_total_count,             0
CORE_L1_DEMAND_USED_POS32_total_pct,         -nan

CORE_L1_DEMAND_USED_POS33_count,             0
CORE_L1_DEMAND_USED_POS33_pct,         -nan
CORE_L1_DEMAND_USED_POS33_total_count,             0
CORE_L1_DEMAND_USED_POS33_total_pct,         -nan

CORE_L1_DEMAND_USED_POS34_count,             0
CORE_L1_DEMAND_USED_POS34_pct,         -nan
CORE_L1_DEMAND_USED_POS34_total_count,             0
CORE_L1_DEMAND_USED_POS34_total_pct,         -nan

CORE_L1_DEMAND_USED_POS35_count,             0
CORE_L1_DEMAND_USED_POS35_pct,         -nan
CORE_L1_DEMAND_USED_POS35_total_count,             0
CORE_L1_DEMAND_USED_POS35_total_pct,         -nan

CORE_L1_DEMAND_USED_POS36_count,             0
CORE_L1_DEMAND_USED_POS36_pct,         -nan
CORE_L1_DEMAND_USED_POS36_total_count,             0
CORE_L1_DEMAND_USED_POS36_total_pct,         -nan

CORE_L1_DEMAND_USED_POS37_count,             0
CORE_L1_DEMAND_USED_POS37_pct,         -nan
CORE_L1_DEMAND_USED_POS37_total_count,             0
CORE_L1_DEMAND_USED_POS37_total_pct,         -nan

CORE_L1_DEMAND_USED_POS38_count,             0
CORE_L1_DEMAND_USED_POS38_pct,         -nan
CORE_L1_DEMAND_USED_POS38_total_count,             0
CORE_L1_DEMAND_USED_POS38_total_pct,         -nan

CORE_L1_DEMAND_USED_POS39_count,             0
CORE_L1_DEMAND_USED_POS39_pct,         -nan
CORE_L1_DEMAND_USED_POS39_total_count,             0
CORE_L1_DEMAND_USED_POS39_total_pct,         -nan

CORE_L1_DEMAND_USED_POS40_count,             0
CORE_L1_DEMAND_USED_POS40_pct,         -nan
CORE_L1_DEMAND_USED_POS40_total_count,             0
CORE_L1_DEMAND_USED_POS40_total_pct,         -nan

CORE_L1_DEMAND_USED_POS41_count,             0
CORE_L1_DEMAND_USED_POS41_pct,         -nan
CORE_L1_DEMAND_USED_POS41_total_count,             0
CORE_L1_DEMAND_USED_POS41_total_pct,         -nan

CORE_L1_DEMAND_USED_POS42_count,             0
CORE_L1_DEMAND_USED_POS42_pct,         -nan
CORE_L1_DEMAND_USED_POS42_total_count,             0
CORE_L1_DEMAND_USED_POS42_total_pct,         -nan

CORE_L1_DEMAND_USED_POS43_count,             0
CORE_L1_DEMAND_USED_POS43_pct,         -nan
CORE_L1_DEMAND_USED_POS43_total_count,             0
CORE_L1_DEMAND_USED_POS43_total_pct,         -nan

CORE_L1_DEMAND_USED_POS44_count,             0
CORE_L1_DEMAND_USED_POS44_pct,         -nan
CORE_L1_DEMAND_USED_POS44_total_count,             0
CORE_L1_DEMAND_USED_POS44_total_pct,         -nan

CORE_L1_DEMAND_USED_POS45_count,             0
CORE_L1_DEMAND_USED_POS45_pct,         -nan
CORE_L1_DEMAND_USED_POS45_total_count,             0
CORE_L1_DEMAND_USED_POS45_total_pct,         -nan

CORE_L1_DEMAND_USED_POS46_count,             0
CORE_L1_DEMAND_USED_POS46_pct,         -nan
CORE_L1_DEMAND_USED_POS46_total_count,             0
CORE_L1_DEMAND_USED_POS46_total_pct,         -nan

CORE_L1_DEMAND_USED_POS47_count,             0
CORE_L1_DEMAND_USED_POS47_pct,         -nan
CORE_L1_DEMAND_USED_POS47_total_count,             0
CORE_L1_DEMAND_USED_POS47_total_pct,         -nan

CORE_L1_DEMAND_USED_POS48_count,             0
CORE_L1_DEMAND_USED_POS48_pct,         -nan
CORE_L1_DEMAND_USED_POS48_total_count,             0
CORE_L1_DEMAND_USED_POS48_total_pct,         -nan

CORE_L1_DEMAND_USED_POS49_count,             0
CORE_L1_DEMAND_USED_POS49_pct,         -nan
CORE_L1_DEMAND_USED_POS49_total_count,             0
CORE_L1_DEMAND_USED_POS49_total_pct,         -nan

CORE_L1_DEMAND_USED_POS50_count,             0
CORE_L1_DEMAND_USED_POS50_pct,         -nan
CORE_L1_DEMAND_USED_POS50_total_count,             0
CORE_L1_DEMAND_USED_POS50_total_pct,         -nan

CORE_L1_DEMAND_USED_POS51_count,             0
CORE_L1_DEMAND_USED_POS51_pct,         -nan
CORE_L1_DEMAND_USED_POS51_total_count,             0
CORE_L1_DEMAND_USED_POS51_total_pct,         -nan

CORE_L1_DEMAND_USED_POS52_count,             0
CORE_L1_DEMAND_USED_POS52_pct,         -nan
CORE_L1_DEMAND_USED_POS52_total_count,             0
CORE_L1_DEMAND_USED_POS52_total_pct,         -nan

CORE_L1_DEMAND_USED_POS53_count,             0
CORE_L1_DEMAND_USED_POS53_pct,         -nan
CORE_L1_DEMAND_USED_POS53_total_count,             0
CORE_L1_DEMAND_USED_POS53_total_pct,         -nan

CORE_L1_DEMAND_USED_POS54_count,             0
CORE_L1_DEMAND_USED_POS54_pct,         -nan
CORE_L1_DEMAND_USED_POS54_total_count,             0
CORE_L1_DEMAND_USED_POS54_total_pct,         -nan

CORE_L1_DEMAND_USED_POS55_count,             0
CORE_L1_DEMAND_USED_POS55_pct,         -nan
CORE_L1_DEMAND_USED_POS55_total_count,             0
CORE_L1_DEMAND_USED_POS55_total_pct,         -nan

CORE_L1_DEMAND_USED_POS56_count,             0
CORE_L1_DEMAND_USED_POS56_pct,         -nan
CORE_L1_DEMAND_USED_POS56_total_count,             0
CORE_L1_DEMAND_USED_POS56_total_pct,         -nan

CORE_L1_DEMAND_USED_POS57_count,             0
CORE_L1_DEMAND_USED_POS57_pct,         -nan
CORE_L1_DEMAND_USED_POS57_total_count,             0
CORE_L1_DEMAND_USED_POS57_total_pct,         -nan

CORE_L1_DEMAND_USED_POS58_count,             0
CORE_L1_DEMAND_USED_POS58_pct,         -nan
CORE_L1_DEMAND_USED_POS58_total_count,             0
CORE_L1_DEMAND_USED_POS58_total_pct,         -nan

CORE_L1_DEMAND_USED_POS59_count,             0
CORE_L1_DEMAND_USED_POS59_pct,         -nan
CORE_L1_DEMAND_USED_POS59_total_count,             0
CORE_L1_DEMAND_USED_POS59_total_pct,         -nan

CORE_L1_DEMAND_USED_POS60_count,             0
CORE_L1_DEMAND_USED_POS60_pct,         -nan
CORE_L1_DEMAND_USED_POS60_total_count,             0
CORE_L1_DEMAND_USED_POS60_total_pct,         -nan

CORE_L1_DEMAND_USED_POS61_count,             0
CORE_L1_DEMAND_USED_POS61_pct,         -nan
CORE_L1_DEMAND_USED_POS61_total_count,             0
CORE_L1_DEMAND_USED_POS61_total_pct,         -nan

CORE_L1_DEMAND_USED_POS62_count,             0
CORE_L1_DEMAND_USED_POS62_pct,         -nan
CORE_L1_DEMAND_USED_POS62_total_count,             0
CORE_L1_DEMAND_USED_POS62_total_pct,         -nan

CORE_L1_DEMAND_USED_POS63_count,             0
CORE_L1_DEMAND_USED_POS63_pct,         -nan
CORE_L1_DEMAND_USED_POS63_total_count,             0
CORE_L1_DEMAND_USED_POS63_total_pct,         -nan

CORE_L1_DEMAND_USED_POS64_count,             0
CORE_L1_DEMAND_USED_POS64_pct,         -nan
CORE_L1_DEMAND_USED_POS64_total_count,             0
CORE_L1_DEMAND_USED_POS64_total_pct,         -nan

CORE_L1_DEMAND_USED_POS65_count,             0
CORE_L1_DEMAND_USED_POS65_pct,         -nan
CORE_L1_DEMAND_USED_POS65_total_count,             0
CORE_L1_DEMAND_USED_POS65_total_pct,         -nan

CORE_L1_DEMAND_USED_POS66_count,             0
CORE_L1_DEMAND_USED_POS66_pct,         -nan
CORE_L1_DEMAND_USED_POS66_total_count,             0
CORE_L1_DEMAND_USED_POS66_total_pct,         -nan

CORE_L1_DEMAND_USED_POS67_count,             0
CORE_L1_DEMAND_USED_POS67_pct,         -nan
CORE_L1_DEMAND_USED_POS67_total_count,             0
CORE_L1_DEMAND_USED_POS67_total_pct,         -nan

CORE_L1_DEMAND_USED_POS68_count,             0
CORE_L1_DEMAND_USED_POS68_pct,         -nan
CORE_L1_DEMAND_USED_POS68_total_count,             0
CORE_L1_DEMAND_USED_POS68_total_pct,         -nan

CORE_L1_DEMAND_USED_POS69_count,             0
CORE_L1_DEMAND_USED_POS69_pct,         -nan
CORE_L1_DEMAND_USED_POS69_total_count,             0
CORE_L1_DEMAND_USED_POS69_total_pct,         -nan

CORE_L1_DEMAND_USED_POS70_count,             0
CORE_L1_DEMAND_USED_POS70_pct,         -nan
CORE_L1_DEMAND_USED_POS70_total_count,             0
CORE_L1_DEMAND_USED_POS70_total_pct,         -nan

CORE_L1_DEMAND_USED_POS71_count,             0
CORE_L1_DEMAND_USED_POS71_pct,         -nan
CORE_L1_DEMAND_USED_POS71_total_count,             0
CORE_L1_DEMAND_USED_POS71_total_pct,         -nan

CORE_L1_DEMAND_USED_POS72_count,             0
CORE_L1_DEMAND_USED_POS72_pct,         -nan
CORE_L1_DEMAND_USED_POS72_total_count,             0
CORE_L1_DEMAND_USED_POS72_total_pct,         -nan

CORE_L1_DEMAND_USED_POS73_count,             0
CORE_L1_DEMAND_USED_POS73_pct,         -nan
CORE_L1_DEMAND_USED_POS73_total_count,             0
CORE_L1_DEMAND_USED_POS73_total_pct,         -nan

CORE_L1_DEMAND_USED_POS74_count,             0
CORE_L1_DEMAND_USED_POS74_pct,         -nan
CORE_L1_DEMAND_USED_POS74_total_count,             0
CORE_L1_DEMAND_USED_POS74_total_pct,         -nan

CORE_L1_DEMAND_USED_POS75_count,             0
CORE_L1_DEMAND_USED_POS75_pct,         -nan
CORE_L1_DEMAND_USED_POS75_total_count,             0
CORE_L1_DEMAND_USED_POS75_total_pct,         -nan

CORE_L1_DEMAND_USED_POS76_count,             0
CORE_L1_DEMAND_USED_POS76_pct,         -nan
CORE_L1_DEMAND_USED_POS76_total_count,             0
CORE_L1_DEMAND_USED_POS76_total_pct,         -nan

CORE_L1_DEMAND_USED_POS77_count,             0
CORE_L1_DEMAND_USED_POS77_pct,         -nan
CORE_L1_DEMAND_USED_POS77_total_count,             0
CORE_L1_DEMAND_USED_POS77_total_pct,         -nan

CORE_L1_DEMAND_USED_POS78_count,             0
CORE_L1_DEMAND_USED_POS78_pct,         -nan
CORE_L1_DEMAND_USED_POS78_total_count,             0
CORE_L1_DEMAND_USED_POS78_total_pct,         -nan

CORE_L1_DEMAND_USED_POS79_count,             0
CORE_L1_DEMAND_USED_POS79_pct,         -nan
CORE_L1_DEMAND_USED_POS79_total_count,             0
CORE_L1_DEMAND_USED_POS79_total_pct,         -nan

CORE_L1_DEMAND_USED_POS80_count,             0
CORE_L1_DEMAND_USED_POS80_pct,         -nan
CORE_L1_DEMAND_USED_POS80_total_count,             0
CORE_L1_DEMAND_USED_POS80_total_pct,         -nan

CORE_L1_DEMAND_USED_POS81_count,             0
CORE_L1_DEMAND_USED_POS81_pct,         -nan
CORE_L1_DEMAND_USED_POS81_total_count,             0
CORE_L1_DEMAND_USED_POS81_total_pct,         -nan

CORE_L1_DEMAND_USED_POS82_count,             0
CORE_L1_DEMAND_USED_POS82_pct,         -nan
CORE_L1_DEMAND_USED_POS82_total_count,             0
CORE_L1_DEMAND_USED_POS82_total_pct,         -nan

CORE_L1_DEMAND_USED_POS83_count,             0
CORE_L1_DEMAND_USED_POS83_pct,         -nan
CORE_L1_DEMAND_USED_POS83_total_count,             0
CORE_L1_DEMAND_USED_POS83_total_pct,         -nan

CORE_L1_DEMAND_USED_POS84_count,             0
CORE_L1_DEMAND_USED_POS84_pct,         -nan
CORE_L1_DEMAND_USED_POS84_total_count,             0
CORE_L1_DEMAND_USED_POS84_total_pct,         -nan

CORE_L1_DEMAND_USED_POS85_count,             0
CORE_L1_DEMAND_USED_POS85_pct,         -nan
CORE_L1_DEMAND_USED_POS85_total_count,             0
CORE_L1_DEMAND_USED_POS85_total_pct,         -nan

CORE_L1_DEMAND_USED_POS86_count,             0
CORE_L1_DEMAND_USED_POS86_pct,         -nan
CORE_L1_DEMAND_USED_POS86_total_count,             0
CORE_L1_DEMAND_USED_POS86_total_pct,         -nan

CORE_L1_DEMAND_USED_POS87_count,             0
CORE_L1_DEMAND_USED_POS87_pct,         -nan
CORE_L1_DEMAND_USED_POS87_total_count,             0
CORE_L1_DEMAND_USED_POS87_total_pct,         -nan

CORE_L1_DEMAND_USED_POS88_count,             0
CORE_L1_DEMAND_USED_POS88_pct,         -nan
CORE_L1_DEMAND_USED_POS88_total_count,             0
CORE_L1_DEMAND_USED_POS88_total_pct,         -nan

CORE_L1_DEMAND_USED_POS89_count,             0
CORE_L1_DEMAND_USED_POS89_pct,         -nan
CORE_L1_DEMAND_USED_POS89_total_count,             0
CORE_L1_DEMAND_USED_POS89_total_pct,         -nan

CORE_L1_DEMAND_USED_POS90_count,             0
CORE_L1_DEMAND_USED_POS90_pct,         -nan
CORE_L1_DEMAND_USED_POS90_total_count,             0
CORE_L1_DEMAND_USED_POS90_total_pct,         -nan

CORE_L1_DEMAND_USED_POS91_count,             0
CORE_L1_DEMAND_USED_POS91_pct,         -nan
CORE_L1_DEMAND_USED_POS91_total_count,             0
CORE_L1_DEMAND_USED_POS91_total_pct,         -nan

CORE_L1_DEMAND_USED_POS92_count,             0
CORE_L1_DEMAND_USED_POS92_pct,         -nan
CORE_L1_DEMAND_USED_POS92_total_count,             0
CORE_L1_DEMAND_USED_POS92_total_pct,         -nan

CORE_L1_DEMAND_USED_POS93_count,             0
CORE_L1_DEMAND_USED_POS93_pct,         -nan
CORE_L1_DEMAND_USED_POS93_total_count,             0
CORE_L1_DEMAND_USED_POS93_total_pct,         -nan

CORE_L1_DEMAND_USED_POS94_count,             0
CORE_L1_DEMAND_USED_POS94_pct,         -nan
CORE_L1_DEMAND_USED_POS94_total_count,             0
CORE_L1_DEMAND_USED_POS94_total_pct,         -nan

CORE_L1_DEMAND_USED_POS95_count,             0
CORE_L1_DEMAND_USED_POS95_pct,         -nan
CORE_L1_DEMAND_USED_POS95_total_count,             0
CORE_L1_DEMAND_USED_POS95_total_pct,         -nan

CORE_L1_DEMAND_USED_POS96_count,             0
CORE_L1_DEMAND_USED_POS96_pct,         -nan
CORE_L1_DEMAND_USED_POS96_total_count,             0
CORE_L1_DEMAND_USED_POS96_total_pct,         -nan

CORE_L1_DEMAND_USED_POS97_count,             0
CORE_L1_DEMAND_USED_POS97_pct,         -nan
CORE_L1_DEMAND_USED_POS97_total_count,             0
CORE_L1_DEMAND_USED_POS97_total_pct,         -nan

CORE_L1_DEMAND_USED_POS98_count,             0
CORE_L1_DEMAND_USED_POS98_pct,         -nan
CORE_L1_DEMAND_USED_POS98_total_count,             0
CORE_L1_DEMAND_USED_POS98_total_pct,         -nan

CORE_L1_DEMAND_USED_POS99_count,             0
CORE_L1_DEMAND_USED_POS99_pct,         -nan
CORE_L1_DEMAND_USED_POS99_total_count,             0
CORE_L1_DEMAND_USED_POS99_total_pct,         -nan

CORE_L1_DEMAND_USED_POS100_count,             0
CORE_L1_DEMAND_USED_POS100_pct,         -nan
CORE_L1_DEMAND_USED_POS100_total_count,             0
CORE_L1_DEMAND_USED_POS100_total_pct,         -nan

CORE_L1_DEMAND_USED_POS101_count,             0
CORE_L1_DEMAND_USED_POS101_pct,         -nan
CORE_L1_DEMAND_USED_POS101_total_count,             0
CORE_L1_DEMAND_USED_POS101_total_pct,         -nan

CORE_L1_DEMAND_USED_POS102_count,             0
CORE_L1_DEMAND_USED_POS102_pct,         -nan
CORE_L1_DEMAND_USED_POS102_total_count,             0
CORE_L1_DEMAND_USED_POS102_total_pct,         -nan

CORE_L1_DEMAND_USED_POS103_count,             0
CORE_L1_DEMAND_USED_POS103_pct,         -nan
CORE_L1_DEMAND_USED_POS103_total_count,             0
CORE_L1_DEMAND_USED_POS103_total_pct,         -nan

CORE_L1_DEMAND_USED_POS104_count,             0
CORE_L1_DEMAND_USED_POS104_pct,         -nan
CORE_L1_DEMAND_USED_POS104_total_count,             0
CORE_L1_DEMAND_USED_POS104_total_pct,         -nan

CORE_L1_DEMAND_USED_POS105_count,             0
CORE_L1_DEMAND_USED_POS105_pct,         -nan
CORE_L1_DEMAND_USED_POS105_total_count,             0
CORE_L1_DEMAND_USED_POS105_total_pct,         -nan

CORE_L1_DEMAND_USED_POS106_count,             0
CORE_L1_DEMAND_USED_POS106_pct,         -nan
CORE_L1_DEMAND_USED_POS106_total_count,             0
CORE_L1_DEMAND_USED_POS106_total_pct,         -nan

CORE_L1_DEMAND_USED_POS107_count,             0
CORE_L1_DEMAND_USED_POS107_pct,         -nan
CORE_L1_DEMAND_USED_POS107_total_count,             0
CORE_L1_DEMAND_USED_POS107_total_pct,         -nan

CORE_L1_DEMAND_USED_POS108_count,             0
CORE_L1_DEMAND_USED_POS108_pct,         -nan
CORE_L1_DEMAND_USED_POS108_total_count,             0
CORE_L1_DEMAND_USED_POS108_total_pct,         -nan

CORE_L1_DEMAND_USED_POS109_count,             0
CORE_L1_DEMAND_USED_POS109_pct,         -nan
CORE_L1_DEMAND_USED_POS109_total_count,             0
CORE_L1_DEMAND_USED_POS109_total_pct,         -nan

CORE_L1_DEMAND_USED_POS110_count,             0
CORE_L1_DEMAND_USED_POS110_pct,         -nan
CORE_L1_DEMAND_USED_POS110_total_count,             0
CORE_L1_DEMAND_USED_POS110_total_pct,         -nan

CORE_L1_DEMAND_USED_POS111_count,             0
CORE_L1_DEMAND_USED_POS111_pct,         -nan
CORE_L1_DEMAND_USED_POS111_total_count,             0
CORE_L1_DEMAND_USED_POS111_total_pct,         -nan

CORE_L1_DEMAND_USED_POS112_count,             0
CORE_L1_DEMAND_USED_POS112_pct,         -nan
CORE_L1_DEMAND_USED_POS112_total_count,             0
CORE_L1_DEMAND_USED_POS112_total_pct,         -nan

CORE_L1_DEMAND_USED_POS113_count,             0
CORE_L1_DEMAND_USED_POS113_pct,         -nan
CORE_L1_DEMAND_USED_POS113_total_count,             0
CORE_L1_DEMAND_USED_POS113_total_pct,         -nan

CORE_L1_DEMAND_USED_POS114_count,             0
CORE_L1_DEMAND_USED_POS114_pct,         -nan
CORE_L1_DEMAND_USED_POS114_total_count,             0
CORE_L1_DEMAND_USED_POS114_total_pct,         -nan

CORE_L1_DEMAND_USED_POS115_count,             0
CORE_L1_DEMAND_USED_POS115_pct,         -nan
CORE_L1_DEMAND_USED_POS115_total_count,             0
CORE_L1_DEMAND_USED_POS115_total_pct,         -nan

CORE_L1_DEMAND_USED_POS116_count,             0
CORE_L1_DEMAND_USED_POS116_pct,         -nan
CORE_L1_DEMAND_USED_POS116_total_count,             0
CORE_L1_DEMAND_USED_POS116_total_pct,         -nan

CORE_L1_DEMAND_USED_POS117_count,             0
CORE_L1_DEMAND_USED_POS117_pct,         -nan
CORE_L1_DEMAND_USED_POS117_total_count,             0
CORE_L1_DEMAND_USED_POS117_total_pct,         -nan

CORE_L1_DEMAND_USED_POS118_count,             0
CORE_L1_DEMAND_USED_POS118_pct,         -nan
CORE_L1_DEMAND_USED_POS118_total_count,             0
CORE_L1_DEMAND_USED_POS118_total_pct,         -nan

CORE_L1_DEMAND_USED_POS119_count,             0
CORE_L1_DEMAND_USED_POS119_pct,         -nan
CORE_L1_DEMAND_USED_POS119_total_count,             0
CORE_L1_DEMAND_USED_POS119_total_pct,         -nan

CORE_L1_DEMAND_USED_POS120_count,             0
CORE_L1_DEMAND_USED_POS120_pct,         -nan
CORE_L1_DEMAND_USED_POS120_total_count,             0
CORE_L1_DEMAND_USED_POS120_total_pct,         -nan

CORE_L1_DEMAND_USED_POS121_count,             0
CORE_L1_DEMAND_USED_POS121_pct,         -nan
CORE_L1_DEMAND_USED_POS121_total_count,             0
CORE_L1_DEMAND_USED_POS121_total_pct,         -nan

CORE_L1_DEMAND_USED_POS122_count,             0
CORE_L1_DEMAND_USED_POS122_pct,         -nan
CORE_L1_DEMAND_USED_POS122_total_count,             0
CORE_L1_DEMAND_USED_POS122_total_pct,         -nan

CORE_L1_DEMAND_USED_POS123_count,             0
CORE_L1_DEMAND_USED_POS123_pct,         -nan
CORE_L1_DEMAND_USED_POS123_total_count,             0
CORE_L1_DEMAND_USED_POS123_total_pct,         -nan

CORE_L1_DEMAND_USED_POS124_count,             0
CORE_L1_DEMAND_USED_POS124_pct,         -nan
CORE_L1_DEMAND_USED_POS124_total_count,             0
CORE_L1_DEMAND_USED_POS124_total_pct,         -nan

CORE_L1_DEMAND_USED_POS125_count,             0
CORE_L1_DEMAND_USED_POS125_pct,         -nan
CORE_L1_DEMAND_USED_POS125_total_count,             0
CORE_L1_DEMAND_USED_POS125_total_pct,         -nan

CORE_L1_DEMAND_USED_POS126_count,             0
CORE_L1_DEMAND_USED_POS126_pct,         -nan
CORE_L1_DEMAND_USED_POS126_total_count,             0
CORE_L1_DEMAND_USED_POS126_total_pct,         -nan

CORE_L1_DEMAND_USED_POS127_count,             0
CORE_L1_DEMAND_USED_POS127_pct,         -nan
CORE_L1_DEMAND_USED_POS127_total_count,             0
CORE_L1_DEMAND_USED_POS127_total_pct,         -nan
CORE_L1_DEMAND_USED_POS127_sum_count,             0
CORE_L1_DEMAND_USED_POS127_sum_pct,         -nan
CORE_L1_DEMAND_USED_POS127_sum_total_count,             0
CORE_L1_DEMAND_USED_POS127_sum_total_pct,         -nan
CORE_L1_DEMAND_USED_POS127_mean,         -nan
CORE_L1_DEMAND_USED_POS127_stddev,         -nan
CORE_L1_DEMAND_USED_POS127_total_mean,         -nan
CORE_L1_DEMAND_USED_POS127_total_stddev,         -nan

CORE_L1_PREF_USED_POS0_count,             0
CORE_L1_PREF_USED_POS0_pct,         -nan
CORE_L1_PREF_USED_POS0_total_count,             0
CORE_L1_PREF_USED_POS0_total_pct,         -nan

CORE_L1_PREF_USED_POS1_count,             0
CORE_L1_PREF_USED_POS1_pct,         -nan
CORE_L1_PREF_USED_POS1_total_count,             0
CORE_L1_PREF_USED_POS1_total_pct,         -nan

CORE_L1_PREF_USED_POS2_count,             0
CORE_L1_PREF_USED_POS2_pct,         -nan
CORE_L1_PREF_USED_POS2_total_count,             0
CORE_L1_PREF_USED_POS2_total_pct,         -nan

CORE_L1_PREF_USED_POS3_count,             0
CORE_L1_PREF_USED_POS3_pct,         -nan
CORE_L1_PREF_USED_POS3_total_count,             0
CORE_L1_PREF_USED_POS3_total_pct,         -nan

CORE_L1_PREF_USED_POS4_count,             0
CORE_L1_PREF_USED_POS4_pct,         -nan
CORE_L1_PREF_USED_POS4_total_count,             0
CORE_L1_PREF_USED_POS4_total_pct,         -nan

CORE_L1_PREF_USED_POS5_count,             0
CORE_L1_PREF_USED_POS5_pct,         -nan
CORE_L1_PREF_USED_POS5_total_count,             0
CORE_L1_PREF_USED_POS5_total_pct,         -nan

CORE_L1_PREF_USED_POS6_count,             0
CORE_L1_PREF_USED_POS6_pct,         -nan
CORE_L1_PREF_USED_POS6_total_count,             0
CORE_L1_PREF_USED_POS6_total_pct,         -nan

CORE_L1_PREF_USED_POS7_count,             0
CORE_L1_PREF_USED_POS7_pct,         -nan
CORE_L1_PREF_USED_POS7_total_count,             0
CORE_L1_PREF_USED_POS7_total_pct,         -nan

CORE_L1_PREF_USED_POS8_count,             0
CORE_L1_PREF_USED_POS8_pct,         -nan
CORE_L1_PREF_USED_POS8_total_count,             0
CORE_L1_PREF_USED_POS8_total_pct,         -nan

CORE_L1_PREF_USED_POS9_count,             0
CORE_L1_PREF_USED_POS9_pct,         -nan
CORE_L1_PREF_USED_POS9_total_count,             0
CORE_L1_PREF_USED_POS9_total_pct,         -nan

CORE_L1_PREF_USED_POS10_count,             0
CORE_L1_PREF_USED_POS10_pct,         -nan
CORE_L1_PREF_USED_POS10_total_count,             0
CORE_L1_PREF_USED_POS10_total_pct,         -nan

CORE_L1_PREF_USED_POS11_count,             0
CORE_L1_PREF_USED_POS11_pct,         -nan
CORE_L1_PREF_USED_POS11_total_count,             0
CORE_L1_PREF_USED_POS11_total_pct,         -nan

CORE_L1_PREF_USED_POS12_count,             0
CORE_L1_PREF_USED_POS12_pct,         -nan
CORE_L1_PREF_USED_POS12_total_count,             0
CORE_L1_PREF_USED_POS12_total_pct,         -nan

CORE_L1_PREF_USED_POS13_count,             0
CORE_L1_PREF_USED_POS13_pct,         -nan
CORE_L1_PREF_USED_POS13_total_count,             0
CORE_L1_PREF_USED_POS13_total_pct,         -nan

CORE_L1_PREF_USED_POS14_count,             0
CORE_L1_PREF_USED_POS14_pct,         -nan
CORE_L1_PREF_USED_POS14_total_count,             0
CORE_L1_PREF_USED_POS14_total_pct,         -nan

CORE_L1_PREF_USED_POS15_count,             0
CORE_L1_PREF_USED_POS15_pct,         -nan
CORE_L1_PREF_USED_POS15_total_count,             0
CORE_L1_PREF_USED_POS15_total_pct,         -nan

CORE_L1_PREF_USED_POS16_count,             0
CORE_L1_PREF_USED_POS16_pct,         -nan
CORE_L1_PREF_USED_POS16_total_count,             0
CORE_L1_PREF_USED_POS16_total_pct,         -nan

CORE_L1_PREF_USED_POS17_count,             0
CORE_L1_PREF_USED_POS17_pct,         -nan
CORE_L1_PREF_USED_POS17_total_count,             0
CORE_L1_PREF_USED_POS17_total_pct,         -nan

CORE_L1_PREF_USED_POS18_count,             0
CORE_L1_PREF_USED_POS18_pct,         -nan
CORE_L1_PREF_USED_POS18_total_count,             0
CORE_L1_PREF_USED_POS18_total_pct,         -nan

CORE_L1_PREF_USED_POS19_count,             0
CORE_L1_PREF_USED_POS19_pct,         -nan
CORE_L1_PREF_USED_POS19_total_count,             0
CORE_L1_PREF_USED_POS19_total_pct,         -nan

CORE_L1_PREF_USED_POS20_count,             0
CORE_L1_PREF_USED_POS20_pct,         -nan
CORE_L1_PREF_USED_POS20_total_count,             0
CORE_L1_PREF_USED_POS20_total_pct,         -nan

CORE_L1_PREF_USED_POS21_count,             0
CORE_L1_PREF_USED_POS21_pct,         -nan
CORE_L1_PREF_USED_POS21_total_count,             0
CORE_L1_PREF_USED_POS21_total_pct,         -nan

CORE_L1_PREF_USED_POS22_count,             0
CORE_L1_PREF_USED_POS22_pct,         -nan
CORE_L1_PREF_USED_POS22_total_count,             0
CORE_L1_PREF_USED_POS22_total_pct,         -nan

CORE_L1_PREF_USED_POS23_count,             0
CORE_L1_PREF_USED_POS23_pct,         -nan
CORE_L1_PREF_USED_POS23_total_count,             0
CORE_L1_PREF_USED_POS23_total_pct,         -nan

CORE_L1_PREF_USED_POS24_count,             0
CORE_L1_PREF_USED_POS24_pct,         -nan
CORE_L1_PREF_USED_POS24_total_count,             0
CORE_L1_PREF_USED_POS24_total_pct,         -nan

CORE_L1_PREF_USED_POS25_count,             0
CORE_L1_PREF_USED_POS25_pct,         -nan
CORE_L1_PREF_USED_POS25_total_count,             0
CORE_L1_PREF_USED_POS25_total_pct,         -nan

CORE_L1_PREF_USED_POS26_count,             0
CORE_L1_PREF_USED_POS26_pct,         -nan
CORE_L1_PREF_USED_POS26_total_count,             0
CORE_L1_PREF_USED_POS26_total_pct,         -nan

CORE_L1_PREF_USED_POS27_count,             0
CORE_L1_PREF_USED_POS27_pct,         -nan
CORE_L1_PREF_USED_POS27_total_count,             0
CORE_L1_PREF_USED_POS27_total_pct,         -nan

CORE_L1_PREF_USED_POS28_count,             0
CORE_L1_PREF_USED_POS28_pct,         -nan
CORE_L1_PREF_USED_POS28_total_count,             0
CORE_L1_PREF_USED_POS28_total_pct,         -nan

CORE_L1_PREF_USED_POS29_count,             0
CORE_L1_PREF_USED_POS29_pct,         -nan
CORE_L1_PREF_USED_POS29_total_count,             0
CORE_L1_PREF_USED_POS29_total_pct,         -nan

CORE_L1_PREF_USED_POS30_count,             0
CORE_L1_PREF_USED_POS30_pct,         -nan
CORE_L1_PREF_USED_POS30_total_count,             0
CORE_L1_PREF_USED_POS30_total_pct,         -nan

CORE_L1_PREF_USED_POS31_count,             0
CORE_L1_PREF_USED_POS31_pct,         -nan
CORE_L1_PREF_USED_POS31_total_count,             0
CORE_L1_PREF_USED_POS31_total_pct,         -nan

CORE_L1_PREF_USED_POS32_count,             0
CORE_L1_PREF_USED_POS32_pct,         -nan
CORE_L1_PREF_USED_POS32_total_count,             0
CORE_L1_PREF_USED_POS32_total_pct,         -nan

CORE_L1_PREF_USED_POS33_count,             0
CORE_L1_PREF_USED_POS33_pct,         -nan
CORE_L1_PREF_USED_POS33_total_count,             0
CORE_L1_PREF_USED_POS33_total_pct,         -nan

CORE_L1_PREF_USED_POS34_count,             0
CORE_L1_PREF_USED_POS34_pct,         -nan
CORE_L1_PREF_USED_POS34_total_count,             0
CORE_L1_PREF_USED_POS34_total_pct,         -nan

CORE_L1_PREF_USED_POS35_count,             0
CORE_L1_PREF_USED_POS35_pct,         -nan
CORE_L1_PREF_USED_POS35_total_count,             0
CORE_L1_PREF_USED_POS35_total_pct,         -nan

CORE_L1_PREF_USED_POS36_count,             0
CORE_L1_PREF_USED_POS36_pct,         -nan
CORE_L1_PREF_USED_POS36_total_count,             0
CORE_L1_PREF_USED_POS36_total_pct,         -nan

CORE_L1_PREF_USED_POS37_count,             0
CORE_L1_PREF_USED_POS37_pct,         -nan
CORE_L1_PREF_USED_POS37_total_count,             0
CORE_L1_PREF_USED_POS37_total_pct,         -nan

CORE_L1_PREF_USED_POS38_count,             0
CORE_L1_PREF_USED_POS38_pct,         -nan
CORE_L1_PREF_USED_POS38_total_count,             0
CORE_L1_PREF_USED_POS38_total_pct,         -nan

CORE_L1_PREF_USED_POS39_count,             0
CORE_L1_PREF_USED_POS39_pct,         -nan
CORE_L1_PREF_USED_POS39_total_count,             0
CORE_L1_PREF_USED_POS39_total_pct,         -nan

CORE_L1_PREF_USED_POS40_count,             0
CORE_L1_PREF_USED_POS40_pct,         -nan
CORE_L1_PREF_USED_POS40_total_count,             0
CORE_L1_PREF_USED_POS40_total_pct,         -nan

CORE_L1_PREF_USED_POS41_count,             0
CORE_L1_PREF_USED_POS41_pct,         -nan
CORE_L1_PREF_USED_POS41_total_count,             0
CORE_L1_PREF_USED_POS41_total_pct,         -nan

CORE_L1_PREF_USED_POS42_count,             0
CORE_L1_PREF_USED_POS42_pct,         -nan
CORE_L1_PREF_USED_POS42_total_count,             0
CORE_L1_PREF_USED_POS42_total_pct,         -nan

CORE_L1_PREF_USED_POS43_count,             0
CORE_L1_PREF_USED_POS43_pct,         -nan
CORE_L1_PREF_USED_POS43_total_count,             0
CORE_L1_PREF_USED_POS43_total_pct,         -nan

CORE_L1_PREF_USED_POS44_count,             0
CORE_L1_PREF_USED_POS44_pct,         -nan
CORE_L1_PREF_USED_POS44_total_count,             0
CORE_L1_PREF_USED_POS44_total_pct,         -nan

CORE_L1_PREF_USED_POS45_count,             0
CORE_L1_PREF_USED_POS45_pct,         -nan
CORE_L1_PREF_USED_POS45_total_count,             0
CORE_L1_PREF_USED_POS45_total_pct,         -nan

CORE_L1_PREF_USED_POS46_count,             0
CORE_L1_PREF_USED_POS46_pct,         -nan
CORE_L1_PREF_USED_POS46_total_count,             0
CORE_L1_PREF_USED_POS46_total_pct,         -nan

CORE_L1_PREF_USED_POS47_count,             0
CORE_L1_PREF_USED_POS47_pct,         -nan
CORE_L1_PREF_USED_POS47_total_count,             0
CORE_L1_PREF_USED_POS47_total_pct,         -nan

CORE_L1_PREF_USED_POS48_count,             0
CORE_L1_PREF_USED_POS48_pct,         -nan
CORE_L1_PREF_USED_POS48_total_count,             0
CORE_L1_PREF_USED_POS48_total_pct,         -nan

CORE_L1_PREF_USED_POS49_count,             0
CORE_L1_PREF_USED_POS49_pct,         -nan
CORE_L1_PREF_USED_POS49_total_count,             0
CORE_L1_PREF_USED_POS49_total_pct,         -nan

CORE_L1_PREF_USED_POS50_count,             0
CORE_L1_PREF_USED_POS50_pct,         -nan
CORE_L1_PREF_USED_POS50_total_count,             0
CORE_L1_PREF_USED_POS50_total_pct,         -nan

CORE_L1_PREF_USED_POS51_count,             0
CORE_L1_PREF_USED_POS51_pct,         -nan
CORE_L1_PREF_USED_POS51_total_count,             0
CORE_L1_PREF_USED_POS51_total_pct,         -nan

CORE_L1_PREF_USED_POS52_count,             0
CORE_L1_PREF_USED_POS52_pct,         -nan
CORE_L1_PREF_USED_POS52_total_count,             0
CORE_L1_PREF_USED_POS52_total_pct,         -nan

CORE_L1_PREF_USED_POS53_count,             0
CORE_L1_PREF_USED_POS53_pct,         -nan
CORE_L1_PREF_USED_POS53_total_count,             0
CORE_L1_PREF_USED_POS53_total_pct,         -nan

CORE_L1_PREF_USED_POS54_count,             0
CORE_L1_PREF_USED_POS54_pct,         -nan
CORE_L1_PREF_USED_POS54_total_count,             0
CORE_L1_PREF_USED_POS54_total_pct,         -nan

CORE_L1_PREF_USED_POS55_count,             0
CORE_L1_PREF_USED_POS55_pct,         -nan
CORE_L1_PREF_USED_POS55_total_count,             0
CORE_L1_PREF_USED_POS55_total_pct,         -nan

CORE_L1_PREF_USED_POS56_count,             0
CORE_L1_PREF_USED_POS56_pct,         -nan
CORE_L1_PREF_USED_POS56_total_count,             0
CORE_L1_PREF_USED_POS56_total_pct,         -nan

CORE_L1_PREF_USED_POS57_count,             0
CORE_L1_PREF_USED_POS57_pct,         -nan
CORE_L1_PREF_USED_POS57_total_count,             0
CORE_L1_PREF_USED_POS57_total_pct,         -nan

CORE_L1_PREF_USED_POS58_count,             0
CORE_L1_PREF_USED_POS58_pct,         -nan
CORE_L1_PREF_USED_POS58_total_count,             0
CORE_L1_PREF_USED_POS58_total_pct,         -nan

CORE_L1_PREF_USED_POS59_count,             0
CORE_L1_PREF_USED_POS59_pct,         -nan
CORE_L1_PREF_USED_POS59_total_count,             0
CORE_L1_PREF_USED_POS59_total_pct,         -nan

CORE_L1_PREF_USED_POS60_count,             0
CORE_L1_PREF_USED_POS60_pct,         -nan
CORE_L1_PREF_USED_POS60_total_count,             0
CORE_L1_PREF_USED_POS60_total_pct,         -nan

CORE_L1_PREF_USED_POS61_count,             0
CORE_L1_PREF_USED_POS61_pct,         -nan
CORE_L1_PREF_USED_POS61_total_count,             0
CORE_L1_PREF_USED_POS61_total_pct,         -nan

CORE_L1_PREF_USED_POS62_count,             0
CORE_L1_PREF_USED_POS62_pct,         -nan
CORE_L1_PREF_USED_POS62_total_count,             0
CORE_L1_PREF_USED_POS62_total_pct,         -nan

CORE_L1_PREF_USED_POS63_count,             0
CORE_L1_PREF_USED_POS63_pct,         -nan
CORE_L1_PREF_USED_POS63_total_count,             0
CORE_L1_PREF_USED_POS63_total_pct,         -nan

CORE_L1_PREF_USED_POS64_count,             0
CORE_L1_PREF_USED_POS64_pct,         -nan
CORE_L1_PREF_USED_POS64_total_count,             0
CORE_L1_PREF_USED_POS64_total_pct,         -nan

CORE_L1_PREF_USED_POS65_count,             0
CORE_L1_PREF_USED_POS65_pct,         -nan
CORE_L1_PREF_USED_POS65_total_count,             0
CORE_L1_PREF_USED_POS65_total_pct,         -nan

CORE_L1_PREF_USED_POS66_count,             0
CORE_L1_PREF_USED_POS66_pct,         -nan
CORE_L1_PREF_USED_POS66_total_count,             0
CORE_L1_PREF_USED_POS66_total_pct,         -nan

CORE_L1_PREF_USED_POS67_count,             0
CORE_L1_PREF_USED_POS67_pct,         -nan
CORE_L1_PREF_USED_POS67_total_count,             0
CORE_L1_PREF_USED_POS67_total_pct,         -nan

CORE_L1_PREF_USED_POS68_count,             0
CORE_L1_PREF_USED_POS68_pct,         -nan
CORE_L1_PREF_USED_POS68_total_count,             0
CORE_L1_PREF_USED_POS68_total_pct,         -nan

CORE_L1_PREF_USED_POS69_count,             0
CORE_L1_PREF_USED_POS69_pct,         -nan
CORE_L1_PREF_USED_POS69_total_count,             0
CORE_L1_PREF_USED_POS69_total_pct,         -nan

CORE_L1_PREF_USED_POS70_count,             0
CORE_L1_PREF_USED_POS70_pct,         -nan
CORE_L1_PREF_USED_POS70_total_count,             0
CORE_L1_PREF_USED_POS70_total_pct,         -nan

CORE_L1_PREF_USED_POS71_count,             0
CORE_L1_PREF_USED_POS71_pct,         -nan
CORE_L1_PREF_USED_POS71_total_count,             0
CORE_L1_PREF_USED_POS71_total_pct,         -nan

CORE_L1_PREF_USED_POS72_count,             0
CORE_L1_PREF_USED_POS72_pct,         -nan
CORE_L1_PREF_USED_POS72_total_count,             0
CORE_L1_PREF_USED_POS72_total_pct,         -nan

CORE_L1_PREF_USED_POS73_count,             0
CORE_L1_PREF_USED_POS73_pct,         -nan
CORE_L1_PREF_USED_POS73_total_count,             0
CORE_L1_PREF_USED_POS73_total_pct,         -nan

CORE_L1_PREF_USED_POS74_count,             0
CORE_L1_PREF_USED_POS74_pct,         -nan
CORE_L1_PREF_USED_POS74_total_count,             0
CORE_L1_PREF_USED_POS74_total_pct,         -nan

CORE_L1_PREF_USED_POS75_count,             0
CORE_L1_PREF_USED_POS75_pct,         -nan
CORE_L1_PREF_USED_POS75_total_count,             0
CORE_L1_PREF_USED_POS75_total_pct,         -nan

CORE_L1_PREF_USED_POS76_count,             0
CORE_L1_PREF_USED_POS76_pct,         -nan
CORE_L1_PREF_USED_POS76_total_count,             0
CORE_L1_PREF_USED_POS76_total_pct,         -nan

CORE_L1_PREF_USED_POS77_count,             0
CORE_L1_PREF_USED_POS77_pct,         -nan
CORE_L1_PREF_USED_POS77_total_count,             0
CORE_L1_PREF_USED_POS77_total_pct,         -nan

CORE_L1_PREF_USED_POS78_count,             0
CORE_L1_PREF_USED_POS78_pct,         -nan
CORE_L1_PREF_USED_POS78_total_count,             0
CORE_L1_PREF_USED_POS78_total_pct,         -nan

CORE_L1_PREF_USED_POS79_count,             0
CORE_L1_PREF_USED_POS79_pct,         -nan
CORE_L1_PREF_USED_POS79_total_count,             0
CORE_L1_PREF_USED_POS79_total_pct,         -nan

CORE_L1_PREF_USED_POS80_count,             0
CORE_L1_PREF_USED_POS80_pct,         -nan
CORE_L1_PREF_USED_POS80_total_count,             0
CORE_L1_PREF_USED_POS80_total_pct,         -nan

CORE_L1_PREF_USED_POS81_count,             0
CORE_L1_PREF_USED_POS81_pct,         -nan
CORE_L1_PREF_USED_POS81_total_count,             0
CORE_L1_PREF_USED_POS81_total_pct,         -nan

CORE_L1_PREF_USED_POS82_count,             0
CORE_L1_PREF_USED_POS82_pct,         -nan
CORE_L1_PREF_USED_POS82_total_count,             0
CORE_L1_PREF_USED_POS82_total_pct,         -nan

CORE_L1_PREF_USED_POS83_count,             0
CORE_L1_PREF_USED_POS83_pct,         -nan
CORE_L1_PREF_USED_POS83_total_count,             0
CORE_L1_PREF_USED_POS83_total_pct,         -nan

CORE_L1_PREF_USED_POS84_count,             0
CORE_L1_PREF_USED_POS84_pct,         -nan
CORE_L1_PREF_USED_POS84_total_count,             0
CORE_L1_PREF_USED_POS84_total_pct,         -nan

CORE_L1_PREF_USED_POS85_count,             0
CORE_L1_PREF_USED_POS85_pct,         -nan
CORE_L1_PREF_USED_POS85_total_count,             0
CORE_L1_PREF_USED_POS85_total_pct,         -nan

CORE_L1_PREF_USED_POS86_count,             0
CORE_L1_PREF_USED_POS86_pct,         -nan
CORE_L1_PREF_USED_POS86_total_count,             0
CORE_L1_PREF_USED_POS86_total_pct,         -nan

CORE_L1_PREF_USED_POS87_count,             0
CORE_L1_PREF_USED_POS87_pct,         -nan
CORE_L1_PREF_USED_POS87_total_count,             0
CORE_L1_PREF_USED_POS87_total_pct,         -nan

CORE_L1_PREF_USED_POS88_count,             0
CORE_L1_PREF_USED_POS88_pct,         -nan
CORE_L1_PREF_USED_POS88_total_count,             0
CORE_L1_PREF_USED_POS88_total_pct,         -nan

CORE_L1_PREF_USED_POS89_count,             0
CORE_L1_PREF_USED_POS89_pct,         -nan
CORE_L1_PREF_USED_POS89_total_count,             0
CORE_L1_PREF_USED_POS89_total_pct,         -nan

CORE_L1_PREF_USED_POS90_count,             0
CORE_L1_PREF_USED_POS90_pct,         -nan
CORE_L1_PREF_USED_POS90_total_count,             0
CORE_L1_PREF_USED_POS90_total_pct,         -nan

CORE_L1_PREF_USED_POS91_count,             0
CORE_L1_PREF_USED_POS91_pct,         -nan
CORE_L1_PREF_USED_POS91_total_count,             0
CORE_L1_PREF_USED_POS91_total_pct,         -nan

CORE_L1_PREF_USED_POS92_count,             0
CORE_L1_PREF_USED_POS92_pct,         -nan
CORE_L1_PREF_USED_POS92_total_count,             0
CORE_L1_PREF_USED_POS92_total_pct,         -nan

CORE_L1_PREF_USED_POS93_count,             0
CORE_L1_PREF_USED_POS93_pct,         -nan
CORE_L1_PREF_USED_POS93_total_count,             0
CORE_L1_PREF_USED_POS93_total_pct,         -nan

CORE_L1_PREF_USED_POS94_count,             0
CORE_L1_PREF_USED_POS94_pct,         -nan
CORE_L1_PREF_USED_POS94_total_count,             0
CORE_L1_PREF_USED_POS94_total_pct,         -nan

CORE_L1_PREF_USED_POS95_count,             0
CORE_L1_PREF_USED_POS95_pct,         -nan
CORE_L1_PREF_USED_POS95_total_count,             0
CORE_L1_PREF_USED_POS95_total_pct,         -nan

CORE_L1_PREF_USED_POS96_count,             0
CORE_L1_PREF_USED_POS96_pct,         -nan
CORE_L1_PREF_USED_POS96_total_count,             0
CORE_L1_PREF_USED_POS96_total_pct,         -nan

CORE_L1_PREF_USED_POS97_count,             0
CORE_L1_PREF_USED_POS97_pct,         -nan
CORE_L1_PREF_USED_POS97_total_count,             0
CORE_L1_PREF_USED_POS97_total_pct,         -nan

CORE_L1_PREF_USED_POS98_count,             0
CORE_L1_PREF_USED_POS98_pct,         -nan
CORE_L1_PREF_USED_POS98_total_count,             0
CORE_L1_PREF_USED_POS98_total_pct,         -nan

CORE_L1_PREF_USED_POS99_count,             0
CORE_L1_PREF_USED_POS99_pct,         -nan
CORE_L1_PREF_USED_POS99_total_count,             0
CORE_L1_PREF_USED_POS99_total_pct,         -nan

CORE_L1_PREF_USED_POS100_count,             0
CORE_L1_PREF_USED_POS100_pct,         -nan
CORE_L1_PREF_USED_POS100_total_count,             0
CORE_L1_PREF_USED_POS100_total_pct,         -nan

CORE_L1_PREF_USED_POS101_count,             0
CORE_L1_PREF_USED_POS101_pct,         -nan
CORE_L1_PREF_USED_POS101_total_count,             0
CORE_L1_PREF_USED_POS101_total_pct,         -nan

CORE_L1_PREF_USED_POS102_count,             0
CORE_L1_PREF_USED_POS102_pct,         -nan
CORE_L1_PREF_USED_POS102_total_count,             0
CORE_L1_PREF_USED_POS102_total_pct,         -nan

CORE_L1_PREF_USED_POS103_count,             0
CORE_L1_PREF_USED_POS103_pct,         -nan
CORE_L1_PREF_USED_POS103_total_count,             0
CORE_L1_PREF_USED_POS103_total_pct,         -nan

CORE_L1_PREF_USED_POS104_count,             0
CORE_L1_PREF_USED_POS104_pct,         -nan
CORE_L1_PREF_USED_POS104_total_count,             0
CORE_L1_PREF_USED_POS104_total_pct,         -nan

CORE_L1_PREF_USED_POS105_count,             0
CORE_L1_PREF_USED_POS105_pct,         -nan
CORE_L1_PREF_USED_POS105_total_count,             0
CORE_L1_PREF_USED_POS105_total_pct,         -nan

CORE_L1_PREF_USED_POS106_count,             0
CORE_L1_PREF_USED_POS106_pct,         -nan
CORE_L1_PREF_USED_POS106_total_count,             0
CORE_L1_PREF_USED_POS106_total_pct,         -nan

CORE_L1_PREF_USED_POS107_count,             0
CORE_L1_PREF_USED_POS107_pct,         -nan
CORE_L1_PREF_USED_POS107_total_count,             0
CORE_L1_PREF_USED_POS107_total_pct,         -nan

CORE_L1_PREF_USED_POS108_count,             0
CORE_L1_PREF_USED_POS108_pct,         -nan
CORE_L1_PREF_USED_POS108_total_count,             0
CORE_L1_PREF_USED_POS108_total_pct,         -nan

CORE_L1_PREF_USED_POS109_count,             0
CORE_L1_PREF_USED_POS109_pct,         -nan
CORE_L1_PREF_USED_POS109_total_count,             0
CORE_L1_PREF_USED_POS109_total_pct,         -nan

CORE_L1_PREF_USED_POS110_count,             0
CORE_L1_PREF_USED_POS110_pct,         -nan
CORE_L1_PREF_USED_POS110_total_count,             0
CORE_L1_PREF_USED_POS110_total_pct,         -nan

CORE_L1_PREF_USED_POS111_count,             0
CORE_L1_PREF_USED_POS111_pct,         -nan
CORE_L1_PREF_USED_POS111_total_count,             0
CORE_L1_PREF_USED_POS111_total_pct,         -nan

CORE_L1_PREF_USED_POS112_count,             0
CORE_L1_PREF_USED_POS112_pct,         -nan
CORE_L1_PREF_USED_POS112_total_count,             0
CORE_L1_PREF_USED_POS112_total_pct,         -nan

CORE_L1_PREF_USED_POS113_count,             0
CORE_L1_PREF_USED_POS113_pct,         -nan
CORE_L1_PREF_USED_POS113_total_count,             0
CORE_L1_PREF_USED_POS113_total_pct,         -nan

CORE_L1_PREF_USED_POS114_count,             0
CORE_L1_PREF_USED_POS114_pct,         -nan
CORE_L1_PREF_USED_POS114_total_count,             0
CORE_L1_PREF_USED_POS114_total_pct,         -nan

CORE_L1_PREF_USED_POS115_count,             0
CORE_L1_PREF_USED_POS115_pct,         -nan
CORE_L1_PREF_USED_POS115_total_count,             0
CORE_L1_PREF_USED_POS115_total_pct,         -nan

CORE_L1_PREF_USED_POS116_count,             0
CORE_L1_PREF_USED_POS116_pct,         -nan
CORE_L1_PREF_USED_POS116_total_count,             0
CORE_L1_PREF_USED_POS116_total_pct,         -nan

CORE_L1_PREF_USED_POS117_count,             0
CORE_L1_PREF_USED_POS117_pct,         -nan
CORE_L1_PREF_USED_POS117_total_count,             0
CORE_L1_PREF_USED_POS117_total_pct,         -nan

CORE_L1_PREF_USED_POS118_count,             0
CORE_L1_PREF_USED_POS118_pct,         -nan
CORE_L1_PREF_USED_POS118_total_count,             0
CORE_L1_PREF_USED_POS118_total_pct,         -nan

CORE_L1_PREF_USED_POS119_count,             0
CORE_L1_PREF_USED_POS119_pct,         -nan
CORE_L1_PREF_USED_POS119_total_count,             0
CORE_L1_PREF_USED_POS119_total_pct,         -nan

CORE_L1_PREF_USED_POS120_count,             0
CORE_L1_PREF_USED_POS120_pct,         -nan
CORE_L1_PREF_USED_POS120_total_count,             0
CORE_L1_PREF_USED_POS120_total_pct,         -nan

CORE_L1_PREF_USED_POS121_count,             0
CORE_L1_PREF_USED_POS121_pct,         -nan
CORE_L1_PREF_USED_POS121_total_count,             0
CORE_L1_PREF_USED_POS121_total_pct,         -nan

CORE_L1_PREF_USED_POS122_count,             0
CORE_L1_PREF_USED_POS122_pct,         -nan
CORE_L1_PREF_USED_POS122_total_count,             0
CORE_L1_PREF_USED_POS122_total_pct,         -nan

CORE_L1_PREF_USED_POS123_count,             0
CORE_L1_PREF_USED_POS123_pct,         -nan
CORE_L1_PREF_USED_POS123_total_count,             0
CORE_L1_PREF_USED_POS123_total_pct,         -nan

CORE_L1_PREF_USED_POS124_count,             0
CORE_L1_PREF_USED_POS124_pct,         -nan
CORE_L1_PREF_USED_POS124_total_count,             0
CORE_L1_PREF_USED_POS124_total_pct,         -nan

CORE_L1_PREF_USED_POS125_count,             0
CORE_L1_PREF_USED_POS125_pct,         -nan
CORE_L1_PREF_USED_POS125_total_count,             0
CORE_L1_PREF_USED_POS125_total_pct,         -nan

CORE_L1_PREF_USED_POS126_count,             0
CORE_L1_PREF_USED_POS126_pct,         -nan
CORE_L1_PREF_USED_POS126_total_count,             0
CORE_L1_PREF_USED_POS126_total_pct,         -nan

CORE_L1_PREF_USED_POS127_count,             0
CORE_L1_PREF_USED_POS127_pct,         -nan
CORE_L1_PREF_USED_POS127_total_count,             0
CORE_L1_PREF_USED_POS127_total_pct,         -nan
CORE_L1_PREF_USED_POS127_sum_count,             0
CORE_L1_PREF_USED_POS127_sum_pct,         -nan
CORE_L1_PREF_USED_POS127_sum_total_count,             0
CORE_L1_PREF_USED_POS127_sum_total_pct,         -nan
CORE_L1_PREF_USED_POS127_mean,         -nan
CORE_L1_PREF_USED_POS127_stddev,         -nan
CORE_L1_PREF_USED_POS127_total_mean,         -nan
CORE_L1_PREF_USED_POS127_total_stddev,         -nan

CORE_TOTAL_SETS_ALL_INTERVALS_count,             0
CORE_TOTAL_SETS_ALL_INTERVALS_total_count,             0

CORE_L1_AVG_NUM_WAYS_count,             0
CORE_L1_AVG_NUM_WAYS_pct,         -nan
CORE_L1_AVG_NUM_WAYS_total_count,             0
CORE_L1_AVG_NUM_WAYS_total_pct,         -nan

L1_PARTITION_INTERVALS_count,             0
L1_PARTITION_INTERVALS_total_count,             0

NORESET_L1_PARTITION_count,             0
NORESET_L1_PARTITION_total_count,             0

L1_SHADOW_ACCESS_count,             0
L1_SHADOW_ACCESS_total_count,             0

L1_SHADOW_ACCESS_STALLING_count,             0
L1_SHADOW_ACCESS_STALLING_total_count,             0

L1_SHADOW_ACCESS_DEMAND_count,             0
L1_SHADOW_ACCESS_DEMAND_total_count,             0

L1_SHADOW_HIT_count,             0
L1_SHADOW_HIT_total_count,             0

L1_SHADOW_HIT_STALLING_count,             0
L1_SHADOW_HIT_STALLING_total_count,             0

L1_SHADOW_HIT_DEMAND_count,             0
L1_SHADOW_HIT_DEMAND_total_count,             0

L1_SHADOW_UNTIMELY_HIT_count,             0
L1_SHADOW_UNTIMELY_HIT_total_count,             0

L1_SHADOW_UNTIMELY_HIT_STALLING_count,             0
L1_SHADOW_UNTIMELY_HIT_STALLING_total_count,             0

L1_SHADOW_UNTIMELY_HIT_DEMAND_count,             0
L1_SHADOW_UNTIMELY_HIT_DEMAND_total_count,             0

L1_SHADOW_HIT_POS0_count,             0
L1_SHADOW_HIT_POS0_pct,         -nan
L1_SHADOW_HIT_POS0_total_count,             0
L1_SHADOW_HIT_POS0_total_pct,         -nan

L1_SHADOW_HIT_POS1_count,             0
L1_SHADOW_HIT_POS1_pct,         -nan
L1_SHADOW_HIT_POS1_total_count,             0
L1_SHADOW_HIT_POS1_total_pct,         -nan

L1_SHADOW_HIT_POS2_count,             0
L1_SHADOW_HIT_POS2_pct,         -nan
L1_SHADOW_HIT_POS2_total_count,             0
L1_SHADOW_HIT_POS2_total_pct,         -nan

L1_SHADOW_HIT_POS3_count,             0
L1_SHADOW_HIT_POS3_pct,         -nan
L1_SHADOW_HIT_POS3_total_count,             0
L1_SHADOW_HIT_POS3_total_pct,         -nan

L1_SHADOW_HIT_POS4_count,             0
L1_SHADOW_HIT_POS4_pct,         -nan
L1_SHADOW_HIT_POS4_total_count,             0
L1_SHADOW_HIT_POS4_total_pct,         -nan

L1_SHADOW_HIT_POS5_count,             0
L1_SHADOW_HIT_POS5_pct,         -nan
L1_SHADOW_HIT_POS5_total_count,             0
L1_SHADOW_HIT_POS5_total_pct,         -nan

L1_SHADOW_HIT_POS6_count,             0
L1_SHADOW_HIT_POS6_pct,         -nan
L1_SHADOW_HIT_POS6_total_count,             0
L1_SHADOW_HIT_POS6_total_pct,         -nan

L1_SHADOW_HIT_POS7_count,             0
L1_SHADOW_HIT_POS7_pct,         -nan
L1_SHADOW_HIT_POS7_total_count,             0
L1_SHADOW_HIT_POS7_total_pct,         -nan

L1_SHADOW_HIT_POS8_count,             0
L1_SHADOW_HIT_POS8_pct,         -nan
L1_SHADOW_HIT_POS8_total_count,             0
L1_SHADOW_HIT_POS8_total_pct,         -nan

L1_SHADOW_HIT_POS9_count,             0
L1_SHADOW_HIT_POS9_pct,         -nan
L1_SHADOW_HIT_POS9_total_count,             0
L1_SHADOW_HIT_POS9_total_pct,         -nan

L1_SHADOW_HIT_POS10_count,             0
L1_SHADOW_HIT_POS10_pct,         -nan
L1_SHADOW_HIT_POS10_total_count,             0
L1_SHADOW_HIT_POS10_total_pct,         -nan

L1_SHADOW_HIT_POS11_count,             0
L1_SHADOW_HIT_POS11_pct,         -nan
L1_SHADOW_HIT_POS11_total_count,             0
L1_SHADOW_HIT_POS11_total_pct,         -nan

L1_SHADOW_HIT_POS12_count,             0
L1_SHADOW_HIT_POS12_pct,         -nan
L1_SHADOW_HIT_POS12_total_count,             0
L1_SHADOW_HIT_POS12_total_pct,         -nan

L1_SHADOW_HIT_POS13_count,             0
L1_SHADOW_HIT_POS13_pct,         -nan
L1_SHADOW_HIT_POS13_total_count,             0
L1_SHADOW_HIT_POS13_total_pct,         -nan

L1_SHADOW_HIT_POS14_count,             0
L1_SHADOW_HIT_POS14_pct,         -nan
L1_SHADOW_HIT_POS14_total_count,             0
L1_SHADOW_HIT_POS14_total_pct,         -nan

L1_SHADOW_HIT_POS15_count,             0
L1_SHADOW_HIT_POS15_pct,         -nan
L1_SHADOW_HIT_POS15_total_count,             0
L1_SHADOW_HIT_POS15_total_pct,         -nan

L1_SHADOW_HIT_POS16_count,             0
L1_SHADOW_HIT_POS16_pct,         -nan
L1_SHADOW_HIT_POS16_total_count,             0
L1_SHADOW_HIT_POS16_total_pct,         -nan

L1_SHADOW_HIT_POS17_count,             0
L1_SHADOW_HIT_POS17_pct,         -nan
L1_SHADOW_HIT_POS17_total_count,             0
L1_SHADOW_HIT_POS17_total_pct,         -nan

L1_SHADOW_HIT_POS18_count,             0
L1_SHADOW_HIT_POS18_pct,         -nan
L1_SHADOW_HIT_POS18_total_count,             0
L1_SHADOW_HIT_POS18_total_pct,         -nan

L1_SHADOW_HIT_POS19_count,             0
L1_SHADOW_HIT_POS19_pct,         -nan
L1_SHADOW_HIT_POS19_total_count,             0
L1_SHADOW_HIT_POS19_total_pct,         -nan

L1_SHADOW_HIT_POS20_count,             0
L1_SHADOW_HIT_POS20_pct,         -nan
L1_SHADOW_HIT_POS20_total_count,             0
L1_SHADOW_HIT_POS20_total_pct,         -nan

L1_SHADOW_HIT_POS21_count,             0
L1_SHADOW_HIT_POS21_pct,         -nan
L1_SHADOW_HIT_POS21_total_count,             0
L1_SHADOW_HIT_POS21_total_pct,         -nan

L1_SHADOW_HIT_POS22_count,             0
L1_SHADOW_HIT_POS22_pct,         -nan
L1_SHADOW_HIT_POS22_total_count,             0
L1_SHADOW_HIT_POS22_total_pct,         -nan

L1_SHADOW_HIT_POS23_count,             0
L1_SHADOW_HIT_POS23_pct,         -nan
L1_SHADOW_HIT_POS23_total_count,             0
L1_SHADOW_HIT_POS23_total_pct,         -nan

L1_SHADOW_HIT_POS24_count,             0
L1_SHADOW_HIT_POS24_pct,         -nan
L1_SHADOW_HIT_POS24_total_count,             0
L1_SHADOW_HIT_POS24_total_pct,         -nan

L1_SHADOW_HIT_POS25_count,             0
L1_SHADOW_HIT_POS25_pct,         -nan
L1_SHADOW_HIT_POS25_total_count,             0
L1_SHADOW_HIT_POS25_total_pct,         -nan

L1_SHADOW_HIT_POS26_count,             0
L1_SHADOW_HIT_POS26_pct,         -nan
L1_SHADOW_HIT_POS26_total_count,             0
L1_SHADOW_HIT_POS26_total_pct,         -nan

L1_SHADOW_HIT_POS27_count,             0
L1_SHADOW_HIT_POS27_pct,         -nan
L1_SHADOW_HIT_POS27_total_count,             0
L1_SHADOW_HIT_POS27_total_pct,         -nan

L1_SHADOW_HIT_POS28_count,             0
L1_SHADOW_HIT_POS28_pct,         -nan
L1_SHADOW_HIT_POS28_total_count,             0
L1_SHADOW_HIT_POS28_total_pct,         -nan

L1_SHADOW_HIT_POS29_count,             0
L1_SHADOW_HIT_POS29_pct,         -nan
L1_SHADOW_HIT_POS29_total_count,             0
L1_SHADOW_HIT_POS29_total_pct,         -nan

L1_SHADOW_HIT_POS30_count,             0
L1_SHADOW_HIT_POS30_pct,         -nan
L1_SHADOW_HIT_POS30_total_count,             0
L1_SHADOW_HIT_POS30_total_pct,         -nan

L1_SHADOW_HIT_POS31_count,             0
L1_SHADOW_HIT_POS31_pct,         -nan
L1_SHADOW_HIT_POS31_total_count,             0
L1_SHADOW_HIT_POS31_total_pct,         -nan

L1_SHADOW_HIT_POS32_count,             0
L1_SHADOW_HIT_POS32_pct,         -nan
L1_SHADOW_HIT_POS32_total_count,             0
L1_SHADOW_HIT_POS32_total_pct,         -nan

L1_SHADOW_HIT_POS33_count,             0
L1_SHADOW_HIT_POS33_pct,         -nan
L1_SHADOW_HIT_POS33_total_count,             0
L1_SHADOW_HIT_POS33_total_pct,         -nan

L1_SHADOW_HIT_POS34_count,             0
L1_SHADOW_HIT_POS34_pct,         -nan
L1_SHADOW_HIT_POS34_total_count,             0
L1_SHADOW_HIT_POS34_total_pct,         -nan

L1_SHADOW_HIT_POS35_count,             0
L1_SHADOW_HIT_POS35_pct,         -nan
L1_SHADOW_HIT_POS35_total_count,             0
L1_SHADOW_HIT_POS35_total_pct,         -nan

L1_SHADOW_HIT_POS36_count,             0
L1_SHADOW_HIT_POS36_pct,         -nan
L1_SHADOW_HIT_POS36_total_count,             0
L1_SHADOW_HIT_POS36_total_pct,         -nan

L1_SHADOW_HIT_POS37_count,             0
L1_SHADOW_HIT_POS37_pct,         -nan
L1_SHADOW_HIT_POS37_total_count,             0
L1_SHADOW_HIT_POS37_total_pct,         -nan

L1_SHADOW_HIT_POS38_count,             0
L1_SHADOW_HIT_POS38_pct,         -nan
L1_SHADOW_HIT_POS38_total_count,             0
L1_SHADOW_HIT_POS38_total_pct,         -nan

L1_SHADOW_HIT_POS39_count,             0
L1_SHADOW_HIT_POS39_pct,         -nan
L1_SHADOW_HIT_POS39_total_count,             0
L1_SHADOW_HIT_POS39_total_pct,         -nan

L1_SHADOW_HIT_POS40_count,             0
L1_SHADOW_HIT_POS40_pct,         -nan
L1_SHADOW_HIT_POS40_total_count,             0
L1_SHADOW_HIT_POS40_total_pct,         -nan

L1_SHADOW_HIT_POS41_count,             0
L1_SHADOW_HIT_POS41_pct,         -nan
L1_SHADOW_HIT_POS41_total_count,             0
L1_SHADOW_HIT_POS41_total_pct,         -nan

L1_SHADOW_HIT_POS42_count,             0
L1_SHADOW_HIT_POS42_pct,         -nan
L1_SHADOW_HIT_POS42_total_count,             0
L1_SHADOW_HIT_POS42_total_pct,         -nan

L1_SHADOW_HIT_POS43_count,             0
L1_SHADOW_HIT_POS43_pct,         -nan
L1_SHADOW_HIT_POS43_total_count,             0
L1_SHADOW_HIT_POS43_total_pct,         -nan

L1_SHADOW_HIT_POS44_count,             0
L1_SHADOW_HIT_POS44_pct,         -nan
L1_SHADOW_HIT_POS44_total_count,             0
L1_SHADOW_HIT_POS44_total_pct,         -nan

L1_SHADOW_HIT_POS45_count,             0
L1_SHADOW_HIT_POS45_pct,         -nan
L1_SHADOW_HIT_POS45_total_count,             0
L1_SHADOW_HIT_POS45_total_pct,         -nan

L1_SHADOW_HIT_POS46_count,             0
L1_SHADOW_HIT_POS46_pct,         -nan
L1_SHADOW_HIT_POS46_total_count,             0
L1_SHADOW_HIT_POS46_total_pct,         -nan

L1_SHADOW_HIT_POS47_count,             0
L1_SHADOW_HIT_POS47_pct,         -nan
L1_SHADOW_HIT_POS47_total_count,             0
L1_SHADOW_HIT_POS47_total_pct,         -nan

L1_SHADOW_HIT_POS48_count,             0
L1_SHADOW_HIT_POS48_pct,         -nan
L1_SHADOW_HIT_POS48_total_count,             0
L1_SHADOW_HIT_POS48_total_pct,         -nan

L1_SHADOW_HIT_POS49_count,             0
L1_SHADOW_HIT_POS49_pct,         -nan
L1_SHADOW_HIT_POS49_total_count,             0
L1_SHADOW_HIT_POS49_total_pct,         -nan

L1_SHADOW_HIT_POS50_count,             0
L1_SHADOW_HIT_POS50_pct,         -nan
L1_SHADOW_HIT_POS50_total_count,             0
L1_SHADOW_HIT_POS50_total_pct,         -nan

L1_SHADOW_HIT_POS51_count,             0
L1_SHADOW_HIT_POS51_pct,         -nan
L1_SHADOW_HIT_POS51_total_count,             0
L1_SHADOW_HIT_POS51_total_pct,         -nan

L1_SHADOW_HIT_POS52_count,             0
L1_SHADOW_HIT_POS52_pct,         -nan
L1_SHADOW_HIT_POS52_total_count,             0
L1_SHADOW_HIT_POS52_total_pct,         -nan

L1_SHADOW_HIT_POS53_count,             0
L1_SHADOW_HIT_POS53_pct,         -nan
L1_SHADOW_HIT_POS53_total_count,             0
L1_SHADOW_HIT_POS53_total_pct,         -nan

L1_SHADOW_HIT_POS54_count,             0
L1_SHADOW_HIT_POS54_pct,         -nan
L1_SHADOW_HIT_POS54_total_count,             0
L1_SHADOW_HIT_POS54_total_pct,         -nan

L1_SHADOW_HIT_POS55_count,             0
L1_SHADOW_HIT_POS55_pct,         -nan
L1_SHADOW_HIT_POS55_total_count,             0
L1_SHADOW_HIT_POS55_total_pct,         -nan

L1_SHADOW_HIT_POS56_count,             0
L1_SHADOW_HIT_POS56_pct,         -nan
L1_SHADOW_HIT_POS56_total_count,             0
L1_SHADOW_HIT_POS56_total_pct,         -nan

L1_SHADOW_HIT_POS57_count,             0
L1_SHADOW_HIT_POS57_pct,         -nan
L1_SHADOW_HIT_POS57_total_count,             0
L1_SHADOW_HIT_POS57_total_pct,         -nan

L1_SHADOW_HIT_POS58_count,             0
L1_SHADOW_HIT_POS58_pct,         -nan
L1_SHADOW_HIT_POS58_total_count,             0
L1_SHADOW_HIT_POS58_total_pct,         -nan

L1_SHADOW_HIT_POS59_count,             0
L1_SHADOW_HIT_POS59_pct,         -nan
L1_SHADOW_HIT_POS59_total_count,             0
L1_SHADOW_HIT_POS59_total_pct,         -nan

L1_SHADOW_HIT_POS60_count,             0
L1_SHADOW_HIT_POS60_pct,         -nan
L1_SHADOW_HIT_POS60_total_count,             0
L1_SHADOW_HIT_POS60_total_pct,         -nan

L1_SHADOW_HIT_POS61_count,             0
L1_SHADOW_HIT_POS61_pct,         -nan
L1_SHADOW_HIT_POS61_total_count,             0
L1_SHADOW_HIT_POS61_total_pct,         -nan

L1_SHADOW_HIT_POS62_count,             0
L1_SHADOW_HIT_POS62_pct,         -nan
L1_SHADOW_HIT_POS62_total_count,             0
L1_SHADOW_HIT_POS62_total_pct,         -nan

L1_SHADOW_HIT_POS63_count,             0
L1_SHADOW_HIT_POS63_pct,         -nan
L1_SHADOW_HIT_POS63_total_count,             0
L1_SHADOW_HIT_POS63_total_pct,         -nan

L1_SHADOW_HIT_POS64_count,             0
L1_SHADOW_HIT_POS64_pct,         -nan
L1_SHADOW_HIT_POS64_total_count,             0
L1_SHADOW_HIT_POS64_total_pct,         -nan

L1_SHADOW_HIT_POS65_count,             0
L1_SHADOW_HIT_POS65_pct,         -nan
L1_SHADOW_HIT_POS65_total_count,             0
L1_SHADOW_HIT_POS65_total_pct,         -nan

L1_SHADOW_HIT_POS66_count,             0
L1_SHADOW_HIT_POS66_pct,         -nan
L1_SHADOW_HIT_POS66_total_count,             0
L1_SHADOW_HIT_POS66_total_pct,         -nan

L1_SHADOW_HIT_POS67_count,             0
L1_SHADOW_HIT_POS67_pct,         -nan
L1_SHADOW_HIT_POS67_total_count,             0
L1_SHADOW_HIT_POS67_total_pct,         -nan

L1_SHADOW_HIT_POS68_count,             0
L1_SHADOW_HIT_POS68_pct,         -nan
L1_SHADOW_HIT_POS68_total_count,             0
L1_SHADOW_HIT_POS68_total_pct,         -nan

L1_SHADOW_HIT_POS69_count,             0
L1_SHADOW_HIT_POS69_pct,         -nan
L1_SHADOW_HIT_POS69_total_count,             0
L1_SHADOW_HIT_POS69_total_pct,         -nan

L1_SHADOW_HIT_POS70_count,             0
L1_SHADOW_HIT_POS70_pct,         -nan
L1_SHADOW_HIT_POS70_total_count,             0
L1_SHADOW_HIT_POS70_total_pct,         -nan

L1_SHADOW_HIT_POS71_count,             0
L1_SHADOW_HIT_POS71_pct,         -nan
L1_SHADOW_HIT_POS71_total_count,             0
L1_SHADOW_HIT_POS71_total_pct,         -nan

L1_SHADOW_HIT_POS72_count,             0
L1_SHADOW_HIT_POS72_pct,         -nan
L1_SHADOW_HIT_POS72_total_count,             0
L1_SHADOW_HIT_POS72_total_pct,         -nan

L1_SHADOW_HIT_POS73_count,             0
L1_SHADOW_HIT_POS73_pct,         -nan
L1_SHADOW_HIT_POS73_total_count,             0
L1_SHADOW_HIT_POS73_total_pct,         -nan

L1_SHADOW_HIT_POS74_count,             0
L1_SHADOW_HIT_POS74_pct,         -nan
L1_SHADOW_HIT_POS74_total_count,             0
L1_SHADOW_HIT_POS74_total_pct,         -nan

L1_SHADOW_HIT_POS75_count,             0
L1_SHADOW_HIT_POS75_pct,         -nan
L1_SHADOW_HIT_POS75_total_count,             0
L1_SHADOW_HIT_POS75_total_pct,         -nan

L1_SHADOW_HIT_POS76_count,             0
L1_SHADOW_HIT_POS76_pct,         -nan
L1_SHADOW_HIT_POS76_total_count,             0
L1_SHADOW_HIT_POS76_total_pct,         -nan

L1_SHADOW_HIT_POS77_count,             0
L1_SHADOW_HIT_POS77_pct,         -nan
L1_SHADOW_HIT_POS77_total_count,             0
L1_SHADOW_HIT_POS77_total_pct,         -nan

L1_SHADOW_HIT_POS78_count,             0
L1_SHADOW_HIT_POS78_pct,         -nan
L1_SHADOW_HIT_POS78_total_count,             0
L1_SHADOW_HIT_POS78_total_pct,         -nan

L1_SHADOW_HIT_POS79_count,             0
L1_SHADOW_HIT_POS79_pct,         -nan
L1_SHADOW_HIT_POS79_total_count,             0
L1_SHADOW_HIT_POS79_total_pct,         -nan

L1_SHADOW_HIT_POS80_count,             0
L1_SHADOW_HIT_POS80_pct,         -nan
L1_SHADOW_HIT_POS80_total_count,             0
L1_SHADOW_HIT_POS80_total_pct,         -nan

L1_SHADOW_HIT_POS81_count,             0
L1_SHADOW_HIT_POS81_pct,         -nan
L1_SHADOW_HIT_POS81_total_count,             0
L1_SHADOW_HIT_POS81_total_pct,         -nan

L1_SHADOW_HIT_POS82_count,             0
L1_SHADOW_HIT_POS82_pct,         -nan
L1_SHADOW_HIT_POS82_total_count,             0
L1_SHADOW_HIT_POS82_total_pct,         -nan

L1_SHADOW_HIT_POS83_count,             0
L1_SHADOW_HIT_POS83_pct,         -nan
L1_SHADOW_HIT_POS83_total_count,             0
L1_SHADOW_HIT_POS83_total_pct,         -nan

L1_SHADOW_HIT_POS84_count,             0
L1_SHADOW_HIT_POS84_pct,         -nan
L1_SHADOW_HIT_POS84_total_count,             0
L1_SHADOW_HIT_POS84_total_pct,         -nan

L1_SHADOW_HIT_POS85_count,             0
L1_SHADOW_HIT_POS85_pct,         -nan
L1_SHADOW_HIT_POS85_total_count,             0
L1_SHADOW_HIT_POS85_total_pct,         -nan

L1_SHADOW_HIT_POS86_count,             0
L1_SHADOW_HIT_POS86_pct,         -nan
L1_SHADOW_HIT_POS86_total_count,             0
L1_SHADOW_HIT_POS86_total_pct,         -nan

L1_SHADOW_HIT_POS87_count,             0
L1_SHADOW_HIT_POS87_pct,         -nan
L1_SHADOW_HIT_POS87_total_count,             0
L1_SHADOW_HIT_POS87_total_pct,         -nan

L1_SHADOW_HIT_POS88_count,             0
L1_SHADOW_HIT_POS88_pct,         -nan
L1_SHADOW_HIT_POS88_total_count,             0
L1_SHADOW_HIT_POS88_total_pct,         -nan

L1_SHADOW_HIT_POS89_count,             0
L1_SHADOW_HIT_POS89_pct,         -nan
L1_SHADOW_HIT_POS89_total_count,             0
L1_SHADOW_HIT_POS89_total_pct,         -nan

L1_SHADOW_HIT_POS90_count,             0
L1_SHADOW_HIT_POS90_pct,         -nan
L1_SHADOW_HIT_POS90_total_count,             0
L1_SHADOW_HIT_POS90_total_pct,         -nan

L1_SHADOW_HIT_POS91_count,             0
L1_SHADOW_HIT_POS91_pct,         -nan
L1_SHADOW_HIT_POS91_total_count,             0
L1_SHADOW_HIT_POS91_total_pct,         -nan

L1_SHADOW_HIT_POS92_count,             0
L1_SHADOW_HIT_POS92_pct,         -nan
L1_SHADOW_HIT_POS92_total_count,             0
L1_SHADOW_HIT_POS92_total_pct,         -nan

L1_SHADOW_HIT_POS93_count,             0
L1_SHADOW_HIT_POS93_pct,         -nan
L1_SHADOW_HIT_POS93_total_count,             0
L1_SHADOW_HIT_POS93_total_pct,         -nan

L1_SHADOW_HIT_POS94_count,             0
L1_SHADOW_HIT_POS94_pct,         -nan
L1_SHADOW_HIT_POS94_total_count,             0
L1_SHADOW_HIT_POS94_total_pct,         -nan

L1_SHADOW_HIT_POS95_count,             0
L1_SHADOW_HIT_POS95_pct,         -nan
L1_SHADOW_HIT_POS95_total_count,             0
L1_SHADOW_HIT_POS95_total_pct,         -nan

L1_SHADOW_HIT_POS96_count,             0
L1_SHADOW_HIT_POS96_pct,         -nan
L1_SHADOW_HIT_POS96_total_count,             0
L1_SHADOW_HIT_POS96_total_pct,         -nan

L1_SHADOW_HIT_POS97_count,             0
L1_SHADOW_HIT_POS97_pct,         -nan
L1_SHADOW_HIT_POS97_total_count,             0
L1_SHADOW_HIT_POS97_total_pct,         -nan

L1_SHADOW_HIT_POS98_count,             0
L1_SHADOW_HIT_POS98_pct,         -nan
L1_SHADOW_HIT_POS98_total_count,             0
L1_SHADOW_HIT_POS98_total_pct,         -nan

L1_SHADOW_HIT_POS99_count,             0
L1_SHADOW_HIT_POS99_pct,         -nan
L1_SHADOW_HIT_POS99_total_count,             0
L1_SHADOW_HIT_POS99_total_pct,         -nan

L1_SHADOW_HIT_POS100_count,             0
L1_SHADOW_HIT_POS100_pct,         -nan
L1_SHADOW_HIT_POS100_total_count,             0
L1_SHADOW_HIT_POS100_total_pct,         -nan

L1_SHADOW_HIT_POS101_count,             0
L1_SHADOW_HIT_POS101_pct,         -nan
L1_SHADOW_HIT_POS101_total_count,             0
L1_SHADOW_HIT_POS101_total_pct,         -nan

L1_SHADOW_HIT_POS102_count,             0
L1_SHADOW_HIT_POS102_pct,         -nan
L1_SHADOW_HIT_POS102_total_count,             0
L1_SHADOW_HIT_POS102_total_pct,         -nan

L1_SHADOW_HIT_POS103_count,             0
L1_SHADOW_HIT_POS103_pct,         -nan
L1_SHADOW_HIT_POS103_total_count,             0
L1_SHADOW_HIT_POS103_total_pct,         -nan

L1_SHADOW_HIT_POS104_count,             0
L1_SHADOW_HIT_POS104_pct,         -nan
L1_SHADOW_HIT_POS104_total_count,             0
L1_SHADOW_HIT_POS104_total_pct,         -nan

L1_SHADOW_HIT_POS105_count,             0
L1_SHADOW_HIT_POS105_pct,         -nan
L1_SHADOW_HIT_POS105_total_count,             0
L1_SHADOW_HIT_POS105_total_pct,         -nan

L1_SHADOW_HIT_POS106_count,             0
L1_SHADOW_HIT_POS106_pct,         -nan
L1_SHADOW_HIT_POS106_total_count,             0
L1_SHADOW_HIT_POS106_total_pct,         -nan

L1_SHADOW_HIT_POS107_count,             0
L1_SHADOW_HIT_POS107_pct,         -nan
L1_SHADOW_HIT_POS107_total_count,             0
L1_SHADOW_HIT_POS107_total_pct,         -nan

L1_SHADOW_HIT_POS108_count,             0
L1_SHADOW_HIT_POS108_pct,         -nan
L1_SHADOW_HIT_POS108_total_count,             0
L1_SHADOW_HIT_POS108_total_pct,         -nan

L1_SHADOW_HIT_POS109_count,             0
L1_SHADOW_HIT_POS109_pct,         -nan
L1_SHADOW_HIT_POS109_total_count,             0
L1_SHADOW_HIT_POS109_total_pct,         -nan

L1_SHADOW_HIT_POS110_count,             0
L1_SHADOW_HIT_POS110_pct,         -nan
L1_SHADOW_HIT_POS110_total_count,             0
L1_SHADOW_HIT_POS110_total_pct,         -nan

L1_SHADOW_HIT_POS111_count,             0
L1_SHADOW_HIT_POS111_pct,         -nan
L1_SHADOW_HIT_POS111_total_count,             0
L1_SHADOW_HIT_POS111_total_pct,         -nan

L1_SHADOW_HIT_POS112_count,             0
L1_SHADOW_HIT_POS112_pct,         -nan
L1_SHADOW_HIT_POS112_total_count,             0
L1_SHADOW_HIT_POS112_total_pct,         -nan

L1_SHADOW_HIT_POS113_count,             0
L1_SHADOW_HIT_POS113_pct,         -nan
L1_SHADOW_HIT_POS113_total_count,             0
L1_SHADOW_HIT_POS113_total_pct,         -nan

L1_SHADOW_HIT_POS114_count,             0
L1_SHADOW_HIT_POS114_pct,         -nan
L1_SHADOW_HIT_POS114_total_count,             0
L1_SHADOW_HIT_POS114_total_pct,         -nan

L1_SHADOW_HIT_POS115_count,             0
L1_SHADOW_HIT_POS115_pct,         -nan
L1_SHADOW_HIT_POS115_total_count,             0
L1_SHADOW_HIT_POS115_total_pct,         -nan

L1_SHADOW_HIT_POS116_count,             0
L1_SHADOW_HIT_POS116_pct,         -nan
L1_SHADOW_HIT_POS116_total_count,             0
L1_SHADOW_HIT_POS116_total_pct,         -nan

L1_SHADOW_HIT_POS117_count,             0
L1_SHADOW_HIT_POS117_pct,         -nan
L1_SHADOW_HIT_POS117_total_count,             0
L1_SHADOW_HIT_POS117_total_pct,         -nan

L1_SHADOW_HIT_POS118_count,             0
L1_SHADOW_HIT_POS118_pct,         -nan
L1_SHADOW_HIT_POS118_total_count,             0
L1_SHADOW_HIT_POS118_total_pct,         -nan

L1_SHADOW_HIT_POS119_count,             0
L1_SHADOW_HIT_POS119_pct,         -nan
L1_SHADOW_HIT_POS119_total_count,             0
L1_SHADOW_HIT_POS119_total_pct,         -nan

L1_SHADOW_HIT_POS120_count,             0
L1_SHADOW_HIT_POS120_pct,         -nan
L1_SHADOW_HIT_POS120_total_count,             0
L1_SHADOW_HIT_POS120_total_pct,         -nan

L1_SHADOW_HIT_POS121_count,             0
L1_SHADOW_HIT_POS121_pct,         -nan
L1_SHADOW_HIT_POS121_total_count,             0
L1_SHADOW_HIT_POS121_total_pct,         -nan

L1_SHADOW_HIT_POS122_count,             0
L1_SHADOW_HIT_POS122_pct,         -nan
L1_SHADOW_HIT_POS122_total_count,             0
L1_SHADOW_HIT_POS122_total_pct,         -nan

L1_SHADOW_HIT_POS123_count,             0
L1_SHADOW_HIT_POS123_pct,         -nan
L1_SHADOW_HIT_POS123_total_count,             0
L1_SHADOW_HIT_POS123_total_pct,         -nan

L1_SHADOW_HIT_POS124_count,             0
L1_SHADOW_HIT_POS124_pct,         -nan
L1_SHADOW_HIT_POS124_total_count,             0
L1_SHADOW_HIT_POS124_total_pct,         -nan

L1_SHADOW_HIT_POS125_count,             0
L1_SHADOW_HIT_POS125_pct,         -nan
L1_SHADOW_HIT_POS125_total_count,             0
L1_SHADOW_HIT_POS125_total_pct,         -nan

L1_SHADOW_HIT_POS126_count,             0
L1_SHADOW_HIT_POS126_pct,         -nan
L1_SHADOW_HIT_POS126_total_count,             0
L1_SHADOW_HIT_POS126_total_pct,         -nan

L1_SHADOW_HIT_POS127_count,             0
L1_SHADOW_HIT_POS127_pct,         -nan
L1_SHADOW_HIT_POS127_total_count,             0
L1_SHADOW_HIT_POS127_total_pct,         -nan
L1_SHADOW_HIT_POS127_sum_count,             0
L1_SHADOW_HIT_POS127_sum_pct,         -nan
L1_SHADOW_HIT_POS127_sum_total_count,             0
L1_SHADOW_HIT_POS127_sum_total_pct,         -nan
L1_SHADOW_HIT_POS127_mean,         -nan
L1_SHADOW_HIT_POS127_stddev,         -nan
L1_SHADOW_HIT_POS127_total_mean,         -nan
L1_SHADOW_HIT_POS127_total_stddev,         -nan

L1_SHADOW_STALLING_HIT_POS0_count,             0
L1_SHADOW_STALLING_HIT_POS0_pct,         -nan
L1_SHADOW_STALLING_HIT_POS0_total_count,             0
L1_SHADOW_STALLING_HIT_POS0_total_pct,         -nan

L1_SHADOW_STALLING_HIT_POS1_count,             0
L1_SHADOW_STALLING_HIT_POS1_pct,         -nan
L1_SHADOW_STALLING_HIT_POS1_total_count,             0
L1_SHADOW_STALLING_HIT_POS1_total_pct,         -nan

L1_SHADOW_STALLING_HIT_POS2_count,             0
L1_SHADOW_STALLING_HIT_POS2_pct,         -nan
L1_SHADOW_STALLING_HIT_POS2_total_count,             0
L1_SHADOW_STALLING_HIT_POS2_total_pct,         -nan

L1_SHADOW_STALLING_HIT_POS3_count,             0
L1_SHADOW_STALLING_HIT_POS3_pct,         -nan
L1_SHADOW_STALLING_HIT_POS3_total_count,             0
L1_SHADOW_STALLING_HIT_POS3_total_pct,         -nan

L1_SHADOW_STALLING_HIT_POS4_count,             0
L1_SHADOW_STALLING_HIT_POS4_pct,         -nan
L1_SHADOW_STALLING_HIT_POS4_total_count,             0
L1_SHADOW_STALLING_HIT_POS4_total_pct,         -nan

L1_SHADOW_STALLING_HIT_POS5_count,             0
L1_SHADOW_STALLING_HIT_POS5_pct,         -nan
L1_SHADOW_STALLING_HIT_POS5_total_count,             0
L1_SHADOW_STALLING_HIT_POS5_total_pct,         -nan

L1_SHADOW_STALLING_HIT_POS6_count,             0
L1_SHADOW_STALLING_HIT_POS6_pct,         -nan
L1_SHADOW_STALLING_HIT_POS6_total_count,             0
L1_SHADOW_STALLING_HIT_POS6_total_pct,         -nan

L1_SHADOW_STALLING_HIT_POS7_count,             0
L1_SHADOW_STALLING_HIT_POS7_pct,         -nan
L1_SHADOW_STALLING_HIT_POS7_total_count,             0
L1_SHADOW_STALLING_HIT_POS7_total_pct,         -nan

L1_SHADOW_STALLING_HIT_POS8_count,             0
L1_SHADOW_STALLING_HIT_POS8_pct,         -nan
L1_SHADOW_STALLING_HIT_POS8_total_count,             0
L1_SHADOW_STALLING_HIT_POS8_total_pct,         -nan

L1_SHADOW_STALLING_HIT_POS9_count,             0
L1_SHADOW_STALLING_HIT_POS9_pct,         -nan
L1_SHADOW_STALLING_HIT_POS9_total_count,             0
L1_SHADOW_STALLING_HIT_POS9_total_pct,         -nan

L1_SHADOW_STALLING_HIT_POS10_count,             0
L1_SHADOW_STALLING_HIT_POS10_pct,         -nan
L1_SHADOW_STALLING_HIT_POS10_total_count,             0
L1_SHADOW_STALLING_HIT_POS10_total_pct,         -nan

L1_SHADOW_STALLING_HIT_POS11_count,             0
L1_SHADOW_STALLING_HIT_POS11_pct,         -nan
L1_SHADOW_STALLING_HIT_POS11_total_count,             0
L1_SHADOW_STALLING_HIT_POS11_total_pct,         -nan

L1_SHADOW_STALLING_HIT_POS12_count,             0
L1_SHADOW_STALLING_HIT_POS12_pct,         -nan
L1_SHADOW_STALLING_HIT_POS12_total_count,             0
L1_SHADOW_STALLING_HIT_POS12_total_pct,         -nan

L1_SHADOW_STALLING_HIT_POS13_count,             0
L1_SHADOW_STALLING_HIT_POS13_pct,         -nan
L1_SHADOW_STALLING_HIT_POS13_total_count,             0
L1_SHADOW_STALLING_HIT_POS13_total_pct,         -nan

L1_SHADOW_STALLING_HIT_POS14_count,             0
L1_SHADOW_STALLING_HIT_POS14_pct,         -nan
L1_SHADOW_STALLING_HIT_POS14_total_count,             0
L1_SHADOW_STALLING_HIT_POS14_total_pct,         -nan

L1_SHADOW_STALLING_HIT_POS15_count,             0
L1_SHADOW_STALLING_HIT_POS15_pct,         -nan
L1_SHADOW_STALLING_HIT_POS15_total_count,             0
L1_SHADOW_STALLING_HIT_POS15_total_pct,         -nan

L1_SHADOW_STALLING_HIT_POS16_count,             0
L1_SHADOW_STALLING_HIT_POS16_pct,         -nan
L1_SHADOW_STALLING_HIT_POS16_total_count,             0
L1_SHADOW_STALLING_HIT_POS16_total_pct,         -nan

L1_SHADOW_STALLING_HIT_POS17_count,             0
L1_SHADOW_STALLING_HIT_POS17_pct,         -nan
L1_SHADOW_STALLING_HIT_POS17_total_count,             0
L1_SHADOW_STALLING_HIT_POS17_total_pct,         -nan

L1_SHADOW_STALLING_HIT_POS18_count,             0
L1_SHADOW_STALLING_HIT_POS18_pct,         -nan
L1_SHADOW_STALLING_HIT_POS18_total_count,             0
L1_SHADOW_STALLING_HIT_POS18_total_pct,         -nan

L1_SHADOW_STALLING_HIT_POS19_count,             0
L1_SHADOW_STALLING_HIT_POS19_pct,         -nan
L1_SHADOW_STALLING_HIT_POS19_total_count,             0
L1_SHADOW_STALLING_HIT_POS19_total_pct,         -nan

L1_SHADOW_STALLING_HIT_POS20_count,             0
L1_SHADOW_STALLING_HIT_POS20_pct,         -nan
L1_SHADOW_STALLING_HIT_POS20_total_count,             0
L1_SHADOW_STALLING_HIT_POS20_total_pct,         -nan

L1_SHADOW_STALLING_HIT_POS21_count,             0
L1_SHADOW_STALLING_HIT_POS21_pct,         -nan
L1_SHADOW_STALLING_HIT_POS21_total_count,             0
L1_SHADOW_STALLING_HIT_POS21_total_pct,         -nan

L1_SHADOW_STALLING_HIT_POS22_count,             0
L1_SHADOW_STALLING_HIT_POS22_pct,         -nan
L1_SHADOW_STALLING_HIT_POS22_total_count,             0
L1_SHADOW_STALLING_HIT_POS22_total_pct,         -nan

L1_SHADOW_STALLING_HIT_POS23_count,             0
L1_SHADOW_STALLING_HIT_POS23_pct,         -nan
L1_SHADOW_STALLING_HIT_POS23_total_count,             0
L1_SHADOW_STALLING_HIT_POS23_total_pct,         -nan

L1_SHADOW_STALLING_HIT_POS24_count,             0
L1_SHADOW_STALLING_HIT_POS24_pct,         -nan
L1_SHADOW_STALLING_HIT_POS24_total_count,             0
L1_SHADOW_STALLING_HIT_POS24_total_pct,         -nan

L1_SHADOW_STALLING_HIT_POS25_count,             0
L1_SHADOW_STALLING_HIT_POS25_pct,         -nan
L1_SHADOW_STALLING_HIT_POS25_total_count,             0
L1_SHADOW_STALLING_HIT_POS25_total_pct,         -nan

L1_SHADOW_STALLING_HIT_POS26_count,             0
L1_SHADOW_STALLING_HIT_POS26_pct,         -nan
L1_SHADOW_STALLING_HIT_POS26_total_count,             0
L1_SHADOW_STALLING_HIT_POS26_total_pct,         -nan

L1_SHADOW_STALLING_HIT_POS27_count,             0
L1_SHADOW_STALLING_HIT_POS27_pct,         -nan
L1_SHADOW_STALLING_HIT_POS27_total_count,             0
L1_SHADOW_STALLING_HIT_POS27_total_pct,         -nan

L1_SHADOW_STALLING_HIT_POS28_count,             0
L1_SHADOW_STALLING_HIT_POS28_pct,         -nan
L1_SHADOW_STALLING_HIT_POS28_total_count,             0
L1_SHADOW_STALLING_HIT_POS28_total_pct,         -nan

L1_SHADOW_STALLING_HIT_POS29_count,             0
L1_SHADOW_STALLING_HIT_POS29_pct,         -nan
L1_SHADOW_STALLING_HIT_POS29_total_count,             0
L1_SHADOW_STALLING_HIT_POS29_total_pct,         -nan

L1_SHADOW_STALLING_HIT_POS30_count,             0
L1_SHADOW_STALLING_HIT_POS30_pct,         -nan
L1_SHADOW_STALLING_HIT_POS30_total_count,             0
L1_SHADOW_STALLING_HIT_POS30_total_pct,         -nan

L1_SHADOW_STALLING_HIT_POS31_count,             0
L1_SHADOW_STALLING_HIT_POS31_pct,         -nan
L1_SHADOW_STALLING_HIT_POS31_total_count,             0
L1_SHADOW_STALLING_HIT_POS31_total_pct,         -nan

L1_SHADOW_STALLING_HIT_POS32_count,             0
L1_SHADOW_STALLING_HIT_POS32_pct,         -nan
L1_SHADOW_STALLING_HIT_POS32_total_count,             0
L1_SHADOW_STALLING_HIT_POS32_total_pct,         -nan

L1_SHADOW_STALLING_HIT_POS33_count,             0
L1_SHADOW_STALLING_HIT_POS33_pct,         -nan
L1_SHADOW_STALLING_HIT_POS33_total_count,             0
L1_SHADOW_STALLING_HIT_POS33_total_pct,         -nan

L1_SHADOW_STALLING_HIT_POS34_count,             0
L1_SHADOW_STALLING_HIT_POS34_pct,         -nan
L1_SHADOW_STALLING_HIT_POS34_total_count,             0
L1_SHADOW_STALLING_HIT_POS34_total_pct,         -nan

L1_SHADOW_STALLING_HIT_POS35_count,             0
L1_SHADOW_STALLING_HIT_POS35_pct,         -nan
L1_SHADOW_STALLING_HIT_POS35_total_count,             0
L1_SHADOW_STALLING_HIT_POS35_total_pct,         -nan

L1_SHADOW_STALLING_HIT_POS36_count,             0
L1_SHADOW_STALLING_HIT_POS36_pct,         -nan
L1_SHADOW_STALLING_HIT_POS36_total_count,             0
L1_SHADOW_STALLING_HIT_POS36_total_pct,         -nan

L1_SHADOW_STALLING_HIT_POS37_count,             0
L1_SHADOW_STALLING_HIT_POS37_pct,         -nan
L1_SHADOW_STALLING_HIT_POS37_total_count,             0
L1_SHADOW_STALLING_HIT_POS37_total_pct,         -nan

L1_SHADOW_STALLING_HIT_POS38_count,             0
L1_SHADOW_STALLING_HIT_POS38_pct,         -nan
L1_SHADOW_STALLING_HIT_POS38_total_count,             0
L1_SHADOW_STALLING_HIT_POS38_total_pct,         -nan

L1_SHADOW_STALLING_HIT_POS39_count,             0
L1_SHADOW_STALLING_HIT_POS39_pct,         -nan
L1_SHADOW_STALLING_HIT_POS39_total_count,             0
L1_SHADOW_STALLING_HIT_POS39_total_pct,         -nan

L1_SHADOW_STALLING_HIT_POS40_count,             0
L1_SHADOW_STALLING_HIT_POS40_pct,         -nan
L1_SHADOW_STALLING_HIT_POS40_total_count,             0
L1_SHADOW_STALLING_HIT_POS40_total_pct,         -nan

L1_SHADOW_STALLING_HIT_POS41_count,             0
L1_SHADOW_STALLING_HIT_POS41_pct,         -nan
L1_SHADOW_STALLING_HIT_POS41_total_count,             0
L1_SHADOW_STALLING_HIT_POS41_total_pct,         -nan

L1_SHADOW_STALLING_HIT_POS42_count,             0
L1_SHADOW_STALLING_HIT_POS42_pct,         -nan
L1_SHADOW_STALLING_HIT_POS42_total_count,             0
L1_SHADOW_STALLING_HIT_POS42_total_pct,         -nan

L1_SHADOW_STALLING_HIT_POS43_count,             0
L1_SHADOW_STALLING_HIT_POS43_pct,         -nan
L1_SHADOW_STALLING_HIT_POS43_total_count,             0
L1_SHADOW_STALLING_HIT_POS43_total_pct,         -nan

L1_SHADOW_STALLING_HIT_POS44_count,             0
L1_SHADOW_STALLING_HIT_POS44_pct,         -nan
L1_SHADOW_STALLING_HIT_POS44_total_count,             0
L1_SHADOW_STALLING_HIT_POS44_total_pct,         -nan

L1_SHADOW_STALLING_HIT_POS45_count,             0
L1_SHADOW_STALLING_HIT_POS45_pct,         -nan
L1_SHADOW_STALLING_HIT_POS45_total_count,             0
L1_SHADOW_STALLING_HIT_POS45_total_pct,         -nan

L1_SHADOW_STALLING_HIT_POS46_count,             0
L1_SHADOW_STALLING_HIT_POS46_pct,         -nan
L1_SHADOW_STALLING_HIT_POS46_total_count,             0
L1_SHADOW_STALLING_HIT_POS46_total_pct,         -nan

L1_SHADOW_STALLING_HIT_POS47_count,             0
L1_SHADOW_STALLING_HIT_POS47_pct,         -nan
L1_SHADOW_STALLING_HIT_POS47_total_count,             0
L1_SHADOW_STALLING_HIT_POS47_total_pct,         -nan

L1_SHADOW_STALLING_HIT_POS48_count,             0
L1_SHADOW_STALLING_HIT_POS48_pct,         -nan
L1_SHADOW_STALLING_HIT_POS48_total_count,             0
L1_SHADOW_STALLING_HIT_POS48_total_pct,         -nan

L1_SHADOW_STALLING_HIT_POS49_count,             0
L1_SHADOW_STALLING_HIT_POS49_pct,         -nan
L1_SHADOW_STALLING_HIT_POS49_total_count,             0
L1_SHADOW_STALLING_HIT_POS49_total_pct,         -nan

L1_SHADOW_STALLING_HIT_POS50_count,             0
L1_SHADOW_STALLING_HIT_POS50_pct,         -nan
L1_SHADOW_STALLING_HIT_POS50_total_count,             0
L1_SHADOW_STALLING_HIT_POS50_total_pct,         -nan

L1_SHADOW_STALLING_HIT_POS51_count,             0
L1_SHADOW_STALLING_HIT_POS51_pct,         -nan
L1_SHADOW_STALLING_HIT_POS51_total_count,             0
L1_SHADOW_STALLING_HIT_POS51_total_pct,         -nan

L1_SHADOW_STALLING_HIT_POS52_count,             0
L1_SHADOW_STALLING_HIT_POS52_pct,         -nan
L1_SHADOW_STALLING_HIT_POS52_total_count,             0
L1_SHADOW_STALLING_HIT_POS52_total_pct,         -nan

L1_SHADOW_STALLING_HIT_POS53_count,             0
L1_SHADOW_STALLING_HIT_POS53_pct,         -nan
L1_SHADOW_STALLING_HIT_POS53_total_count,             0
L1_SHADOW_STALLING_HIT_POS53_total_pct,         -nan

L1_SHADOW_STALLING_HIT_POS54_count,             0
L1_SHADOW_STALLING_HIT_POS54_pct,         -nan
L1_SHADOW_STALLING_HIT_POS54_total_count,             0
L1_SHADOW_STALLING_HIT_POS54_total_pct,         -nan

L1_SHADOW_STALLING_HIT_POS55_count,             0
L1_SHADOW_STALLING_HIT_POS55_pct,         -nan
L1_SHADOW_STALLING_HIT_POS55_total_count,             0
L1_SHADOW_STALLING_HIT_POS55_total_pct,         -nan

L1_SHADOW_STALLING_HIT_POS56_count,             0
L1_SHADOW_STALLING_HIT_POS56_pct,         -nan
L1_SHADOW_STALLING_HIT_POS56_total_count,             0
L1_SHADOW_STALLING_HIT_POS56_total_pct,         -nan

L1_SHADOW_STALLING_HIT_POS57_count,             0
L1_SHADOW_STALLING_HIT_POS57_pct,         -nan
L1_SHADOW_STALLING_HIT_POS57_total_count,             0
L1_SHADOW_STALLING_HIT_POS57_total_pct,         -nan

L1_SHADOW_STALLING_HIT_POS58_count,             0
L1_SHADOW_STALLING_HIT_POS58_pct,         -nan
L1_SHADOW_STALLING_HIT_POS58_total_count,             0
L1_SHADOW_STALLING_HIT_POS58_total_pct,         -nan

L1_SHADOW_STALLING_HIT_POS59_count,             0
L1_SHADOW_STALLING_HIT_POS59_pct,         -nan
L1_SHADOW_STALLING_HIT_POS59_total_count,             0
L1_SHADOW_STALLING_HIT_POS59_total_pct,         -nan

L1_SHADOW_STALLING_HIT_POS60_count,             0
L1_SHADOW_STALLING_HIT_POS60_pct,         -nan
L1_SHADOW_STALLING_HIT_POS60_total_count,             0
L1_SHADOW_STALLING_HIT_POS60_total_pct,         -nan

L1_SHADOW_STALLING_HIT_POS61_count,             0
L1_SHADOW_STALLING_HIT_POS61_pct,         -nan
L1_SHADOW_STALLING_HIT_POS61_total_count,             0
L1_SHADOW_STALLING_HIT_POS61_total_pct,         -nan

L1_SHADOW_STALLING_HIT_POS62_count,             0
L1_SHADOW_STALLING_HIT_POS62_pct,         -nan
L1_SHADOW_STALLING_HIT_POS62_total_count,             0
L1_SHADOW_STALLING_HIT_POS62_total_pct,         -nan

L1_SHADOW_STALLING_HIT_POS63_count,             0
L1_SHADOW_STALLING_HIT_POS63_pct,         -nan
L1_SHADOW_STALLING_HIT_POS63_total_count,             0
L1_SHADOW_STALLING_HIT_POS63_total_pct,         -nan

L1_SHADOW_STALLING_HIT_POS64_count,             0
L1_SHADOW_STALLING_HIT_POS64_pct,         -nan
L1_SHADOW_STALLING_HIT_POS64_total_count,             0
L1_SHADOW_STALLING_HIT_POS64_total_pct,         -nan

L1_SHADOW_STALLING_HIT_POS65_count,             0
L1_SHADOW_STALLING_HIT_POS65_pct,         -nan
L1_SHADOW_STALLING_HIT_POS65_total_count,             0
L1_SHADOW_STALLING_HIT_POS65_total_pct,         -nan

L1_SHADOW_STALLING_HIT_POS66_count,             0
L1_SHADOW_STALLING_HIT_POS66_pct,         -nan
L1_SHADOW_STALLING_HIT_POS66_total_count,             0
L1_SHADOW_STALLING_HIT_POS66_total_pct,         -nan

L1_SHADOW_STALLING_HIT_POS67_count,             0
L1_SHADOW_STALLING_HIT_POS67_pct,         -nan
L1_SHADOW_STALLING_HIT_POS67_total_count,             0
L1_SHADOW_STALLING_HIT_POS67_total_pct,         -nan

L1_SHADOW_STALLING_HIT_POS68_count,             0
L1_SHADOW_STALLING_HIT_POS68_pct,         -nan
L1_SHADOW_STALLING_HIT_POS68_total_count,             0
L1_SHADOW_STALLING_HIT_POS68_total_pct,         -nan

L1_SHADOW_STALLING_HIT_POS69_count,             0
L1_SHADOW_STALLING_HIT_POS69_pct,         -nan
L1_SHADOW_STALLING_HIT_POS69_total_count,             0
L1_SHADOW_STALLING_HIT_POS69_total_pct,         -nan

L1_SHADOW_STALLING_HIT_POS70_count,             0
L1_SHADOW_STALLING_HIT_POS70_pct,         -nan
L1_SHADOW_STALLING_HIT_POS70_total_count,             0
L1_SHADOW_STALLING_HIT_POS70_total_pct,         -nan

L1_SHADOW_STALLING_HIT_POS71_count,             0
L1_SHADOW_STALLING_HIT_POS71_pct,         -nan
L1_SHADOW_STALLING_HIT_POS71_total_count,             0
L1_SHADOW_STALLING_HIT_POS71_total_pct,         -nan

L1_SHADOW_STALLING_HIT_POS72_count,             0
L1_SHADOW_STALLING_HIT_POS72_pct,         -nan
L1_SHADOW_STALLING_HIT_POS72_total_count,             0
L1_SHADOW_STALLING_HIT_POS72_total_pct,         -nan

L1_SHADOW_STALLING_HIT_POS73_count,             0
L1_SHADOW_STALLING_HIT_POS73_pct,         -nan
L1_SHADOW_STALLING_HIT_POS73_total_count,             0
L1_SHADOW_STALLING_HIT_POS73_total_pct,         -nan

L1_SHADOW_STALLING_HIT_POS74_count,             0
L1_SHADOW_STALLING_HIT_POS74_pct,         -nan
L1_SHADOW_STALLING_HIT_POS74_total_count,             0
L1_SHADOW_STALLING_HIT_POS74_total_pct,         -nan

L1_SHADOW_STALLING_HIT_POS75_count,             0
L1_SHADOW_STALLING_HIT_POS75_pct,         -nan
L1_SHADOW_STALLING_HIT_POS75_total_count,             0
L1_SHADOW_STALLING_HIT_POS75_total_pct,         -nan

L1_SHADOW_STALLING_HIT_POS76_count,             0
L1_SHADOW_STALLING_HIT_POS76_pct,         -nan
L1_SHADOW_STALLING_HIT_POS76_total_count,             0
L1_SHADOW_STALLING_HIT_POS76_total_pct,         -nan

L1_SHADOW_STALLING_HIT_POS77_count,             0
L1_SHADOW_STALLING_HIT_POS77_pct,         -nan
L1_SHADOW_STALLING_HIT_POS77_total_count,             0
L1_SHADOW_STALLING_HIT_POS77_total_pct,         -nan

L1_SHADOW_STALLING_HIT_POS78_count,             0
L1_SHADOW_STALLING_HIT_POS78_pct,         -nan
L1_SHADOW_STALLING_HIT_POS78_total_count,             0
L1_SHADOW_STALLING_HIT_POS78_total_pct,         -nan

L1_SHADOW_STALLING_HIT_POS79_count,             0
L1_SHADOW_STALLING_HIT_POS79_pct,         -nan
L1_SHADOW_STALLING_HIT_POS79_total_count,             0
L1_SHADOW_STALLING_HIT_POS79_total_pct,         -nan

L1_SHADOW_STALLING_HIT_POS80_count,             0
L1_SHADOW_STALLING_HIT_POS80_pct,         -nan
L1_SHADOW_STALLING_HIT_POS80_total_count,             0
L1_SHADOW_STALLING_HIT_POS80_total_pct,         -nan

L1_SHADOW_STALLING_HIT_POS81_count,             0
L1_SHADOW_STALLING_HIT_POS81_pct,         -nan
L1_SHADOW_STALLING_HIT_POS81_total_count,             0
L1_SHADOW_STALLING_HIT_POS81_total_pct,         -nan

L1_SHADOW_STALLING_HIT_POS82_count,             0
L1_SHADOW_STALLING_HIT_POS82_pct,         -nan
L1_SHADOW_STALLING_HIT_POS82_total_count,             0
L1_SHADOW_STALLING_HIT_POS82_total_pct,         -nan

L1_SHADOW_STALLING_HIT_POS83_count,             0
L1_SHADOW_STALLING_HIT_POS83_pct,         -nan
L1_SHADOW_STALLING_HIT_POS83_total_count,             0
L1_SHADOW_STALLING_HIT_POS83_total_pct,         -nan

L1_SHADOW_STALLING_HIT_POS84_count,             0
L1_SHADOW_STALLING_HIT_POS84_pct,         -nan
L1_SHADOW_STALLING_HIT_POS84_total_count,             0
L1_SHADOW_STALLING_HIT_POS84_total_pct,         -nan

L1_SHADOW_STALLING_HIT_POS85_count,             0
L1_SHADOW_STALLING_HIT_POS85_pct,         -nan
L1_SHADOW_STALLING_HIT_POS85_total_count,             0
L1_SHADOW_STALLING_HIT_POS85_total_pct,         -nan

L1_SHADOW_STALLING_HIT_POS86_count,             0
L1_SHADOW_STALLING_HIT_POS86_pct,         -nan
L1_SHADOW_STALLING_HIT_POS86_total_count,             0
L1_SHADOW_STALLING_HIT_POS86_total_pct,         -nan

L1_SHADOW_STALLING_HIT_POS87_count,             0
L1_SHADOW_STALLING_HIT_POS87_pct,         -nan
L1_SHADOW_STALLING_HIT_POS87_total_count,             0
L1_SHADOW_STALLING_HIT_POS87_total_pct,         -nan

L1_SHADOW_STALLING_HIT_POS88_count,             0
L1_SHADOW_STALLING_HIT_POS88_pct,         -nan
L1_SHADOW_STALLING_HIT_POS88_total_count,             0
L1_SHADOW_STALLING_HIT_POS88_total_pct,         -nan

L1_SHADOW_STALLING_HIT_POS89_count,             0
L1_SHADOW_STALLING_HIT_POS89_pct,         -nan
L1_SHADOW_STALLING_HIT_POS89_total_count,             0
L1_SHADOW_STALLING_HIT_POS89_total_pct,         -nan

L1_SHADOW_STALLING_HIT_POS90_count,             0
L1_SHADOW_STALLING_HIT_POS90_pct,         -nan
L1_SHADOW_STALLING_HIT_POS90_total_count,             0
L1_SHADOW_STALLING_HIT_POS90_total_pct,         -nan

L1_SHADOW_STALLING_HIT_POS91_count,             0
L1_SHADOW_STALLING_HIT_POS91_pct,         -nan
L1_SHADOW_STALLING_HIT_POS91_total_count,             0
L1_SHADOW_STALLING_HIT_POS91_total_pct,         -nan

L1_SHADOW_STALLING_HIT_POS92_count,             0
L1_SHADOW_STALLING_HIT_POS92_pct,         -nan
L1_SHADOW_STALLING_HIT_POS92_total_count,             0
L1_SHADOW_STALLING_HIT_POS92_total_pct,         -nan

L1_SHADOW_STALLING_HIT_POS93_count,             0
L1_SHADOW_STALLING_HIT_POS93_pct,         -nan
L1_SHADOW_STALLING_HIT_POS93_total_count,             0
L1_SHADOW_STALLING_HIT_POS93_total_pct,         -nan

L1_SHADOW_STALLING_HIT_POS94_count,             0
L1_SHADOW_STALLING_HIT_POS94_pct,         -nan
L1_SHADOW_STALLING_HIT_POS94_total_count,             0
L1_SHADOW_STALLING_HIT_POS94_total_pct,         -nan

L1_SHADOW_STALLING_HIT_POS95_count,             0
L1_SHADOW_STALLING_HIT_POS95_pct,         -nan
L1_SHADOW_STALLING_HIT_POS95_total_count,             0
L1_SHADOW_STALLING_HIT_POS95_total_pct,         -nan

L1_SHADOW_STALLING_HIT_POS96_count,             0
L1_SHADOW_STALLING_HIT_POS96_pct,         -nan
L1_SHADOW_STALLING_HIT_POS96_total_count,             0
L1_SHADOW_STALLING_HIT_POS96_total_pct,         -nan

L1_SHADOW_STALLING_HIT_POS97_count,             0
L1_SHADOW_STALLING_HIT_POS97_pct,         -nan
L1_SHADOW_STALLING_HIT_POS97_total_count,             0
L1_SHADOW_STALLING_HIT_POS97_total_pct,         -nan

L1_SHADOW_STALLING_HIT_POS98_count,             0
L1_SHADOW_STALLING_HIT_POS98_pct,         -nan
L1_SHADOW_STALLING_HIT_POS98_total_count,             0
L1_SHADOW_STALLING_HIT_POS98_total_pct,         -nan

L1_SHADOW_STALLING_HIT_POS99_count,             0
L1_SHADOW_STALLING_HIT_POS99_pct,         -nan
L1_SHADOW_STALLING_HIT_POS99_total_count,             0
L1_SHADOW_STALLING_HIT_POS99_total_pct,         -nan

L1_SHADOW_STALLING_HIT_POS100_count,             0
L1_SHADOW_STALLING_HIT_POS100_pct,         -nan
L1_SHADOW_STALLING_HIT_POS100_total_count,             0
L1_SHADOW_STALLING_HIT_POS100_total_pct,         -nan

L1_SHADOW_STALLING_HIT_POS101_count,             0
L1_SHADOW_STALLING_HIT_POS101_pct,         -nan
L1_SHADOW_STALLING_HIT_POS101_total_count,             0
L1_SHADOW_STALLING_HIT_POS101_total_pct,         -nan

L1_SHADOW_STALLING_HIT_POS102_count,             0
L1_SHADOW_STALLING_HIT_POS102_pct,         -nan
L1_SHADOW_STALLING_HIT_POS102_total_count,             0
L1_SHADOW_STALLING_HIT_POS102_total_pct,         -nan

L1_SHADOW_STALLING_HIT_POS103_count,             0
L1_SHADOW_STALLING_HIT_POS103_pct,         -nan
L1_SHADOW_STALLING_HIT_POS103_total_count,             0
L1_SHADOW_STALLING_HIT_POS103_total_pct,         -nan

L1_SHADOW_STALLING_HIT_POS104_count,             0
L1_SHADOW_STALLING_HIT_POS104_pct,         -nan
L1_SHADOW_STALLING_HIT_POS104_total_count,             0
L1_SHADOW_STALLING_HIT_POS104_total_pct,         -nan

L1_SHADOW_STALLING_HIT_POS105_count,             0
L1_SHADOW_STALLING_HIT_POS105_pct,         -nan
L1_SHADOW_STALLING_HIT_POS105_total_count,             0
L1_SHADOW_STALLING_HIT_POS105_total_pct,         -nan

L1_SHADOW_STALLING_HIT_POS106_count,             0
L1_SHADOW_STALLING_HIT_POS106_pct,         -nan
L1_SHADOW_STALLING_HIT_POS106_total_count,             0
L1_SHADOW_STALLING_HIT_POS106_total_pct,         -nan

L1_SHADOW_STALLING_HIT_POS107_count,             0
L1_SHADOW_STALLING_HIT_POS107_pct,         -nan
L1_SHADOW_STALLING_HIT_POS107_total_count,             0
L1_SHADOW_STALLING_HIT_POS107_total_pct,         -nan

L1_SHADOW_STALLING_HIT_POS108_count,             0
L1_SHADOW_STALLING_HIT_POS108_pct,         -nan
L1_SHADOW_STALLING_HIT_POS108_total_count,             0
L1_SHADOW_STALLING_HIT_POS108_total_pct,         -nan

L1_SHADOW_STALLING_HIT_POS109_count,             0
L1_SHADOW_STALLING_HIT_POS109_pct,         -nan
L1_SHADOW_STALLING_HIT_POS109_total_count,             0
L1_SHADOW_STALLING_HIT_POS109_total_pct,         -nan

L1_SHADOW_STALLING_HIT_POS110_count,             0
L1_SHADOW_STALLING_HIT_POS110_pct,         -nan
L1_SHADOW_STALLING_HIT_POS110_total_count,             0
L1_SHADOW_STALLING_HIT_POS110_total_pct,         -nan

L1_SHADOW_STALLING_HIT_POS111_count,             0
L1_SHADOW_STALLING_HIT_POS111_pct,         -nan
L1_SHADOW_STALLING_HIT_POS111_total_count,             0
L1_SHADOW_STALLING_HIT_POS111_total_pct,         -nan

L1_SHADOW_STALLING_HIT_POS112_count,             0
L1_SHADOW_STALLING_HIT_POS112_pct,         -nan
L1_SHADOW_STALLING_HIT_POS112_total_count,             0
L1_SHADOW_STALLING_HIT_POS112_total_pct,         -nan

L1_SHADOW_STALLING_HIT_POS113_count,             0
L1_SHADOW_STALLING_HIT_POS113_pct,         -nan
L1_SHADOW_STALLING_HIT_POS113_total_count,             0
L1_SHADOW_STALLING_HIT_POS113_total_pct,         -nan

L1_SHADOW_STALLING_HIT_POS114_count,             0
L1_SHADOW_STALLING_HIT_POS114_pct,         -nan
L1_SHADOW_STALLING_HIT_POS114_total_count,             0
L1_SHADOW_STALLING_HIT_POS114_total_pct,         -nan

L1_SHADOW_STALLING_HIT_POS115_count,             0
L1_SHADOW_STALLING_HIT_POS115_pct,         -nan
L1_SHADOW_STALLING_HIT_POS115_total_count,             0
L1_SHADOW_STALLING_HIT_POS115_total_pct,         -nan

L1_SHADOW_STALLING_HIT_POS116_count,             0
L1_SHADOW_STALLING_HIT_POS116_pct,         -nan
L1_SHADOW_STALLING_HIT_POS116_total_count,             0
L1_SHADOW_STALLING_HIT_POS116_total_pct,         -nan

L1_SHADOW_STALLING_HIT_POS117_count,             0
L1_SHADOW_STALLING_HIT_POS117_pct,         -nan
L1_SHADOW_STALLING_HIT_POS117_total_count,             0
L1_SHADOW_STALLING_HIT_POS117_total_pct,         -nan

L1_SHADOW_STALLING_HIT_POS118_count,             0
L1_SHADOW_STALLING_HIT_POS118_pct,         -nan
L1_SHADOW_STALLING_HIT_POS118_total_count,             0
L1_SHADOW_STALLING_HIT_POS118_total_pct,         -nan

L1_SHADOW_STALLING_HIT_POS119_count,             0
L1_SHADOW_STALLING_HIT_POS119_pct,         -nan
L1_SHADOW_STALLING_HIT_POS119_total_count,             0
L1_SHADOW_STALLING_HIT_POS119_total_pct,         -nan

L1_SHADOW_STALLING_HIT_POS120_count,             0
L1_SHADOW_STALLING_HIT_POS120_pct,         -nan
L1_SHADOW_STALLING_HIT_POS120_total_count,             0
L1_SHADOW_STALLING_HIT_POS120_total_pct,         -nan

L1_SHADOW_STALLING_HIT_POS121_count,             0
L1_SHADOW_STALLING_HIT_POS121_pct,         -nan
L1_SHADOW_STALLING_HIT_POS121_total_count,             0
L1_SHADOW_STALLING_HIT_POS121_total_pct,         -nan

L1_SHADOW_STALLING_HIT_POS122_count,             0
L1_SHADOW_STALLING_HIT_POS122_pct,         -nan
L1_SHADOW_STALLING_HIT_POS122_total_count,             0
L1_SHADOW_STALLING_HIT_POS122_total_pct,         -nan

L1_SHADOW_STALLING_HIT_POS123_count,             0
L1_SHADOW_STALLING_HIT_POS123_pct,         -nan
L1_SHADOW_STALLING_HIT_POS123_total_count,             0
L1_SHADOW_STALLING_HIT_POS123_total_pct,         -nan

L1_SHADOW_STALLING_HIT_POS124_count,             0
L1_SHADOW_STALLING_HIT_POS124_pct,         -nan
L1_SHADOW_STALLING_HIT_POS124_total_count,             0
L1_SHADOW_STALLING_HIT_POS124_total_pct,         -nan

L1_SHADOW_STALLING_HIT_POS125_count,             0
L1_SHADOW_STALLING_HIT_POS125_pct,         -nan
L1_SHADOW_STALLING_HIT_POS125_total_count,             0
L1_SHADOW_STALLING_HIT_POS125_total_pct,         -nan

L1_SHADOW_STALLING_HIT_POS126_count,             0
L1_SHADOW_STALLING_HIT_POS126_pct,         -nan
L1_SHADOW_STALLING_HIT_POS126_total_count,             0
L1_SHADOW_STALLING_HIT_POS126_total_pct,         -nan

L1_SHADOW_STALLING_HIT_POS127_count,             0
L1_SHADOW_STALLING_HIT_POS127_pct,         -nan
L1_SHADOW_STALLING_HIT_POS127_total_count,             0
L1_SHADOW_STALLING_HIT_POS127_total_pct,         -nan
L1_SHADOW_STALLING_HIT_POS127_sum_count,             0
L1_SHADOW_STALLING_HIT_POS127_sum_pct,         -nan
L1_SHADOW_STALLING_HIT_POS127_sum_total_count,             0
L1_SHADOW_STALLING_HIT_POS127_sum_total_pct,         -nan
L1_SHADOW_STALLING_HIT_POS127_mean,         -nan
L1_SHADOW_STALLING_HIT_POS127_stddev,         -nan
L1_SHADOW_STALLING_HIT_POS127_total_mean,         -nan
L1_SHADOW_STALLING_HIT_POS127_total_stddev,         -nan

L1_SHADOW_DEMAND_HIT_POS0_count,             0
L1_SHADOW_DEMAND_HIT_POS0_pct,         -nan
L1_SHADOW_DEMAND_HIT_POS0_total_count,             0
L1_SHADOW_DEMAND_HIT_POS0_total_pct,         -nan

L1_SHADOW_DEMAND_HIT_POS1_count,             0
L1_SHADOW_DEMAND_HIT_POS1_pct,         -nan
L1_SHADOW_DEMAND_HIT_POS1_total_count,             0
L1_SHADOW_DEMAND_HIT_POS1_total_pct,         -nan

L1_SHADOW_DEMAND_HIT_POS2_count,             0
L1_SHADOW_DEMAND_HIT_POS2_pct,         -nan
L1_SHADOW_DEMAND_HIT_POS2_total_count,             0
L1_SHADOW_DEMAND_HIT_POS2_total_pct,         -nan

L1_SHADOW_DEMAND_HIT_POS3_count,             0
L1_SHADOW_DEMAND_HIT_POS3_pct,         -nan
L1_SHADOW_DEMAND_HIT_POS3_total_count,             0
L1_SHADOW_DEMAND_HIT_POS3_total_pct,         -nan

L1_SHADOW_DEMAND_HIT_POS4_count,             0
L1_SHADOW_DEMAND_HIT_POS4_pct,         -nan
L1_SHADOW_DEMAND_HIT_POS4_total_count,             0
L1_SHADOW_DEMAND_HIT_POS4_total_pct,         -nan

L1_SHADOW_DEMAND_HIT_POS5_count,             0
L1_SHADOW_DEMAND_HIT_POS5_pct,         -nan
L1_SHADOW_DEMAND_HIT_POS5_total_count,             0
L1_SHADOW_DEMAND_HIT_POS5_total_pct,         -nan

L1_SHADOW_DEMAND_HIT_POS6_count,             0
L1_SHADOW_DEMAND_HIT_POS6_pct,         -nan
L1_SHADOW_DEMAND_HIT_POS6_total_count,             0
L1_SHADOW_DEMAND_HIT_POS6_total_pct,         -nan

L1_SHADOW_DEMAND_HIT_POS7_count,             0
L1_SHADOW_DEMAND_HIT_POS7_pct,         -nan
L1_SHADOW_DEMAND_HIT_POS7_total_count,             0
L1_SHADOW_DEMAND_HIT_POS7_total_pct,         -nan

L1_SHADOW_DEMAND_HIT_POS8_count,             0
L1_SHADOW_DEMAND_HIT_POS8_pct,         -nan
L1_SHADOW_DEMAND_HIT_POS8_total_count,             0
L1_SHADOW_DEMAND_HIT_POS8_total_pct,         -nan

L1_SHADOW_DEMAND_HIT_POS9_count,             0
L1_SHADOW_DEMAND_HIT_POS9_pct,         -nan
L1_SHADOW_DEMAND_HIT_POS9_total_count,             0
L1_SHADOW_DEMAND_HIT_POS9_total_pct,         -nan

L1_SHADOW_DEMAND_HIT_POS10_count,             0
L1_SHADOW_DEMAND_HIT_POS10_pct,         -nan
L1_SHADOW_DEMAND_HIT_POS10_total_count,             0
L1_SHADOW_DEMAND_HIT_POS10_total_pct,         -nan

L1_SHADOW_DEMAND_HIT_POS11_count,             0
L1_SHADOW_DEMAND_HIT_POS11_pct,         -nan
L1_SHADOW_DEMAND_HIT_POS11_total_count,             0
L1_SHADOW_DEMAND_HIT_POS11_total_pct,         -nan

L1_SHADOW_DEMAND_HIT_POS12_count,             0
L1_SHADOW_DEMAND_HIT_POS12_pct,         -nan
L1_SHADOW_DEMAND_HIT_POS12_total_count,             0
L1_SHADOW_DEMAND_HIT_POS12_total_pct,         -nan

L1_SHADOW_DEMAND_HIT_POS13_count,             0
L1_SHADOW_DEMAND_HIT_POS13_pct,         -nan
L1_SHADOW_DEMAND_HIT_POS13_total_count,             0
L1_SHADOW_DEMAND_HIT_POS13_total_pct,         -nan

L1_SHADOW_DEMAND_HIT_POS14_count,             0
L1_SHADOW_DEMAND_HIT_POS14_pct,         -nan
L1_SHADOW_DEMAND_HIT_POS14_total_count,             0
L1_SHADOW_DEMAND_HIT_POS14_total_pct,         -nan

L1_SHADOW_DEMAND_HIT_POS15_count,             0
L1_SHADOW_DEMAND_HIT_POS15_pct,         -nan
L1_SHADOW_DEMAND_HIT_POS15_total_count,             0
L1_SHADOW_DEMAND_HIT_POS15_total_pct,         -nan

L1_SHADOW_DEMAND_HIT_POS16_count,             0
L1_SHADOW_DEMAND_HIT_POS16_pct,         -nan
L1_SHADOW_DEMAND_HIT_POS16_total_count,             0
L1_SHADOW_DEMAND_HIT_POS16_total_pct,         -nan

L1_SHADOW_DEMAND_HIT_POS17_count,             0
L1_SHADOW_DEMAND_HIT_POS17_pct,         -nan
L1_SHADOW_DEMAND_HIT_POS17_total_count,             0
L1_SHADOW_DEMAND_HIT_POS17_total_pct,         -nan

L1_SHADOW_DEMAND_HIT_POS18_count,             0
L1_SHADOW_DEMAND_HIT_POS18_pct,         -nan
L1_SHADOW_DEMAND_HIT_POS18_total_count,             0
L1_SHADOW_DEMAND_HIT_POS18_total_pct,         -nan

L1_SHADOW_DEMAND_HIT_POS19_count,             0
L1_SHADOW_DEMAND_HIT_POS19_pct,         -nan
L1_SHADOW_DEMAND_HIT_POS19_total_count,             0
L1_SHADOW_DEMAND_HIT_POS19_total_pct,         -nan

L1_SHADOW_DEMAND_HIT_POS20_count,             0
L1_SHADOW_DEMAND_HIT_POS20_pct,         -nan
L1_SHADOW_DEMAND_HIT_POS20_total_count,             0
L1_SHADOW_DEMAND_HIT_POS20_total_pct,         -nan

L1_SHADOW_DEMAND_HIT_POS21_count,             0
L1_SHADOW_DEMAND_HIT_POS21_pct,         -nan
L1_SHADOW_DEMAND_HIT_POS21_total_count,             0
L1_SHADOW_DEMAND_HIT_POS21_total_pct,         -nan

L1_SHADOW_DEMAND_HIT_POS22_count,             0
L1_SHADOW_DEMAND_HIT_POS22_pct,         -nan
L1_SHADOW_DEMAND_HIT_POS22_total_count,             0
L1_SHADOW_DEMAND_HIT_POS22_total_pct,         -nan

L1_SHADOW_DEMAND_HIT_POS23_count,             0
L1_SHADOW_DEMAND_HIT_POS23_pct,         -nan
L1_SHADOW_DEMAND_HIT_POS23_total_count,             0
L1_SHADOW_DEMAND_HIT_POS23_total_pct,         -nan

L1_SHADOW_DEMAND_HIT_POS24_count,             0
L1_SHADOW_DEMAND_HIT_POS24_pct,         -nan
L1_SHADOW_DEMAND_HIT_POS24_total_count,             0
L1_SHADOW_DEMAND_HIT_POS24_total_pct,         -nan

L1_SHADOW_DEMAND_HIT_POS25_count,             0
L1_SHADOW_DEMAND_HIT_POS25_pct,         -nan
L1_SHADOW_DEMAND_HIT_POS25_total_count,             0
L1_SHADOW_DEMAND_HIT_POS25_total_pct,         -nan

L1_SHADOW_DEMAND_HIT_POS26_count,             0
L1_SHADOW_DEMAND_HIT_POS26_pct,         -nan
L1_SHADOW_DEMAND_HIT_POS26_total_count,             0
L1_SHADOW_DEMAND_HIT_POS26_total_pct,         -nan

L1_SHADOW_DEMAND_HIT_POS27_count,             0
L1_SHADOW_DEMAND_HIT_POS27_pct,         -nan
L1_SHADOW_DEMAND_HIT_POS27_total_count,             0
L1_SHADOW_DEMAND_HIT_POS27_total_pct,         -nan

L1_SHADOW_DEMAND_HIT_POS28_count,             0
L1_SHADOW_DEMAND_HIT_POS28_pct,         -nan
L1_SHADOW_DEMAND_HIT_POS28_total_count,             0
L1_SHADOW_DEMAND_HIT_POS28_total_pct,         -nan

L1_SHADOW_DEMAND_HIT_POS29_count,             0
L1_SHADOW_DEMAND_HIT_POS29_pct,         -nan
L1_SHADOW_DEMAND_HIT_POS29_total_count,             0
L1_SHADOW_DEMAND_HIT_POS29_total_pct,         -nan

L1_SHADOW_DEMAND_HIT_POS30_count,             0
L1_SHADOW_DEMAND_HIT_POS30_pct,         -nan
L1_SHADOW_DEMAND_HIT_POS30_total_count,             0
L1_SHADOW_DEMAND_HIT_POS30_total_pct,         -nan

L1_SHADOW_DEMAND_HIT_POS31_count,             0
L1_SHADOW_DEMAND_HIT_POS31_pct,         -nan
L1_SHADOW_DEMAND_HIT_POS31_total_count,             0
L1_SHADOW_DEMAND_HIT_POS31_total_pct,         -nan

L1_SHADOW_DEMAND_HIT_POS32_count,             0
L1_SHADOW_DEMAND_HIT_POS32_pct,         -nan
L1_SHADOW_DEMAND_HIT_POS32_total_count,             0
L1_SHADOW_DEMAND_HIT_POS32_total_pct,         -nan

L1_SHADOW_DEMAND_HIT_POS33_count,             0
L1_SHADOW_DEMAND_HIT_POS33_pct,         -nan
L1_SHADOW_DEMAND_HIT_POS33_total_count,             0
L1_SHADOW_DEMAND_HIT_POS33_total_pct,         -nan

L1_SHADOW_DEMAND_HIT_POS34_count,             0
L1_SHADOW_DEMAND_HIT_POS34_pct,         -nan
L1_SHADOW_DEMAND_HIT_POS34_total_count,             0
L1_SHADOW_DEMAND_HIT_POS34_total_pct,         -nan

L1_SHADOW_DEMAND_HIT_POS35_count,             0
L1_SHADOW_DEMAND_HIT_POS35_pct,         -nan
L1_SHADOW_DEMAND_HIT_POS35_total_count,             0
L1_SHADOW_DEMAND_HIT_POS35_total_pct,         -nan

L1_SHADOW_DEMAND_HIT_POS36_count,             0
L1_SHADOW_DEMAND_HIT_POS36_pct,         -nan
L1_SHADOW_DEMAND_HIT_POS36_total_count,             0
L1_SHADOW_DEMAND_HIT_POS36_total_pct,         -nan

L1_SHADOW_DEMAND_HIT_POS37_count,             0
L1_SHADOW_DEMAND_HIT_POS37_pct,         -nan
L1_SHADOW_DEMAND_HIT_POS37_total_count,             0
L1_SHADOW_DEMAND_HIT_POS37_total_pct,         -nan

L1_SHADOW_DEMAND_HIT_POS38_count,             0
L1_SHADOW_DEMAND_HIT_POS38_pct,         -nan
L1_SHADOW_DEMAND_HIT_POS38_total_count,             0
L1_SHADOW_DEMAND_HIT_POS38_total_pct,         -nan

L1_SHADOW_DEMAND_HIT_POS39_count,             0
L1_SHADOW_DEMAND_HIT_POS39_pct,         -nan
L1_SHADOW_DEMAND_HIT_POS39_total_count,             0
L1_SHADOW_DEMAND_HIT_POS39_total_pct,         -nan

L1_SHADOW_DEMAND_HIT_POS40_count,             0
L1_SHADOW_DEMAND_HIT_POS40_pct,         -nan
L1_SHADOW_DEMAND_HIT_POS40_total_count,             0
L1_SHADOW_DEMAND_HIT_POS40_total_pct,         -nan

L1_SHADOW_DEMAND_HIT_POS41_count,             0
L1_SHADOW_DEMAND_HIT_POS41_pct,         -nan
L1_SHADOW_DEMAND_HIT_POS41_total_count,             0
L1_SHADOW_DEMAND_HIT_POS41_total_pct,         -nan

L1_SHADOW_DEMAND_HIT_POS42_count,             0
L1_SHADOW_DEMAND_HIT_POS42_pct,         -nan
L1_SHADOW_DEMAND_HIT_POS42_total_count,             0
L1_SHADOW_DEMAND_HIT_POS42_total_pct,         -nan

L1_SHADOW_DEMAND_HIT_POS43_count,             0
L1_SHADOW_DEMAND_HIT_POS43_pct,         -nan
L1_SHADOW_DEMAND_HIT_POS43_total_count,             0
L1_SHADOW_DEMAND_HIT_POS43_total_pct,         -nan

L1_SHADOW_DEMAND_HIT_POS44_count,             0
L1_SHADOW_DEMAND_HIT_POS44_pct,         -nan
L1_SHADOW_DEMAND_HIT_POS44_total_count,             0
L1_SHADOW_DEMAND_HIT_POS44_total_pct,         -nan

L1_SHADOW_DEMAND_HIT_POS45_count,             0
L1_SHADOW_DEMAND_HIT_POS45_pct,         -nan
L1_SHADOW_DEMAND_HIT_POS45_total_count,             0
L1_SHADOW_DEMAND_HIT_POS45_total_pct,         -nan

L1_SHADOW_DEMAND_HIT_POS46_count,             0
L1_SHADOW_DEMAND_HIT_POS46_pct,         -nan
L1_SHADOW_DEMAND_HIT_POS46_total_count,             0
L1_SHADOW_DEMAND_HIT_POS46_total_pct,         -nan

L1_SHADOW_DEMAND_HIT_POS47_count,             0
L1_SHADOW_DEMAND_HIT_POS47_pct,         -nan
L1_SHADOW_DEMAND_HIT_POS47_total_count,             0
L1_SHADOW_DEMAND_HIT_POS47_total_pct,         -nan

L1_SHADOW_DEMAND_HIT_POS48_count,             0
L1_SHADOW_DEMAND_HIT_POS48_pct,         -nan
L1_SHADOW_DEMAND_HIT_POS48_total_count,             0
L1_SHADOW_DEMAND_HIT_POS48_total_pct,         -nan

L1_SHADOW_DEMAND_HIT_POS49_count,             0
L1_SHADOW_DEMAND_HIT_POS49_pct,         -nan
L1_SHADOW_DEMAND_HIT_POS49_total_count,             0
L1_SHADOW_DEMAND_HIT_POS49_total_pct,         -nan

L1_SHADOW_DEMAND_HIT_POS50_count,             0
L1_SHADOW_DEMAND_HIT_POS50_pct,         -nan
L1_SHADOW_DEMAND_HIT_POS50_total_count,             0
L1_SHADOW_DEMAND_HIT_POS50_total_pct,         -nan

L1_SHADOW_DEMAND_HIT_POS51_count,             0
L1_SHADOW_DEMAND_HIT_POS51_pct,         -nan
L1_SHADOW_DEMAND_HIT_POS51_total_count,             0
L1_SHADOW_DEMAND_HIT_POS51_total_pct,         -nan

L1_SHADOW_DEMAND_HIT_POS52_count,             0
L1_SHADOW_DEMAND_HIT_POS52_pct,         -nan
L1_SHADOW_DEMAND_HIT_POS52_total_count,             0
L1_SHADOW_DEMAND_HIT_POS52_total_pct,         -nan

L1_SHADOW_DEMAND_HIT_POS53_count,             0
L1_SHADOW_DEMAND_HIT_POS53_pct,         -nan
L1_SHADOW_DEMAND_HIT_POS53_total_count,             0
L1_SHADOW_DEMAND_HIT_POS53_total_pct,         -nan

L1_SHADOW_DEMAND_HIT_POS54_count,             0
L1_SHADOW_DEMAND_HIT_POS54_pct,         -nan
L1_SHADOW_DEMAND_HIT_POS54_total_count,             0
L1_SHADOW_DEMAND_HIT_POS54_total_pct,         -nan

L1_SHADOW_DEMAND_HIT_POS55_count,             0
L1_SHADOW_DEMAND_HIT_POS55_pct,         -nan
L1_SHADOW_DEMAND_HIT_POS55_total_count,             0
L1_SHADOW_DEMAND_HIT_POS55_total_pct,         -nan

L1_SHADOW_DEMAND_HIT_POS56_count,             0
L1_SHADOW_DEMAND_HIT_POS56_pct,         -nan
L1_SHADOW_DEMAND_HIT_POS56_total_count,             0
L1_SHADOW_DEMAND_HIT_POS56_total_pct,         -nan

L1_SHADOW_DEMAND_HIT_POS57_count,             0
L1_SHADOW_DEMAND_HIT_POS57_pct,         -nan
L1_SHADOW_DEMAND_HIT_POS57_total_count,             0
L1_SHADOW_DEMAND_HIT_POS57_total_pct,         -nan

L1_SHADOW_DEMAND_HIT_POS58_count,             0
L1_SHADOW_DEMAND_HIT_POS58_pct,         -nan
L1_SHADOW_DEMAND_HIT_POS58_total_count,             0
L1_SHADOW_DEMAND_HIT_POS58_total_pct,         -nan

L1_SHADOW_DEMAND_HIT_POS59_count,             0
L1_SHADOW_DEMAND_HIT_POS59_pct,         -nan
L1_SHADOW_DEMAND_HIT_POS59_total_count,             0
L1_SHADOW_DEMAND_HIT_POS59_total_pct,         -nan

L1_SHADOW_DEMAND_HIT_POS60_count,             0
L1_SHADOW_DEMAND_HIT_POS60_pct,         -nan
L1_SHADOW_DEMAND_HIT_POS60_total_count,             0
L1_SHADOW_DEMAND_HIT_POS60_total_pct,         -nan

L1_SHADOW_DEMAND_HIT_POS61_count,             0
L1_SHADOW_DEMAND_HIT_POS61_pct,         -nan
L1_SHADOW_DEMAND_HIT_POS61_total_count,             0
L1_SHADOW_DEMAND_HIT_POS61_total_pct,         -nan

L1_SHADOW_DEMAND_HIT_POS62_count,             0
L1_SHADOW_DEMAND_HIT_POS62_pct,         -nan
L1_SHADOW_DEMAND_HIT_POS62_total_count,             0
L1_SHADOW_DEMAND_HIT_POS62_total_pct,         -nan

L1_SHADOW_DEMAND_HIT_POS63_count,             0
L1_SHADOW_DEMAND_HIT_POS63_pct,         -nan
L1_SHADOW_DEMAND_HIT_POS63_total_count,             0
L1_SHADOW_DEMAND_HIT_POS63_total_pct,         -nan

L1_SHADOW_DEMAND_HIT_POS64_count,             0
L1_SHADOW_DEMAND_HIT_POS64_pct,         -nan
L1_SHADOW_DEMAND_HIT_POS64_total_count,             0
L1_SHADOW_DEMAND_HIT_POS64_total_pct,         -nan

L1_SHADOW_DEMAND_HIT_POS65_count,             0
L1_SHADOW_DEMAND_HIT_POS65_pct,         -nan
L1_SHADOW_DEMAND_HIT_POS65_total_count,             0
L1_SHADOW_DEMAND_HIT_POS65_total_pct,         -nan

L1_SHADOW_DEMAND_HIT_POS66_count,             0
L1_SHADOW_DEMAND_HIT_POS66_pct,         -nan
L1_SHADOW_DEMAND_HIT_POS66_total_count,             0
L1_SHADOW_DEMAND_HIT_POS66_total_pct,         -nan

L1_SHADOW_DEMAND_HIT_POS67_count,             0
L1_SHADOW_DEMAND_HIT_POS67_pct,         -nan
L1_SHADOW_DEMAND_HIT_POS67_total_count,             0
L1_SHADOW_DEMAND_HIT_POS67_total_pct,         -nan

L1_SHADOW_DEMAND_HIT_POS68_count,             0
L1_SHADOW_DEMAND_HIT_POS68_pct,         -nan
L1_SHADOW_DEMAND_HIT_POS68_total_count,             0
L1_SHADOW_DEMAND_HIT_POS68_total_pct,         -nan

L1_SHADOW_DEMAND_HIT_POS69_count,             0
L1_SHADOW_DEMAND_HIT_POS69_pct,         -nan
L1_SHADOW_DEMAND_HIT_POS69_total_count,             0
L1_SHADOW_DEMAND_HIT_POS69_total_pct,         -nan

L1_SHADOW_DEMAND_HIT_POS70_count,             0
L1_SHADOW_DEMAND_HIT_POS70_pct,         -nan
L1_SHADOW_DEMAND_HIT_POS70_total_count,             0
L1_SHADOW_DEMAND_HIT_POS70_total_pct,         -nan

L1_SHADOW_DEMAND_HIT_POS71_count,             0
L1_SHADOW_DEMAND_HIT_POS71_pct,         -nan
L1_SHADOW_DEMAND_HIT_POS71_total_count,             0
L1_SHADOW_DEMAND_HIT_POS71_total_pct,         -nan

L1_SHADOW_DEMAND_HIT_POS72_count,             0
L1_SHADOW_DEMAND_HIT_POS72_pct,         -nan
L1_SHADOW_DEMAND_HIT_POS72_total_count,             0
L1_SHADOW_DEMAND_HIT_POS72_total_pct,         -nan

L1_SHADOW_DEMAND_HIT_POS73_count,             0
L1_SHADOW_DEMAND_HIT_POS73_pct,         -nan
L1_SHADOW_DEMAND_HIT_POS73_total_count,             0
L1_SHADOW_DEMAND_HIT_POS73_total_pct,         -nan

L1_SHADOW_DEMAND_HIT_POS74_count,             0
L1_SHADOW_DEMAND_HIT_POS74_pct,         -nan
L1_SHADOW_DEMAND_HIT_POS74_total_count,             0
L1_SHADOW_DEMAND_HIT_POS74_total_pct,         -nan

L1_SHADOW_DEMAND_HIT_POS75_count,             0
L1_SHADOW_DEMAND_HIT_POS75_pct,         -nan
L1_SHADOW_DEMAND_HIT_POS75_total_count,             0
L1_SHADOW_DEMAND_HIT_POS75_total_pct,         -nan

L1_SHADOW_DEMAND_HIT_POS76_count,             0
L1_SHADOW_DEMAND_HIT_POS76_pct,         -nan
L1_SHADOW_DEMAND_HIT_POS76_total_count,             0
L1_SHADOW_DEMAND_HIT_POS76_total_pct,         -nan

L1_SHADOW_DEMAND_HIT_POS77_count,             0
L1_SHADOW_DEMAND_HIT_POS77_pct,         -nan
L1_SHADOW_DEMAND_HIT_POS77_total_count,             0
L1_SHADOW_DEMAND_HIT_POS77_total_pct,         -nan

L1_SHADOW_DEMAND_HIT_POS78_count,             0
L1_SHADOW_DEMAND_HIT_POS78_pct,         -nan
L1_SHADOW_DEMAND_HIT_POS78_total_count,             0
L1_SHADOW_DEMAND_HIT_POS78_total_pct,         -nan

L1_SHADOW_DEMAND_HIT_POS79_count,             0
L1_SHADOW_DEMAND_HIT_POS79_pct,         -nan
L1_SHADOW_DEMAND_HIT_POS79_total_count,             0
L1_SHADOW_DEMAND_HIT_POS79_total_pct,         -nan

L1_SHADOW_DEMAND_HIT_POS80_count,             0
L1_SHADOW_DEMAND_HIT_POS80_pct,         -nan
L1_SHADOW_DEMAND_HIT_POS80_total_count,             0
L1_SHADOW_DEMAND_HIT_POS80_total_pct,         -nan

L1_SHADOW_DEMAND_HIT_POS81_count,             0
L1_SHADOW_DEMAND_HIT_POS81_pct,         -nan
L1_SHADOW_DEMAND_HIT_POS81_total_count,             0
L1_SHADOW_DEMAND_HIT_POS81_total_pct,         -nan

L1_SHADOW_DEMAND_HIT_POS82_count,             0
L1_SHADOW_DEMAND_HIT_POS82_pct,         -nan
L1_SHADOW_DEMAND_HIT_POS82_total_count,             0
L1_SHADOW_DEMAND_HIT_POS82_total_pct,         -nan

L1_SHADOW_DEMAND_HIT_POS83_count,             0
L1_SHADOW_DEMAND_HIT_POS83_pct,         -nan
L1_SHADOW_DEMAND_HIT_POS83_total_count,             0
L1_SHADOW_DEMAND_HIT_POS83_total_pct,         -nan

L1_SHADOW_DEMAND_HIT_POS84_count,             0
L1_SHADOW_DEMAND_HIT_POS84_pct,         -nan
L1_SHADOW_DEMAND_HIT_POS84_total_count,             0
L1_SHADOW_DEMAND_HIT_POS84_total_pct,         -nan

L1_SHADOW_DEMAND_HIT_POS85_count,             0
L1_SHADOW_DEMAND_HIT_POS85_pct,         -nan
L1_SHADOW_DEMAND_HIT_POS85_total_count,             0
L1_SHADOW_DEMAND_HIT_POS85_total_pct,         -nan

L1_SHADOW_DEMAND_HIT_POS86_count,             0
L1_SHADOW_DEMAND_HIT_POS86_pct,         -nan
L1_SHADOW_DEMAND_HIT_POS86_total_count,             0
L1_SHADOW_DEMAND_HIT_POS86_total_pct,         -nan

L1_SHADOW_DEMAND_HIT_POS87_count,             0
L1_SHADOW_DEMAND_HIT_POS87_pct,         -nan
L1_SHADOW_DEMAND_HIT_POS87_total_count,             0
L1_SHADOW_DEMAND_HIT_POS87_total_pct,         -nan

L1_SHADOW_DEMAND_HIT_POS88_count,             0
L1_SHADOW_DEMAND_HIT_POS88_pct,         -nan
L1_SHADOW_DEMAND_HIT_POS88_total_count,             0
L1_SHADOW_DEMAND_HIT_POS88_total_pct,         -nan

L1_SHADOW_DEMAND_HIT_POS89_count,             0
L1_SHADOW_DEMAND_HIT_POS89_pct,         -nan
L1_SHADOW_DEMAND_HIT_POS89_total_count,             0
L1_SHADOW_DEMAND_HIT_POS89_total_pct,         -nan

L1_SHADOW_DEMAND_HIT_POS90_count,             0
L1_SHADOW_DEMAND_HIT_POS90_pct,         -nan
L1_SHADOW_DEMAND_HIT_POS90_total_count,             0
L1_SHADOW_DEMAND_HIT_POS90_total_pct,         -nan

L1_SHADOW_DEMAND_HIT_POS91_count,             0
L1_SHADOW_DEMAND_HIT_POS91_pct,         -nan
L1_SHADOW_DEMAND_HIT_POS91_total_count,             0
L1_SHADOW_DEMAND_HIT_POS91_total_pct,         -nan

L1_SHADOW_DEMAND_HIT_POS92_count,             0
L1_SHADOW_DEMAND_HIT_POS92_pct,         -nan
L1_SHADOW_DEMAND_HIT_POS92_total_count,             0
L1_SHADOW_DEMAND_HIT_POS92_total_pct,         -nan

L1_SHADOW_DEMAND_HIT_POS93_count,             0
L1_SHADOW_DEMAND_HIT_POS93_pct,         -nan
L1_SHADOW_DEMAND_HIT_POS93_total_count,             0
L1_SHADOW_DEMAND_HIT_POS93_total_pct,         -nan

L1_SHADOW_DEMAND_HIT_POS94_count,             0
L1_SHADOW_DEMAND_HIT_POS94_pct,         -nan
L1_SHADOW_DEMAND_HIT_POS94_total_count,             0
L1_SHADOW_DEMAND_HIT_POS94_total_pct,         -nan

L1_SHADOW_DEMAND_HIT_POS95_count,             0
L1_SHADOW_DEMAND_HIT_POS95_pct,         -nan
L1_SHADOW_DEMAND_HIT_POS95_total_count,             0
L1_SHADOW_DEMAND_HIT_POS95_total_pct,         -nan

L1_SHADOW_DEMAND_HIT_POS96_count,             0
L1_SHADOW_DEMAND_HIT_POS96_pct,         -nan
L1_SHADOW_DEMAND_HIT_POS96_total_count,             0
L1_SHADOW_DEMAND_HIT_POS96_total_pct,         -nan

L1_SHADOW_DEMAND_HIT_POS97_count,             0
L1_SHADOW_DEMAND_HIT_POS97_pct,         -nan
L1_SHADOW_DEMAND_HIT_POS97_total_count,             0
L1_SHADOW_DEMAND_HIT_POS97_total_pct,         -nan

L1_SHADOW_DEMAND_HIT_POS98_count,             0
L1_SHADOW_DEMAND_HIT_POS98_pct,         -nan
L1_SHADOW_DEMAND_HIT_POS98_total_count,             0
L1_SHADOW_DEMAND_HIT_POS98_total_pct,         -nan

L1_SHADOW_DEMAND_HIT_POS99_count,             0
L1_SHADOW_DEMAND_HIT_POS99_pct,         -nan
L1_SHADOW_DEMAND_HIT_POS99_total_count,             0
L1_SHADOW_DEMAND_HIT_POS99_total_pct,         -nan

L1_SHADOW_DEMAND_HIT_POS100_count,             0
L1_SHADOW_DEMAND_HIT_POS100_pct,         -nan
L1_SHADOW_DEMAND_HIT_POS100_total_count,             0
L1_SHADOW_DEMAND_HIT_POS100_total_pct,         -nan

L1_SHADOW_DEMAND_HIT_POS101_count,             0
L1_SHADOW_DEMAND_HIT_POS101_pct,         -nan
L1_SHADOW_DEMAND_HIT_POS101_total_count,             0
L1_SHADOW_DEMAND_HIT_POS101_total_pct,         -nan

L1_SHADOW_DEMAND_HIT_POS102_count,             0
L1_SHADOW_DEMAND_HIT_POS102_pct,         -nan
L1_SHADOW_DEMAND_HIT_POS102_total_count,             0
L1_SHADOW_DEMAND_HIT_POS102_total_pct,         -nan

L1_SHADOW_DEMAND_HIT_POS103_count,             0
L1_SHADOW_DEMAND_HIT_POS103_pct,         -nan
L1_SHADOW_DEMAND_HIT_POS103_total_count,             0
L1_SHADOW_DEMAND_HIT_POS103_total_pct,         -nan

L1_SHADOW_DEMAND_HIT_POS104_count,             0
L1_SHADOW_DEMAND_HIT_POS104_pct,         -nan
L1_SHADOW_DEMAND_HIT_POS104_total_count,             0
L1_SHADOW_DEMAND_HIT_POS104_total_pct,         -nan

L1_SHADOW_DEMAND_HIT_POS105_count,             0
L1_SHADOW_DEMAND_HIT_POS105_pct,         -nan
L1_SHADOW_DEMAND_HIT_POS105_total_count,             0
L1_SHADOW_DEMAND_HIT_POS105_total_pct,         -nan

L1_SHADOW_DEMAND_HIT_POS106_count,             0
L1_SHADOW_DEMAND_HIT_POS106_pct,         -nan
L1_SHADOW_DEMAND_HIT_POS106_total_count,             0
L1_SHADOW_DEMAND_HIT_POS106_total_pct,         -nan

L1_SHADOW_DEMAND_HIT_POS107_count,             0
L1_SHADOW_DEMAND_HIT_POS107_pct,         -nan
L1_SHADOW_DEMAND_HIT_POS107_total_count,             0
L1_SHADOW_DEMAND_HIT_POS107_total_pct,         -nan

L1_SHADOW_DEMAND_HIT_POS108_count,             0
L1_SHADOW_DEMAND_HIT_POS108_pct,         -nan
L1_SHADOW_DEMAND_HIT_POS108_total_count,             0
L1_SHADOW_DEMAND_HIT_POS108_total_pct,         -nan

L1_SHADOW_DEMAND_HIT_POS109_count,             0
L1_SHADOW_DEMAND_HIT_POS109_pct,         -nan
L1_SHADOW_DEMAND_HIT_POS109_total_count,             0
L1_SHADOW_DEMAND_HIT_POS109_total_pct,         -nan

L1_SHADOW_DEMAND_HIT_POS110_count,             0
L1_SHADOW_DEMAND_HIT_POS110_pct,         -nan
L1_SHADOW_DEMAND_HIT_POS110_total_count,             0
L1_SHADOW_DEMAND_HIT_POS110_total_pct,         -nan

L1_SHADOW_DEMAND_HIT_POS111_count,             0
L1_SHADOW_DEMAND_HIT_POS111_pct,         -nan
L1_SHADOW_DEMAND_HIT_POS111_total_count,             0
L1_SHADOW_DEMAND_HIT_POS111_total_pct,         -nan

L1_SHADOW_DEMAND_HIT_POS112_count,             0
L1_SHADOW_DEMAND_HIT_POS112_pct,         -nan
L1_SHADOW_DEMAND_HIT_POS112_total_count,             0
L1_SHADOW_DEMAND_HIT_POS112_total_pct,         -nan

L1_SHADOW_DEMAND_HIT_POS113_count,             0
L1_SHADOW_DEMAND_HIT_POS113_pct,         -nan
L1_SHADOW_DEMAND_HIT_POS113_total_count,             0
L1_SHADOW_DEMAND_HIT_POS113_total_pct,         -nan

L1_SHADOW_DEMAND_HIT_POS114_count,             0
L1_SHADOW_DEMAND_HIT_POS114_pct,         -nan
L1_SHADOW_DEMAND_HIT_POS114_total_count,             0
L1_SHADOW_DEMAND_HIT_POS114_total_pct,         -nan

L1_SHADOW_DEMAND_HIT_POS115_count,             0
L1_SHADOW_DEMAND_HIT_POS115_pct,         -nan
L1_SHADOW_DEMAND_HIT_POS115_total_count,             0
L1_SHADOW_DEMAND_HIT_POS115_total_pct,         -nan

L1_SHADOW_DEMAND_HIT_POS116_count,             0
L1_SHADOW_DEMAND_HIT_POS116_pct,         -nan
L1_SHADOW_DEMAND_HIT_POS116_total_count,             0
L1_SHADOW_DEMAND_HIT_POS116_total_pct,         -nan

L1_SHADOW_DEMAND_HIT_POS117_count,             0
L1_SHADOW_DEMAND_HIT_POS117_pct,         -nan
L1_SHADOW_DEMAND_HIT_POS117_total_count,             0
L1_SHADOW_DEMAND_HIT_POS117_total_pct,         -nan

L1_SHADOW_DEMAND_HIT_POS118_count,             0
L1_SHADOW_DEMAND_HIT_POS118_pct,         -nan
L1_SHADOW_DEMAND_HIT_POS118_total_count,             0
L1_SHADOW_DEMAND_HIT_POS118_total_pct,         -nan

L1_SHADOW_DEMAND_HIT_POS119_count,             0
L1_SHADOW_DEMAND_HIT_POS119_pct,         -nan
L1_SHADOW_DEMAND_HIT_POS119_total_count,             0
L1_SHADOW_DEMAND_HIT_POS119_total_pct,         -nan

L1_SHADOW_DEMAND_HIT_POS120_count,             0
L1_SHADOW_DEMAND_HIT_POS120_pct,         -nan
L1_SHADOW_DEMAND_HIT_POS120_total_count,             0
L1_SHADOW_DEMAND_HIT_POS120_total_pct,         -nan

L1_SHADOW_DEMAND_HIT_POS121_count,             0
L1_SHADOW_DEMAND_HIT_POS121_pct,         -nan
L1_SHADOW_DEMAND_HIT_POS121_total_count,             0
L1_SHADOW_DEMAND_HIT_POS121_total_pct,         -nan

L1_SHADOW_DEMAND_HIT_POS122_count,             0
L1_SHADOW_DEMAND_HIT_POS122_pct,         -nan
L1_SHADOW_DEMAND_HIT_POS122_total_count,             0
L1_SHADOW_DEMAND_HIT_POS122_total_pct,         -nan

L1_SHADOW_DEMAND_HIT_POS123_count,             0
L1_SHADOW_DEMAND_HIT_POS123_pct,         -nan
L1_SHADOW_DEMAND_HIT_POS123_total_count,             0
L1_SHADOW_DEMAND_HIT_POS123_total_pct,         -nan

L1_SHADOW_DEMAND_HIT_POS124_count,             0
L1_SHADOW_DEMAND_HIT_POS124_pct,         -nan
L1_SHADOW_DEMAND_HIT_POS124_total_count,             0
L1_SHADOW_DEMAND_HIT_POS124_total_pct,         -nan

L1_SHADOW_DEMAND_HIT_POS125_count,             0
L1_SHADOW_DEMAND_HIT_POS125_pct,         -nan
L1_SHADOW_DEMAND_HIT_POS125_total_count,             0
L1_SHADOW_DEMAND_HIT_POS125_total_pct,         -nan

L1_SHADOW_DEMAND_HIT_POS126_count,             0
L1_SHADOW_DEMAND_HIT_POS126_pct,         -nan
L1_SHADOW_DEMAND_HIT_POS126_total_count,             0
L1_SHADOW_DEMAND_HIT_POS126_total_pct,         -nan

L1_SHADOW_DEMAND_HIT_POS127_count,             0
L1_SHADOW_DEMAND_HIT_POS127_pct,         -nan
L1_SHADOW_DEMAND_HIT_POS127_total_count,             0
L1_SHADOW_DEMAND_HIT_POS127_total_pct,         -nan
L1_SHADOW_DEMAND_HIT_POS127_sum_count,             0
L1_SHADOW_DEMAND_HIT_POS127_sum_pct,         -nan
L1_SHADOW_DEMAND_HIT_POS127_sum_total_count,             0
L1_SHADOW_DEMAND_HIT_POS127_sum_total_pct,         -nan
L1_SHADOW_DEMAND_HIT_POS127_mean,         -nan
L1_SHADOW_DEMAND_HIT_POS127_stddev,         -nan
L1_SHADOW_DEMAND_HIT_POS127_total_mean,         -nan
L1_SHADOW_DEMAND_HIT_POS127_total_stddev,         -nan

CORE_PREF_MLC_SENT_count,             0
CORE_PREF_MLC_SENT_total_count,             0

CORE_PREF_MLC_USED_count,         93212
CORE_PREF_MLC_USED_pct,       99.990
CORE_PREF_MLC_USED_total_count,         93212
CORE_PREF_MLC_USED_total_pct,       99.990

CORE_PREF_MLC_PARTIAL_USED_count,             9
CORE_PREF_MLC_PARTIAL_USED_pct,        0.010
CORE_PREF_MLC_PARTIAL_USED_total_count,             9
CORE_PREF_MLC_PARTIAL_USED_total_pct,        0.010

CORE_PREF_MLC_NOT_USED_count,             0
CORE_PREF_MLC_NOT_USED_pct,        0.000
CORE_PREF_MLC_NOT_USED_total_count,             0
CORE_PREF_MLC_NOT_USED_total_pct,        0.000

CORE_PREF_MLC_DROPPED_count,             0
CORE_PREF_MLC_DROPPED_pct,        0.000
CORE_PREF_MLC_DROPPED_total_count,             0
CORE_PREF_MLC_DROPPED_total_pct,        0.000
CORE_PREF_MLC_DROPPED_sum_count,         93221
CORE_PREF_MLC_DROPPED_sum_pct,      100.000
CORE_PREF_MLC_DROPPED_sum_total_count,         93221
CORE_PREF_MLC_DROPPED_sum_total_pct,      100.000
CORE_PREF_MLC_DROPPED_mean,         0.00
CORE_PREF_MLC_DROPPED_stddev,         0.01
CORE_PREF_MLC_DROPPED_total_mean,         0.00
CORE_PREF_MLC_DROPPED_total_stddev,         0.01

CORE_PREF_L1_SENT_count,           697
CORE_PREF_L1_SENT_total_count,           697

CORE_PREF_L1_USED_count,           399
CORE_PREF_L1_USED_pct,       56.596
CORE_PREF_L1_USED_total_count,           399
CORE_PREF_L1_USED_total_pct,       56.596

CORE_PREF_L1_PARTIAL_USED_count,             2
CORE_PREF_L1_PARTIAL_USED_pct,        0.284
CORE_PREF_L1_PARTIAL_USED_total_count,             2
CORE_PREF_L1_PARTIAL_USED_total_pct,        0.284

CORE_PREF_L1_NOT_USED_count,           304
CORE_PREF_L1_NOT_USED_pct,       43.121
CORE_PREF_L1_NOT_USED_total_count,           304
CORE_PREF_L1_NOT_USED_total_pct,       43.121

CORE_PREF_L1_DROPPED_count,             0
CORE_PREF_L1_DROPPED_pct,        0.000
CORE_PREF_L1_DROPPED_total_count,             0
CORE_PREF_L1_DROPPED_total_pct,        0.000
CORE_PREF_L1_DROPPED_sum_count,           705
CORE_PREF_L1_DROPPED_sum_pct,      100.000
CORE_PREF_L1_DROPPED_sum_total_count,           705
CORE_PREF_L1_DROPPED_sum_total_pct,      100.000
CORE_PREF_L1_DROPPED_mean,         0.87
CORE_PREF_L1_DROPPED_stddev,         0.75
CORE_PREF_L1_DROPPED_total_mean,         0.87
CORE_PREF_L1_DROPPED_total_stddev,         0.75

TOTAL_MEM_LATENCY_count,      92076663
TOTAL_MEM_LATENCY_pct,     1667.451
TOTAL_MEM_LATENCY_total_count,      92076663
TOTAL_MEM_LATENCY_total_pct,     1667.451

TOTAL_MEM_LATENCY_DEMAND_count,      77220837
TOTAL_MEM_LATENCY_DEMAND_pct,     1416.298
TOTAL_MEM_LATENCY_DEMAND_total_count,      77220837
TOTAL_MEM_LATENCY_DEMAND_total_pct,     1416.298

TOTAL_MEM_LATENCY_PREF_count,      14855826
TOTAL_MEM_LATENCY_PREF_pct,    21313.954
TOTAL_MEM_LATENCY_PREF_total_count,      14855826
TOTAL_MEM_LATENCY_PREF_total_pct,    21313.954

CORE_MEM_LATENCY_count,      92076663
CORE_MEM_LATENCY_pct,     1667.451
CORE_MEM_LATENCY_total_count,      92076663
CORE_MEM_LATENCY_total_pct,     1667.451

CORE_MEM_LATENCY_DEMAND_count,      77220837
CORE_MEM_LATENCY_DEMAND_pct,     1416.298
CORE_MEM_LATENCY_DEMAND_total_count,      77220837
CORE_MEM_LATENCY_DEMAND_total_pct,     1416.298

CORE_MEM_LATENCY_PREF_count,      14855826
CORE_MEM_LATENCY_PREF_pct,    21313.954
CORE_MEM_LATENCY_PREF_total_count,      14855826
CORE_MEM_LATENCY_PREF_total_pct,    21313.954

CORE_MEM_LATENCY_IFETCH_count,        516224
CORE_MEM_LATENCY_IFETCH_pct,        3.308
CORE_MEM_LATENCY_IFETCH_total_count,        516224
CORE_MEM_LATENCY_IFETCH_total_pct,        3.308

CORE_MEM_LATENCY_DFETCH_count,        161410
CORE_MEM_LATENCY_DFETCH_pct,        1.034
CORE_MEM_LATENCY_DFETCH_total_count,        161410
CORE_MEM_LATENCY_DFETCH_total_pct,        1.034

CORE_MEM_LATENCY_DSTORE_count,         72160
CORE_MEM_LATENCY_DSTORE_pct,        0.462
CORE_MEM_LATENCY_DSTORE_total_count,         72160
CORE_MEM_LATENCY_DSTORE_total_pct,        0.462

CORE_MEM_LATENCY_IPRF_count,             0
CORE_MEM_LATENCY_IPRF_pct,        0.000
CORE_MEM_LATENCY_IPRF_total_count,             0
CORE_MEM_LATENCY_IPRF_total_pct,        0.000

CORE_MEM_LATENCY_UOCPRF_count,             0
CORE_MEM_LATENCY_UOCPRF_pct,        0.000
CORE_MEM_LATENCY_UOCPRF_total_count,             0
CORE_MEM_LATENCY_UOCPRF_total_pct,        0.000

CORE_MEM_LATENCY_FDIPPRF_count,        182192
CORE_MEM_LATENCY_FDIPPRF_pct,        1.168
CORE_MEM_LATENCY_FDIPPRF_total_count,        182192
CORE_MEM_LATENCY_FDIPPRF_total_pct,        1.168

CORE_MEM_LATENCY_DPRF_count,      14576434
CORE_MEM_LATENCY_DPRF_pct,       93.409
CORE_MEM_LATENCY_DPRF_total_count,      14576434
CORE_MEM_LATENCY_DPRF_total_pct,       93.409

CORE_MEM_LATENCY_WB_count,         96559
CORE_MEM_LATENCY_WB_pct,        0.619
CORE_MEM_LATENCY_WB_total_count,         96559
CORE_MEM_LATENCY_WB_total_pct,        0.619

CORE_MEM_LATENCY_WB_NODIRTY_count,             0
CORE_MEM_LATENCY_WB_NODIRTY_pct,        0.000
CORE_MEM_LATENCY_WB_NODIRTY_total_count,             0
CORE_MEM_LATENCY_WB_NODIRTY_total_pct,        0.000
CORE_MEM_LATENCY_WB_NODIRTY_sum_count,      15604979
CORE_MEM_LATENCY_WB_NODIRTY_sum_pct,      100.000
CORE_MEM_LATENCY_WB_NODIRTY_sum_total_count,      15604979
CORE_MEM_LATENCY_WB_NODIRTY_sum_total_pct,      100.000
CORE_MEM_LATENCY_WB_NODIRTY_mean,         5.73
CORE_MEM_LATENCY_WB_NODIRTY_stddev,         0.62
CORE_MEM_LATENCY_WB_NODIRTY_total_mean,         5.73
CORE_MEM_LATENCY_WB_NODIRTY_total_stddev,         0.62

CORE_MEM_STALLING_LATENCY_IFETCH_count,             0
CORE_MEM_STALLING_LATENCY_IFETCH_pct,         -nan
CORE_MEM_STALLING_LATENCY_IFETCH_total_count,             0
CORE_MEM_STALLING_LATENCY_IFETCH_total_pct,         -nan

CORE_MEM_STALLING_LATENCY_DFETCH_count,             0
CORE_MEM_STALLING_LATENCY_DFETCH_pct,         -nan
CORE_MEM_STALLING_LATENCY_DFETCH_total_count,             0
CORE_MEM_STALLING_LATENCY_DFETCH_total_pct,         -nan

CORE_MEM_STALLING_LATENCY_DSTORE_count,             0
CORE_MEM_STALLING_LATENCY_DSTORE_pct,         -nan
CORE_MEM_STALLING_LATENCY_DSTORE_total_count,             0
CORE_MEM_STALLING_LATENCY_DSTORE_total_pct,         -nan

CORE_MEM_STALLING_LATENCY_IPRF_count,             0
CORE_MEM_STALLING_LATENCY_IPRF_pct,         -nan
CORE_MEM_STALLING_LATENCY_IPRF_total_count,             0
CORE_MEM_STALLING_LATENCY_IPRF_total_pct,         -nan

CORE_MEM_STALLING_LATENCY_DPRF_count,             0
CORE_MEM_STALLING_LATENCY_DPRF_pct,         -nan
CORE_MEM_STALLING_LATENCY_DPRF_total_count,             0
CORE_MEM_STALLING_LATENCY_DPRF_total_pct,         -nan

CORE_MEM_STALLING_LATENCY_WB_count,             0
CORE_MEM_STALLING_LATENCY_WB_pct,         -nan
CORE_MEM_STALLING_LATENCY_WB_total_count,             0
CORE_MEM_STALLING_LATENCY_WB_total_pct,         -nan

CORE_MEM_STALLING_LATENCY_WB_NODIRTY_count,             0
CORE_MEM_STALLING_LATENCY_WB_NODIRTY_pct,         -nan
CORE_MEM_STALLING_LATENCY_WB_NODIRTY_total_count,             0
CORE_MEM_STALLING_LATENCY_WB_NODIRTY_total_pct,         -nan
CORE_MEM_STALLING_LATENCY_WB_NODIRTY_sum_count,             0
CORE_MEM_STALLING_LATENCY_WB_NODIRTY_sum_pct,         -nan
CORE_MEM_STALLING_LATENCY_WB_NODIRTY_sum_total_count,             0
CORE_MEM_STALLING_LATENCY_WB_NODIRTY_sum_total_pct,         -nan
CORE_MEM_STALLING_LATENCY_WB_NODIRTY_mean,         -nan
CORE_MEM_STALLING_LATENCY_WB_NODIRTY_stddev,         -nan
CORE_MEM_STALLING_LATENCY_WB_NODIRTY_total_mean,         -nan
CORE_MEM_STALLING_LATENCY_WB_NODIRTY_total_stddev,         -nan

TOTAL_L1_MISS_LATENCY_count,      15604979
TOTAL_L1_MISS_LATENCY_pct,      282.597
TOTAL_L1_MISS_LATENCY_total_count,      15604979
TOTAL_L1_MISS_LATENCY_total_pct,      282.597

TOTAL_L1_MISS_LATENCY_DEMAND_count,      15508180
TOTAL_L1_MISS_LATENCY_DEMAND_pct,      284.434
TOTAL_L1_MISS_LATENCY_DEMAND_total_count,      15508180
TOTAL_L1_MISS_LATENCY_DEMAND_total_pct,      284.434

TOTAL_L1_MISS_LATENCY_PREF_count,         96799
TOTAL_L1_MISS_LATENCY_PREF_pct,      138.879
TOTAL_L1_MISS_LATENCY_PREF_total_count,         96799
TOTAL_L1_MISS_LATENCY_PREF_total_pct,      138.879

CORE_L1_MISS_LATENCY_count,      15604979
CORE_L1_MISS_LATENCY_pct,      282.597
CORE_L1_MISS_LATENCY_total_count,      15604979
CORE_L1_MISS_LATENCY_total_pct,      282.597

CORE_L1_MISS_LATENCY_DEMAND_count,      15508180
CORE_L1_MISS_LATENCY_DEMAND_pct,      284.434
CORE_L1_MISS_LATENCY_DEMAND_total_count,      15508180
CORE_L1_MISS_LATENCY_DEMAND_total_pct,      284.434

CORE_L1_MISS_LATENCY_PREF_count,         96799
CORE_L1_MISS_LATENCY_PREF_pct,      138.879
CORE_L1_MISS_LATENCY_PREF_total_count,         96799
CORE_L1_MISS_LATENCY_PREF_total_pct,      138.879

CORE_EVICTED_L1_DEMAND_count,         23101
CORE_EVICTED_L1_DEMAND_pct,       99.875
CORE_EVICTED_L1_DEMAND_total_count,         23101
CORE_EVICTED_L1_DEMAND_total_pct,       99.875

CORE_EVICTED_L1_PREF_USED_count,            21
CORE_EVICTED_L1_PREF_USED_pct,        0.091
CORE_EVICTED_L1_PREF_USED_total_count,            21
CORE_EVICTED_L1_PREF_USED_total_pct,        0.091

CORE_EVICTED_L1_PREF_NOT_USED_count,             8
CORE_EVICTED_L1_PREF_NOT_USED_pct,        0.035
CORE_EVICTED_L1_PREF_NOT_USED_total_count,             8
CORE_EVICTED_L1_PREF_NOT_USED_total_pct,        0.035
CORE_EVICTED_L1_PREF_NOT_USED_sum_count,         23130
CORE_EVICTED_L1_PREF_NOT_USED_sum_pct,      100.000
CORE_EVICTED_L1_PREF_NOT_USED_sum_total_count,         23130
CORE_EVICTED_L1_PREF_NOT_USED_sum_total_pct,      100.000
CORE_EVICTED_L1_PREF_NOT_USED_mean,         0.00
CORE_EVICTED_L1_PREF_NOT_USED_stddev,         0.05
CORE_EVICTED_L1_PREF_NOT_USED_total_mean,         0.00
CORE_EVICTED_L1_PREF_NOT_USED_total_stddev,         0.05

CORE_EVICTED_MLC_DEMAND_count,        197158
CORE_EVICTED_MLC_DEMAND_pct,       12.969
CORE_EVICTED_MLC_DEMAND_total_count,        197158
CORE_EVICTED_MLC_DEMAND_total_pct,       12.969

CORE_EVICTED_MLC_PREF_USED_count,         91610
CORE_EVICTED_MLC_PREF_USED_pct,        6.026
CORE_EVICTED_MLC_PREF_USED_total_count,         91610
CORE_EVICTED_MLC_PREF_USED_total_pct,        6.026

CORE_EVICTED_MLC_PREF_NOT_USED_count,       1231461
CORE_EVICTED_MLC_PREF_NOT_USED_pct,       81.005
CORE_EVICTED_MLC_PREF_NOT_USED_total_count,       1231461
CORE_EVICTED_MLC_PREF_NOT_USED_total_pct,       81.005
CORE_EVICTED_MLC_PREF_NOT_USED_sum_count,       1520229
CORE_EVICTED_MLC_PREF_NOT_USED_sum_pct,      100.000
CORE_EVICTED_MLC_PREF_NOT_USED_sum_total_count,       1520229
CORE_EVICTED_MLC_PREF_NOT_USED_sum_total_pct,      100.000
CORE_EVICTED_MLC_PREF_NOT_USED_mean,         1.68
CORE_EVICTED_MLC_PREF_NOT_USED_stddev,         1.55
CORE_EVICTED_MLC_PREF_NOT_USED_total_mean,         1.68
CORE_EVICTED_MLC_PREF_NOT_USED_total_stddev,         1.55

CORE_MEM_LATENCY_AVE_DEMAND_count,      14733513
CORE_MEM_LATENCY_AVE_DEMAND_pct,      637.787
CORE_MEM_LATENCY_AVE_DEMAND_total_count,      14733513
CORE_MEM_LATENCY_AVE_DEMAND_total_pct,      637.787

CORE_MEM_LATENCY_AVE_PREF_USED_count,       5046350
CORE_MEM_LATENCY_AVE_PREF_USED_pct,   240302.381
CORE_MEM_LATENCY_AVE_PREF_USED_total_count,       5046350
CORE_MEM_LATENCY_AVE_PREF_USED_total_pct,   240302.381

CORE_MEM_LATENCY_AVE_PREF_NOT_USED_count,      62976084
CORE_MEM_LATENCY_AVE_PREF_NOT_USED_pct,  7872010.500
CORE_MEM_LATENCY_AVE_PREF_NOT_USED_total_count,      62976084
CORE_MEM_LATENCY_AVE_PREF_NOT_USED_total_pct,  7872010.500

DRAM_LATENCY_count,             0
DRAM_LATENCY_total_count,             0

TOTAL_DRAM_LATENCY_count,             0
TOTAL_DRAM_LATENCY_total_count,             0

DRAM_CLOSED_PAGE_POLICY_CMD_count,             0
DRAM_CLOSED_PAGE_POLICY_CMD_total_count,             0

DRAM_ACTIVATE_STALLING_count,             0
DRAM_ACTIVATE_STALLING_total_count,             0

DRAM_PRECHARGE_STALLING_count,             0
DRAM_PRECHARGE_STALLING_total_count,             0

DRAM_PRECHARGE_STALLING_WAIT_CYCLES_count,             0
DRAM_PRECHARGE_STALLING_WAIT_CYCLES_total_count,             0

L1_STAY_DEMAND_count,  148942949674
L1_STAY_DEMAND_pct,  6447467.628
L1_STAY_DEMAND_total_count,  148942949674
L1_STAY_DEMAND_total_pct,  6447467.628

L1_STAY_PREF_USED_count,     158204159
L1_STAY_PREF_USED_pct,  7533531.381
L1_STAY_PREF_USED_total_count,     158204159
L1_STAY_PREF_USED_total_pct,  7533531.381

L1_STAY_PREF_NOT_USED_count,     140987772
L1_STAY_PREF_NOT_USED_pct, 17623471.500
L1_STAY_PREF_NOT_USED_total_count,     140987772
L1_STAY_PREF_NOT_USED_total_pct, 17623471.500

TOTAL_DATA_MISS_LATENCY_count,       1679115
TOTAL_DATA_MISS_LATENCY_total_count,       1679115

TOTAL_DATA_MISS_COUNT_count,         35568
TOTAL_DATA_MISS_COUNT_total_count,         35568

CORE_PREF_L1_NOT_USED_LATENCY200_count,             8
CORE_PREF_L1_NOT_USED_LATENCY200_pct,      100.000
CORE_PREF_L1_NOT_USED_LATENCY200_total_count,             8
CORE_PREF_L1_NOT_USED_LATENCY200_total_pct,      100.000

CORE_PREF_L1_NOT_USED_LATENCY400_count,             0
CORE_PREF_L1_NOT_USED_LATENCY400_pct,        0.000
CORE_PREF_L1_NOT_USED_LATENCY400_total_count,             0
CORE_PREF_L1_NOT_USED_LATENCY400_total_pct,        0.000

CORE_PREF_L1_NOT_USED_LATENCY600_count,             0
CORE_PREF_L1_NOT_USED_LATENCY600_pct,        0.000
CORE_PREF_L1_NOT_USED_LATENCY600_total_count,             0
CORE_PREF_L1_NOT_USED_LATENCY600_total_pct,        0.000

CORE_PREF_L1_NOT_USED_LATENCY800_count,             0
CORE_PREF_L1_NOT_USED_LATENCY800_pct,        0.000
CORE_PREF_L1_NOT_USED_LATENCY800_total_count,             0
CORE_PREF_L1_NOT_USED_LATENCY800_total_pct,        0.000

CORE_PREF_L1_NOT_USED_LATENCY1000_count,             0
CORE_PREF_L1_NOT_USED_LATENCY1000_pct,        0.000
CORE_PREF_L1_NOT_USED_LATENCY1000_total_count,             0
CORE_PREF_L1_NOT_USED_LATENCY1000_total_pct,        0.000

CORE_PREF_L1_NOT_USED_LATENCY1200_count,             0
CORE_PREF_L1_NOT_USED_LATENCY1200_pct,        0.000
CORE_PREF_L1_NOT_USED_LATENCY1200_total_count,             0
CORE_PREF_L1_NOT_USED_LATENCY1200_total_pct,        0.000

CORE_PREF_L1_NOT_USED_LATENCY1400_count,             0
CORE_PREF_L1_NOT_USED_LATENCY1400_pct,        0.000
CORE_PREF_L1_NOT_USED_LATENCY1400_total_count,             0
CORE_PREF_L1_NOT_USED_LATENCY1400_total_pct,        0.000

CORE_PREF_L1_NOT_USED_LATENCY1600_count,             0
CORE_PREF_L1_NOT_USED_LATENCY1600_pct,        0.000
CORE_PREF_L1_NOT_USED_LATENCY1600_total_count,             0
CORE_PREF_L1_NOT_USED_LATENCY1600_total_pct,        0.000

CORE_PREF_L1_NOT_USED_LATENCY1600MORE_count,             0
CORE_PREF_L1_NOT_USED_LATENCY1600MORE_pct,        0.000
CORE_PREF_L1_NOT_USED_LATENCY1600MORE_total_count,             0
CORE_PREF_L1_NOT_USED_LATENCY1600MORE_total_pct,        0.000
CORE_PREF_L1_NOT_USED_LATENCY1600MORE_sum_count,             8
CORE_PREF_L1_NOT_USED_LATENCY1600MORE_sum_pct,      100.000
CORE_PREF_L1_NOT_USED_LATENCY1600MORE_sum_total_count,             8
CORE_PREF_L1_NOT_USED_LATENCY1600MORE_sum_total_pct,      100.000
CORE_PREF_L1_NOT_USED_LATENCY1600MORE_mean,         0.00
CORE_PREF_L1_NOT_USED_LATENCY1600MORE_stddev,         0.00
CORE_PREF_L1_NOT_USED_LATENCY1600MORE_total_mean,         0.00
CORE_PREF_L1_NOT_USED_LATENCY1600MORE_total_stddev,         0.00

CORE_PREF_L1_NOT_USED_DISTANCE_1_count,             0
CORE_PREF_L1_NOT_USED_DISTANCE_1_pct,        0.000
CORE_PREF_L1_NOT_USED_DISTANCE_1_total_count,             0
CORE_PREF_L1_NOT_USED_DISTANCE_1_total_pct,        0.000

CORE_PREF_L1_NOT_USED_DISTANCE_2_count,             0
CORE_PREF_L1_NOT_USED_DISTANCE_2_pct,        0.000
CORE_PREF_L1_NOT_USED_DISTANCE_2_total_count,             0
CORE_PREF_L1_NOT_USED_DISTANCE_2_total_pct,        0.000

CORE_PREF_L1_NOT_USED_DISTANCE_4_count,             0
CORE_PREF_L1_NOT_USED_DISTANCE_4_pct,        0.000
CORE_PREF_L1_NOT_USED_DISTANCE_4_total_count,             0
CORE_PREF_L1_NOT_USED_DISTANCE_4_total_pct,        0.000

CORE_PREF_L1_NOT_USED_DISTANCE_8_count,             0
CORE_PREF_L1_NOT_USED_DISTANCE_8_pct,        0.000
CORE_PREF_L1_NOT_USED_DISTANCE_8_total_count,             0
CORE_PREF_L1_NOT_USED_DISTANCE_8_total_pct,        0.000

CORE_PREF_L1_NOT_USED_DISTANCE_16_count,             0
CORE_PREF_L1_NOT_USED_DISTANCE_16_pct,        0.000
CORE_PREF_L1_NOT_USED_DISTANCE_16_total_count,             0
CORE_PREF_L1_NOT_USED_DISTANCE_16_total_pct,        0.000

CORE_PREF_L1_NOT_USED_DISTANCE_32_count,             0
CORE_PREF_L1_NOT_USED_DISTANCE_32_pct,        0.000
CORE_PREF_L1_NOT_USED_DISTANCE_32_total_count,             0
CORE_PREF_L1_NOT_USED_DISTANCE_32_total_pct,        0.000

CORE_PREF_L1_NOT_USED_DISTANCE_MORE_count,             8
CORE_PREF_L1_NOT_USED_DISTANCE_MORE_pct,      100.000
CORE_PREF_L1_NOT_USED_DISTANCE_MORE_total_count,             8
CORE_PREF_L1_NOT_USED_DISTANCE_MORE_total_pct,      100.000
CORE_PREF_L1_NOT_USED_DISTANCE_MORE_sum_count,             8
CORE_PREF_L1_NOT_USED_DISTANCE_MORE_sum_pct,      100.000
CORE_PREF_L1_NOT_USED_DISTANCE_MORE_sum_total_count,             8
CORE_PREF_L1_NOT_USED_DISTANCE_MORE_sum_total_pct,      100.000
CORE_PREF_L1_NOT_USED_DISTANCE_MORE_mean,         6.00
CORE_PREF_L1_NOT_USED_DISTANCE_MORE_stddev,         6.41
CORE_PREF_L1_NOT_USED_DISTANCE_MORE_total_mean,         6.00
CORE_PREF_L1_NOT_USED_DISTANCE_MORE_total_stddev,         6.41

CORE_PREF_L1_USED_LATENCY200_count,            20
CORE_PREF_L1_USED_LATENCY200_pct,       95.238
CORE_PREF_L1_USED_LATENCY200_total_count,            20
CORE_PREF_L1_USED_LATENCY200_total_pct,       95.238

CORE_PREF_L1_USED_LATENCY400_count,             1
CORE_PREF_L1_USED_LATENCY400_pct,        4.762
CORE_PREF_L1_USED_LATENCY400_total_count,             1
CORE_PREF_L1_USED_LATENCY400_total_pct,        4.762

CORE_PREF_L1_USED_LATENCY600_count,             0
CORE_PREF_L1_USED_LATENCY600_pct,        0.000
CORE_PREF_L1_USED_LATENCY600_total_count,             0
CORE_PREF_L1_USED_LATENCY600_total_pct,        0.000

CORE_PREF_L1_USED_LATENCY800_count,             0
CORE_PREF_L1_USED_LATENCY800_pct,        0.000
CORE_PREF_L1_USED_LATENCY800_total_count,             0
CORE_PREF_L1_USED_LATENCY800_total_pct,        0.000

CORE_PREF_L1_USED_LATENCY1000_count,             0
CORE_PREF_L1_USED_LATENCY1000_pct,        0.000
CORE_PREF_L1_USED_LATENCY1000_total_count,             0
CORE_PREF_L1_USED_LATENCY1000_total_pct,        0.000

CORE_PREF_L1_USED_LATENCY1200_count,             0
CORE_PREF_L1_USED_LATENCY1200_pct,        0.000
CORE_PREF_L1_USED_LATENCY1200_total_count,             0
CORE_PREF_L1_USED_LATENCY1200_total_pct,        0.000

CORE_PREF_L1_USED_LATENCY1400_count,             0
CORE_PREF_L1_USED_LATENCY1400_pct,        0.000
CORE_PREF_L1_USED_LATENCY1400_total_count,             0
CORE_PREF_L1_USED_LATENCY1400_total_pct,        0.000

CORE_PREF_L1_USED_LATENCY1600_count,             0
CORE_PREF_L1_USED_LATENCY1600_pct,        0.000
CORE_PREF_L1_USED_LATENCY1600_total_count,             0
CORE_PREF_L1_USED_LATENCY1600_total_pct,        0.000

CORE_PREF_L1_USED_LATENCY1600MORE_count,             0
CORE_PREF_L1_USED_LATENCY1600MORE_pct,        0.000
CORE_PREF_L1_USED_LATENCY1600MORE_total_count,             0
CORE_PREF_L1_USED_LATENCY1600MORE_total_pct,        0.000
CORE_PREF_L1_USED_LATENCY1600MORE_sum_count,            21
CORE_PREF_L1_USED_LATENCY1600MORE_sum_pct,      100.000
CORE_PREF_L1_USED_LATENCY1600MORE_sum_total_count,            21
CORE_PREF_L1_USED_LATENCY1600MORE_sum_total_pct,      100.000
CORE_PREF_L1_USED_LATENCY1600MORE_mean,         0.05
CORE_PREF_L1_USED_LATENCY1600MORE_stddev,         0.21
CORE_PREF_L1_USED_LATENCY1600MORE_total_mean,         0.05
CORE_PREF_L1_USED_LATENCY1600MORE_total_stddev,         0.21

CORE_PREF_L1_USED_DISTANCE_1_count,             0
CORE_PREF_L1_USED_DISTANCE_1_pct,        0.000
CORE_PREF_L1_USED_DISTANCE_1_total_count,             0
CORE_PREF_L1_USED_DISTANCE_1_total_pct,        0.000

CORE_PREF_L1_USED_DISTANCE_2_count,             0
CORE_PREF_L1_USED_DISTANCE_2_pct,        0.000
CORE_PREF_L1_USED_DISTANCE_2_total_count,             0
CORE_PREF_L1_USED_DISTANCE_2_total_pct,        0.000

CORE_PREF_L1_USED_DISTANCE_4_count,             3
CORE_PREF_L1_USED_DISTANCE_4_pct,       14.286
CORE_PREF_L1_USED_DISTANCE_4_total_count,             3
CORE_PREF_L1_USED_DISTANCE_4_total_pct,       14.286

CORE_PREF_L1_USED_DISTANCE_8_count,             5
CORE_PREF_L1_USED_DISTANCE_8_pct,       23.810
CORE_PREF_L1_USED_DISTANCE_8_total_count,             5
CORE_PREF_L1_USED_DISTANCE_8_total_pct,       23.810

CORE_PREF_L1_USED_DISTANCE_16_count,             7
CORE_PREF_L1_USED_DISTANCE_16_pct,       33.333
CORE_PREF_L1_USED_DISTANCE_16_total_count,             7
CORE_PREF_L1_USED_DISTANCE_16_total_pct,       33.333

CORE_PREF_L1_USED_DISTANCE_32_count,             1
CORE_PREF_L1_USED_DISTANCE_32_pct,        4.762
CORE_PREF_L1_USED_DISTANCE_32_total_count,             1
CORE_PREF_L1_USED_DISTANCE_32_total_pct,        4.762

CORE_PREF_L1_USED_DISTANCE_MORE_count,             5
CORE_PREF_L1_USED_DISTANCE_MORE_pct,       23.810
CORE_PREF_L1_USED_DISTANCE_MORE_total_count,             5
CORE_PREF_L1_USED_DISTANCE_MORE_total_pct,       23.810
CORE_PREF_L1_USED_DISTANCE_MORE_sum_count,            21
CORE_PREF_L1_USED_DISTANCE_MORE_sum_pct,      100.000
CORE_PREF_L1_USED_DISTANCE_MORE_sum_total_count,            21
CORE_PREF_L1_USED_DISTANCE_MORE_sum_total_pct,      100.000
CORE_PREF_L1_USED_DISTANCE_MORE_mean,         4.00
CORE_PREF_L1_USED_DISTANCE_MORE_stddev,         2.43
CORE_PREF_L1_USED_DISTANCE_MORE_total_mean,         4.00
CORE_PREF_L1_USED_DISTANCE_MORE_total_stddev,         2.43

CORE_PREF_L1_DEMAND_LATENCY300_count,         13862
CORE_PREF_L1_DEMAND_LATENCY300_pct,       60.006
CORE_PREF_L1_DEMAND_LATENCY300_total_count,         13862
CORE_PREF_L1_DEMAND_LATENCY300_total_pct,       60.006

CORE_PREF_L1_DEMAND_LATENCY400_count,          5137
CORE_PREF_L1_DEMAND_LATENCY400_pct,       22.237
CORE_PREF_L1_DEMAND_LATENCY400_total_count,          5137
CORE_PREF_L1_DEMAND_LATENCY400_total_pct,       22.237

CORE_PREF_L1_DEMAND_LATENCY500_count,          2398
CORE_PREF_L1_DEMAND_LATENCY500_pct,       10.381
CORE_PREF_L1_DEMAND_LATENCY500_total_count,          2398
CORE_PREF_L1_DEMAND_LATENCY500_total_pct,       10.381

CORE_PREF_L1_DEMAND_LATENCY600_count,           807
CORE_PREF_L1_DEMAND_LATENCY600_pct,        3.493
CORE_PREF_L1_DEMAND_LATENCY600_total_count,           807
CORE_PREF_L1_DEMAND_LATENCY600_total_pct,        3.493

CORE_PREF_L1_DEMAND_LATENCY700_count,           301
CORE_PREF_L1_DEMAND_LATENCY700_pct,        1.303
CORE_PREF_L1_DEMAND_LATENCY700_total_count,           301
CORE_PREF_L1_DEMAND_LATENCY700_total_pct,        1.303

CORE_PREF_L1_DEMAND_LATENCY800_count,           127
CORE_PREF_L1_DEMAND_LATENCY800_pct,        0.550
CORE_PREF_L1_DEMAND_LATENCY800_total_count,           127
CORE_PREF_L1_DEMAND_LATENCY800_total_pct,        0.550

CORE_PREF_L1_DEMAND_LATENCY900_count,            60
CORE_PREF_L1_DEMAND_LATENCY900_pct,        0.260
CORE_PREF_L1_DEMAND_LATENCY900_total_count,            60
CORE_PREF_L1_DEMAND_LATENCY900_total_pct,        0.260

CORE_PREF_L1_DEMAND_LATENCY1000_count,            49
CORE_PREF_L1_DEMAND_LATENCY1000_pct,        0.212
CORE_PREF_L1_DEMAND_LATENCY1000_total_count,            49
CORE_PREF_L1_DEMAND_LATENCY1000_total_pct,        0.212

CORE_PREF_L1_DEMAND_LATENCY1000MORE_count,           360
CORE_PREF_L1_DEMAND_LATENCY1000MORE_pct,        1.558
CORE_PREF_L1_DEMAND_LATENCY1000MORE_total_count,           360
CORE_PREF_L1_DEMAND_LATENCY1000MORE_total_pct,        1.558
CORE_PREF_L1_DEMAND_LATENCY1000MORE_sum_count,         23101
CORE_PREF_L1_DEMAND_LATENCY1000MORE_sum_pct,      100.000
CORE_PREF_L1_DEMAND_LATENCY1000MORE_sum_total_count,         23101
CORE_PREF_L1_DEMAND_LATENCY1000MORE_sum_total_pct,      100.000
CORE_PREF_L1_DEMAND_LATENCY1000MORE_mean,         0.77
CORE_PREF_L1_DEMAND_LATENCY1000MORE_stddev,         1.25
CORE_PREF_L1_DEMAND_LATENCY1000MORE_total_mean,         0.77
CORE_PREF_L1_DEMAND_LATENCY1000MORE_total_stddev,         1.25

CORE_PREF_MLC_NOT_USED_LATENCY200_count,       1196826
CORE_PREF_MLC_NOT_USED_LATENCY200_pct,       97.187
CORE_PREF_MLC_NOT_USED_LATENCY200_total_count,       1196826
CORE_PREF_MLC_NOT_USED_LATENCY200_total_pct,       97.187

CORE_PREF_MLC_NOT_USED_LATENCY400_count,         22239
CORE_PREF_MLC_NOT_USED_LATENCY400_pct,        1.806
CORE_PREF_MLC_NOT_USED_LATENCY400_total_count,         22239
CORE_PREF_MLC_NOT_USED_LATENCY400_total_pct,        1.806

CORE_PREF_MLC_NOT_USED_LATENCY600_count,         10013
CORE_PREF_MLC_NOT_USED_LATENCY600_pct,        0.813
CORE_PREF_MLC_NOT_USED_LATENCY600_total_count,         10013
CORE_PREF_MLC_NOT_USED_LATENCY600_total_pct,        0.813

CORE_PREF_MLC_NOT_USED_LATENCY800_count,          1274
CORE_PREF_MLC_NOT_USED_LATENCY800_pct,        0.103
CORE_PREF_MLC_NOT_USED_LATENCY800_total_count,          1274
CORE_PREF_MLC_NOT_USED_LATENCY800_total_pct,        0.103

CORE_PREF_MLC_NOT_USED_LATENCY1000_count,           282
CORE_PREF_MLC_NOT_USED_LATENCY1000_pct,        0.023
CORE_PREF_MLC_NOT_USED_LATENCY1000_total_count,           282
CORE_PREF_MLC_NOT_USED_LATENCY1000_total_pct,        0.023

CORE_PREF_MLC_NOT_USED_LATENCY1200_count,           138
CORE_PREF_MLC_NOT_USED_LATENCY1200_pct,        0.011
CORE_PREF_MLC_NOT_USED_LATENCY1200_total_count,           138
CORE_PREF_MLC_NOT_USED_LATENCY1200_total_pct,        0.011

CORE_PREF_MLC_NOT_USED_LATENCY1400_count,           133
CORE_PREF_MLC_NOT_USED_LATENCY1400_pct,        0.011
CORE_PREF_MLC_NOT_USED_LATENCY1400_total_count,           133
CORE_PREF_MLC_NOT_USED_LATENCY1400_total_pct,        0.011

CORE_PREF_MLC_NOT_USED_LATENCY1600_count,           235
CORE_PREF_MLC_NOT_USED_LATENCY1600_pct,        0.019
CORE_PREF_MLC_NOT_USED_LATENCY1600_total_count,           235
CORE_PREF_MLC_NOT_USED_LATENCY1600_total_pct,        0.019

CORE_PREF_MLC_NOT_USED_LATENCY1600MORE_count,           321
CORE_PREF_MLC_NOT_USED_LATENCY1600MORE_pct,        0.026
CORE_PREF_MLC_NOT_USED_LATENCY1600MORE_total_count,           321
CORE_PREF_MLC_NOT_USED_LATENCY1600MORE_total_pct,        0.026
CORE_PREF_MLC_NOT_USED_LATENCY1600MORE_sum_count,       1231461
CORE_PREF_MLC_NOT_USED_LATENCY1600MORE_sum_pct,      100.000
CORE_PREF_MLC_NOT_USED_LATENCY1600MORE_sum_total_count,       1231461
CORE_PREF_MLC_NOT_USED_LATENCY1600MORE_sum_total_pct,      100.000
CORE_PREF_MLC_NOT_USED_LATENCY1600MORE_mean,         0.04
CORE_PREF_MLC_NOT_USED_LATENCY1600MORE_stddev,         0.30
CORE_PREF_MLC_NOT_USED_LATENCY1600MORE_total_mean,         0.04
CORE_PREF_MLC_NOT_USED_LATENCY1600MORE_total_stddev,         0.30

CORE_PREF_MLC_USED_LATENCY200_count,         88015
CORE_PREF_MLC_USED_LATENCY200_pct,       96.076
CORE_PREF_MLC_USED_LATENCY200_total_count,         88015
CORE_PREF_MLC_USED_LATENCY200_total_pct,       96.076

CORE_PREF_MLC_USED_LATENCY400_count,          2301
CORE_PREF_MLC_USED_LATENCY400_pct,        2.512
CORE_PREF_MLC_USED_LATENCY400_total_count,          2301
CORE_PREF_MLC_USED_LATENCY400_total_pct,        2.512

CORE_PREF_MLC_USED_LATENCY600_count,          1078
CORE_PREF_MLC_USED_LATENCY600_pct,        1.177
CORE_PREF_MLC_USED_LATENCY600_total_count,          1078
CORE_PREF_MLC_USED_LATENCY600_total_pct,        1.177

CORE_PREF_MLC_USED_LATENCY800_count,           114
CORE_PREF_MLC_USED_LATENCY800_pct,        0.124
CORE_PREF_MLC_USED_LATENCY800_total_count,           114
CORE_PREF_MLC_USED_LATENCY800_total_pct,        0.124

CORE_PREF_MLC_USED_LATENCY1000_count,            29
CORE_PREF_MLC_USED_LATENCY1000_pct,        0.032
CORE_PREF_MLC_USED_LATENCY1000_total_count,            29
CORE_PREF_MLC_USED_LATENCY1000_total_pct,        0.032

CORE_PREF_MLC_USED_LATENCY1200_count,            10
CORE_PREF_MLC_USED_LATENCY1200_pct,        0.011
CORE_PREF_MLC_USED_LATENCY1200_total_count,            10
CORE_PREF_MLC_USED_LATENCY1200_total_pct,        0.011

CORE_PREF_MLC_USED_LATENCY1400_count,            11
CORE_PREF_MLC_USED_LATENCY1400_pct,        0.012
CORE_PREF_MLC_USED_LATENCY1400_total_count,            11
CORE_PREF_MLC_USED_LATENCY1400_total_pct,        0.012

CORE_PREF_MLC_USED_LATENCY1600_count,            27
CORE_PREF_MLC_USED_LATENCY1600_pct,        0.029
CORE_PREF_MLC_USED_LATENCY1600_total_count,            27
CORE_PREF_MLC_USED_LATENCY1600_total_pct,        0.029

CORE_PREF_MLC_USED_LATENCY1600MORE_count,            25
CORE_PREF_MLC_USED_LATENCY1600MORE_pct,        0.027
CORE_PREF_MLC_USED_LATENCY1600MORE_total_count,            25
CORE_PREF_MLC_USED_LATENCY1600MORE_total_pct,        0.027
CORE_PREF_MLC_USED_LATENCY1600MORE_sum_count,         91610
CORE_PREF_MLC_USED_LATENCY1600MORE_sum_pct,      100.000
CORE_PREF_MLC_USED_LATENCY1600MORE_sum_total_count,         91610
CORE_PREF_MLC_USED_LATENCY1600MORE_sum_total_pct,      100.000
CORE_PREF_MLC_USED_LATENCY1600MORE_mean,         0.06
CORE_PREF_MLC_USED_LATENCY1600MORE_stddev,         0.35
CORE_PREF_MLC_USED_LATENCY1600MORE_total_mean,         0.06
CORE_PREF_MLC_USED_LATENCY1600MORE_total_stddev,         0.35

CORE_PREF_MLC_DEMAND_LATENCY300_count,        196551
CORE_PREF_MLC_DEMAND_LATENCY300_pct,       99.692
CORE_PREF_MLC_DEMAND_LATENCY300_total_count,        196551
CORE_PREF_MLC_DEMAND_LATENCY300_total_pct,       99.692

CORE_PREF_MLC_DEMAND_LATENCY400_count,           267
CORE_PREF_MLC_DEMAND_LATENCY400_pct,        0.135
CORE_PREF_MLC_DEMAND_LATENCY400_total_count,           267
CORE_PREF_MLC_DEMAND_LATENCY400_total_pct,        0.135

CORE_PREF_MLC_DEMAND_LATENCY500_count,           184
CORE_PREF_MLC_DEMAND_LATENCY500_pct,        0.093
CORE_PREF_MLC_DEMAND_LATENCY500_total_count,           184
CORE_PREF_MLC_DEMAND_LATENCY500_total_pct,        0.093

CORE_PREF_MLC_DEMAND_LATENCY600_count,            46
CORE_PREF_MLC_DEMAND_LATENCY600_pct,        0.023
CORE_PREF_MLC_DEMAND_LATENCY600_total_count,            46
CORE_PREF_MLC_DEMAND_LATENCY600_total_pct,        0.023

CORE_PREF_MLC_DEMAND_LATENCY700_count,            31
CORE_PREF_MLC_DEMAND_LATENCY700_pct,        0.016
CORE_PREF_MLC_DEMAND_LATENCY700_total_count,            31
CORE_PREF_MLC_DEMAND_LATENCY700_total_pct,        0.016

CORE_PREF_MLC_DEMAND_LATENCY800_count,            13
CORE_PREF_MLC_DEMAND_LATENCY800_pct,        0.007
CORE_PREF_MLC_DEMAND_LATENCY800_total_count,            13
CORE_PREF_MLC_DEMAND_LATENCY800_total_pct,        0.007

CORE_PREF_MLC_DEMAND_LATENCY900_count,             5
CORE_PREF_MLC_DEMAND_LATENCY900_pct,        0.003
CORE_PREF_MLC_DEMAND_LATENCY900_total_count,             5
CORE_PREF_MLC_DEMAND_LATENCY900_total_pct,        0.003

CORE_PREF_MLC_DEMAND_LATENCY1000_count,             4
CORE_PREF_MLC_DEMAND_LATENCY1000_pct,        0.002
CORE_PREF_MLC_DEMAND_LATENCY1000_total_count,             4
CORE_PREF_MLC_DEMAND_LATENCY1000_total_pct,        0.002

CORE_PREF_MLC_DEMAND_LATENCY1000MORE_count,            57
CORE_PREF_MLC_DEMAND_LATENCY1000MORE_pct,        0.029
CORE_PREF_MLC_DEMAND_LATENCY1000MORE_total_count,            57
CORE_PREF_MLC_DEMAND_LATENCY1000MORE_total_pct,        0.029
CORE_PREF_MLC_DEMAND_LATENCY1000MORE_sum_count,        197158
CORE_PREF_MLC_DEMAND_LATENCY1000MORE_sum_pct,      100.000
CORE_PREF_MLC_DEMAND_LATENCY1000MORE_sum_total_count,        197158
CORE_PREF_MLC_DEMAND_LATENCY1000MORE_sum_total_pct,      100.000
CORE_PREF_MLC_DEMAND_LATENCY1000MORE_mean,         0.01
CORE_PREF_MLC_DEMAND_LATENCY1000MORE_stddev,         0.18
CORE_PREF_MLC_DEMAND_LATENCY1000MORE_total_mean,         0.01
CORE_PREF_MLC_DEMAND_LATENCY1000MORE_total_stddev,         0.18

TOTAL_BATCH_FORMED_count,             0
TOTAL_BATCH_FORMED_total_count,             0

TOTAL_BATCH_MEM_REQ_MARKED_count,             0
TOTAL_BATCH_MEM_REQ_MARKED_pct,         -nan
TOTAL_BATCH_MEM_REQ_MARKED_total_count,             0
TOTAL_BATCH_MEM_REQ_MARKED_total_pct,         -nan

CORE_BATCH_MEM_REQ_MARKED_count,             0
CORE_BATCH_MEM_REQ_MARKED_pct,         -nan
CORE_BATCH_MEM_REQ_MARKED_total_count,             0
CORE_BATCH_MEM_REQ_MARKED_total_pct,         -nan

CORE_BATCH_MEM_REQ_MARKED_DEMAND_count,             0
CORE_BATCH_MEM_REQ_MARKED_DEMAND_pct,         -nan
CORE_BATCH_MEM_REQ_MARKED_DEMAND_total_count,             0
CORE_BATCH_MEM_REQ_MARKED_DEMAND_total_pct,         -nan

CORE_BATCH_MEM_REQ_MARKED_PREF_count,             0
CORE_BATCH_MEM_REQ_MARKED_PREF_pct,         -nan
CORE_BATCH_MEM_REQ_MARKED_PREF_total_count,             0
CORE_BATCH_MEM_REQ_MARKED_PREF_total_pct,         -nan

DRAM_ROW_BATCHES_count,             0
DRAM_ROW_BATCHES_total_count,             0

REJECTED_QUEUE_MLC_count,             0
REJECTED_QUEUE_MLC_total_count,             0

REJECTED_QUEUE_L1_count,            42
REJECTED_QUEUE_L1_total_count,            42

REJECTED_QUEUE_BUS_OUT_count,             0
REJECTED_QUEUE_BUS_OUT_total_count,             0

LEADING_LOAD_LATENCY_count,             0
LEADING_LOAD_LATENCY_pct,        0.000
LEADING_LOAD_LATENCY_total_count,             0
LEADING_LOAD_LATENCY_total_pct,        0.000

LEADING_LOADS_count,             0
LEADING_LOADS_pct,        0.000
LEADING_LOADS_total_count,             0
LEADING_LOADS_total_pct,        0.000

MEM_REQ_CRITICAL_PATH_LENGTH_count,             0
MEM_REQ_CRITICAL_PATH_LENGTH_pct,        0.000
MEM_REQ_CRITICAL_PATH_LENGTH_total_count,             0
MEM_REQ_CRITICAL_PATH_LENGTH_total_pct,        0.000

TOTAL_MEM_REQ_LATENCY_count,             0
TOTAL_MEM_REQ_LATENCY_total_count,             0

TOTAL_CRITICAL_MEM_REQ_LATENCY_count,             0
TOTAL_CRITICAL_MEM_REQ_LATENCY_pct,         -nan
TOTAL_CRITICAL_MEM_REQ_LATENCY_total_count,             0
TOTAL_CRITICAL_MEM_REQ_LATENCY_total_pct,         -nan

TOTAL_CRITICAL_BANK_LATENCY_count,             0
TOTAL_CRITICAL_BANK_LATENCY_pct,         -nan
TOTAL_CRITICAL_BANK_LATENCY_total_count,             0
TOTAL_CRITICAL_BANK_LATENCY_total_pct,         -nan

TOTAL_MEMORY_SLACK_count,             0
TOTAL_MEMORY_SLACK_pct,        0.000
TOTAL_MEMORY_SLACK_total_count,             0
TOTAL_MEMORY_SLACK_total_pct,        0.000

TOTAL_CHIP_UTILIZATION_count,             0
TOTAL_CHIP_UTILIZATION_pct,        0.000
TOTAL_CHIP_UTILIZATION_total_count,             0
TOTAL_CHIP_UTILIZATION_total_pct,        0.000

CHIP_BUSY_UNDER_CRITICAL_REQS_count,             0
CHIP_BUSY_UNDER_CRITICAL_REQS_pct,        0.000
CHIP_BUSY_UNDER_CRITICAL_REQS_total_count,             0
CHIP_BUSY_UNDER_CRITICAL_REQS_total_pct,        0.000

PERF_PRED_NUM_STAT_RESETS_count,             0
PERF_PRED_NUM_STAT_RESETS_total_count,             0

PERF_PRED_RESET_STATS_CYCLE_count,             0
PERF_PRED_RESET_STATS_CYCLE_total_count,             0

PERF_PRED_CYCLE_count,      45593180
PERF_PRED_CYCLE_total_count,      45593180

ESTIMATED_ALONE_CYCLES_count,             0
ESTIMATED_ALONE_CYCLES_pct,        0.000
ESTIMATED_ALONE_CYCLES_total_count,             0
ESTIMATED_ALONE_CYCLES_total_pct,        0.000

NUM_WINDOWS_WITH_DCACHE_MISS_count,        325846
NUM_WINDOWS_WITH_DCACHE_MISS_total_count,        325846

LONGEST_DCACHE_MISS_CHAIN_count,       1560786
LONGEST_DCACHE_MISS_CHAIN_total_count,       1560786

NUM_DCACHE_MISSES_IN_WINDOW_1_count,           135
NUM_DCACHE_MISSES_IN_WINDOW_1_pct,        0.041
NUM_DCACHE_MISSES_IN_WINDOW_1_total_count,           135
NUM_DCACHE_MISSES_IN_WINDOW_1_total_pct,        0.041

NUM_DCACHE_MISSES_IN_WINDOW_2_count,           435
NUM_DCACHE_MISSES_IN_WINDOW_2_pct,        0.133
NUM_DCACHE_MISSES_IN_WINDOW_2_total_count,           435
NUM_DCACHE_MISSES_IN_WINDOW_2_total_pct,        0.133

NUM_DCACHE_MISSES_IN_WINDOW_3_count,           934
NUM_DCACHE_MISSES_IN_WINDOW_3_pct,        0.287
NUM_DCACHE_MISSES_IN_WINDOW_3_total_count,           934
NUM_DCACHE_MISSES_IN_WINDOW_3_total_pct,        0.287

NUM_DCACHE_MISSES_IN_WINDOW_4_count,          1972
NUM_DCACHE_MISSES_IN_WINDOW_4_pct,        0.605
NUM_DCACHE_MISSES_IN_WINDOW_4_total_count,          1972
NUM_DCACHE_MISSES_IN_WINDOW_4_total_pct,        0.605

NUM_DCACHE_MISSES_IN_WINDOW_5_count,          3886
NUM_DCACHE_MISSES_IN_WINDOW_5_pct,        1.193
NUM_DCACHE_MISSES_IN_WINDOW_5_total_count,          3886
NUM_DCACHE_MISSES_IN_WINDOW_5_total_pct,        1.193

NUM_DCACHE_MISSES_IN_WINDOW_6_count,          6453
NUM_DCACHE_MISSES_IN_WINDOW_6_pct,        1.980
NUM_DCACHE_MISSES_IN_WINDOW_6_total_count,          6453
NUM_DCACHE_MISSES_IN_WINDOW_6_total_pct,        1.980

NUM_DCACHE_MISSES_IN_WINDOW_7_count,         10128
NUM_DCACHE_MISSES_IN_WINDOW_7_pct,        3.108
NUM_DCACHE_MISSES_IN_WINDOW_7_total_count,         10128
NUM_DCACHE_MISSES_IN_WINDOW_7_total_pct,        3.108

NUM_DCACHE_MISSES_IN_WINDOW_8_count,         14045
NUM_DCACHE_MISSES_IN_WINDOW_8_pct,        4.310
NUM_DCACHE_MISSES_IN_WINDOW_8_total_count,         14045
NUM_DCACHE_MISSES_IN_WINDOW_8_total_pct,        4.310

NUM_DCACHE_MISSES_IN_WINDOW_9_count,         17887
NUM_DCACHE_MISSES_IN_WINDOW_9_pct,        5.489
NUM_DCACHE_MISSES_IN_WINDOW_9_total_count,         17887
NUM_DCACHE_MISSES_IN_WINDOW_9_total_pct,        5.489

NUM_DCACHE_MISSES_IN_WINDOW_10_count,         21588
NUM_DCACHE_MISSES_IN_WINDOW_10_pct,        6.625
NUM_DCACHE_MISSES_IN_WINDOW_10_total_count,         21588
NUM_DCACHE_MISSES_IN_WINDOW_10_total_pct,        6.625

NUM_DCACHE_MISSES_IN_WINDOW_11_count,         24579
NUM_DCACHE_MISSES_IN_WINDOW_11_pct,        7.543
NUM_DCACHE_MISSES_IN_WINDOW_11_total_count,         24579
NUM_DCACHE_MISSES_IN_WINDOW_11_total_pct,        7.543

NUM_DCACHE_MISSES_IN_WINDOW_12_count,         26228
NUM_DCACHE_MISSES_IN_WINDOW_12_pct,        8.049
NUM_DCACHE_MISSES_IN_WINDOW_12_total_count,         26228
NUM_DCACHE_MISSES_IN_WINDOW_12_total_pct,        8.049

NUM_DCACHE_MISSES_IN_WINDOW_13_count,         26604
NUM_DCACHE_MISSES_IN_WINDOW_13_pct,        8.165
NUM_DCACHE_MISSES_IN_WINDOW_13_total_count,         26604
NUM_DCACHE_MISSES_IN_WINDOW_13_total_pct,        8.165

NUM_DCACHE_MISSES_IN_WINDOW_14_count,         25912
NUM_DCACHE_MISSES_IN_WINDOW_14_pct,        7.952
NUM_DCACHE_MISSES_IN_WINDOW_14_total_count,         25912
NUM_DCACHE_MISSES_IN_WINDOW_14_total_pct,        7.952

NUM_DCACHE_MISSES_IN_WINDOW_15_count,         24395
NUM_DCACHE_MISSES_IN_WINDOW_15_pct,        7.487
NUM_DCACHE_MISSES_IN_WINDOW_15_total_count,         24395
NUM_DCACHE_MISSES_IN_WINDOW_15_total_pct,        7.487

NUM_DCACHE_MISSES_IN_WINDOW_16_OR_MORE_count,        120665
NUM_DCACHE_MISSES_IN_WINDOW_16_OR_MORE_pct,       37.031
NUM_DCACHE_MISSES_IN_WINDOW_16_OR_MORE_total_count,        120665
NUM_DCACHE_MISSES_IN_WINDOW_16_OR_MORE_total_pct,       37.031
NUM_DCACHE_MISSES_IN_WINDOW_16_OR_MORE_sum_count,        325846
NUM_DCACHE_MISSES_IN_WINDOW_16_OR_MORE_sum_pct,      100.000
NUM_DCACHE_MISSES_IN_WINDOW_16_OR_MORE_sum_total_count,        325846
NUM_DCACHE_MISSES_IN_WINDOW_16_OR_MORE_sum_total_pct,      100.000
NUM_DCACHE_MISSES_IN_WINDOW_16_OR_MORE_mean,        11.95
NUM_DCACHE_MISSES_IN_WINDOW_16_OR_MORE_stddev,         7.96
NUM_DCACHE_MISSES_IN_WINDOW_16_OR_MORE_total_mean,        11.95
NUM_DCACHE_MISSES_IN_WINDOW_16_OR_MORE_total_stddev,         7.96

DCACHE_MLP_IN_WINDOW_1_0_count,           875
DCACHE_MLP_IN_WINDOW_1_0_pct,        0.269
DCACHE_MLP_IN_WINDOW_1_0_total_count,           875
DCACHE_MLP_IN_WINDOW_1_0_total_pct,        0.269

DCACHE_MLP_IN_WINDOW_1_5_count,         12363
DCACHE_MLP_IN_WINDOW_1_5_pct,        3.794
DCACHE_MLP_IN_WINDOW_1_5_total_count,         12363
DCACHE_MLP_IN_WINDOW_1_5_total_pct,        3.794

DCACHE_MLP_IN_WINDOW_2_0_count,         39097
DCACHE_MLP_IN_WINDOW_2_0_pct,       11.999
DCACHE_MLP_IN_WINDOW_2_0_total_count,         39097
DCACHE_MLP_IN_WINDOW_2_0_total_pct,       11.999

DCACHE_MLP_IN_WINDOW_2_5_count,         64629
DCACHE_MLP_IN_WINDOW_2_5_pct,       19.834
DCACHE_MLP_IN_WINDOW_2_5_total_count,         64629
DCACHE_MLP_IN_WINDOW_2_5_total_pct,       19.834

DCACHE_MLP_IN_WINDOW_3_0_count,         68577
DCACHE_MLP_IN_WINDOW_3_0_pct,       21.046
DCACHE_MLP_IN_WINDOW_3_0_total_count,         68577
DCACHE_MLP_IN_WINDOW_3_0_total_pct,       21.046

DCACHE_MLP_IN_WINDOW_3_5_count,         59680
DCACHE_MLP_IN_WINDOW_3_5_pct,       18.315
DCACHE_MLP_IN_WINDOW_3_5_total_count,         59680
DCACHE_MLP_IN_WINDOW_3_5_total_pct,       18.315

DCACHE_MLP_IN_WINDOW_4_0_count,         37723
DCACHE_MLP_IN_WINDOW_4_0_pct,       11.577
DCACHE_MLP_IN_WINDOW_4_0_total_count,         37723
DCACHE_MLP_IN_WINDOW_4_0_total_pct,       11.577

DCACHE_MLP_IN_WINDOW_4_5_count,         23680
DCACHE_MLP_IN_WINDOW_4_5_pct,        7.267
DCACHE_MLP_IN_WINDOW_4_5_total_count,         23680
DCACHE_MLP_IN_WINDOW_4_5_total_pct,        7.267

DCACHE_MLP_IN_WINDOW_5_0_count,         10242
DCACHE_MLP_IN_WINDOW_5_0_pct,        3.143
DCACHE_MLP_IN_WINDOW_5_0_total_count,         10242
DCACHE_MLP_IN_WINDOW_5_0_total_pct,        3.143

DCACHE_MLP_IN_WINDOW_5_5_count,          5568
DCACHE_MLP_IN_WINDOW_5_5_pct,        1.709
DCACHE_MLP_IN_WINDOW_5_5_total_count,          5568
DCACHE_MLP_IN_WINDOW_5_5_total_pct,        1.709

DCACHE_MLP_IN_WINDOW_6_0_count,          1936
DCACHE_MLP_IN_WINDOW_6_0_pct,        0.594
DCACHE_MLP_IN_WINDOW_6_0_total_count,          1936
DCACHE_MLP_IN_WINDOW_6_0_total_pct,        0.594

DCACHE_MLP_IN_WINDOW_6_5_count,           897
DCACHE_MLP_IN_WINDOW_6_5_pct,        0.275
DCACHE_MLP_IN_WINDOW_6_5_total_count,           897
DCACHE_MLP_IN_WINDOW_6_5_total_pct,        0.275

DCACHE_MLP_IN_WINDOW_7_0_count,           316
DCACHE_MLP_IN_WINDOW_7_0_pct,        0.097
DCACHE_MLP_IN_WINDOW_7_0_total_count,           316
DCACHE_MLP_IN_WINDOW_7_0_total_pct,        0.097

DCACHE_MLP_IN_WINDOW_7_5_count,           140
DCACHE_MLP_IN_WINDOW_7_5_pct,        0.043
DCACHE_MLP_IN_WINDOW_7_5_total_count,           140
DCACHE_MLP_IN_WINDOW_7_5_total_pct,        0.043

DCACHE_MLP_IN_WINDOW_8_0_count,            70
DCACHE_MLP_IN_WINDOW_8_0_pct,        0.021
DCACHE_MLP_IN_WINDOW_8_0_total_count,            70
DCACHE_MLP_IN_WINDOW_8_0_total_pct,        0.021

DCACHE_MLP_IN_WINDOW_8_5_OR_MORE_count,            53
DCACHE_MLP_IN_WINDOW_8_5_OR_MORE_pct,        0.016
DCACHE_MLP_IN_WINDOW_8_5_OR_MORE_total_count,            53
DCACHE_MLP_IN_WINDOW_8_5_OR_MORE_total_pct,        0.016
DCACHE_MLP_IN_WINDOW_8_5_OR_MORE_sum_count,        325846
DCACHE_MLP_IN_WINDOW_8_5_OR_MORE_sum_pct,      100.000
DCACHE_MLP_IN_WINDOW_8_5_OR_MORE_sum_total_count,        325846
DCACHE_MLP_IN_WINDOW_8_5_OR_MORE_sum_total_pct,      100.000
DCACHE_MLP_IN_WINDOW_8_5_OR_MORE_mean,         4.35
DCACHE_MLP_IN_WINDOW_8_5_OR_MORE_stddev,         1.90
DCACHE_MLP_IN_WINDOW_8_5_OR_MORE_total_mean,         4.35
DCACHE_MLP_IN_WINDOW_8_5_OR_MORE_total_stddev,         1.90

PARAM_CHIP_CYCLE_TIME_count,             0
PARAM_CHIP_CYCLE_TIME_total_count,             0

PARAM_CORE_CYCLE_TIME_count,        312500
PARAM_CORE_CYCLE_TIME_total_count,        312500

PARAM_L1_CYCLE_TIME_count,        312500
PARAM_L1_CYCLE_TIME_total_count,        312500

PARAM_MEMORY_CYCLE_TIME_count,        833333
PARAM_MEMORY_CYCLE_TIME_total_count,        833333

MEM_REQ_NON_SCHEDULED__0_count,             0
MEM_REQ_NON_SCHEDULED__0_pct,         -nan
MEM_REQ_NON_SCHEDULED__0_total_count,             0
MEM_REQ_NON_SCHEDULED__0_total_pct,         -nan

MEM_REQ_NON_SCHEDULED__4_count,             0
MEM_REQ_NON_SCHEDULED__4_pct,         -nan
MEM_REQ_NON_SCHEDULED__4_total_count,             0
MEM_REQ_NON_SCHEDULED__4_total_pct,         -nan

MEM_REQ_NON_SCHEDULED__8_count,             0
MEM_REQ_NON_SCHEDULED__8_pct,         -nan
MEM_REQ_NON_SCHEDULED__8_total_count,             0
MEM_REQ_NON_SCHEDULED__8_total_pct,         -nan

MEM_REQ_NON_SCHEDULED_12_count,             0
MEM_REQ_NON_SCHEDULED_12_pct,         -nan
MEM_REQ_NON_SCHEDULED_12_total_count,             0
MEM_REQ_NON_SCHEDULED_12_total_pct,         -nan

MEM_REQ_NON_SCHEDULED_16_count,             0
MEM_REQ_NON_SCHEDULED_16_pct,         -nan
MEM_REQ_NON_SCHEDULED_16_total_count,             0
MEM_REQ_NON_SCHEDULED_16_total_pct,         -nan

MEM_REQ_NON_SCHEDULED_20_count,             0
MEM_REQ_NON_SCHEDULED_20_pct,         -nan
MEM_REQ_NON_SCHEDULED_20_total_count,             0
MEM_REQ_NON_SCHEDULED_20_total_pct,         -nan

MEM_REQ_NON_SCHEDULED_24_count,             0
MEM_REQ_NON_SCHEDULED_24_pct,         -nan
MEM_REQ_NON_SCHEDULED_24_total_count,             0
MEM_REQ_NON_SCHEDULED_24_total_pct,         -nan

MEM_REQ_NON_SCHEDULED_28_count,             0
MEM_REQ_NON_SCHEDULED_28_pct,         -nan
MEM_REQ_NON_SCHEDULED_28_total_count,             0
MEM_REQ_NON_SCHEDULED_28_total_pct,         -nan

MEM_REQ_NON_SCHEDULED_32_count,             0
MEM_REQ_NON_SCHEDULED_32_pct,         -nan
MEM_REQ_NON_SCHEDULED_32_total_count,             0
MEM_REQ_NON_SCHEDULED_32_total_pct,         -nan

MEM_REQ_NON_SCHEDULED_36_count,             0
MEM_REQ_NON_SCHEDULED_36_pct,         -nan
MEM_REQ_NON_SCHEDULED_36_total_count,             0
MEM_REQ_NON_SCHEDULED_36_total_pct,         -nan

MEM_REQ_NON_SCHEDULED_40_count,             0
MEM_REQ_NON_SCHEDULED_40_pct,         -nan
MEM_REQ_NON_SCHEDULED_40_total_count,             0
MEM_REQ_NON_SCHEDULED_40_total_pct,         -nan

MEM_REQ_NON_SCHEDULED_44_count,             0
MEM_REQ_NON_SCHEDULED_44_pct,         -nan
MEM_REQ_NON_SCHEDULED_44_total_count,             0
MEM_REQ_NON_SCHEDULED_44_total_pct,         -nan

MEM_REQ_NON_SCHEDULED_48_count,             0
MEM_REQ_NON_SCHEDULED_48_pct,         -nan
MEM_REQ_NON_SCHEDULED_48_total_count,             0
MEM_REQ_NON_SCHEDULED_48_total_pct,         -nan

MEM_REQ_NON_SCHEDULED_52_count,             0
MEM_REQ_NON_SCHEDULED_52_pct,         -nan
MEM_REQ_NON_SCHEDULED_52_total_count,             0
MEM_REQ_NON_SCHEDULED_52_total_pct,         -nan

MEM_REQ_NON_SCHEDULED_56_count,             0
MEM_REQ_NON_SCHEDULED_56_pct,         -nan
MEM_REQ_NON_SCHEDULED_56_total_count,             0
MEM_REQ_NON_SCHEDULED_56_total_pct,         -nan

MEM_REQ_NON_SCHEDULED_60_count,             0
MEM_REQ_NON_SCHEDULED_60_pct,         -nan
MEM_REQ_NON_SCHEDULED_60_total_count,             0
MEM_REQ_NON_SCHEDULED_60_total_pct,         -nan

MEM_REQ_NON_SCHEDULED_64_count,             0
MEM_REQ_NON_SCHEDULED_64_pct,         -nan
MEM_REQ_NON_SCHEDULED_64_total_count,             0
MEM_REQ_NON_SCHEDULED_64_total_pct,         -nan
MEM_REQ_NON_SCHEDULED_64_sum_count,             0
MEM_REQ_NON_SCHEDULED_64_sum_pct,         -nan
MEM_REQ_NON_SCHEDULED_64_sum_total_count,             0
MEM_REQ_NON_SCHEDULED_64_sum_total_pct,         -nan
MEM_REQ_NON_SCHEDULED_64_mean,         -nan
MEM_REQ_NON_SCHEDULED_64_stddev,         -nan
MEM_REQ_NON_SCHEDULED_64_total_mean,         -nan
MEM_REQ_NON_SCHEDULED_64_total_stddev,         -nan

MEM_REQ_DEMANDS__0_count,      31257816
MEM_REQ_DEMANDS__0_pct,       68.558
MEM_REQ_DEMANDS__0_total_count,      31257816
MEM_REQ_DEMANDS__0_total_pct,       68.558

MEM_REQ_DEMANDS__4_count,      13461401
MEM_REQ_DEMANDS__4_pct,       29.525
MEM_REQ_DEMANDS__4_total_count,      13461401
MEM_REQ_DEMANDS__4_total_pct,       29.525

MEM_REQ_DEMANDS__8_count,        861029
MEM_REQ_DEMANDS__8_pct,        1.889
MEM_REQ_DEMANDS__8_total_count,        861029
MEM_REQ_DEMANDS__8_total_pct,        1.889

MEM_REQ_DEMANDS_12_count,         12897
MEM_REQ_DEMANDS_12_pct,        0.028
MEM_REQ_DEMANDS_12_total_count,         12897
MEM_REQ_DEMANDS_12_total_pct,        0.028

MEM_REQ_DEMANDS_16_count,            37
MEM_REQ_DEMANDS_16_pct,        0.000
MEM_REQ_DEMANDS_16_total_count,            37
MEM_REQ_DEMANDS_16_total_pct,        0.000

MEM_REQ_DEMANDS_20_count,             0
MEM_REQ_DEMANDS_20_pct,        0.000
MEM_REQ_DEMANDS_20_total_count,             0
MEM_REQ_DEMANDS_20_total_pct,        0.000

MEM_REQ_DEMANDS_24_count,             0
MEM_REQ_DEMANDS_24_pct,        0.000
MEM_REQ_DEMANDS_24_total_count,             0
MEM_REQ_DEMANDS_24_total_pct,        0.000

MEM_REQ_DEMANDS_28_count,             0
MEM_REQ_DEMANDS_28_pct,        0.000
MEM_REQ_DEMANDS_28_total_count,             0
MEM_REQ_DEMANDS_28_total_pct,        0.000

MEM_REQ_DEMANDS_32_count,             0
MEM_REQ_DEMANDS_32_pct,        0.000
MEM_REQ_DEMANDS_32_total_count,             0
MEM_REQ_DEMANDS_32_total_pct,        0.000

MEM_REQ_DEMANDS_36_count,             0
MEM_REQ_DEMANDS_36_pct,        0.000
MEM_REQ_DEMANDS_36_total_count,             0
MEM_REQ_DEMANDS_36_total_pct,        0.000

MEM_REQ_DEMANDS_40_count,             0
MEM_REQ_DEMANDS_40_pct,        0.000
MEM_REQ_DEMANDS_40_total_count,             0
MEM_REQ_DEMANDS_40_total_pct,        0.000

MEM_REQ_DEMANDS_44_count,             0
MEM_REQ_DEMANDS_44_pct,        0.000
MEM_REQ_DEMANDS_44_total_count,             0
MEM_REQ_DEMANDS_44_total_pct,        0.000

MEM_REQ_DEMANDS_48_count,             0
MEM_REQ_DEMANDS_48_pct,        0.000
MEM_REQ_DEMANDS_48_total_count,             0
MEM_REQ_DEMANDS_48_total_pct,        0.000

MEM_REQ_DEMANDS_52_count,             0
MEM_REQ_DEMANDS_52_pct,        0.000
MEM_REQ_DEMANDS_52_total_count,             0
MEM_REQ_DEMANDS_52_total_pct,        0.000

MEM_REQ_DEMANDS_56_count,             0
MEM_REQ_DEMANDS_56_pct,        0.000
MEM_REQ_DEMANDS_56_total_count,             0
MEM_REQ_DEMANDS_56_total_pct,        0.000

MEM_REQ_DEMANDS_60_count,             0
MEM_REQ_DEMANDS_60_pct,        0.000
MEM_REQ_DEMANDS_60_total_count,             0
MEM_REQ_DEMANDS_60_total_pct,        0.000

MEM_REQ_DEMANDS_64_count,             0
MEM_REQ_DEMANDS_64_pct,        0.000
MEM_REQ_DEMANDS_64_total_count,             0
MEM_REQ_DEMANDS_64_total_pct,        0.000
MEM_REQ_DEMANDS_64_sum_count,      45593180
MEM_REQ_DEMANDS_64_sum_pct,      100.000
MEM_REQ_DEMANDS_64_sum_total_count,      45593180
MEM_REQ_DEMANDS_64_sum_total_pct,      100.000
MEM_REQ_DEMANDS_64_mean,         0.33
MEM_REQ_DEMANDS_64_stddev,         0.43
MEM_REQ_DEMANDS_64_total_mean,         0.33
MEM_REQ_DEMANDS_64_total_stddev,         0.43

MEM_REQ_PREFS__0_count,      36862858
MEM_REQ_PREFS__0_pct,       80.852
MEM_REQ_PREFS__0_total_count,      36862858
MEM_REQ_PREFS__0_total_pct,       80.852

MEM_REQ_PREFS__4_count,       3802932
MEM_REQ_PREFS__4_pct,        8.341
MEM_REQ_PREFS__4_total_count,       3802932
MEM_REQ_PREFS__4_total_pct,        8.341

MEM_REQ_PREFS__8_count,       1453690
MEM_REQ_PREFS__8_pct,        3.188
MEM_REQ_PREFS__8_total_count,       1453690
MEM_REQ_PREFS__8_total_pct,        3.188

MEM_REQ_PREFS_12_count,        895444
MEM_REQ_PREFS_12_pct,        1.964
MEM_REQ_PREFS_12_total_count,        895444
MEM_REQ_PREFS_12_total_pct,        1.964

MEM_REQ_PREFS_16_count,        608293
MEM_REQ_PREFS_16_pct,        1.334
MEM_REQ_PREFS_16_total_count,        608293
MEM_REQ_PREFS_16_total_pct,        1.334

MEM_REQ_PREFS_20_count,        556512
MEM_REQ_PREFS_20_pct,        1.221
MEM_REQ_PREFS_20_total_count,        556512
MEM_REQ_PREFS_20_total_pct,        1.221

MEM_REQ_PREFS_24_count,       1310149
MEM_REQ_PREFS_24_pct,        2.874
MEM_REQ_PREFS_24_total_count,       1310149
MEM_REQ_PREFS_24_total_pct,        2.874

MEM_REQ_PREFS_28_count,        103302
MEM_REQ_PREFS_28_pct,        0.227
MEM_REQ_PREFS_28_total_count,        103302
MEM_REQ_PREFS_28_total_pct,        0.227

MEM_REQ_PREFS_32_count,             0
MEM_REQ_PREFS_32_pct,        0.000
MEM_REQ_PREFS_32_total_count,             0
MEM_REQ_PREFS_32_total_pct,        0.000

MEM_REQ_PREFS_36_count,             0
MEM_REQ_PREFS_36_pct,        0.000
MEM_REQ_PREFS_36_total_count,             0
MEM_REQ_PREFS_36_total_pct,        0.000

MEM_REQ_PREFS_40_count,             0
MEM_REQ_PREFS_40_pct,        0.000
MEM_REQ_PREFS_40_total_count,             0
MEM_REQ_PREFS_40_total_pct,        0.000

MEM_REQ_PREFS_44_count,             0
MEM_REQ_PREFS_44_pct,        0.000
MEM_REQ_PREFS_44_total_count,             0
MEM_REQ_PREFS_44_total_pct,        0.000

MEM_REQ_PREFS_48_count,             0
MEM_REQ_PREFS_48_pct,        0.000
MEM_REQ_PREFS_48_total_count,             0
MEM_REQ_PREFS_48_total_pct,        0.000

MEM_REQ_PREFS_52_count,             0
MEM_REQ_PREFS_52_pct,        0.000
MEM_REQ_PREFS_52_total_count,             0
MEM_REQ_PREFS_52_total_pct,        0.000

MEM_REQ_PREFS_56_count,             0
MEM_REQ_PREFS_56_pct,        0.000
MEM_REQ_PREFS_56_total_count,             0
MEM_REQ_PREFS_56_total_pct,        0.000

MEM_REQ_PREFS_60_count,             0
MEM_REQ_PREFS_60_pct,        0.000
MEM_REQ_PREFS_60_total_count,             0
MEM_REQ_PREFS_60_total_pct,        0.000

MEM_REQ_PREFS_64_count,             0
MEM_REQ_PREFS_64_pct,        0.000
MEM_REQ_PREFS_64_total_count,             0
MEM_REQ_PREFS_64_total_pct,        0.000
MEM_REQ_PREFS_64_sum_count,      45593180
MEM_REQ_PREFS_64_sum_pct,      100.000
MEM_REQ_PREFS_64_sum_total_count,      45593180
MEM_REQ_PREFS_64_sum_total_pct,      100.000
MEM_REQ_PREFS_64_mean,         0.51
MEM_REQ_PREFS_64_stddev,         1.26
MEM_REQ_PREFS_64_total_mean,         0.51
MEM_REQ_PREFS_64_total_stddev,         1.26

MEM_REQ_WRITEBACKS__0_count,      41288666
MEM_REQ_WRITEBACKS__0_pct,       90.559
MEM_REQ_WRITEBACKS__0_total_count,      41288666
MEM_REQ_WRITEBACKS__0_total_pct,       90.559

MEM_REQ_WRITEBACKS__4_count,       4265387
MEM_REQ_WRITEBACKS__4_pct,        9.355
MEM_REQ_WRITEBACKS__4_total_count,       4265387
MEM_REQ_WRITEBACKS__4_total_pct,        9.355

MEM_REQ_WRITEBACKS__8_count,         38977
MEM_REQ_WRITEBACKS__8_pct,        0.085
MEM_REQ_WRITEBACKS__8_total_count,         38977
MEM_REQ_WRITEBACKS__8_total_pct,        0.085

MEM_REQ_WRITEBACKS_12_count,           150
MEM_REQ_WRITEBACKS_12_pct,        0.000
MEM_REQ_WRITEBACKS_12_total_count,           150
MEM_REQ_WRITEBACKS_12_total_pct,        0.000

MEM_REQ_WRITEBACKS_16_count,             0
MEM_REQ_WRITEBACKS_16_pct,        0.000
MEM_REQ_WRITEBACKS_16_total_count,             0
MEM_REQ_WRITEBACKS_16_total_pct,        0.000

MEM_REQ_WRITEBACKS_20_count,             0
MEM_REQ_WRITEBACKS_20_pct,        0.000
MEM_REQ_WRITEBACKS_20_total_count,             0
MEM_REQ_WRITEBACKS_20_total_pct,        0.000

MEM_REQ_WRITEBACKS_24_count,             0
MEM_REQ_WRITEBACKS_24_pct,        0.000
MEM_REQ_WRITEBACKS_24_total_count,             0
MEM_REQ_WRITEBACKS_24_total_pct,        0.000

MEM_REQ_WRITEBACKS_28_count,             0
MEM_REQ_WRITEBACKS_28_pct,        0.000
MEM_REQ_WRITEBACKS_28_total_count,             0
MEM_REQ_WRITEBACKS_28_total_pct,        0.000

MEM_REQ_WRITEBACKS_32_count,             0
MEM_REQ_WRITEBACKS_32_pct,        0.000
MEM_REQ_WRITEBACKS_32_total_count,             0
MEM_REQ_WRITEBACKS_32_total_pct,        0.000

MEM_REQ_WRITEBACKS_36_count,             0
MEM_REQ_WRITEBACKS_36_pct,        0.000
MEM_REQ_WRITEBACKS_36_total_count,             0
MEM_REQ_WRITEBACKS_36_total_pct,        0.000

MEM_REQ_WRITEBACKS_40_count,             0
MEM_REQ_WRITEBACKS_40_pct,        0.000
MEM_REQ_WRITEBACKS_40_total_count,             0
MEM_REQ_WRITEBACKS_40_total_pct,        0.000

MEM_REQ_WRITEBACKS_44_count,             0
MEM_REQ_WRITEBACKS_44_pct,        0.000
MEM_REQ_WRITEBACKS_44_total_count,             0
MEM_REQ_WRITEBACKS_44_total_pct,        0.000

MEM_REQ_WRITEBACKS_48_count,             0
MEM_REQ_WRITEBACKS_48_pct,        0.000
MEM_REQ_WRITEBACKS_48_total_count,             0
MEM_REQ_WRITEBACKS_48_total_pct,        0.000

MEM_REQ_WRITEBACKS_52_count,             0
MEM_REQ_WRITEBACKS_52_pct,        0.000
MEM_REQ_WRITEBACKS_52_total_count,             0
MEM_REQ_WRITEBACKS_52_total_pct,        0.000

MEM_REQ_WRITEBACKS_56_count,             0
MEM_REQ_WRITEBACKS_56_pct,        0.000
MEM_REQ_WRITEBACKS_56_total_count,             0
MEM_REQ_WRITEBACKS_56_total_pct,        0.000

MEM_REQ_WRITEBACKS_60_count,             0
MEM_REQ_WRITEBACKS_60_pct,        0.000
MEM_REQ_WRITEBACKS_60_total_count,             0
MEM_REQ_WRITEBACKS_60_total_pct,        0.000

MEM_REQ_WRITEBACKS_64_count,             0
MEM_REQ_WRITEBACKS_64_pct,        0.000
MEM_REQ_WRITEBACKS_64_total_count,             0
MEM_REQ_WRITEBACKS_64_total_pct,        0.000
MEM_REQ_WRITEBACKS_64_sum_count,      45593180
MEM_REQ_WRITEBACKS_64_sum_pct,      100.000
MEM_REQ_WRITEBACKS_64_sum_total_count,      45593180
MEM_REQ_WRITEBACKS_64_sum_total_pct,      100.000
MEM_REQ_WRITEBACKS_64_mean,         0.10
MEM_REQ_WRITEBACKS_64_stddev,         0.28
MEM_REQ_WRITEBACKS_64_total_mean,         0.10
MEM_REQ_WRITEBACKS_64_total_stddev,         0.28

MEM_REQ_DEMAND_CYCLES_count,     121969827
MEM_REQ_DEMAND_CYCLES_total_count,     121969827

MEM_REQ_PREF_CYCLES_count,     116520658
MEM_REQ_PREF_CYCLES_total_count,     116520658

MEM_REQ_WB_CYCLES_count,      66336513
MEM_REQ_WB_CYCLES_total_count,      66336513

DRAM_CHANNEL_REQS_count,             0
DRAM_CHANNEL_REQS_total_count,             0

DRAM_CHANNEL_CRIT_REQS_count,             0
DRAM_CHANNEL_CRIT_REQS_total_count,             0

DRAM_CHANNEL_CRIT_DIR_SWITCHES_count,             0
DRAM_CHANNEL_CRIT_DIR_SWITCHES_total_count,             0

DRAM_BANK_CRIT_REQS_count,             0
DRAM_BANK_CRIT_REQS_total_count,             0

DRAM_INSTA_MLP_SAMPLES_count,             0
DRAM_INSTA_MLP_SAMPLES_total_count,             0

DRAM_INSTA_MLP_UNIQUE_REQS_count,             0
DRAM_INSTA_MLP_UNIQUE_REQS_pct,         -nan
DRAM_INSTA_MLP_UNIQUE_REQS_total_count,             0
DRAM_INSTA_MLP_UNIQUE_REQS_total_pct,         -nan

DRAM_INST_MLP_HITS_NORM_SPREAD_TIMES_1000_count,             0
DRAM_INST_MLP_HITS_NORM_SPREAD_TIMES_1000_pct,         -nan
DRAM_INST_MLP_HITS_NORM_SPREAD_TIMES_1000_total_count,             0
DRAM_INST_MLP_HITS_NORM_SPREAD_TIMES_1000_total_pct,         -nan

DRAM_GLOBAL_MLP_count,             0
DRAM_GLOBAL_MLP_pct,         -nan
DRAM_GLOBAL_MLP_total_count,             0
DRAM_GLOBAL_MLP_total_pct,         -nan

DRAM_GLOBAL_MLP_0_count,             0
DRAM_GLOBAL_MLP_0_pct,         -nan
DRAM_GLOBAL_MLP_0_total_count,             0
DRAM_GLOBAL_MLP_0_total_pct,         -nan

DRAM_GLOBAL_MLP_1_count,             0
DRAM_GLOBAL_MLP_1_pct,         -nan
DRAM_GLOBAL_MLP_1_total_count,             0
DRAM_GLOBAL_MLP_1_total_pct,         -nan

DRAM_GLOBAL_MLP_2_count,             0
DRAM_GLOBAL_MLP_2_pct,         -nan
DRAM_GLOBAL_MLP_2_total_count,             0
DRAM_GLOBAL_MLP_2_total_pct,         -nan

DRAM_GLOBAL_MLP_3_count,             0
DRAM_GLOBAL_MLP_3_pct,         -nan
DRAM_GLOBAL_MLP_3_total_count,             0
DRAM_GLOBAL_MLP_3_total_pct,         -nan

DRAM_GLOBAL_MLP_4_count,             0
DRAM_GLOBAL_MLP_4_pct,         -nan
DRAM_GLOBAL_MLP_4_total_count,             0
DRAM_GLOBAL_MLP_4_total_pct,         -nan

DRAM_GLOBAL_MLP_5_count,             0
DRAM_GLOBAL_MLP_5_pct,         -nan
DRAM_GLOBAL_MLP_5_total_count,             0
DRAM_GLOBAL_MLP_5_total_pct,         -nan

DRAM_GLOBAL_MLP_6_count,             0
DRAM_GLOBAL_MLP_6_pct,         -nan
DRAM_GLOBAL_MLP_6_total_count,             0
DRAM_GLOBAL_MLP_6_total_pct,         -nan

DRAM_GLOBAL_MLP_7_count,             0
DRAM_GLOBAL_MLP_7_pct,         -nan
DRAM_GLOBAL_MLP_7_total_count,             0
DRAM_GLOBAL_MLP_7_total_pct,         -nan

DRAM_GLOBAL_MLP_8_count,             0
DRAM_GLOBAL_MLP_8_pct,         -nan
DRAM_GLOBAL_MLP_8_total_count,             0
DRAM_GLOBAL_MLP_8_total_pct,         -nan

DRAM_GLOBAL_MLP_9_count,             0
DRAM_GLOBAL_MLP_9_pct,         -nan
DRAM_GLOBAL_MLP_9_total_count,             0
DRAM_GLOBAL_MLP_9_total_pct,         -nan

DRAM_GLOBAL_MLP_10_count,             0
DRAM_GLOBAL_MLP_10_pct,         -nan
DRAM_GLOBAL_MLP_10_total_count,             0
DRAM_GLOBAL_MLP_10_total_pct,         -nan

DRAM_GLOBAL_MLP_11_count,             0
DRAM_GLOBAL_MLP_11_pct,         -nan
DRAM_GLOBAL_MLP_11_total_count,             0
DRAM_GLOBAL_MLP_11_total_pct,         -nan

DRAM_GLOBAL_MLP_12_count,             0
DRAM_GLOBAL_MLP_12_pct,         -nan
DRAM_GLOBAL_MLP_12_total_count,             0
DRAM_GLOBAL_MLP_12_total_pct,         -nan

DRAM_GLOBAL_MLP_13_count,             0
DRAM_GLOBAL_MLP_13_pct,         -nan
DRAM_GLOBAL_MLP_13_total_count,             0
DRAM_GLOBAL_MLP_13_total_pct,         -nan

DRAM_GLOBAL_MLP_14_count,             0
DRAM_GLOBAL_MLP_14_pct,         -nan
DRAM_GLOBAL_MLP_14_total_count,             0
DRAM_GLOBAL_MLP_14_total_pct,         -nan

DRAM_GLOBAL_MLP_15_count,             0
DRAM_GLOBAL_MLP_15_pct,         -nan
DRAM_GLOBAL_MLP_15_total_count,             0
DRAM_GLOBAL_MLP_15_total_pct,         -nan

DRAM_GLOBAL_MLP_16_count,             0
DRAM_GLOBAL_MLP_16_pct,         -nan
DRAM_GLOBAL_MLP_16_total_count,             0
DRAM_GLOBAL_MLP_16_total_pct,         -nan
DRAM_GLOBAL_MLP_16_sum_count,             0
DRAM_GLOBAL_MLP_16_sum_pct,         -nan
DRAM_GLOBAL_MLP_16_sum_total_count,             0
DRAM_GLOBAL_MLP_16_sum_total_pct,         -nan
DRAM_GLOBAL_MLP_16_mean,         -nan
DRAM_GLOBAL_MLP_16_stddev,         -nan
DRAM_GLOBAL_MLP_16_total_mean,         -nan
DRAM_GLOBAL_MLP_16_total_stddev,         -nan

DRAM_TOTAL_GLOBAL_MLP_0_count,             0
DRAM_TOTAL_GLOBAL_MLP_0_pct,         -nan
DRAM_TOTAL_GLOBAL_MLP_0_total_count,             0
DRAM_TOTAL_GLOBAL_MLP_0_total_pct,         -nan

DRAM_TOTAL_GLOBAL_MLP_1_count,             0
DRAM_TOTAL_GLOBAL_MLP_1_pct,         -nan
DRAM_TOTAL_GLOBAL_MLP_1_total_count,             0
DRAM_TOTAL_GLOBAL_MLP_1_total_pct,         -nan

DRAM_TOTAL_GLOBAL_MLP_2_count,             0
DRAM_TOTAL_GLOBAL_MLP_2_pct,         -nan
DRAM_TOTAL_GLOBAL_MLP_2_total_count,             0
DRAM_TOTAL_GLOBAL_MLP_2_total_pct,         -nan

DRAM_TOTAL_GLOBAL_MLP_3_count,             0
DRAM_TOTAL_GLOBAL_MLP_3_pct,         -nan
DRAM_TOTAL_GLOBAL_MLP_3_total_count,             0
DRAM_TOTAL_GLOBAL_MLP_3_total_pct,         -nan

DRAM_TOTAL_GLOBAL_MLP_4_count,             0
DRAM_TOTAL_GLOBAL_MLP_4_pct,         -nan
DRAM_TOTAL_GLOBAL_MLP_4_total_count,             0
DRAM_TOTAL_GLOBAL_MLP_4_total_pct,         -nan

DRAM_TOTAL_GLOBAL_MLP_5_count,             0
DRAM_TOTAL_GLOBAL_MLP_5_pct,         -nan
DRAM_TOTAL_GLOBAL_MLP_5_total_count,             0
DRAM_TOTAL_GLOBAL_MLP_5_total_pct,         -nan

DRAM_TOTAL_GLOBAL_MLP_6_count,             0
DRAM_TOTAL_GLOBAL_MLP_6_pct,         -nan
DRAM_TOTAL_GLOBAL_MLP_6_total_count,             0
DRAM_TOTAL_GLOBAL_MLP_6_total_pct,         -nan

DRAM_TOTAL_GLOBAL_MLP_7_count,             0
DRAM_TOTAL_GLOBAL_MLP_7_pct,         -nan
DRAM_TOTAL_GLOBAL_MLP_7_total_count,             0
DRAM_TOTAL_GLOBAL_MLP_7_total_pct,         -nan

DRAM_TOTAL_GLOBAL_MLP_8_count,             0
DRAM_TOTAL_GLOBAL_MLP_8_pct,         -nan
DRAM_TOTAL_GLOBAL_MLP_8_total_count,             0
DRAM_TOTAL_GLOBAL_MLP_8_total_pct,         -nan

DRAM_TOTAL_GLOBAL_MLP_9_count,             0
DRAM_TOTAL_GLOBAL_MLP_9_pct,         -nan
DRAM_TOTAL_GLOBAL_MLP_9_total_count,             0
DRAM_TOTAL_GLOBAL_MLP_9_total_pct,         -nan

DRAM_TOTAL_GLOBAL_MLP_10_count,             0
DRAM_TOTAL_GLOBAL_MLP_10_pct,         -nan
DRAM_TOTAL_GLOBAL_MLP_10_total_count,             0
DRAM_TOTAL_GLOBAL_MLP_10_total_pct,         -nan

DRAM_TOTAL_GLOBAL_MLP_11_count,             0
DRAM_TOTAL_GLOBAL_MLP_11_pct,         -nan
DRAM_TOTAL_GLOBAL_MLP_11_total_count,             0
DRAM_TOTAL_GLOBAL_MLP_11_total_pct,         -nan

DRAM_TOTAL_GLOBAL_MLP_12_count,             0
DRAM_TOTAL_GLOBAL_MLP_12_pct,         -nan
DRAM_TOTAL_GLOBAL_MLP_12_total_count,             0
DRAM_TOTAL_GLOBAL_MLP_12_total_pct,         -nan

DRAM_TOTAL_GLOBAL_MLP_13_count,             0
DRAM_TOTAL_GLOBAL_MLP_13_pct,         -nan
DRAM_TOTAL_GLOBAL_MLP_13_total_count,             0
DRAM_TOTAL_GLOBAL_MLP_13_total_pct,         -nan

DRAM_TOTAL_GLOBAL_MLP_14_count,             0
DRAM_TOTAL_GLOBAL_MLP_14_pct,         -nan
DRAM_TOTAL_GLOBAL_MLP_14_total_count,             0
DRAM_TOTAL_GLOBAL_MLP_14_total_pct,         -nan

DRAM_TOTAL_GLOBAL_MLP_15_count,             0
DRAM_TOTAL_GLOBAL_MLP_15_pct,         -nan
DRAM_TOTAL_GLOBAL_MLP_15_total_count,             0
DRAM_TOTAL_GLOBAL_MLP_15_total_pct,         -nan

DRAM_TOTAL_GLOBAL_MLP_16_count,             0
DRAM_TOTAL_GLOBAL_MLP_16_pct,         -nan
DRAM_TOTAL_GLOBAL_MLP_16_total_count,             0
DRAM_TOTAL_GLOBAL_MLP_16_total_pct,         -nan

DRAM_TOTAL_GLOBAL_MLP_17_count,             0
DRAM_TOTAL_GLOBAL_MLP_17_pct,         -nan
DRAM_TOTAL_GLOBAL_MLP_17_total_count,             0
DRAM_TOTAL_GLOBAL_MLP_17_total_pct,         -nan

DRAM_TOTAL_GLOBAL_MLP_18_count,             0
DRAM_TOTAL_GLOBAL_MLP_18_pct,         -nan
DRAM_TOTAL_GLOBAL_MLP_18_total_count,             0
DRAM_TOTAL_GLOBAL_MLP_18_total_pct,         -nan

DRAM_TOTAL_GLOBAL_MLP_19_count,             0
DRAM_TOTAL_GLOBAL_MLP_19_pct,         -nan
DRAM_TOTAL_GLOBAL_MLP_19_total_count,             0
DRAM_TOTAL_GLOBAL_MLP_19_total_pct,         -nan

DRAM_TOTAL_GLOBAL_MLP_20_count,             0
DRAM_TOTAL_GLOBAL_MLP_20_pct,         -nan
DRAM_TOTAL_GLOBAL_MLP_20_total_count,             0
DRAM_TOTAL_GLOBAL_MLP_20_total_pct,         -nan

DRAM_TOTAL_GLOBAL_MLP_21_count,             0
DRAM_TOTAL_GLOBAL_MLP_21_pct,         -nan
DRAM_TOTAL_GLOBAL_MLP_21_total_count,             0
DRAM_TOTAL_GLOBAL_MLP_21_total_pct,         -nan

DRAM_TOTAL_GLOBAL_MLP_22_count,             0
DRAM_TOTAL_GLOBAL_MLP_22_pct,         -nan
DRAM_TOTAL_GLOBAL_MLP_22_total_count,             0
DRAM_TOTAL_GLOBAL_MLP_22_total_pct,         -nan

DRAM_TOTAL_GLOBAL_MLP_23_count,             0
DRAM_TOTAL_GLOBAL_MLP_23_pct,         -nan
DRAM_TOTAL_GLOBAL_MLP_23_total_count,             0
DRAM_TOTAL_GLOBAL_MLP_23_total_pct,         -nan

DRAM_TOTAL_GLOBAL_MLP_24_count,             0
DRAM_TOTAL_GLOBAL_MLP_24_pct,         -nan
DRAM_TOTAL_GLOBAL_MLP_24_total_count,             0
DRAM_TOTAL_GLOBAL_MLP_24_total_pct,         -nan

DRAM_TOTAL_GLOBAL_MLP_25_count,             0
DRAM_TOTAL_GLOBAL_MLP_25_pct,         -nan
DRAM_TOTAL_GLOBAL_MLP_25_total_count,             0
DRAM_TOTAL_GLOBAL_MLP_25_total_pct,         -nan

DRAM_TOTAL_GLOBAL_MLP_26_count,             0
DRAM_TOTAL_GLOBAL_MLP_26_pct,         -nan
DRAM_TOTAL_GLOBAL_MLP_26_total_count,             0
DRAM_TOTAL_GLOBAL_MLP_26_total_pct,         -nan

DRAM_TOTAL_GLOBAL_MLP_27_count,             0
DRAM_TOTAL_GLOBAL_MLP_27_pct,         -nan
DRAM_TOTAL_GLOBAL_MLP_27_total_count,             0
DRAM_TOTAL_GLOBAL_MLP_27_total_pct,         -nan

DRAM_TOTAL_GLOBAL_MLP_28_count,             0
DRAM_TOTAL_GLOBAL_MLP_28_pct,         -nan
DRAM_TOTAL_GLOBAL_MLP_28_total_count,             0
DRAM_TOTAL_GLOBAL_MLP_28_total_pct,         -nan

DRAM_TOTAL_GLOBAL_MLP_29_count,             0
DRAM_TOTAL_GLOBAL_MLP_29_pct,         -nan
DRAM_TOTAL_GLOBAL_MLP_29_total_count,             0
DRAM_TOTAL_GLOBAL_MLP_29_total_pct,         -nan

DRAM_TOTAL_GLOBAL_MLP_30_count,             0
DRAM_TOTAL_GLOBAL_MLP_30_pct,         -nan
DRAM_TOTAL_GLOBAL_MLP_30_total_count,             0
DRAM_TOTAL_GLOBAL_MLP_30_total_pct,         -nan

DRAM_TOTAL_GLOBAL_MLP_31_count,             0
DRAM_TOTAL_GLOBAL_MLP_31_pct,         -nan
DRAM_TOTAL_GLOBAL_MLP_31_total_count,             0
DRAM_TOTAL_GLOBAL_MLP_31_total_pct,         -nan

DRAM_TOTAL_GLOBAL_MLP_32_count,             0
DRAM_TOTAL_GLOBAL_MLP_32_pct,         -nan
DRAM_TOTAL_GLOBAL_MLP_32_total_count,             0
DRAM_TOTAL_GLOBAL_MLP_32_total_pct,         -nan
DRAM_TOTAL_GLOBAL_MLP_32_sum_count,             0
DRAM_TOTAL_GLOBAL_MLP_32_sum_pct,         -nan
DRAM_TOTAL_GLOBAL_MLP_32_sum_total_count,             0
DRAM_TOTAL_GLOBAL_MLP_32_sum_total_pct,         -nan
DRAM_TOTAL_GLOBAL_MLP_32_mean,         -nan
DRAM_TOTAL_GLOBAL_MLP_32_stddev,         -nan
DRAM_TOTAL_GLOBAL_MLP_32_total_mean,         -nan
DRAM_TOTAL_GLOBAL_MLP_32_total_stddev,         -nan

UNIQUE_ROWS_PER_BANK_0_count,             0
UNIQUE_ROWS_PER_BANK_0_pct,         -nan
UNIQUE_ROWS_PER_BANK_0_total_count,             0
UNIQUE_ROWS_PER_BANK_0_total_pct,         -nan

UNIQUE_ROWS_PER_BANK_1_count,             0
UNIQUE_ROWS_PER_BANK_1_pct,         -nan
UNIQUE_ROWS_PER_BANK_1_total_count,             0
UNIQUE_ROWS_PER_BANK_1_total_pct,         -nan

UNIQUE_ROWS_PER_BANK_2_count,             0
UNIQUE_ROWS_PER_BANK_2_pct,         -nan
UNIQUE_ROWS_PER_BANK_2_total_count,             0
UNIQUE_ROWS_PER_BANK_2_total_pct,         -nan

UNIQUE_ROWS_PER_BANK_3_count,             0
UNIQUE_ROWS_PER_BANK_3_pct,         -nan
UNIQUE_ROWS_PER_BANK_3_total_count,             0
UNIQUE_ROWS_PER_BANK_3_total_pct,         -nan

UNIQUE_ROWS_PER_BANK_4_count,             0
UNIQUE_ROWS_PER_BANK_4_pct,         -nan
UNIQUE_ROWS_PER_BANK_4_total_count,             0
UNIQUE_ROWS_PER_BANK_4_total_pct,         -nan

UNIQUE_ROWS_PER_BANK_5_count,             0
UNIQUE_ROWS_PER_BANK_5_pct,         -nan
UNIQUE_ROWS_PER_BANK_5_total_count,             0
UNIQUE_ROWS_PER_BANK_5_total_pct,         -nan

UNIQUE_ROWS_PER_BANK_6_count,             0
UNIQUE_ROWS_PER_BANK_6_pct,         -nan
UNIQUE_ROWS_PER_BANK_6_total_count,             0
UNIQUE_ROWS_PER_BANK_6_total_pct,         -nan

UNIQUE_ROWS_PER_BANK_7_count,             0
UNIQUE_ROWS_PER_BANK_7_pct,         -nan
UNIQUE_ROWS_PER_BANK_7_total_count,             0
UNIQUE_ROWS_PER_BANK_7_total_pct,         -nan

UNIQUE_ROWS_PER_BANK_MORE_count,             0
UNIQUE_ROWS_PER_BANK_MORE_pct,         -nan
UNIQUE_ROWS_PER_BANK_MORE_total_count,             0
UNIQUE_ROWS_PER_BANK_MORE_total_pct,         -nan
UNIQUE_ROWS_PER_BANK_MORE_sum_count,             0
UNIQUE_ROWS_PER_BANK_MORE_sum_pct,         -nan
UNIQUE_ROWS_PER_BANK_MORE_sum_total_count,             0
UNIQUE_ROWS_PER_BANK_MORE_sum_total_pct,         -nan
UNIQUE_ROWS_PER_BANK_MORE_mean,         -nan
UNIQUE_ROWS_PER_BANK_MORE_stddev,         -nan
UNIQUE_ROWS_PER_BANK_MORE_total_mean,         -nan
UNIQUE_ROWS_PER_BANK_MORE_total_stddev,         -nan

CORE_UNIQUE_ROWS_PER_BANK_0_count,             0
CORE_UNIQUE_ROWS_PER_BANK_0_pct,         -nan
CORE_UNIQUE_ROWS_PER_BANK_0_total_count,             0
CORE_UNIQUE_ROWS_PER_BANK_0_total_pct,         -nan

CORE_UNIQUE_ROWS_PER_BANK_1_count,             0
CORE_UNIQUE_ROWS_PER_BANK_1_pct,         -nan
CORE_UNIQUE_ROWS_PER_BANK_1_total_count,             0
CORE_UNIQUE_ROWS_PER_BANK_1_total_pct,         -nan

CORE_UNIQUE_ROWS_PER_BANK_2_count,             0
CORE_UNIQUE_ROWS_PER_BANK_2_pct,         -nan
CORE_UNIQUE_ROWS_PER_BANK_2_total_count,             0
CORE_UNIQUE_ROWS_PER_BANK_2_total_pct,         -nan

CORE_UNIQUE_ROWS_PER_BANK_3_count,             0
CORE_UNIQUE_ROWS_PER_BANK_3_pct,         -nan
CORE_UNIQUE_ROWS_PER_BANK_3_total_count,             0
CORE_UNIQUE_ROWS_PER_BANK_3_total_pct,         -nan

CORE_UNIQUE_ROWS_PER_BANK_4_count,             0
CORE_UNIQUE_ROWS_PER_BANK_4_pct,         -nan
CORE_UNIQUE_ROWS_PER_BANK_4_total_count,             0
CORE_UNIQUE_ROWS_PER_BANK_4_total_pct,         -nan

CORE_UNIQUE_ROWS_PER_BANK_5_count,             0
CORE_UNIQUE_ROWS_PER_BANK_5_pct,         -nan
CORE_UNIQUE_ROWS_PER_BANK_5_total_count,             0
CORE_UNIQUE_ROWS_PER_BANK_5_total_pct,         -nan

CORE_UNIQUE_ROWS_PER_BANK_6_count,             0
CORE_UNIQUE_ROWS_PER_BANK_6_pct,         -nan
CORE_UNIQUE_ROWS_PER_BANK_6_total_count,             0
CORE_UNIQUE_ROWS_PER_BANK_6_total_pct,         -nan

CORE_UNIQUE_ROWS_PER_BANK_7_count,             0
CORE_UNIQUE_ROWS_PER_BANK_7_pct,         -nan
CORE_UNIQUE_ROWS_PER_BANK_7_total_count,             0
CORE_UNIQUE_ROWS_PER_BANK_7_total_pct,         -nan

CORE_UNIQUE_ROWS_PER_BANK_MORE_count,             0
CORE_UNIQUE_ROWS_PER_BANK_MORE_pct,         -nan
CORE_UNIQUE_ROWS_PER_BANK_MORE_total_count,             0
CORE_UNIQUE_ROWS_PER_BANK_MORE_total_pct,         -nan
CORE_UNIQUE_ROWS_PER_BANK_MORE_sum_count,             0
CORE_UNIQUE_ROWS_PER_BANK_MORE_sum_pct,         -nan
CORE_UNIQUE_ROWS_PER_BANK_MORE_sum_total_count,             0
CORE_UNIQUE_ROWS_PER_BANK_MORE_sum_total_pct,         -nan
CORE_UNIQUE_ROWS_PER_BANK_MORE_mean,         -nan
CORE_UNIQUE_ROWS_PER_BANK_MORE_stddev,         -nan
CORE_UNIQUE_ROWS_PER_BANK_MORE_total_mean,         -nan
CORE_UNIQUE_ROWS_PER_BANK_MORE_total_stddev,         -nan

CORES_PER_BANK_0_count,             0
CORES_PER_BANK_0_pct,         -nan
CORES_PER_BANK_0_total_count,             0
CORES_PER_BANK_0_total_pct,         -nan

CORES_PER_BANK_1_count,             0
CORES_PER_BANK_1_pct,         -nan
CORES_PER_BANK_1_total_count,             0
CORES_PER_BANK_1_total_pct,         -nan

CORES_PER_BANK_2_count,             0
CORES_PER_BANK_2_pct,         -nan
CORES_PER_BANK_2_total_count,             0
CORES_PER_BANK_2_total_pct,         -nan

CORES_PER_BANK_3_count,             0
CORES_PER_BANK_3_pct,         -nan
CORES_PER_BANK_3_total_count,             0
CORES_PER_BANK_3_total_pct,         -nan

CORES_PER_BANK_4_count,             0
CORES_PER_BANK_4_pct,         -nan
CORES_PER_BANK_4_total_count,             0
CORES_PER_BANK_4_total_pct,         -nan

CORES_PER_BANK_5_count,             0
CORES_PER_BANK_5_pct,         -nan
CORES_PER_BANK_5_total_count,             0
CORES_PER_BANK_5_total_pct,         -nan

CORES_PER_BANK_6_count,             0
CORES_PER_BANK_6_pct,         -nan
CORES_PER_BANK_6_total_count,             0
CORES_PER_BANK_6_total_pct,         -nan

CORES_PER_BANK_7_count,             0
CORES_PER_BANK_7_pct,         -nan
CORES_PER_BANK_7_total_count,             0
CORES_PER_BANK_7_total_pct,         -nan

CORES_PER_BANK_MORE_count,             0
CORES_PER_BANK_MORE_pct,         -nan
CORES_PER_BANK_MORE_total_count,             0
CORES_PER_BANK_MORE_total_pct,         -nan
CORES_PER_BANK_MORE_sum_count,             0
CORES_PER_BANK_MORE_sum_pct,         -nan
CORES_PER_BANK_MORE_sum_total_count,             0
CORES_PER_BANK_MORE_sum_total_pct,         -nan
CORES_PER_BANK_MORE_mean,         -nan
CORES_PER_BANK_MORE_stddev,         -nan
CORES_PER_BANK_MORE_total_mean,         -nan
CORES_PER_BANK_MORE_total_stddev,         -nan

MEM_BANKS_WITH_REQS_0_count,             0
MEM_BANKS_WITH_REQS_0_pct,         -nan
MEM_BANKS_WITH_REQS_0_total_count,             0
MEM_BANKS_WITH_REQS_0_total_pct,         -nan

MEM_BANKS_WITH_REQS_1_count,             0
MEM_BANKS_WITH_REQS_1_pct,         -nan
MEM_BANKS_WITH_REQS_1_total_count,             0
MEM_BANKS_WITH_REQS_1_total_pct,         -nan

MEM_BANKS_WITH_REQS_2_count,             0
MEM_BANKS_WITH_REQS_2_pct,         -nan
MEM_BANKS_WITH_REQS_2_total_count,             0
MEM_BANKS_WITH_REQS_2_total_pct,         -nan

MEM_BANKS_WITH_REQS_3_count,             0
MEM_BANKS_WITH_REQS_3_pct,         -nan
MEM_BANKS_WITH_REQS_3_total_count,             0
MEM_BANKS_WITH_REQS_3_total_pct,         -nan

MEM_BANKS_WITH_REQS_4_count,             0
MEM_BANKS_WITH_REQS_4_pct,         -nan
MEM_BANKS_WITH_REQS_4_total_count,             0
MEM_BANKS_WITH_REQS_4_total_pct,         -nan

MEM_BANKS_WITH_REQS_5_count,             0
MEM_BANKS_WITH_REQS_5_pct,         -nan
MEM_BANKS_WITH_REQS_5_total_count,             0
MEM_BANKS_WITH_REQS_5_total_pct,         -nan

MEM_BANKS_WITH_REQS_6_count,             0
MEM_BANKS_WITH_REQS_6_pct,         -nan
MEM_BANKS_WITH_REQS_6_total_count,             0
MEM_BANKS_WITH_REQS_6_total_pct,         -nan

MEM_BANKS_WITH_REQS_7_count,             0
MEM_BANKS_WITH_REQS_7_pct,         -nan
MEM_BANKS_WITH_REQS_7_total_count,             0
MEM_BANKS_WITH_REQS_7_total_pct,         -nan

MEM_BANKS_WITH_REQS_8_count,             0
MEM_BANKS_WITH_REQS_8_pct,         -nan
MEM_BANKS_WITH_REQS_8_total_count,             0
MEM_BANKS_WITH_REQS_8_total_pct,         -nan

MEM_BANKS_WITH_REQS_9_count,             0
MEM_BANKS_WITH_REQS_9_pct,         -nan
MEM_BANKS_WITH_REQS_9_total_count,             0
MEM_BANKS_WITH_REQS_9_total_pct,         -nan

MEM_BANKS_WITH_REQS_10_count,             0
MEM_BANKS_WITH_REQS_10_pct,         -nan
MEM_BANKS_WITH_REQS_10_total_count,             0
MEM_BANKS_WITH_REQS_10_total_pct,         -nan

MEM_BANKS_WITH_REQS_11_count,             0
MEM_BANKS_WITH_REQS_11_pct,         -nan
MEM_BANKS_WITH_REQS_11_total_count,             0
MEM_BANKS_WITH_REQS_11_total_pct,         -nan

MEM_BANKS_WITH_REQS_12_count,             0
MEM_BANKS_WITH_REQS_12_pct,         -nan
MEM_BANKS_WITH_REQS_12_total_count,             0
MEM_BANKS_WITH_REQS_12_total_pct,         -nan

MEM_BANKS_WITH_REQS_13_count,             0
MEM_BANKS_WITH_REQS_13_pct,         -nan
MEM_BANKS_WITH_REQS_13_total_count,             0
MEM_BANKS_WITH_REQS_13_total_pct,         -nan

MEM_BANKS_WITH_REQS_14_count,             0
MEM_BANKS_WITH_REQS_14_pct,         -nan
MEM_BANKS_WITH_REQS_14_total_count,             0
MEM_BANKS_WITH_REQS_14_total_pct,         -nan

MEM_BANKS_WITH_REQS_15_count,             0
MEM_BANKS_WITH_REQS_15_pct,         -nan
MEM_BANKS_WITH_REQS_15_total_count,             0
MEM_BANKS_WITH_REQS_15_total_pct,         -nan

MEM_BANKS_WITH_REQS_16_count,             0
MEM_BANKS_WITH_REQS_16_pct,         -nan
MEM_BANKS_WITH_REQS_16_total_count,             0
MEM_BANKS_WITH_REQS_16_total_pct,         -nan
MEM_BANKS_WITH_REQS_16_sum_count,             0
MEM_BANKS_WITH_REQS_16_sum_pct,         -nan
MEM_BANKS_WITH_REQS_16_sum_total_count,             0
MEM_BANKS_WITH_REQS_16_sum_total_pct,         -nan
MEM_BANKS_WITH_REQS_16_mean,         -nan
MEM_BANKS_WITH_REQS_16_stddev,         -nan
MEM_BANKS_WITH_REQS_16_total_mean,         -nan
MEM_BANKS_WITH_REQS_16_total_stddev,         -nan

MEM_BANKS_WITH_REQS_count,             0
MEM_BANKS_WITH_REQS_total_count,             0

DRAM_CHANNEL_IN_DEMAND_count,             0
DRAM_CHANNEL_IN_DEMAND_total_count,             0

DRAM_BUS_IN_DEMAND_count,             0
DRAM_BUS_IN_DEMAND_total_count,             0

DRAM_BANK_IN_DEMAND_count,             0
DRAM_BANK_IN_DEMAND_total_count,             0

DRAM_BANK_IN_DEMAND_STALLING_count,             0
DRAM_BANK_IN_DEMAND_STALLING_total_count,             0

DRAM_ANY_BANK_IN_DEMAND_count,             0
DRAM_ANY_BANK_IN_DEMAND_total_count,             0

DRAM_BANK_IN_DEMAND_BANK_0_count,             0
DRAM_BANK_IN_DEMAND_BANK_0_pct,         -nan
DRAM_BANK_IN_DEMAND_BANK_0_total_count,             0
DRAM_BANK_IN_DEMAND_BANK_0_total_pct,         -nan

DRAM_BANK_IN_DEMAND_BANK_1_count,             0
DRAM_BANK_IN_DEMAND_BANK_1_pct,         -nan
DRAM_BANK_IN_DEMAND_BANK_1_total_count,             0
DRAM_BANK_IN_DEMAND_BANK_1_total_pct,         -nan

DRAM_BANK_IN_DEMAND_BANK_2_count,             0
DRAM_BANK_IN_DEMAND_BANK_2_pct,         -nan
DRAM_BANK_IN_DEMAND_BANK_2_total_count,             0
DRAM_BANK_IN_DEMAND_BANK_2_total_pct,         -nan

DRAM_BANK_IN_DEMAND_BANK_3_count,             0
DRAM_BANK_IN_DEMAND_BANK_3_pct,         -nan
DRAM_BANK_IN_DEMAND_BANK_3_total_count,             0
DRAM_BANK_IN_DEMAND_BANK_3_total_pct,         -nan

DRAM_BANK_IN_DEMAND_BANK_4_count,             0
DRAM_BANK_IN_DEMAND_BANK_4_pct,         -nan
DRAM_BANK_IN_DEMAND_BANK_4_total_count,             0
DRAM_BANK_IN_DEMAND_BANK_4_total_pct,         -nan

DRAM_BANK_IN_DEMAND_BANK_5_count,             0
DRAM_BANK_IN_DEMAND_BANK_5_pct,         -nan
DRAM_BANK_IN_DEMAND_BANK_5_total_count,             0
DRAM_BANK_IN_DEMAND_BANK_5_total_pct,         -nan

DRAM_BANK_IN_DEMAND_BANK_6_count,             0
DRAM_BANK_IN_DEMAND_BANK_6_pct,         -nan
DRAM_BANK_IN_DEMAND_BANK_6_total_count,             0
DRAM_BANK_IN_DEMAND_BANK_6_total_pct,         -nan

DRAM_BANK_IN_DEMAND_BANK_7_count,             0
DRAM_BANK_IN_DEMAND_BANK_7_pct,         -nan
DRAM_BANK_IN_DEMAND_BANK_7_total_count,             0
DRAM_BANK_IN_DEMAND_BANK_7_total_pct,         -nan

DRAM_BANK_IN_DEMAND_BANK_8_count,             0
DRAM_BANK_IN_DEMAND_BANK_8_pct,         -nan
DRAM_BANK_IN_DEMAND_BANK_8_total_count,             0
DRAM_BANK_IN_DEMAND_BANK_8_total_pct,         -nan

DRAM_BANK_IN_DEMAND_BANK_9_count,             0
DRAM_BANK_IN_DEMAND_BANK_9_pct,         -nan
DRAM_BANK_IN_DEMAND_BANK_9_total_count,             0
DRAM_BANK_IN_DEMAND_BANK_9_total_pct,         -nan

DRAM_BANK_IN_DEMAND_BANK_10_count,             0
DRAM_BANK_IN_DEMAND_BANK_10_pct,         -nan
DRAM_BANK_IN_DEMAND_BANK_10_total_count,             0
DRAM_BANK_IN_DEMAND_BANK_10_total_pct,         -nan

DRAM_BANK_IN_DEMAND_BANK_11_count,             0
DRAM_BANK_IN_DEMAND_BANK_11_pct,         -nan
DRAM_BANK_IN_DEMAND_BANK_11_total_count,             0
DRAM_BANK_IN_DEMAND_BANK_11_total_pct,         -nan

DRAM_BANK_IN_DEMAND_BANK_12_count,             0
DRAM_BANK_IN_DEMAND_BANK_12_pct,         -nan
DRAM_BANK_IN_DEMAND_BANK_12_total_count,             0
DRAM_BANK_IN_DEMAND_BANK_12_total_pct,         -nan

DRAM_BANK_IN_DEMAND_BANK_13_count,             0
DRAM_BANK_IN_DEMAND_BANK_13_pct,         -nan
DRAM_BANK_IN_DEMAND_BANK_13_total_count,             0
DRAM_BANK_IN_DEMAND_BANK_13_total_pct,         -nan

DRAM_BANK_IN_DEMAND_BANK_14_count,             0
DRAM_BANK_IN_DEMAND_BANK_14_pct,         -nan
DRAM_BANK_IN_DEMAND_BANK_14_total_count,             0
DRAM_BANK_IN_DEMAND_BANK_14_total_pct,         -nan

DRAM_BANK_IN_DEMAND_BANK_15_count,             0
DRAM_BANK_IN_DEMAND_BANK_15_pct,         -nan
DRAM_BANK_IN_DEMAND_BANK_15_total_count,             0
DRAM_BANK_IN_DEMAND_BANK_15_total_pct,         -nan

DRAM_BANK_IN_DEMAND_BANK_16_count,             0
DRAM_BANK_IN_DEMAND_BANK_16_pct,         -nan
DRAM_BANK_IN_DEMAND_BANK_16_total_count,             0
DRAM_BANK_IN_DEMAND_BANK_16_total_pct,         -nan
DRAM_BANK_IN_DEMAND_BANK_16_sum_count,             0
DRAM_BANK_IN_DEMAND_BANK_16_sum_pct,         -nan
DRAM_BANK_IN_DEMAND_BANK_16_sum_total_count,             0
DRAM_BANK_IN_DEMAND_BANK_16_sum_total_pct,         -nan
DRAM_BANK_IN_DEMAND_BANK_16_mean,         -nan
DRAM_BANK_IN_DEMAND_BANK_16_stddev,         -nan
DRAM_BANK_IN_DEMAND_BANK_16_total_mean,         -nan
DRAM_BANK_IN_DEMAND_BANK_16_total_stddev,         -nan

DRAM_CONTENTION_BUS_count,             0
DRAM_CONTENTION_BUS_pct,         -nan
DRAM_CONTENTION_BUS_total_count,             0
DRAM_CONTENTION_BUS_total_pct,         -nan

DRAM_CONTENTION_BANKS_count,             0
DRAM_CONTENTION_BANKS_pct,         -nan
DRAM_CONTENTION_BANKS_total_count,             0
DRAM_CONTENTION_BANKS_total_pct,         -nan

DRAM_CONTENTION_FAW_count,             0
DRAM_CONTENTION_FAW_pct,         -nan
DRAM_CONTENTION_FAW_total_count,             0
DRAM_CONTENTION_FAW_total_pct,         -nan

DRAM_CONTENTION_BANKS_TIMES_1000_count,             0
DRAM_CONTENTION_BANKS_TIMES_1000_pct,         -nan
DRAM_CONTENTION_BANKS_TIMES_1000_total_count,             0
DRAM_CONTENTION_BANKS_TIMES_1000_total_pct,         -nan

DRAM_STALL_OTHER_CORE_count,             0
DRAM_STALL_OTHER_CORE_total_count,             0

DRAM_STALLED_BY_OTHER_CORE_count,             0
DRAM_STALLED_BY_OTHER_CORE_total_count,             0

DRAM_MP_CRIT_PATH_count,             0
DRAM_MP_CRIT_PATH_total_count,             0

DRAM_MP_CRIT_PATH_BUS_count,             0
DRAM_MP_CRIT_PATH_BUS_pct,         -nan
DRAM_MP_CRIT_PATH_BUS_total_count,             0
DRAM_MP_CRIT_PATH_BUS_total_pct,         -nan

DRAM_MP_CRIT_PATH_BANK_count,             0
DRAM_MP_CRIT_PATH_BANK_pct,         -nan
DRAM_MP_CRIT_PATH_BANK_total_count,             0
DRAM_MP_CRIT_PATH_BANK_total_pct,         -nan

DRAM_MP_CRIT_PATH_BANK_TRAS_count,             0
DRAM_MP_CRIT_PATH_BANK_TRAS_pct,         -nan
DRAM_MP_CRIT_PATH_BANK_TRAS_total_count,             0
DRAM_MP_CRIT_PATH_BANK_TRAS_total_pct,         -nan

DRAM_MP_CRIT_PATH_FAW_count,             0
DRAM_MP_CRIT_PATH_FAW_pct,         -nan
DRAM_MP_CRIT_PATH_FAW_total_count,             0
DRAM_MP_CRIT_PATH_FAW_total_pct,         -nan

DRAM_BLACK_BOX_SERVICE_TIMES_1000_count,             0
DRAM_BLACK_BOX_SERVICE_TIMES_1000_total_count,             0

DRAM_BLACK_BOX_REQS_BUSY_0_count,             0
DRAM_BLACK_BOX_REQS_BUSY_0_pct,         -nan
DRAM_BLACK_BOX_REQS_BUSY_0_total_count,             0
DRAM_BLACK_BOX_REQS_BUSY_0_total_pct,         -nan

DRAM_BLACK_BOX_REQS_BUSY_1_count,             0
DRAM_BLACK_BOX_REQS_BUSY_1_pct,         -nan
DRAM_BLACK_BOX_REQS_BUSY_1_total_count,             0
DRAM_BLACK_BOX_REQS_BUSY_1_total_pct,         -nan

DRAM_BLACK_BOX_REQS_BUSY_2_count,             0
DRAM_BLACK_BOX_REQS_BUSY_2_pct,         -nan
DRAM_BLACK_BOX_REQS_BUSY_2_total_count,             0
DRAM_BLACK_BOX_REQS_BUSY_2_total_pct,         -nan

DRAM_BLACK_BOX_REQS_BUSY_3_count,             0
DRAM_BLACK_BOX_REQS_BUSY_3_pct,         -nan
DRAM_BLACK_BOX_REQS_BUSY_3_total_count,             0
DRAM_BLACK_BOX_REQS_BUSY_3_total_pct,         -nan

DRAM_BLACK_BOX_REQS_BUSY_4_count,             0
DRAM_BLACK_BOX_REQS_BUSY_4_pct,         -nan
DRAM_BLACK_BOX_REQS_BUSY_4_total_count,             0
DRAM_BLACK_BOX_REQS_BUSY_4_total_pct,         -nan

DRAM_BLACK_BOX_REQS_BUSY_5_count,             0
DRAM_BLACK_BOX_REQS_BUSY_5_pct,         -nan
DRAM_BLACK_BOX_REQS_BUSY_5_total_count,             0
DRAM_BLACK_BOX_REQS_BUSY_5_total_pct,         -nan

DRAM_BLACK_BOX_REQS_BUSY_6_count,             0
DRAM_BLACK_BOX_REQS_BUSY_6_pct,         -nan
DRAM_BLACK_BOX_REQS_BUSY_6_total_count,             0
DRAM_BLACK_BOX_REQS_BUSY_6_total_pct,         -nan

DRAM_BLACK_BOX_REQS_BUSY_7_count,             0
DRAM_BLACK_BOX_REQS_BUSY_7_pct,         -nan
DRAM_BLACK_BOX_REQS_BUSY_7_total_count,             0
DRAM_BLACK_BOX_REQS_BUSY_7_total_pct,         -nan

DRAM_BLACK_BOX_REQS_BUSY_8_count,             0
DRAM_BLACK_BOX_REQS_BUSY_8_pct,         -nan
DRAM_BLACK_BOX_REQS_BUSY_8_total_count,             0
DRAM_BLACK_BOX_REQS_BUSY_8_total_pct,         -nan
DRAM_BLACK_BOX_REQS_BUSY_8_sum_count,             0
DRAM_BLACK_BOX_REQS_BUSY_8_sum_pct,         -nan
DRAM_BLACK_BOX_REQS_BUSY_8_sum_total_count,             0
DRAM_BLACK_BOX_REQS_BUSY_8_sum_total_pct,         -nan
DRAM_BLACK_BOX_REQS_BUSY_8_mean,         -nan
DRAM_BLACK_BOX_REQS_BUSY_8_stddev,         -nan
DRAM_BLACK_BOX_REQS_BUSY_8_total_mean,         -nan
DRAM_BLACK_BOX_REQS_BUSY_8_total_stddev,         -nan

NUM_MEM_SCHED_DECISIONS_count,             0
NUM_MEM_SCHED_DECISIONS_total_count,             0

MEM_REQ_NON_SCHEDULED_CANDIDATES_count,             0
MEM_REQ_NON_SCHEDULED_CANDIDATES_pct,         -nan
MEM_REQ_NON_SCHEDULED_CANDIDATES_total_count,             0
MEM_REQ_NON_SCHEDULED_CANDIDATES_total_pct,         -nan

NUM_MEM_SCHED_DECISIONS_PER_BANK_count,             0
NUM_MEM_SCHED_DECISIONS_PER_BANK_total_count,             0

MEM_REQ_NON_SCHEDULED_CANDIDATES_PER_BANK_count,             0
MEM_REQ_NON_SCHEDULED_CANDIDATES_PER_BANK_pct,         -nan
MEM_REQ_NON_SCHEDULED_CANDIDATES_PER_BANK_total_count,             0
MEM_REQ_NON_SCHEDULED_CANDIDATES_PER_BANK_total_pct,         -nan

ROW_BUFFER_HITS_BANK_0_count,             0
ROW_BUFFER_HITS_BANK_0_pct,         -nan
ROW_BUFFER_HITS_BANK_0_total_count,             0
ROW_BUFFER_HITS_BANK_0_total_pct,         -nan

ROW_BUFFER_HITS_BANK_1_count,             0
ROW_BUFFER_HITS_BANK_1_pct,         -nan
ROW_BUFFER_HITS_BANK_1_total_count,             0
ROW_BUFFER_HITS_BANK_1_total_pct,         -nan

ROW_BUFFER_HITS_BANK_2_count,             0
ROW_BUFFER_HITS_BANK_2_pct,         -nan
ROW_BUFFER_HITS_BANK_2_total_count,             0
ROW_BUFFER_HITS_BANK_2_total_pct,         -nan

ROW_BUFFER_HITS_BANK_3_count,             0
ROW_BUFFER_HITS_BANK_3_pct,         -nan
ROW_BUFFER_HITS_BANK_3_total_count,             0
ROW_BUFFER_HITS_BANK_3_total_pct,         -nan

ROW_BUFFER_HITS_BANK_4_count,             0
ROW_BUFFER_HITS_BANK_4_pct,         -nan
ROW_BUFFER_HITS_BANK_4_total_count,             0
ROW_BUFFER_HITS_BANK_4_total_pct,         -nan

ROW_BUFFER_HITS_BANK_5_count,             0
ROW_BUFFER_HITS_BANK_5_pct,         -nan
ROW_BUFFER_HITS_BANK_5_total_count,             0
ROW_BUFFER_HITS_BANK_5_total_pct,         -nan

ROW_BUFFER_HITS_BANK_6_count,             0
ROW_BUFFER_HITS_BANK_6_pct,         -nan
ROW_BUFFER_HITS_BANK_6_total_count,             0
ROW_BUFFER_HITS_BANK_6_total_pct,         -nan

ROW_BUFFER_HITS_BANK_7_count,             0
ROW_BUFFER_HITS_BANK_7_pct,         -nan
ROW_BUFFER_HITS_BANK_7_total_count,             0
ROW_BUFFER_HITS_BANK_7_total_pct,         -nan
ROW_BUFFER_HITS_BANK_7_sum_count,             0
ROW_BUFFER_HITS_BANK_7_sum_pct,         -nan
ROW_BUFFER_HITS_BANK_7_sum_total_count,             0
ROW_BUFFER_HITS_BANK_7_sum_total_pct,         -nan
ROW_BUFFER_HITS_BANK_7_mean,         -nan
ROW_BUFFER_HITS_BANK_7_stddev,         -nan
ROW_BUFFER_HITS_BANK_7_total_mean,         -nan
ROW_BUFFER_HITS_BANK_7_total_stddev,         -nan

ROW_BUFFER_CONFLICTS_BANK_0_count,             0
ROW_BUFFER_CONFLICTS_BANK_0_pct,         -nan
ROW_BUFFER_CONFLICTS_BANK_0_total_count,             0
ROW_BUFFER_CONFLICTS_BANK_0_total_pct,         -nan

ROW_BUFFER_CONFLICTS_BANK_1_count,             0
ROW_BUFFER_CONFLICTS_BANK_1_pct,         -nan
ROW_BUFFER_CONFLICTS_BANK_1_total_count,             0
ROW_BUFFER_CONFLICTS_BANK_1_total_pct,         -nan

ROW_BUFFER_CONFLICTS_BANK_2_count,             0
ROW_BUFFER_CONFLICTS_BANK_2_pct,         -nan
ROW_BUFFER_CONFLICTS_BANK_2_total_count,             0
ROW_BUFFER_CONFLICTS_BANK_2_total_pct,         -nan

ROW_BUFFER_CONFLICTS_BANK_3_count,             0
ROW_BUFFER_CONFLICTS_BANK_3_pct,         -nan
ROW_BUFFER_CONFLICTS_BANK_3_total_count,             0
ROW_BUFFER_CONFLICTS_BANK_3_total_pct,         -nan

ROW_BUFFER_CONFLICTS_BANK_4_count,             0
ROW_BUFFER_CONFLICTS_BANK_4_pct,         -nan
ROW_BUFFER_CONFLICTS_BANK_4_total_count,             0
ROW_BUFFER_CONFLICTS_BANK_4_total_pct,         -nan

ROW_BUFFER_CONFLICTS_BANK_5_count,             0
ROW_BUFFER_CONFLICTS_BANK_5_pct,         -nan
ROW_BUFFER_CONFLICTS_BANK_5_total_count,             0
ROW_BUFFER_CONFLICTS_BANK_5_total_pct,         -nan

ROW_BUFFER_CONFLICTS_BANK_6_count,             0
ROW_BUFFER_CONFLICTS_BANK_6_pct,         -nan
ROW_BUFFER_CONFLICTS_BANK_6_total_count,             0
ROW_BUFFER_CONFLICTS_BANK_6_total_pct,         -nan

ROW_BUFFER_CONFLICTS_BANK_7_count,             0
ROW_BUFFER_CONFLICTS_BANK_7_pct,         -nan
ROW_BUFFER_CONFLICTS_BANK_7_total_count,             0
ROW_BUFFER_CONFLICTS_BANK_7_total_pct,         -nan
ROW_BUFFER_CONFLICTS_BANK_7_sum_count,             0
ROW_BUFFER_CONFLICTS_BANK_7_sum_pct,         -nan
ROW_BUFFER_CONFLICTS_BANK_7_sum_total_count,             0
ROW_BUFFER_CONFLICTS_BANK_7_sum_total_pct,         -nan
ROW_BUFFER_CONFLICTS_BANK_7_mean,         -nan
ROW_BUFFER_CONFLICTS_BANK_7_stddev,         -nan
ROW_BUFFER_CONFLICTS_BANK_7_total_mean,         -nan
ROW_BUFFER_CONFLICTS_BANK_7_total_stddev,         -nan

MEM_BANK_WAITING_CYCLES_count,             0
MEM_BANK_WAITING_CYCLES_total_count,             0

MEM_WAITING_CYCLES_TIMES_840_count,             0
MEM_WAITING_CYCLES_TIMES_840_total_count,             0

MEM_PROB_WAITING_CYCLES_count,             0
MEM_PROB_WAITING_CYCLES_total_count,             0

DRAM_SCHED_QUANTA_count,             0
DRAM_SCHED_QUANTA_total_count,             0

DRAM_SCHED_CORE_PRIORITY_0_count,             0
DRAM_SCHED_CORE_PRIORITY_0_pct,         -nan
DRAM_SCHED_CORE_PRIORITY_0_total_count,             0
DRAM_SCHED_CORE_PRIORITY_0_total_pct,         -nan

DRAM_SCHED_CORE_PRIORITY_1_count,             0
DRAM_SCHED_CORE_PRIORITY_1_pct,         -nan
DRAM_SCHED_CORE_PRIORITY_1_total_count,             0
DRAM_SCHED_CORE_PRIORITY_1_total_pct,         -nan

DRAM_SCHED_CORE_PRIORITY_2_count,             0
DRAM_SCHED_CORE_PRIORITY_2_pct,         -nan
DRAM_SCHED_CORE_PRIORITY_2_total_count,             0
DRAM_SCHED_CORE_PRIORITY_2_total_pct,         -nan

DRAM_SCHED_CORE_PRIORITY_3_count,             0
DRAM_SCHED_CORE_PRIORITY_3_pct,         -nan
DRAM_SCHED_CORE_PRIORITY_3_total_count,             0
DRAM_SCHED_CORE_PRIORITY_3_total_pct,         -nan

DRAM_SCHED_CORE_PRIORITY_4_count,             0
DRAM_SCHED_CORE_PRIORITY_4_pct,         -nan
DRAM_SCHED_CORE_PRIORITY_4_total_count,             0
DRAM_SCHED_CORE_PRIORITY_4_total_pct,         -nan

DRAM_SCHED_CORE_PRIORITY_5_count,             0
DRAM_SCHED_CORE_PRIORITY_5_pct,         -nan
DRAM_SCHED_CORE_PRIORITY_5_total_count,             0
DRAM_SCHED_CORE_PRIORITY_5_total_pct,         -nan

DRAM_SCHED_CORE_PRIORITY_6_count,             0
DRAM_SCHED_CORE_PRIORITY_6_pct,         -nan
DRAM_SCHED_CORE_PRIORITY_6_total_count,             0
DRAM_SCHED_CORE_PRIORITY_6_total_pct,         -nan

DRAM_SCHED_CORE_PRIORITY_7_count,             0
DRAM_SCHED_CORE_PRIORITY_7_pct,         -nan
DRAM_SCHED_CORE_PRIORITY_7_total_count,             0
DRAM_SCHED_CORE_PRIORITY_7_total_pct,         -nan
DRAM_SCHED_CORE_PRIORITY_7_sum_count,             0
DRAM_SCHED_CORE_PRIORITY_7_sum_pct,         -nan
DRAM_SCHED_CORE_PRIORITY_7_sum_total_count,             0
DRAM_SCHED_CORE_PRIORITY_7_sum_total_pct,         -nan
DRAM_SCHED_CORE_PRIORITY_7_mean,         -nan
DRAM_SCHED_CORE_PRIORITY_7_stddev,         -nan
DRAM_SCHED_CORE_PRIORITY_7_total_mean,         -nan
DRAM_SCHED_CORE_PRIORITY_7_total_stddev,         -nan

DRAM_SCHED_CMD_SCHEDULED_count,             0
DRAM_SCHED_CMD_SCHEDULED_pct,         -nan
DRAM_SCHED_CMD_SCHEDULED_total_count,             0
DRAM_SCHED_CMD_SCHEDULED_total_pct,         -nan

DRAM_SCHED_DIFF_CORE_AVAILABLE_count,             0
DRAM_SCHED_DIFF_CORE_AVAILABLE_pct,         -nan
DRAM_SCHED_DIFF_CORE_AVAILABLE_total_count,             0
DRAM_SCHED_DIFF_CORE_AVAILABLE_total_pct,         -nan

DRAM_SCHED_DIFF_CORE_DECIDING_INPUT_1_count,             0
DRAM_SCHED_DIFF_CORE_DECIDING_INPUT_1_pct,         -nan
DRAM_SCHED_DIFF_CORE_DECIDING_INPUT_1_total_count,             0
DRAM_SCHED_DIFF_CORE_DECIDING_INPUT_1_total_pct,         -nan

DRAM_SCHED_DIFF_CORE_DECIDING_INPUT_2_count,             0
DRAM_SCHED_DIFF_CORE_DECIDING_INPUT_2_pct,         -nan
DRAM_SCHED_DIFF_CORE_DECIDING_INPUT_2_total_count,             0
DRAM_SCHED_DIFF_CORE_DECIDING_INPUT_2_total_pct,         -nan

DRAM_SCHED_DIFF_CORE_DECIDING_INPUT_3_count,             0
DRAM_SCHED_DIFF_CORE_DECIDING_INPUT_3_pct,         -nan
DRAM_SCHED_DIFF_CORE_DECIDING_INPUT_3_total_count,             0
DRAM_SCHED_DIFF_CORE_DECIDING_INPUT_3_total_pct,         -nan

DRAM_SCHED_DIFF_CORE_DECIDING_INPUT_4_count,             0
DRAM_SCHED_DIFF_CORE_DECIDING_INPUT_4_pct,         -nan
DRAM_SCHED_DIFF_CORE_DECIDING_INPUT_4_total_count,             0
DRAM_SCHED_DIFF_CORE_DECIDING_INPUT_4_total_pct,         -nan

DRAM_SCHED_DIFF_CORE_DECIDING_INPUT_5_count,             0
DRAM_SCHED_DIFF_CORE_DECIDING_INPUT_5_pct,         -nan
DRAM_SCHED_DIFF_CORE_DECIDING_INPUT_5_total_count,             0
DRAM_SCHED_DIFF_CORE_DECIDING_INPUT_5_total_pct,         -nan

DRAM_SCHED_DIFF_CORE_DECIDING_INPUT_6_count,             0
DRAM_SCHED_DIFF_CORE_DECIDING_INPUT_6_pct,         -nan
DRAM_SCHED_DIFF_CORE_DECIDING_INPUT_6_total_count,             0
DRAM_SCHED_DIFF_CORE_DECIDING_INPUT_6_total_pct,         -nan

DRAM_SCHED_DIFF_CORE_DECIDING_INPUT_7_count,             0
DRAM_SCHED_DIFF_CORE_DECIDING_INPUT_7_pct,         -nan
DRAM_SCHED_DIFF_CORE_DECIDING_INPUT_7_total_count,             0
DRAM_SCHED_DIFF_CORE_DECIDING_INPUT_7_total_pct,         -nan

DRAM_SCHED_DIFF_CORE_DECIDING_INPUT_8_count,             0
DRAM_SCHED_DIFF_CORE_DECIDING_INPUT_8_pct,         -nan
DRAM_SCHED_DIFF_CORE_DECIDING_INPUT_8_total_count,             0
DRAM_SCHED_DIFF_CORE_DECIDING_INPUT_8_total_pct,         -nan
DRAM_SCHED_DIFF_CORE_DECIDING_INPUT_8_sum_count,             0
DRAM_SCHED_DIFF_CORE_DECIDING_INPUT_8_sum_pct,         -nan
DRAM_SCHED_DIFF_CORE_DECIDING_INPUT_8_sum_total_count,             0
DRAM_SCHED_DIFF_CORE_DECIDING_INPUT_8_sum_total_pct,         -nan
DRAM_SCHED_DIFF_CORE_DECIDING_INPUT_8_mean,         -nan
DRAM_SCHED_DIFF_CORE_DECIDING_INPUT_8_stddev,         -nan
DRAM_SCHED_DIFF_CORE_DECIDING_INPUT_8_total_mean,         -nan
DRAM_SCHED_DIFF_CORE_DECIDING_INPUT_8_total_stddev,         -nan

DRAM_BANK_WAIT_CYCLES_ROW_CONFLICT_count,             0
DRAM_BANK_WAIT_CYCLES_ROW_CONFLICT_total_count,             0

DRAM_BANK_WAIT_CYCLES_ROW_MISS_count,             0
DRAM_BANK_WAIT_CYCLES_ROW_MISS_total_count,             0

DRAM_BANK_WAIT_CYCLES_ROW_HIT_count,             0
DRAM_BANK_WAIT_CYCLES_ROW_HIT_total_count,             0

DRAM_ROW_OPEN_WAIT_count,             0
DRAM_ROW_OPEN_WAIT_total_count,             0

MEM_QUEUE_ARRIVAL_DISTANCE_0_count,             0
MEM_QUEUE_ARRIVAL_DISTANCE_0_pct,         -nan
MEM_QUEUE_ARRIVAL_DISTANCE_0_total_count,             0
MEM_QUEUE_ARRIVAL_DISTANCE_0_total_pct,         -nan

MEM_QUEUE_ARRIVAL_DISTANCE_10_count,             0
MEM_QUEUE_ARRIVAL_DISTANCE_10_pct,         -nan
MEM_QUEUE_ARRIVAL_DISTANCE_10_total_count,             0
MEM_QUEUE_ARRIVAL_DISTANCE_10_total_pct,         -nan

MEM_QUEUE_ARRIVAL_DISTANCE_20_count,             0
MEM_QUEUE_ARRIVAL_DISTANCE_20_pct,         -nan
MEM_QUEUE_ARRIVAL_DISTANCE_20_total_count,             0
MEM_QUEUE_ARRIVAL_DISTANCE_20_total_pct,         -nan

MEM_QUEUE_ARRIVAL_DISTANCE_30_count,             0
MEM_QUEUE_ARRIVAL_DISTANCE_30_pct,         -nan
MEM_QUEUE_ARRIVAL_DISTANCE_30_total_count,             0
MEM_QUEUE_ARRIVAL_DISTANCE_30_total_pct,         -nan

MEM_QUEUE_ARRIVAL_DISTANCE_40_count,             0
MEM_QUEUE_ARRIVAL_DISTANCE_40_pct,         -nan
MEM_QUEUE_ARRIVAL_DISTANCE_40_total_count,             0
MEM_QUEUE_ARRIVAL_DISTANCE_40_total_pct,         -nan

MEM_QUEUE_ARRIVAL_DISTANCE_50_count,             0
MEM_QUEUE_ARRIVAL_DISTANCE_50_pct,         -nan
MEM_QUEUE_ARRIVAL_DISTANCE_50_total_count,             0
MEM_QUEUE_ARRIVAL_DISTANCE_50_total_pct,         -nan

MEM_QUEUE_ARRIVAL_DISTANCE_60_count,             0
MEM_QUEUE_ARRIVAL_DISTANCE_60_pct,         -nan
MEM_QUEUE_ARRIVAL_DISTANCE_60_total_count,             0
MEM_QUEUE_ARRIVAL_DISTANCE_60_total_pct,         -nan

MEM_QUEUE_ARRIVAL_DISTANCE_70_count,             0
MEM_QUEUE_ARRIVAL_DISTANCE_70_pct,         -nan
MEM_QUEUE_ARRIVAL_DISTANCE_70_total_count,             0
MEM_QUEUE_ARRIVAL_DISTANCE_70_total_pct,         -nan

MEM_QUEUE_ARRIVAL_DISTANCE_80_count,             0
MEM_QUEUE_ARRIVAL_DISTANCE_80_pct,         -nan
MEM_QUEUE_ARRIVAL_DISTANCE_80_total_count,             0
MEM_QUEUE_ARRIVAL_DISTANCE_80_total_pct,         -nan

MEM_QUEUE_ARRIVAL_DISTANCE_90_count,             0
MEM_QUEUE_ARRIVAL_DISTANCE_90_pct,         -nan
MEM_QUEUE_ARRIVAL_DISTANCE_90_total_count,             0
MEM_QUEUE_ARRIVAL_DISTANCE_90_total_pct,         -nan

MEM_QUEUE_ARRIVAL_DISTANCE_100_count,             0
MEM_QUEUE_ARRIVAL_DISTANCE_100_pct,         -nan
MEM_QUEUE_ARRIVAL_DISTANCE_100_total_count,             0
MEM_QUEUE_ARRIVAL_DISTANCE_100_total_pct,         -nan

MEM_QUEUE_ARRIVAL_DISTANCE_110_count,             0
MEM_QUEUE_ARRIVAL_DISTANCE_110_pct,         -nan
MEM_QUEUE_ARRIVAL_DISTANCE_110_total_count,             0
MEM_QUEUE_ARRIVAL_DISTANCE_110_total_pct,         -nan

MEM_QUEUE_ARRIVAL_DISTANCE_120_count,             0
MEM_QUEUE_ARRIVAL_DISTANCE_120_pct,         -nan
MEM_QUEUE_ARRIVAL_DISTANCE_120_total_count,             0
MEM_QUEUE_ARRIVAL_DISTANCE_120_total_pct,         -nan

MEM_QUEUE_ARRIVAL_DISTANCE_130_count,             0
MEM_QUEUE_ARRIVAL_DISTANCE_130_pct,         -nan
MEM_QUEUE_ARRIVAL_DISTANCE_130_total_count,             0
MEM_QUEUE_ARRIVAL_DISTANCE_130_total_pct,         -nan

MEM_QUEUE_ARRIVAL_DISTANCE_140_count,             0
MEM_QUEUE_ARRIVAL_DISTANCE_140_pct,         -nan
MEM_QUEUE_ARRIVAL_DISTANCE_140_total_count,             0
MEM_QUEUE_ARRIVAL_DISTANCE_140_total_pct,         -nan

MEM_QUEUE_ARRIVAL_DISTANCE_150_count,             0
MEM_QUEUE_ARRIVAL_DISTANCE_150_pct,         -nan
MEM_QUEUE_ARRIVAL_DISTANCE_150_total_count,             0
MEM_QUEUE_ARRIVAL_DISTANCE_150_total_pct,         -nan

MEM_QUEUE_ARRIVAL_DISTANCE_160_count,             0
MEM_QUEUE_ARRIVAL_DISTANCE_160_pct,         -nan
MEM_QUEUE_ARRIVAL_DISTANCE_160_total_count,             0
MEM_QUEUE_ARRIVAL_DISTANCE_160_total_pct,         -nan

MEM_QUEUE_ARRIVAL_DISTANCE_170_count,             0
MEM_QUEUE_ARRIVAL_DISTANCE_170_pct,         -nan
MEM_QUEUE_ARRIVAL_DISTANCE_170_total_count,             0
MEM_QUEUE_ARRIVAL_DISTANCE_170_total_pct,         -nan

MEM_QUEUE_ARRIVAL_DISTANCE_180_count,             0
MEM_QUEUE_ARRIVAL_DISTANCE_180_pct,         -nan
MEM_QUEUE_ARRIVAL_DISTANCE_180_total_count,             0
MEM_QUEUE_ARRIVAL_DISTANCE_180_total_pct,         -nan

MEM_QUEUE_ARRIVAL_DISTANCE_190_count,             0
MEM_QUEUE_ARRIVAL_DISTANCE_190_pct,         -nan
MEM_QUEUE_ARRIVAL_DISTANCE_190_total_count,             0
MEM_QUEUE_ARRIVAL_DISTANCE_190_total_pct,         -nan

MEM_QUEUE_ARRIVAL_DISTANCE_200_count,             0
MEM_QUEUE_ARRIVAL_DISTANCE_200_pct,         -nan
MEM_QUEUE_ARRIVAL_DISTANCE_200_total_count,             0
MEM_QUEUE_ARRIVAL_DISTANCE_200_total_pct,         -nan

MEM_QUEUE_ARRIVAL_DISTANCE_210_count,             0
MEM_QUEUE_ARRIVAL_DISTANCE_210_pct,         -nan
MEM_QUEUE_ARRIVAL_DISTANCE_210_total_count,             0
MEM_QUEUE_ARRIVAL_DISTANCE_210_total_pct,         -nan

MEM_QUEUE_ARRIVAL_DISTANCE_220_count,             0
MEM_QUEUE_ARRIVAL_DISTANCE_220_pct,         -nan
MEM_QUEUE_ARRIVAL_DISTANCE_220_total_count,             0
MEM_QUEUE_ARRIVAL_DISTANCE_220_total_pct,         -nan

MEM_QUEUE_ARRIVAL_DISTANCE_230_count,             0
MEM_QUEUE_ARRIVAL_DISTANCE_230_pct,         -nan
MEM_QUEUE_ARRIVAL_DISTANCE_230_total_count,             0
MEM_QUEUE_ARRIVAL_DISTANCE_230_total_pct,         -nan

MEM_QUEUE_ARRIVAL_DISTANCE_240_count,             0
MEM_QUEUE_ARRIVAL_DISTANCE_240_pct,         -nan
MEM_QUEUE_ARRIVAL_DISTANCE_240_total_count,             0
MEM_QUEUE_ARRIVAL_DISTANCE_240_total_pct,         -nan

MEM_QUEUE_ARRIVAL_DISTANCE_250_count,             0
MEM_QUEUE_ARRIVAL_DISTANCE_250_pct,         -nan
MEM_QUEUE_ARRIVAL_DISTANCE_250_total_count,             0
MEM_QUEUE_ARRIVAL_DISTANCE_250_total_pct,         -nan

MEM_QUEUE_ARRIVAL_DISTANCE_260_count,             0
MEM_QUEUE_ARRIVAL_DISTANCE_260_pct,         -nan
MEM_QUEUE_ARRIVAL_DISTANCE_260_total_count,             0
MEM_QUEUE_ARRIVAL_DISTANCE_260_total_pct,         -nan

MEM_QUEUE_ARRIVAL_DISTANCE_270_count,             0
MEM_QUEUE_ARRIVAL_DISTANCE_270_pct,         -nan
MEM_QUEUE_ARRIVAL_DISTANCE_270_total_count,             0
MEM_QUEUE_ARRIVAL_DISTANCE_270_total_pct,         -nan

MEM_QUEUE_ARRIVAL_DISTANCE_280_count,             0
MEM_QUEUE_ARRIVAL_DISTANCE_280_pct,         -nan
MEM_QUEUE_ARRIVAL_DISTANCE_280_total_count,             0
MEM_QUEUE_ARRIVAL_DISTANCE_280_total_pct,         -nan

MEM_QUEUE_ARRIVAL_DISTANCE_290_count,             0
MEM_QUEUE_ARRIVAL_DISTANCE_290_pct,         -nan
MEM_QUEUE_ARRIVAL_DISTANCE_290_total_count,             0
MEM_QUEUE_ARRIVAL_DISTANCE_290_total_pct,         -nan

MEM_QUEUE_ARRIVAL_DISTANCE_300_count,             0
MEM_QUEUE_ARRIVAL_DISTANCE_300_pct,         -nan
MEM_QUEUE_ARRIVAL_DISTANCE_300_total_count,             0
MEM_QUEUE_ARRIVAL_DISTANCE_300_total_pct,         -nan

MEM_QUEUE_ARRIVAL_DISTANCE_310_count,             0
MEM_QUEUE_ARRIVAL_DISTANCE_310_pct,         -nan
MEM_QUEUE_ARRIVAL_DISTANCE_310_total_count,             0
MEM_QUEUE_ARRIVAL_DISTANCE_310_total_pct,         -nan

MEM_QUEUE_ARRIVAL_DISTANCE_320_count,             0
MEM_QUEUE_ARRIVAL_DISTANCE_320_pct,         -nan
MEM_QUEUE_ARRIVAL_DISTANCE_320_total_count,             0
MEM_QUEUE_ARRIVAL_DISTANCE_320_total_pct,         -nan

MEM_QUEUE_ARRIVAL_DISTANCE_330_count,             0
MEM_QUEUE_ARRIVAL_DISTANCE_330_pct,         -nan
MEM_QUEUE_ARRIVAL_DISTANCE_330_total_count,             0
MEM_QUEUE_ARRIVAL_DISTANCE_330_total_pct,         -nan

MEM_QUEUE_ARRIVAL_DISTANCE_340_count,             0
MEM_QUEUE_ARRIVAL_DISTANCE_340_pct,         -nan
MEM_QUEUE_ARRIVAL_DISTANCE_340_total_count,             0
MEM_QUEUE_ARRIVAL_DISTANCE_340_total_pct,         -nan

MEM_QUEUE_ARRIVAL_DISTANCE_350_count,             0
MEM_QUEUE_ARRIVAL_DISTANCE_350_pct,         -nan
MEM_QUEUE_ARRIVAL_DISTANCE_350_total_count,             0
MEM_QUEUE_ARRIVAL_DISTANCE_350_total_pct,         -nan

MEM_QUEUE_ARRIVAL_DISTANCE_360_count,             0
MEM_QUEUE_ARRIVAL_DISTANCE_360_pct,         -nan
MEM_QUEUE_ARRIVAL_DISTANCE_360_total_count,             0
MEM_QUEUE_ARRIVAL_DISTANCE_360_total_pct,         -nan

MEM_QUEUE_ARRIVAL_DISTANCE_370_count,             0
MEM_QUEUE_ARRIVAL_DISTANCE_370_pct,         -nan
MEM_QUEUE_ARRIVAL_DISTANCE_370_total_count,             0
MEM_QUEUE_ARRIVAL_DISTANCE_370_total_pct,         -nan

MEM_QUEUE_ARRIVAL_DISTANCE_380_count,             0
MEM_QUEUE_ARRIVAL_DISTANCE_380_pct,         -nan
MEM_QUEUE_ARRIVAL_DISTANCE_380_total_count,             0
MEM_QUEUE_ARRIVAL_DISTANCE_380_total_pct,         -nan

MEM_QUEUE_ARRIVAL_DISTANCE_390_count,             0
MEM_QUEUE_ARRIVAL_DISTANCE_390_pct,         -nan
MEM_QUEUE_ARRIVAL_DISTANCE_390_total_count,             0
MEM_QUEUE_ARRIVAL_DISTANCE_390_total_pct,         -nan

MEM_QUEUE_ARRIVAL_DISTANCE_400_count,             0
MEM_QUEUE_ARRIVAL_DISTANCE_400_pct,         -nan
MEM_QUEUE_ARRIVAL_DISTANCE_400_total_count,             0
MEM_QUEUE_ARRIVAL_DISTANCE_400_total_pct,         -nan

MEM_QUEUE_ARRIVAL_DISTANCE_410_count,             0
MEM_QUEUE_ARRIVAL_DISTANCE_410_pct,         -nan
MEM_QUEUE_ARRIVAL_DISTANCE_410_total_count,             0
MEM_QUEUE_ARRIVAL_DISTANCE_410_total_pct,         -nan

MEM_QUEUE_ARRIVAL_DISTANCE_420_count,             0
MEM_QUEUE_ARRIVAL_DISTANCE_420_pct,         -nan
MEM_QUEUE_ARRIVAL_DISTANCE_420_total_count,             0
MEM_QUEUE_ARRIVAL_DISTANCE_420_total_pct,         -nan

MEM_QUEUE_ARRIVAL_DISTANCE_430_count,             0
MEM_QUEUE_ARRIVAL_DISTANCE_430_pct,         -nan
MEM_QUEUE_ARRIVAL_DISTANCE_430_total_count,             0
MEM_QUEUE_ARRIVAL_DISTANCE_430_total_pct,         -nan

MEM_QUEUE_ARRIVAL_DISTANCE_440_count,             0
MEM_QUEUE_ARRIVAL_DISTANCE_440_pct,         -nan
MEM_QUEUE_ARRIVAL_DISTANCE_440_total_count,             0
MEM_QUEUE_ARRIVAL_DISTANCE_440_total_pct,         -nan

MEM_QUEUE_ARRIVAL_DISTANCE_450_count,             0
MEM_QUEUE_ARRIVAL_DISTANCE_450_pct,         -nan
MEM_QUEUE_ARRIVAL_DISTANCE_450_total_count,             0
MEM_QUEUE_ARRIVAL_DISTANCE_450_total_pct,         -nan

MEM_QUEUE_ARRIVAL_DISTANCE_460_count,             0
MEM_QUEUE_ARRIVAL_DISTANCE_460_pct,         -nan
MEM_QUEUE_ARRIVAL_DISTANCE_460_total_count,             0
MEM_QUEUE_ARRIVAL_DISTANCE_460_total_pct,         -nan

MEM_QUEUE_ARRIVAL_DISTANCE_470_count,             0
MEM_QUEUE_ARRIVAL_DISTANCE_470_pct,         -nan
MEM_QUEUE_ARRIVAL_DISTANCE_470_total_count,             0
MEM_QUEUE_ARRIVAL_DISTANCE_470_total_pct,         -nan

MEM_QUEUE_ARRIVAL_DISTANCE_480_count,             0
MEM_QUEUE_ARRIVAL_DISTANCE_480_pct,         -nan
MEM_QUEUE_ARRIVAL_DISTANCE_480_total_count,             0
MEM_QUEUE_ARRIVAL_DISTANCE_480_total_pct,         -nan

MEM_QUEUE_ARRIVAL_DISTANCE_490_count,             0
MEM_QUEUE_ARRIVAL_DISTANCE_490_pct,         -nan
MEM_QUEUE_ARRIVAL_DISTANCE_490_total_count,             0
MEM_QUEUE_ARRIVAL_DISTANCE_490_total_pct,         -nan

MEM_QUEUE_ARRIVAL_DISTANCE_500_count,             0
MEM_QUEUE_ARRIVAL_DISTANCE_500_pct,         -nan
MEM_QUEUE_ARRIVAL_DISTANCE_500_total_count,             0
MEM_QUEUE_ARRIVAL_DISTANCE_500_total_pct,         -nan

MEM_QUEUE_ARRIVAL_DISTANCE_510_count,             0
MEM_QUEUE_ARRIVAL_DISTANCE_510_pct,         -nan
MEM_QUEUE_ARRIVAL_DISTANCE_510_total_count,             0
MEM_QUEUE_ARRIVAL_DISTANCE_510_total_pct,         -nan

MEM_QUEUE_ARRIVAL_DISTANCE_520_count,             0
MEM_QUEUE_ARRIVAL_DISTANCE_520_pct,         -nan
MEM_QUEUE_ARRIVAL_DISTANCE_520_total_count,             0
MEM_QUEUE_ARRIVAL_DISTANCE_520_total_pct,         -nan

MEM_QUEUE_ARRIVAL_DISTANCE_530_count,             0
MEM_QUEUE_ARRIVAL_DISTANCE_530_pct,         -nan
MEM_QUEUE_ARRIVAL_DISTANCE_530_total_count,             0
MEM_QUEUE_ARRIVAL_DISTANCE_530_total_pct,         -nan

MEM_QUEUE_ARRIVAL_DISTANCE_540_count,             0
MEM_QUEUE_ARRIVAL_DISTANCE_540_pct,         -nan
MEM_QUEUE_ARRIVAL_DISTANCE_540_total_count,             0
MEM_QUEUE_ARRIVAL_DISTANCE_540_total_pct,         -nan

MEM_QUEUE_ARRIVAL_DISTANCE_550_count,             0
MEM_QUEUE_ARRIVAL_DISTANCE_550_pct,         -nan
MEM_QUEUE_ARRIVAL_DISTANCE_550_total_count,             0
MEM_QUEUE_ARRIVAL_DISTANCE_550_total_pct,         -nan

MEM_QUEUE_ARRIVAL_DISTANCE_560_count,             0
MEM_QUEUE_ARRIVAL_DISTANCE_560_pct,         -nan
MEM_QUEUE_ARRIVAL_DISTANCE_560_total_count,             0
MEM_QUEUE_ARRIVAL_DISTANCE_560_total_pct,         -nan

MEM_QUEUE_ARRIVAL_DISTANCE_570_count,             0
MEM_QUEUE_ARRIVAL_DISTANCE_570_pct,         -nan
MEM_QUEUE_ARRIVAL_DISTANCE_570_total_count,             0
MEM_QUEUE_ARRIVAL_DISTANCE_570_total_pct,         -nan

MEM_QUEUE_ARRIVAL_DISTANCE_580_count,             0
MEM_QUEUE_ARRIVAL_DISTANCE_580_pct,         -nan
MEM_QUEUE_ARRIVAL_DISTANCE_580_total_count,             0
MEM_QUEUE_ARRIVAL_DISTANCE_580_total_pct,         -nan

MEM_QUEUE_ARRIVAL_DISTANCE_590_count,             0
MEM_QUEUE_ARRIVAL_DISTANCE_590_pct,         -nan
MEM_QUEUE_ARRIVAL_DISTANCE_590_total_count,             0
MEM_QUEUE_ARRIVAL_DISTANCE_590_total_pct,         -nan

MEM_QUEUE_ARRIVAL_DISTANCE_600_count,             0
MEM_QUEUE_ARRIVAL_DISTANCE_600_pct,         -nan
MEM_QUEUE_ARRIVAL_DISTANCE_600_total_count,             0
MEM_QUEUE_ARRIVAL_DISTANCE_600_total_pct,         -nan

MEM_QUEUE_ARRIVAL_DISTANCE_610_count,             0
MEM_QUEUE_ARRIVAL_DISTANCE_610_pct,         -nan
MEM_QUEUE_ARRIVAL_DISTANCE_610_total_count,             0
MEM_QUEUE_ARRIVAL_DISTANCE_610_total_pct,         -nan

MEM_QUEUE_ARRIVAL_DISTANCE_620_count,             0
MEM_QUEUE_ARRIVAL_DISTANCE_620_pct,         -nan
MEM_QUEUE_ARRIVAL_DISTANCE_620_total_count,             0
MEM_QUEUE_ARRIVAL_DISTANCE_620_total_pct,         -nan

MEM_QUEUE_ARRIVAL_DISTANCE_630_count,             0
MEM_QUEUE_ARRIVAL_DISTANCE_630_pct,         -nan
MEM_QUEUE_ARRIVAL_DISTANCE_630_total_count,             0
MEM_QUEUE_ARRIVAL_DISTANCE_630_total_pct,         -nan

MEM_QUEUE_ARRIVAL_DISTANCE_640_count,             0
MEM_QUEUE_ARRIVAL_DISTANCE_640_pct,         -nan
MEM_QUEUE_ARRIVAL_DISTANCE_640_total_count,             0
MEM_QUEUE_ARRIVAL_DISTANCE_640_total_pct,         -nan

MEM_QUEUE_ARRIVAL_DISTANCE_650_count,             0
MEM_QUEUE_ARRIVAL_DISTANCE_650_pct,         -nan
MEM_QUEUE_ARRIVAL_DISTANCE_650_total_count,             0
MEM_QUEUE_ARRIVAL_DISTANCE_650_total_pct,         -nan

MEM_QUEUE_ARRIVAL_DISTANCE_660_count,             0
MEM_QUEUE_ARRIVAL_DISTANCE_660_pct,         -nan
MEM_QUEUE_ARRIVAL_DISTANCE_660_total_count,             0
MEM_QUEUE_ARRIVAL_DISTANCE_660_total_pct,         -nan

MEM_QUEUE_ARRIVAL_DISTANCE_670_count,             0
MEM_QUEUE_ARRIVAL_DISTANCE_670_pct,         -nan
MEM_QUEUE_ARRIVAL_DISTANCE_670_total_count,             0
MEM_QUEUE_ARRIVAL_DISTANCE_670_total_pct,         -nan

MEM_QUEUE_ARRIVAL_DISTANCE_680_count,             0
MEM_QUEUE_ARRIVAL_DISTANCE_680_pct,         -nan
MEM_QUEUE_ARRIVAL_DISTANCE_680_total_count,             0
MEM_QUEUE_ARRIVAL_DISTANCE_680_total_pct,         -nan

MEM_QUEUE_ARRIVAL_DISTANCE_690_count,             0
MEM_QUEUE_ARRIVAL_DISTANCE_690_pct,         -nan
MEM_QUEUE_ARRIVAL_DISTANCE_690_total_count,             0
MEM_QUEUE_ARRIVAL_DISTANCE_690_total_pct,         -nan

MEM_QUEUE_ARRIVAL_DISTANCE_700_count,             0
MEM_QUEUE_ARRIVAL_DISTANCE_700_pct,         -nan
MEM_QUEUE_ARRIVAL_DISTANCE_700_total_count,             0
MEM_QUEUE_ARRIVAL_DISTANCE_700_total_pct,         -nan

MEM_QUEUE_ARRIVAL_DISTANCE_710_count,             0
MEM_QUEUE_ARRIVAL_DISTANCE_710_pct,         -nan
MEM_QUEUE_ARRIVAL_DISTANCE_710_total_count,             0
MEM_QUEUE_ARRIVAL_DISTANCE_710_total_pct,         -nan

MEM_QUEUE_ARRIVAL_DISTANCE_720_count,             0
MEM_QUEUE_ARRIVAL_DISTANCE_720_pct,         -nan
MEM_QUEUE_ARRIVAL_DISTANCE_720_total_count,             0
MEM_QUEUE_ARRIVAL_DISTANCE_720_total_pct,         -nan

MEM_QUEUE_ARRIVAL_DISTANCE_730_count,             0
MEM_QUEUE_ARRIVAL_DISTANCE_730_pct,         -nan
MEM_QUEUE_ARRIVAL_DISTANCE_730_total_count,             0
MEM_QUEUE_ARRIVAL_DISTANCE_730_total_pct,         -nan

MEM_QUEUE_ARRIVAL_DISTANCE_740_count,             0
MEM_QUEUE_ARRIVAL_DISTANCE_740_pct,         -nan
MEM_QUEUE_ARRIVAL_DISTANCE_740_total_count,             0
MEM_QUEUE_ARRIVAL_DISTANCE_740_total_pct,         -nan

MEM_QUEUE_ARRIVAL_DISTANCE_750_count,             0
MEM_QUEUE_ARRIVAL_DISTANCE_750_pct,         -nan
MEM_QUEUE_ARRIVAL_DISTANCE_750_total_count,             0
MEM_QUEUE_ARRIVAL_DISTANCE_750_total_pct,         -nan

MEM_QUEUE_ARRIVAL_DISTANCE_760_count,             0
MEM_QUEUE_ARRIVAL_DISTANCE_760_pct,         -nan
MEM_QUEUE_ARRIVAL_DISTANCE_760_total_count,             0
MEM_QUEUE_ARRIVAL_DISTANCE_760_total_pct,         -nan

MEM_QUEUE_ARRIVAL_DISTANCE_770_count,             0
MEM_QUEUE_ARRIVAL_DISTANCE_770_pct,         -nan
MEM_QUEUE_ARRIVAL_DISTANCE_770_total_count,             0
MEM_QUEUE_ARRIVAL_DISTANCE_770_total_pct,         -nan

MEM_QUEUE_ARRIVAL_DISTANCE_780_count,             0
MEM_QUEUE_ARRIVAL_DISTANCE_780_pct,         -nan
MEM_QUEUE_ARRIVAL_DISTANCE_780_total_count,             0
MEM_QUEUE_ARRIVAL_DISTANCE_780_total_pct,         -nan

MEM_QUEUE_ARRIVAL_DISTANCE_790_count,             0
MEM_QUEUE_ARRIVAL_DISTANCE_790_pct,         -nan
MEM_QUEUE_ARRIVAL_DISTANCE_790_total_count,             0
MEM_QUEUE_ARRIVAL_DISTANCE_790_total_pct,         -nan

MEM_QUEUE_ARRIVAL_DISTANCE_800_count,             0
MEM_QUEUE_ARRIVAL_DISTANCE_800_pct,         -nan
MEM_QUEUE_ARRIVAL_DISTANCE_800_total_count,             0
MEM_QUEUE_ARRIVAL_DISTANCE_800_total_pct,         -nan

MEM_QUEUE_ARRIVAL_DISTANCE_810_count,             0
MEM_QUEUE_ARRIVAL_DISTANCE_810_pct,         -nan
MEM_QUEUE_ARRIVAL_DISTANCE_810_total_count,             0
MEM_QUEUE_ARRIVAL_DISTANCE_810_total_pct,         -nan

MEM_QUEUE_ARRIVAL_DISTANCE_820_count,             0
MEM_QUEUE_ARRIVAL_DISTANCE_820_pct,         -nan
MEM_QUEUE_ARRIVAL_DISTANCE_820_total_count,             0
MEM_QUEUE_ARRIVAL_DISTANCE_820_total_pct,         -nan

MEM_QUEUE_ARRIVAL_DISTANCE_830_count,             0
MEM_QUEUE_ARRIVAL_DISTANCE_830_pct,         -nan
MEM_QUEUE_ARRIVAL_DISTANCE_830_total_count,             0
MEM_QUEUE_ARRIVAL_DISTANCE_830_total_pct,         -nan

MEM_QUEUE_ARRIVAL_DISTANCE_840_count,             0
MEM_QUEUE_ARRIVAL_DISTANCE_840_pct,         -nan
MEM_QUEUE_ARRIVAL_DISTANCE_840_total_count,             0
MEM_QUEUE_ARRIVAL_DISTANCE_840_total_pct,         -nan

MEM_QUEUE_ARRIVAL_DISTANCE_850_count,             0
MEM_QUEUE_ARRIVAL_DISTANCE_850_pct,         -nan
MEM_QUEUE_ARRIVAL_DISTANCE_850_total_count,             0
MEM_QUEUE_ARRIVAL_DISTANCE_850_total_pct,         -nan

MEM_QUEUE_ARRIVAL_DISTANCE_860_count,             0
MEM_QUEUE_ARRIVAL_DISTANCE_860_pct,         -nan
MEM_QUEUE_ARRIVAL_DISTANCE_860_total_count,             0
MEM_QUEUE_ARRIVAL_DISTANCE_860_total_pct,         -nan

MEM_QUEUE_ARRIVAL_DISTANCE_870_count,             0
MEM_QUEUE_ARRIVAL_DISTANCE_870_pct,         -nan
MEM_QUEUE_ARRIVAL_DISTANCE_870_total_count,             0
MEM_QUEUE_ARRIVAL_DISTANCE_870_total_pct,         -nan

MEM_QUEUE_ARRIVAL_DISTANCE_880_count,             0
MEM_QUEUE_ARRIVAL_DISTANCE_880_pct,         -nan
MEM_QUEUE_ARRIVAL_DISTANCE_880_total_count,             0
MEM_QUEUE_ARRIVAL_DISTANCE_880_total_pct,         -nan

MEM_QUEUE_ARRIVAL_DISTANCE_890_count,             0
MEM_QUEUE_ARRIVAL_DISTANCE_890_pct,         -nan
MEM_QUEUE_ARRIVAL_DISTANCE_890_total_count,             0
MEM_QUEUE_ARRIVAL_DISTANCE_890_total_pct,         -nan

MEM_QUEUE_ARRIVAL_DISTANCE_900_count,             0
MEM_QUEUE_ARRIVAL_DISTANCE_900_pct,         -nan
MEM_QUEUE_ARRIVAL_DISTANCE_900_total_count,             0
MEM_QUEUE_ARRIVAL_DISTANCE_900_total_pct,         -nan

MEM_QUEUE_ARRIVAL_DISTANCE_910_count,             0
MEM_QUEUE_ARRIVAL_DISTANCE_910_pct,         -nan
MEM_QUEUE_ARRIVAL_DISTANCE_910_total_count,             0
MEM_QUEUE_ARRIVAL_DISTANCE_910_total_pct,         -nan

MEM_QUEUE_ARRIVAL_DISTANCE_920_count,             0
MEM_QUEUE_ARRIVAL_DISTANCE_920_pct,         -nan
MEM_QUEUE_ARRIVAL_DISTANCE_920_total_count,             0
MEM_QUEUE_ARRIVAL_DISTANCE_920_total_pct,         -nan

MEM_QUEUE_ARRIVAL_DISTANCE_930_count,             0
MEM_QUEUE_ARRIVAL_DISTANCE_930_pct,         -nan
MEM_QUEUE_ARRIVAL_DISTANCE_930_total_count,             0
MEM_QUEUE_ARRIVAL_DISTANCE_930_total_pct,         -nan

MEM_QUEUE_ARRIVAL_DISTANCE_940_count,             0
MEM_QUEUE_ARRIVAL_DISTANCE_940_pct,         -nan
MEM_QUEUE_ARRIVAL_DISTANCE_940_total_count,             0
MEM_QUEUE_ARRIVAL_DISTANCE_940_total_pct,         -nan

MEM_QUEUE_ARRIVAL_DISTANCE_950_count,             0
MEM_QUEUE_ARRIVAL_DISTANCE_950_pct,         -nan
MEM_QUEUE_ARRIVAL_DISTANCE_950_total_count,             0
MEM_QUEUE_ARRIVAL_DISTANCE_950_total_pct,         -nan

MEM_QUEUE_ARRIVAL_DISTANCE_960_count,             0
MEM_QUEUE_ARRIVAL_DISTANCE_960_pct,         -nan
MEM_QUEUE_ARRIVAL_DISTANCE_960_total_count,             0
MEM_QUEUE_ARRIVAL_DISTANCE_960_total_pct,         -nan

MEM_QUEUE_ARRIVAL_DISTANCE_970_count,             0
MEM_QUEUE_ARRIVAL_DISTANCE_970_pct,         -nan
MEM_QUEUE_ARRIVAL_DISTANCE_970_total_count,             0
MEM_QUEUE_ARRIVAL_DISTANCE_970_total_pct,         -nan

MEM_QUEUE_ARRIVAL_DISTANCE_980_count,             0
MEM_QUEUE_ARRIVAL_DISTANCE_980_pct,         -nan
MEM_QUEUE_ARRIVAL_DISTANCE_980_total_count,             0
MEM_QUEUE_ARRIVAL_DISTANCE_980_total_pct,         -nan

MEM_QUEUE_ARRIVAL_DISTANCE_990_count,             0
MEM_QUEUE_ARRIVAL_DISTANCE_990_pct,         -nan
MEM_QUEUE_ARRIVAL_DISTANCE_990_total_count,             0
MEM_QUEUE_ARRIVAL_DISTANCE_990_total_pct,         -nan

MEM_QUEUE_ARRIVAL_DISTANCE_1000_count,             0
MEM_QUEUE_ARRIVAL_DISTANCE_1000_pct,         -nan
MEM_QUEUE_ARRIVAL_DISTANCE_1000_total_count,             0
MEM_QUEUE_ARRIVAL_DISTANCE_1000_total_pct,         -nan
MEM_QUEUE_ARRIVAL_DISTANCE_1000_sum_count,             0
MEM_QUEUE_ARRIVAL_DISTANCE_1000_sum_pct,         -nan
MEM_QUEUE_ARRIVAL_DISTANCE_1000_sum_total_count,             0
MEM_QUEUE_ARRIVAL_DISTANCE_1000_sum_total_pct,         -nan
MEM_QUEUE_ARRIVAL_DISTANCE_1000_mean,         -nan
MEM_QUEUE_ARRIVAL_DISTANCE_1000_stddev,         -nan
MEM_QUEUE_ARRIVAL_DISTANCE_1000_total_mean,         -nan
MEM_QUEUE_ARRIVAL_DISTANCE_1000_total_stddev,         -nan

EQUAL_USE_QUANTUMS_count,             0
EQUAL_USE_QUANTUMS_total_count,             0

EQUAL_USE_BW_MEASURE_PERIODS_count,             0
EQUAL_USE_BW_MEASURE_PERIODS_total_count,             0

EQUAL_USE_BW_count,             0
EQUAL_USE_BW_total_count,             0

EQUAL_USE_BOTTLENECK_BUS_count,             0
EQUAL_USE_BOTTLENECK_BUS_pct,         -nan
EQUAL_USE_BOTTLENECK_BUS_total_count,             0
EQUAL_USE_BOTTLENECK_BUS_total_pct,         -nan

EQUAL_USE_BOTTLENECK_BANK_count,             0
EQUAL_USE_BOTTLENECK_BANK_pct,         -nan
EQUAL_USE_BOTTLENECK_BANK_total_count,             0
EQUAL_USE_BOTTLENECK_BANK_total_pct,         -nan

EQUAL_USE_BOTTLENECK_FAW_count,             0
EQUAL_USE_BOTTLENECK_FAW_pct,         -nan
EQUAL_USE_BOTTLENECK_FAW_total_count,             0
EQUAL_USE_BOTTLENECK_FAW_total_pct,         -nan

EQUAL_USE_BOTTLENECK_BUS_PLUS_FAW_count,             0
EQUAL_USE_BOTTLENECK_BUS_PLUS_FAW_pct,         -nan
EQUAL_USE_BOTTLENECK_BUS_PLUS_FAW_total_count,             0
EQUAL_USE_BOTTLENECK_BUS_PLUS_FAW_total_pct,         -nan
EQUAL_USE_BOTTLENECK_BUS_PLUS_FAW_sum_count,             0
EQUAL_USE_BOTTLENECK_BUS_PLUS_FAW_sum_pct,         -nan
EQUAL_USE_BOTTLENECK_BUS_PLUS_FAW_sum_total_count,             0
EQUAL_USE_BOTTLENECK_BUS_PLUS_FAW_sum_total_pct,         -nan
EQUAL_USE_BOTTLENECK_BUS_PLUS_FAW_mean,         -nan
EQUAL_USE_BOTTLENECK_BUS_PLUS_FAW_stddev,         -nan
EQUAL_USE_BOTTLENECK_BUS_PLUS_FAW_total_mean,         -nan
EQUAL_USE_BOTTLENECK_BUS_PLUS_FAW_total_stddev,         -nan

EQUAL_USE_BW_BUS_count,             0
EQUAL_USE_BW_BUS_total_count,             0

EQUAL_USE_BW_BANK_count,             0
EQUAL_USE_BW_BANK_total_count,             0

EQUAL_USE_BW_FAW_count,             0
EQUAL_USE_BW_FAW_total_count,             0

EQUAL_USE_BW_BUS_PLUS_FAW_count,             0
EQUAL_USE_BW_BUS_PLUS_FAW_total_count,             0

EQUAL_USE_BW_BUS_PLUS_FAW2_count,             0
EQUAL_USE_BW_BUS_PLUS_FAW2_total_count,             0

EQUAL_USE_BW_BUS_PLUS_FAW3_count,             0
EQUAL_USE_BW_BUS_PLUS_FAW3_total_count,             0

EQUAL_USE_BW_CRIT_PATH_count,             0
EQUAL_USE_BW_CRIT_PATH_total_count,             0

EQUAL_USE_BW_BLACK_BOX_count,             0
EQUAL_USE_BW_BLACK_BOX_total_count,             0

DRAM_BANK_SERVICE_count,             0
DRAM_BANK_SERVICE_total_count,             0

DRAM_CONTENDED_BANK_SERVICE_count,             0
DRAM_CONTENDED_BANK_SERVICE_total_count,             0

DRAM_BUS_DIR_SWITCHES_count,             0
DRAM_BUS_DIR_SWITCHES_total_count,             0

DRAM_ACTIVATE_TO_COLUMN_LATENCY_count,             0
DRAM_ACTIVATE_TO_COLUMN_LATENCY_total_count,             0

DRAM_ACTIVATE_TO_READ_count,             0
DRAM_ACTIVATE_TO_READ_total_count,             0

DRAM_ACTIVATE_TO_READ_LATENCY_count,             0
DRAM_ACTIVATE_TO_READ_LATENCY_pct,         -nan
DRAM_ACTIVATE_TO_READ_LATENCY_total_count,             0
DRAM_ACTIVATE_TO_READ_LATENCY_total_pct,         -nan

DRAM_ACTIVATE_TO_WRITE_count,             0
DRAM_ACTIVATE_TO_WRITE_total_count,             0

DRAM_ACTIVATE_TO_WRITE_LATENCY_count,             0
DRAM_ACTIVATE_TO_WRITE_LATENCY_pct,         -nan
DRAM_ACTIVATE_TO_WRITE_LATENCY_total_count,             0
DRAM_ACTIVATE_TO_WRITE_LATENCY_total_pct,         -nan

EQUAL_USE_PRIORITY_0_count,             0
EQUAL_USE_PRIORITY_0_pct,         -nan
EQUAL_USE_PRIORITY_0_total_count,             0
EQUAL_USE_PRIORITY_0_total_pct,         -nan

EQUAL_USE_PRIORITY_1_count,             0
EQUAL_USE_PRIORITY_1_pct,         -nan
EQUAL_USE_PRIORITY_1_total_count,             0
EQUAL_USE_PRIORITY_1_total_pct,         -nan

EQUAL_USE_PRIORITY_2_count,             0
EQUAL_USE_PRIORITY_2_pct,         -nan
EQUAL_USE_PRIORITY_2_total_count,             0
EQUAL_USE_PRIORITY_2_total_pct,         -nan

EQUAL_USE_PRIORITY_3_count,             0
EQUAL_USE_PRIORITY_3_pct,         -nan
EQUAL_USE_PRIORITY_3_total_count,             0
EQUAL_USE_PRIORITY_3_total_pct,         -nan

EQUAL_USE_PRIORITY_4_count,             0
EQUAL_USE_PRIORITY_4_pct,         -nan
EQUAL_USE_PRIORITY_4_total_count,             0
EQUAL_USE_PRIORITY_4_total_pct,         -nan

EQUAL_USE_PRIORITY_5_count,             0
EQUAL_USE_PRIORITY_5_pct,         -nan
EQUAL_USE_PRIORITY_5_total_count,             0
EQUAL_USE_PRIORITY_5_total_pct,         -nan

EQUAL_USE_PRIORITY_6_count,             0
EQUAL_USE_PRIORITY_6_pct,         -nan
EQUAL_USE_PRIORITY_6_total_count,             0
EQUAL_USE_PRIORITY_6_total_pct,         -nan

EQUAL_USE_PRIORITY_7_count,             0
EQUAL_USE_PRIORITY_7_pct,         -nan
EQUAL_USE_PRIORITY_7_total_count,             0
EQUAL_USE_PRIORITY_7_total_pct,         -nan

EQUAL_USE_PRIORITY_8_count,             0
EQUAL_USE_PRIORITY_8_pct,         -nan
EQUAL_USE_PRIORITY_8_total_count,             0
EQUAL_USE_PRIORITY_8_total_pct,         -nan

EQUAL_USE_PRIORITY_9_count,             0
EQUAL_USE_PRIORITY_9_pct,         -nan
EQUAL_USE_PRIORITY_9_total_count,             0
EQUAL_USE_PRIORITY_9_total_pct,         -nan

EQUAL_USE_PRIORITY_10_count,             0
EQUAL_USE_PRIORITY_10_pct,         -nan
EQUAL_USE_PRIORITY_10_total_count,             0
EQUAL_USE_PRIORITY_10_total_pct,         -nan

EQUAL_USE_PRIORITY_11_count,             0
EQUAL_USE_PRIORITY_11_pct,         -nan
EQUAL_USE_PRIORITY_11_total_count,             0
EQUAL_USE_PRIORITY_11_total_pct,         -nan

EQUAL_USE_PRIORITY_12_count,             0
EQUAL_USE_PRIORITY_12_pct,         -nan
EQUAL_USE_PRIORITY_12_total_count,             0
EQUAL_USE_PRIORITY_12_total_pct,         -nan

EQUAL_USE_PRIORITY_13_count,             0
EQUAL_USE_PRIORITY_13_pct,         -nan
EQUAL_USE_PRIORITY_13_total_count,             0
EQUAL_USE_PRIORITY_13_total_pct,         -nan

EQUAL_USE_PRIORITY_14_count,             0
EQUAL_USE_PRIORITY_14_pct,         -nan
EQUAL_USE_PRIORITY_14_total_count,             0
EQUAL_USE_PRIORITY_14_total_pct,         -nan

EQUAL_USE_PRIORITY_15_count,             0
EQUAL_USE_PRIORITY_15_pct,         -nan
EQUAL_USE_PRIORITY_15_total_count,             0
EQUAL_USE_PRIORITY_15_total_pct,         -nan
EQUAL_USE_PRIORITY_15_sum_count,             0
EQUAL_USE_PRIORITY_15_sum_pct,         -nan
EQUAL_USE_PRIORITY_15_sum_total_count,             0
EQUAL_USE_PRIORITY_15_sum_total_pct,         -nan
EQUAL_USE_PRIORITY_15_mean,         -nan
EQUAL_USE_PRIORITY_15_stddev,         -nan
EQUAL_USE_PRIORITY_15_total_mean,         -nan
EQUAL_USE_PRIORITY_15_total_stddev,         -nan

DRAM_ROW_ACCESSES_0_count,             0
DRAM_ROW_ACCESSES_0_pct,         -nan
DRAM_ROW_ACCESSES_0_total_count,             0
DRAM_ROW_ACCESSES_0_total_pct,         -nan

DRAM_ROW_ACCESSES_1_count,             0
DRAM_ROW_ACCESSES_1_pct,         -nan
DRAM_ROW_ACCESSES_1_total_count,             0
DRAM_ROW_ACCESSES_1_total_pct,         -nan

DRAM_ROW_ACCESSES_2_count,             0
DRAM_ROW_ACCESSES_2_pct,         -nan
DRAM_ROW_ACCESSES_2_total_count,             0
DRAM_ROW_ACCESSES_2_total_pct,         -nan

DRAM_ROW_ACCESSES_3_count,             0
DRAM_ROW_ACCESSES_3_pct,         -nan
DRAM_ROW_ACCESSES_3_total_count,             0
DRAM_ROW_ACCESSES_3_total_pct,         -nan

DRAM_ROW_ACCESSES_4_count,             0
DRAM_ROW_ACCESSES_4_pct,         -nan
DRAM_ROW_ACCESSES_4_total_count,             0
DRAM_ROW_ACCESSES_4_total_pct,         -nan

DRAM_ROW_ACCESSES_5_count,             0
DRAM_ROW_ACCESSES_5_pct,         -nan
DRAM_ROW_ACCESSES_5_total_count,             0
DRAM_ROW_ACCESSES_5_total_pct,         -nan

DRAM_ROW_ACCESSES_6_count,             0
DRAM_ROW_ACCESSES_6_pct,         -nan
DRAM_ROW_ACCESSES_6_total_count,             0
DRAM_ROW_ACCESSES_6_total_pct,         -nan

DRAM_ROW_ACCESSES_7_count,             0
DRAM_ROW_ACCESSES_7_pct,         -nan
DRAM_ROW_ACCESSES_7_total_count,             0
DRAM_ROW_ACCESSES_7_total_pct,         -nan

DRAM_ROW_ACCESSES_8_count,             0
DRAM_ROW_ACCESSES_8_pct,         -nan
DRAM_ROW_ACCESSES_8_total_count,             0
DRAM_ROW_ACCESSES_8_total_pct,         -nan

DRAM_ROW_ACCESSES_9_count,             0
DRAM_ROW_ACCESSES_9_pct,         -nan
DRAM_ROW_ACCESSES_9_total_count,             0
DRAM_ROW_ACCESSES_9_total_pct,         -nan

DRAM_ROW_ACCESSES_10_count,             0
DRAM_ROW_ACCESSES_10_pct,         -nan
DRAM_ROW_ACCESSES_10_total_count,             0
DRAM_ROW_ACCESSES_10_total_pct,         -nan

DRAM_ROW_ACCESSES_11_count,             0
DRAM_ROW_ACCESSES_11_pct,         -nan
DRAM_ROW_ACCESSES_11_total_count,             0
DRAM_ROW_ACCESSES_11_total_pct,         -nan

DRAM_ROW_ACCESSES_12_count,             0
DRAM_ROW_ACCESSES_12_pct,         -nan
DRAM_ROW_ACCESSES_12_total_count,             0
DRAM_ROW_ACCESSES_12_total_pct,         -nan

DRAM_ROW_ACCESSES_13_count,             0
DRAM_ROW_ACCESSES_13_pct,         -nan
DRAM_ROW_ACCESSES_13_total_count,             0
DRAM_ROW_ACCESSES_13_total_pct,         -nan

DRAM_ROW_ACCESSES_14_count,             0
DRAM_ROW_ACCESSES_14_pct,         -nan
DRAM_ROW_ACCESSES_14_total_count,             0
DRAM_ROW_ACCESSES_14_total_pct,         -nan

DRAM_ROW_ACCESSES_15_count,             0
DRAM_ROW_ACCESSES_15_pct,         -nan
DRAM_ROW_ACCESSES_15_total_count,             0
DRAM_ROW_ACCESSES_15_total_pct,         -nan

DRAM_ROW_ACCESSES_16_count,             0
DRAM_ROW_ACCESSES_16_pct,         -nan
DRAM_ROW_ACCESSES_16_total_count,             0
DRAM_ROW_ACCESSES_16_total_pct,         -nan

DRAM_ROW_ACCESSES_17_count,             0
DRAM_ROW_ACCESSES_17_pct,         -nan
DRAM_ROW_ACCESSES_17_total_count,             0
DRAM_ROW_ACCESSES_17_total_pct,         -nan

DRAM_ROW_ACCESSES_18_count,             0
DRAM_ROW_ACCESSES_18_pct,         -nan
DRAM_ROW_ACCESSES_18_total_count,             0
DRAM_ROW_ACCESSES_18_total_pct,         -nan

DRAM_ROW_ACCESSES_19_count,             0
DRAM_ROW_ACCESSES_19_pct,         -nan
DRAM_ROW_ACCESSES_19_total_count,             0
DRAM_ROW_ACCESSES_19_total_pct,         -nan

DRAM_ROW_ACCESSES_20_count,             0
DRAM_ROW_ACCESSES_20_pct,         -nan
DRAM_ROW_ACCESSES_20_total_count,             0
DRAM_ROW_ACCESSES_20_total_pct,         -nan

DRAM_ROW_ACCESSES_21_count,             0
DRAM_ROW_ACCESSES_21_pct,         -nan
DRAM_ROW_ACCESSES_21_total_count,             0
DRAM_ROW_ACCESSES_21_total_pct,         -nan

DRAM_ROW_ACCESSES_22_count,             0
DRAM_ROW_ACCESSES_22_pct,         -nan
DRAM_ROW_ACCESSES_22_total_count,             0
DRAM_ROW_ACCESSES_22_total_pct,         -nan

DRAM_ROW_ACCESSES_23_count,             0
DRAM_ROW_ACCESSES_23_pct,         -nan
DRAM_ROW_ACCESSES_23_total_count,             0
DRAM_ROW_ACCESSES_23_total_pct,         -nan

DRAM_ROW_ACCESSES_24_count,             0
DRAM_ROW_ACCESSES_24_pct,         -nan
DRAM_ROW_ACCESSES_24_total_count,             0
DRAM_ROW_ACCESSES_24_total_pct,         -nan

DRAM_ROW_ACCESSES_25_count,             0
DRAM_ROW_ACCESSES_25_pct,         -nan
DRAM_ROW_ACCESSES_25_total_count,             0
DRAM_ROW_ACCESSES_25_total_pct,         -nan

DRAM_ROW_ACCESSES_26_count,             0
DRAM_ROW_ACCESSES_26_pct,         -nan
DRAM_ROW_ACCESSES_26_total_count,             0
DRAM_ROW_ACCESSES_26_total_pct,         -nan

DRAM_ROW_ACCESSES_27_count,             0
DRAM_ROW_ACCESSES_27_pct,         -nan
DRAM_ROW_ACCESSES_27_total_count,             0
DRAM_ROW_ACCESSES_27_total_pct,         -nan

DRAM_ROW_ACCESSES_28_count,             0
DRAM_ROW_ACCESSES_28_pct,         -nan
DRAM_ROW_ACCESSES_28_total_count,             0
DRAM_ROW_ACCESSES_28_total_pct,         -nan

DRAM_ROW_ACCESSES_29_count,             0
DRAM_ROW_ACCESSES_29_pct,         -nan
DRAM_ROW_ACCESSES_29_total_count,             0
DRAM_ROW_ACCESSES_29_total_pct,         -nan

DRAM_ROW_ACCESSES_30_count,             0
DRAM_ROW_ACCESSES_30_pct,         -nan
DRAM_ROW_ACCESSES_30_total_count,             0
DRAM_ROW_ACCESSES_30_total_pct,         -nan

DRAM_ROW_ACCESSES_31_count,             0
DRAM_ROW_ACCESSES_31_pct,         -nan
DRAM_ROW_ACCESSES_31_total_count,             0
DRAM_ROW_ACCESSES_31_total_pct,         -nan

DRAM_ROW_ACCESSES_32_count,             0
DRAM_ROW_ACCESSES_32_pct,         -nan
DRAM_ROW_ACCESSES_32_total_count,             0
DRAM_ROW_ACCESSES_32_total_pct,         -nan

DRAM_ROW_ACCESSES_33_count,             0
DRAM_ROW_ACCESSES_33_pct,         -nan
DRAM_ROW_ACCESSES_33_total_count,             0
DRAM_ROW_ACCESSES_33_total_pct,         -nan

DRAM_ROW_ACCESSES_34_count,             0
DRAM_ROW_ACCESSES_34_pct,         -nan
DRAM_ROW_ACCESSES_34_total_count,             0
DRAM_ROW_ACCESSES_34_total_pct,         -nan

DRAM_ROW_ACCESSES_35_count,             0
DRAM_ROW_ACCESSES_35_pct,         -nan
DRAM_ROW_ACCESSES_35_total_count,             0
DRAM_ROW_ACCESSES_35_total_pct,         -nan

DRAM_ROW_ACCESSES_36_count,             0
DRAM_ROW_ACCESSES_36_pct,         -nan
DRAM_ROW_ACCESSES_36_total_count,             0
DRAM_ROW_ACCESSES_36_total_pct,         -nan

DRAM_ROW_ACCESSES_37_count,             0
DRAM_ROW_ACCESSES_37_pct,         -nan
DRAM_ROW_ACCESSES_37_total_count,             0
DRAM_ROW_ACCESSES_37_total_pct,         -nan

DRAM_ROW_ACCESSES_38_count,             0
DRAM_ROW_ACCESSES_38_pct,         -nan
DRAM_ROW_ACCESSES_38_total_count,             0
DRAM_ROW_ACCESSES_38_total_pct,         -nan

DRAM_ROW_ACCESSES_39_count,             0
DRAM_ROW_ACCESSES_39_pct,         -nan
DRAM_ROW_ACCESSES_39_total_count,             0
DRAM_ROW_ACCESSES_39_total_pct,         -nan

DRAM_ROW_ACCESSES_40_count,             0
DRAM_ROW_ACCESSES_40_pct,         -nan
DRAM_ROW_ACCESSES_40_total_count,             0
DRAM_ROW_ACCESSES_40_total_pct,         -nan

DRAM_ROW_ACCESSES_41_count,             0
DRAM_ROW_ACCESSES_41_pct,         -nan
DRAM_ROW_ACCESSES_41_total_count,             0
DRAM_ROW_ACCESSES_41_total_pct,         -nan

DRAM_ROW_ACCESSES_42_count,             0
DRAM_ROW_ACCESSES_42_pct,         -nan
DRAM_ROW_ACCESSES_42_total_count,             0
DRAM_ROW_ACCESSES_42_total_pct,         -nan

DRAM_ROW_ACCESSES_43_count,             0
DRAM_ROW_ACCESSES_43_pct,         -nan
DRAM_ROW_ACCESSES_43_total_count,             0
DRAM_ROW_ACCESSES_43_total_pct,         -nan

DRAM_ROW_ACCESSES_44_count,             0
DRAM_ROW_ACCESSES_44_pct,         -nan
DRAM_ROW_ACCESSES_44_total_count,             0
DRAM_ROW_ACCESSES_44_total_pct,         -nan

DRAM_ROW_ACCESSES_45_count,             0
DRAM_ROW_ACCESSES_45_pct,         -nan
DRAM_ROW_ACCESSES_45_total_count,             0
DRAM_ROW_ACCESSES_45_total_pct,         -nan

DRAM_ROW_ACCESSES_46_count,             0
DRAM_ROW_ACCESSES_46_pct,         -nan
DRAM_ROW_ACCESSES_46_total_count,             0
DRAM_ROW_ACCESSES_46_total_pct,         -nan

DRAM_ROW_ACCESSES_47_count,             0
DRAM_ROW_ACCESSES_47_pct,         -nan
DRAM_ROW_ACCESSES_47_total_count,             0
DRAM_ROW_ACCESSES_47_total_pct,         -nan

DRAM_ROW_ACCESSES_48_count,             0
DRAM_ROW_ACCESSES_48_pct,         -nan
DRAM_ROW_ACCESSES_48_total_count,             0
DRAM_ROW_ACCESSES_48_total_pct,         -nan

DRAM_ROW_ACCESSES_49_count,             0
DRAM_ROW_ACCESSES_49_pct,         -nan
DRAM_ROW_ACCESSES_49_total_count,             0
DRAM_ROW_ACCESSES_49_total_pct,         -nan

DRAM_ROW_ACCESSES_50_count,             0
DRAM_ROW_ACCESSES_50_pct,         -nan
DRAM_ROW_ACCESSES_50_total_count,             0
DRAM_ROW_ACCESSES_50_total_pct,         -nan

DRAM_ROW_ACCESSES_51_count,             0
DRAM_ROW_ACCESSES_51_pct,         -nan
DRAM_ROW_ACCESSES_51_total_count,             0
DRAM_ROW_ACCESSES_51_total_pct,         -nan

DRAM_ROW_ACCESSES_52_count,             0
DRAM_ROW_ACCESSES_52_pct,         -nan
DRAM_ROW_ACCESSES_52_total_count,             0
DRAM_ROW_ACCESSES_52_total_pct,         -nan

DRAM_ROW_ACCESSES_53_count,             0
DRAM_ROW_ACCESSES_53_pct,         -nan
DRAM_ROW_ACCESSES_53_total_count,             0
DRAM_ROW_ACCESSES_53_total_pct,         -nan

DRAM_ROW_ACCESSES_54_count,             0
DRAM_ROW_ACCESSES_54_pct,         -nan
DRAM_ROW_ACCESSES_54_total_count,             0
DRAM_ROW_ACCESSES_54_total_pct,         -nan

DRAM_ROW_ACCESSES_55_count,             0
DRAM_ROW_ACCESSES_55_pct,         -nan
DRAM_ROW_ACCESSES_55_total_count,             0
DRAM_ROW_ACCESSES_55_total_pct,         -nan

DRAM_ROW_ACCESSES_56_count,             0
DRAM_ROW_ACCESSES_56_pct,         -nan
DRAM_ROW_ACCESSES_56_total_count,             0
DRAM_ROW_ACCESSES_56_total_pct,         -nan

DRAM_ROW_ACCESSES_57_count,             0
DRAM_ROW_ACCESSES_57_pct,         -nan
DRAM_ROW_ACCESSES_57_total_count,             0
DRAM_ROW_ACCESSES_57_total_pct,         -nan

DRAM_ROW_ACCESSES_58_count,             0
DRAM_ROW_ACCESSES_58_pct,         -nan
DRAM_ROW_ACCESSES_58_total_count,             0
DRAM_ROW_ACCESSES_58_total_pct,         -nan

DRAM_ROW_ACCESSES_59_count,             0
DRAM_ROW_ACCESSES_59_pct,         -nan
DRAM_ROW_ACCESSES_59_total_count,             0
DRAM_ROW_ACCESSES_59_total_pct,         -nan

DRAM_ROW_ACCESSES_60_count,             0
DRAM_ROW_ACCESSES_60_pct,         -nan
DRAM_ROW_ACCESSES_60_total_count,             0
DRAM_ROW_ACCESSES_60_total_pct,         -nan

DRAM_ROW_ACCESSES_61_count,             0
DRAM_ROW_ACCESSES_61_pct,         -nan
DRAM_ROW_ACCESSES_61_total_count,             0
DRAM_ROW_ACCESSES_61_total_pct,         -nan

DRAM_ROW_ACCESSES_62_count,             0
DRAM_ROW_ACCESSES_62_pct,         -nan
DRAM_ROW_ACCESSES_62_total_count,             0
DRAM_ROW_ACCESSES_62_total_pct,         -nan

DRAM_ROW_ACCESSES_63_count,             0
DRAM_ROW_ACCESSES_63_pct,         -nan
DRAM_ROW_ACCESSES_63_total_count,             0
DRAM_ROW_ACCESSES_63_total_pct,         -nan

DRAM_ROW_ACCESSES_64_count,             0
DRAM_ROW_ACCESSES_64_pct,         -nan
DRAM_ROW_ACCESSES_64_total_count,             0
DRAM_ROW_ACCESSES_64_total_pct,         -nan
DRAM_ROW_ACCESSES_64_sum_count,             0
DRAM_ROW_ACCESSES_64_sum_pct,         -nan
DRAM_ROW_ACCESSES_64_sum_total_count,             0
DRAM_ROW_ACCESSES_64_sum_total_pct,         -nan
DRAM_ROW_ACCESSES_64_mean,         -nan
DRAM_ROW_ACCESSES_64_stddev,         -nan
DRAM_ROW_ACCESSES_64_total_mean,         -nan
DRAM_ROW_ACCESSES_64_total_stddev,         -nan

DRAM_NUM_REQS_0_TOTAL_count,             0
DRAM_NUM_REQS_0_TOTAL_total_count,             0

DRAM_NUM_REQS_1_TOTAL_count,             0
DRAM_NUM_REQS_1_TOTAL_total_count,             0

DRAM_NUM_REQS_2_TOTAL_count,             0
DRAM_NUM_REQS_2_TOTAL_total_count,             0

DRAM_NUM_REQS_3_TOTAL_count,             0
DRAM_NUM_REQS_3_TOTAL_total_count,             0

DRAM_NUM_REQS_4_TOTAL_count,             0
DRAM_NUM_REQS_4_TOTAL_total_count,             0

DRAM_NUM_REQS_5_TOTAL_count,             0
DRAM_NUM_REQS_5_TOTAL_total_count,             0

DRAM_NUM_REQS_6_TOTAL_count,             0
DRAM_NUM_REQS_6_TOTAL_total_count,             0

DRAM_NUM_REQS_7_TOTAL_count,             0
DRAM_NUM_REQS_7_TOTAL_total_count,             0

DRAM_NUM_REQS_8_TOTAL_count,             0
DRAM_NUM_REQS_8_TOTAL_total_count,             0

DRAM_NUM_REQS_9_TOTAL_count,             0
DRAM_NUM_REQS_9_TOTAL_total_count,             0

DRAM_NUM_REQS_10_TOTAL_count,             0
DRAM_NUM_REQS_10_TOTAL_total_count,             0

DRAM_NUM_REQS_11_TOTAL_count,             0
DRAM_NUM_REQS_11_TOTAL_total_count,             0

DRAM_NUM_REQS_12_TOTAL_count,             0
DRAM_NUM_REQS_12_TOTAL_total_count,             0

DRAM_NUM_REQS_13_TOTAL_count,             0
DRAM_NUM_REQS_13_TOTAL_total_count,             0

DRAM_NUM_REQS_14_TOTAL_count,             0
DRAM_NUM_REQS_14_TOTAL_total_count,             0

DRAM_NUM_REQS_15_TOTAL_count,             0
DRAM_NUM_REQS_15_TOTAL_total_count,             0

DRAM_NUM_REQS_16_TOTAL_count,             0
DRAM_NUM_REQS_16_TOTAL_total_count,             0

DRAM_NUM_REQS_17_TOTAL_count,             0
DRAM_NUM_REQS_17_TOTAL_total_count,             0

DRAM_NUM_REQS_18_TOTAL_count,             0
DRAM_NUM_REQS_18_TOTAL_total_count,             0

DRAM_NUM_REQS_19_TOTAL_count,             0
DRAM_NUM_REQS_19_TOTAL_total_count,             0

DRAM_NUM_REQS_20_TOTAL_count,             0
DRAM_NUM_REQS_20_TOTAL_total_count,             0

DRAM_NUM_REQS_21_TOTAL_count,             0
DRAM_NUM_REQS_21_TOTAL_total_count,             0

DRAM_NUM_REQS_22_TOTAL_count,             0
DRAM_NUM_REQS_22_TOTAL_total_count,             0

DRAM_NUM_REQS_23_TOTAL_count,             0
DRAM_NUM_REQS_23_TOTAL_total_count,             0

DRAM_NUM_REQS_24_TOTAL_count,             0
DRAM_NUM_REQS_24_TOTAL_total_count,             0

DRAM_NUM_REQS_25_TOTAL_count,             0
DRAM_NUM_REQS_25_TOTAL_total_count,             0

DRAM_NUM_REQS_26_TOTAL_count,             0
DRAM_NUM_REQS_26_TOTAL_total_count,             0

DRAM_NUM_REQS_27_TOTAL_count,             0
DRAM_NUM_REQS_27_TOTAL_total_count,             0

DRAM_NUM_REQS_28_TOTAL_count,             0
DRAM_NUM_REQS_28_TOTAL_total_count,             0

DRAM_NUM_REQS_29_TOTAL_count,             0
DRAM_NUM_REQS_29_TOTAL_total_count,             0

DRAM_NUM_REQS_30_TOTAL_count,             0
DRAM_NUM_REQS_30_TOTAL_total_count,             0

DRAM_NUM_REQS_31_TOTAL_count,             0
DRAM_NUM_REQS_31_TOTAL_total_count,             0

DRAM_NUM_REQS_32_TOTAL_count,             0
DRAM_NUM_REQS_32_TOTAL_total_count,             0

DRAM_NUM_REQS_0_IFETCH_count,             0
DRAM_NUM_REQS_0_IFETCH_pct,         -nan
DRAM_NUM_REQS_0_IFETCH_total_count,             0
DRAM_NUM_REQS_0_IFETCH_total_pct,         -nan

DRAM_NUM_REQS_0_DFETCH_count,             0
DRAM_NUM_REQS_0_DFETCH_pct,         -nan
DRAM_NUM_REQS_0_DFETCH_total_count,             0
DRAM_NUM_REQS_0_DFETCH_total_pct,         -nan

DRAM_NUM_REQS_0_DSTORE_count,             0
DRAM_NUM_REQS_0_DSTORE_pct,         -nan
DRAM_NUM_REQS_0_DSTORE_total_count,             0
DRAM_NUM_REQS_0_DSTORE_total_pct,         -nan

DRAM_NUM_REQS_0_IPRF_count,             0
DRAM_NUM_REQS_0_IPRF_pct,         -nan
DRAM_NUM_REQS_0_IPRF_total_count,             0
DRAM_NUM_REQS_0_IPRF_total_pct,         -nan

DRAM_NUM_REQS_0_DPRF_count,             0
DRAM_NUM_REQS_0_DPRF_pct,         -nan
DRAM_NUM_REQS_0_DPRF_total_count,             0
DRAM_NUM_REQS_0_DPRF_total_pct,         -nan

DRAM_NUM_REQS_0_WB_count,             0
DRAM_NUM_REQS_0_WB_pct,         -nan
DRAM_NUM_REQS_0_WB_total_count,             0
DRAM_NUM_REQS_0_WB_total_pct,         -nan

DRAM_NUM_REQS_0_WB_NODIRTY_count,             0
DRAM_NUM_REQS_0_WB_NODIRTY_pct,         -nan
DRAM_NUM_REQS_0_WB_NODIRTY_total_count,             0
DRAM_NUM_REQS_0_WB_NODIRTY_total_pct,         -nan

DRAM_NUM_REQS_1_IFETCH_count,             0
DRAM_NUM_REQS_1_IFETCH_pct,         -nan
DRAM_NUM_REQS_1_IFETCH_total_count,             0
DRAM_NUM_REQS_1_IFETCH_total_pct,         -nan

DRAM_NUM_REQS_1_DFETCH_count,             0
DRAM_NUM_REQS_1_DFETCH_pct,         -nan
DRAM_NUM_REQS_1_DFETCH_total_count,             0
DRAM_NUM_REQS_1_DFETCH_total_pct,         -nan

DRAM_NUM_REQS_1_DSTORE_count,             0
DRAM_NUM_REQS_1_DSTORE_pct,         -nan
DRAM_NUM_REQS_1_DSTORE_total_count,             0
DRAM_NUM_REQS_1_DSTORE_total_pct,         -nan

DRAM_NUM_REQS_1_IPRF_count,             0
DRAM_NUM_REQS_1_IPRF_pct,         -nan
DRAM_NUM_REQS_1_IPRF_total_count,             0
DRAM_NUM_REQS_1_IPRF_total_pct,         -nan

DRAM_NUM_REQS_1_DPRF_count,             0
DRAM_NUM_REQS_1_DPRF_pct,         -nan
DRAM_NUM_REQS_1_DPRF_total_count,             0
DRAM_NUM_REQS_1_DPRF_total_pct,         -nan

DRAM_NUM_REQS_1_WB_count,             0
DRAM_NUM_REQS_1_WB_pct,         -nan
DRAM_NUM_REQS_1_WB_total_count,             0
DRAM_NUM_REQS_1_WB_total_pct,         -nan

DRAM_NUM_REQS_1_WB_NODIRTY_count,             0
DRAM_NUM_REQS_1_WB_NODIRTY_pct,         -nan
DRAM_NUM_REQS_1_WB_NODIRTY_total_count,             0
DRAM_NUM_REQS_1_WB_NODIRTY_total_pct,         -nan

DRAM_NUM_REQS_2_IFETCH_count,             0
DRAM_NUM_REQS_2_IFETCH_pct,         -nan
DRAM_NUM_REQS_2_IFETCH_total_count,             0
DRAM_NUM_REQS_2_IFETCH_total_pct,         -nan

DRAM_NUM_REQS_2_DFETCH_count,             0
DRAM_NUM_REQS_2_DFETCH_pct,         -nan
DRAM_NUM_REQS_2_DFETCH_total_count,             0
DRAM_NUM_REQS_2_DFETCH_total_pct,         -nan

DRAM_NUM_REQS_2_DSTORE_count,             0
DRAM_NUM_REQS_2_DSTORE_pct,         -nan
DRAM_NUM_REQS_2_DSTORE_total_count,             0
DRAM_NUM_REQS_2_DSTORE_total_pct,         -nan

DRAM_NUM_REQS_2_IPRF_count,             0
DRAM_NUM_REQS_2_IPRF_pct,         -nan
DRAM_NUM_REQS_2_IPRF_total_count,             0
DRAM_NUM_REQS_2_IPRF_total_pct,         -nan

DRAM_NUM_REQS_2_DPRF_count,             0
DRAM_NUM_REQS_2_DPRF_pct,         -nan
DRAM_NUM_REQS_2_DPRF_total_count,             0
DRAM_NUM_REQS_2_DPRF_total_pct,         -nan

DRAM_NUM_REQS_2_WB_count,             0
DRAM_NUM_REQS_2_WB_pct,         -nan
DRAM_NUM_REQS_2_WB_total_count,             0
DRAM_NUM_REQS_2_WB_total_pct,         -nan

DRAM_NUM_REQS_2_WB_NODIRTY_count,             0
DRAM_NUM_REQS_2_WB_NODIRTY_pct,         -nan
DRAM_NUM_REQS_2_WB_NODIRTY_total_count,             0
DRAM_NUM_REQS_2_WB_NODIRTY_total_pct,         -nan

DRAM_NUM_REQS_3_IFETCH_count,             0
DRAM_NUM_REQS_3_IFETCH_pct,         -nan
DRAM_NUM_REQS_3_IFETCH_total_count,             0
DRAM_NUM_REQS_3_IFETCH_total_pct,         -nan

DRAM_NUM_REQS_3_DFETCH_count,             0
DRAM_NUM_REQS_3_DFETCH_pct,         -nan
DRAM_NUM_REQS_3_DFETCH_total_count,             0
DRAM_NUM_REQS_3_DFETCH_total_pct,         -nan

DRAM_NUM_REQS_3_DSTORE_count,             0
DRAM_NUM_REQS_3_DSTORE_pct,         -nan
DRAM_NUM_REQS_3_DSTORE_total_count,             0
DRAM_NUM_REQS_3_DSTORE_total_pct,         -nan

DRAM_NUM_REQS_3_IPRF_count,             0
DRAM_NUM_REQS_3_IPRF_pct,         -nan
DRAM_NUM_REQS_3_IPRF_total_count,             0
DRAM_NUM_REQS_3_IPRF_total_pct,         -nan

DRAM_NUM_REQS_3_DPRF_count,             0
DRAM_NUM_REQS_3_DPRF_pct,         -nan
DRAM_NUM_REQS_3_DPRF_total_count,             0
DRAM_NUM_REQS_3_DPRF_total_pct,         -nan

DRAM_NUM_REQS_3_WB_count,             0
DRAM_NUM_REQS_3_WB_pct,         -nan
DRAM_NUM_REQS_3_WB_total_count,             0
DRAM_NUM_REQS_3_WB_total_pct,         -nan

DRAM_NUM_REQS_3_WB_NODIRTY_count,             0
DRAM_NUM_REQS_3_WB_NODIRTY_pct,         -nan
DRAM_NUM_REQS_3_WB_NODIRTY_total_count,             0
DRAM_NUM_REQS_3_WB_NODIRTY_total_pct,         -nan

DRAM_NUM_REQS_4_IFETCH_count,             0
DRAM_NUM_REQS_4_IFETCH_pct,         -nan
DRAM_NUM_REQS_4_IFETCH_total_count,             0
DRAM_NUM_REQS_4_IFETCH_total_pct,         -nan

DRAM_NUM_REQS_4_DFETCH_count,             0
DRAM_NUM_REQS_4_DFETCH_pct,         -nan
DRAM_NUM_REQS_4_DFETCH_total_count,             0
DRAM_NUM_REQS_4_DFETCH_total_pct,         -nan

DRAM_NUM_REQS_4_DSTORE_count,             0
DRAM_NUM_REQS_4_DSTORE_pct,         -nan
DRAM_NUM_REQS_4_DSTORE_total_count,             0
DRAM_NUM_REQS_4_DSTORE_total_pct,         -nan

DRAM_NUM_REQS_4_IPRF_count,             0
DRAM_NUM_REQS_4_IPRF_pct,         -nan
DRAM_NUM_REQS_4_IPRF_total_count,             0
DRAM_NUM_REQS_4_IPRF_total_pct,         -nan

DRAM_NUM_REQS_4_DPRF_count,             0
DRAM_NUM_REQS_4_DPRF_pct,         -nan
DRAM_NUM_REQS_4_DPRF_total_count,             0
DRAM_NUM_REQS_4_DPRF_total_pct,         -nan

DRAM_NUM_REQS_4_WB_count,             0
DRAM_NUM_REQS_4_WB_pct,         -nan
DRAM_NUM_REQS_4_WB_total_count,             0
DRAM_NUM_REQS_4_WB_total_pct,         -nan

DRAM_NUM_REQS_4_WB_NODIRTY_count,             0
DRAM_NUM_REQS_4_WB_NODIRTY_pct,         -nan
DRAM_NUM_REQS_4_WB_NODIRTY_total_count,             0
DRAM_NUM_REQS_4_WB_NODIRTY_total_pct,         -nan

DRAM_NUM_REQS_5_IFETCH_count,             0
DRAM_NUM_REQS_5_IFETCH_pct,         -nan
DRAM_NUM_REQS_5_IFETCH_total_count,             0
DRAM_NUM_REQS_5_IFETCH_total_pct,         -nan

DRAM_NUM_REQS_5_DFETCH_count,             0
DRAM_NUM_REQS_5_DFETCH_pct,         -nan
DRAM_NUM_REQS_5_DFETCH_total_count,             0
DRAM_NUM_REQS_5_DFETCH_total_pct,         -nan

DRAM_NUM_REQS_5_DSTORE_count,             0
DRAM_NUM_REQS_5_DSTORE_pct,         -nan
DRAM_NUM_REQS_5_DSTORE_total_count,             0
DRAM_NUM_REQS_5_DSTORE_total_pct,         -nan

DRAM_NUM_REQS_5_IPRF_count,             0
DRAM_NUM_REQS_5_IPRF_pct,         -nan
DRAM_NUM_REQS_5_IPRF_total_count,             0
DRAM_NUM_REQS_5_IPRF_total_pct,         -nan

DRAM_NUM_REQS_5_DPRF_count,             0
DRAM_NUM_REQS_5_DPRF_pct,         -nan
DRAM_NUM_REQS_5_DPRF_total_count,             0
DRAM_NUM_REQS_5_DPRF_total_pct,         -nan

DRAM_NUM_REQS_5_WB_count,             0
DRAM_NUM_REQS_5_WB_pct,         -nan
DRAM_NUM_REQS_5_WB_total_count,             0
DRAM_NUM_REQS_5_WB_total_pct,         -nan

DRAM_NUM_REQS_5_WB_NODIRTY_count,             0
DRAM_NUM_REQS_5_WB_NODIRTY_pct,         -nan
DRAM_NUM_REQS_5_WB_NODIRTY_total_count,             0
DRAM_NUM_REQS_5_WB_NODIRTY_total_pct,         -nan

DRAM_NUM_REQS_6_IFETCH_count,             0
DRAM_NUM_REQS_6_IFETCH_pct,         -nan
DRAM_NUM_REQS_6_IFETCH_total_count,             0
DRAM_NUM_REQS_6_IFETCH_total_pct,         -nan

DRAM_NUM_REQS_6_DFETCH_count,             0
DRAM_NUM_REQS_6_DFETCH_pct,         -nan
DRAM_NUM_REQS_6_DFETCH_total_count,             0
DRAM_NUM_REQS_6_DFETCH_total_pct,         -nan

DRAM_NUM_REQS_6_DSTORE_count,             0
DRAM_NUM_REQS_6_DSTORE_pct,         -nan
DRAM_NUM_REQS_6_DSTORE_total_count,             0
DRAM_NUM_REQS_6_DSTORE_total_pct,         -nan

DRAM_NUM_REQS_6_IPRF_count,             0
DRAM_NUM_REQS_6_IPRF_pct,         -nan
DRAM_NUM_REQS_6_IPRF_total_count,             0
DRAM_NUM_REQS_6_IPRF_total_pct,         -nan

DRAM_NUM_REQS_6_DPRF_count,             0
DRAM_NUM_REQS_6_DPRF_pct,         -nan
DRAM_NUM_REQS_6_DPRF_total_count,             0
DRAM_NUM_REQS_6_DPRF_total_pct,         -nan

DRAM_NUM_REQS_6_WB_count,             0
DRAM_NUM_REQS_6_WB_pct,         -nan
DRAM_NUM_REQS_6_WB_total_count,             0
DRAM_NUM_REQS_6_WB_total_pct,         -nan

DRAM_NUM_REQS_6_WB_NODIRTY_count,             0
DRAM_NUM_REQS_6_WB_NODIRTY_pct,         -nan
DRAM_NUM_REQS_6_WB_NODIRTY_total_count,             0
DRAM_NUM_REQS_6_WB_NODIRTY_total_pct,         -nan

DRAM_NUM_REQS_7_IFETCH_count,             0
DRAM_NUM_REQS_7_IFETCH_pct,         -nan
DRAM_NUM_REQS_7_IFETCH_total_count,             0
DRAM_NUM_REQS_7_IFETCH_total_pct,         -nan

DRAM_NUM_REQS_7_DFETCH_count,             0
DRAM_NUM_REQS_7_DFETCH_pct,         -nan
DRAM_NUM_REQS_7_DFETCH_total_count,             0
DRAM_NUM_REQS_7_DFETCH_total_pct,         -nan

DRAM_NUM_REQS_7_DSTORE_count,             0
DRAM_NUM_REQS_7_DSTORE_pct,         -nan
DRAM_NUM_REQS_7_DSTORE_total_count,             0
DRAM_NUM_REQS_7_DSTORE_total_pct,         -nan

DRAM_NUM_REQS_7_IPRF_count,             0
DRAM_NUM_REQS_7_IPRF_pct,         -nan
DRAM_NUM_REQS_7_IPRF_total_count,             0
DRAM_NUM_REQS_7_IPRF_total_pct,         -nan

DRAM_NUM_REQS_7_DPRF_count,             0
DRAM_NUM_REQS_7_DPRF_pct,         -nan
DRAM_NUM_REQS_7_DPRF_total_count,             0
DRAM_NUM_REQS_7_DPRF_total_pct,         -nan

DRAM_NUM_REQS_7_WB_count,             0
DRAM_NUM_REQS_7_WB_pct,         -nan
DRAM_NUM_REQS_7_WB_total_count,             0
DRAM_NUM_REQS_7_WB_total_pct,         -nan

DRAM_NUM_REQS_7_WB_NODIRTY_count,             0
DRAM_NUM_REQS_7_WB_NODIRTY_pct,         -nan
DRAM_NUM_REQS_7_WB_NODIRTY_total_count,             0
DRAM_NUM_REQS_7_WB_NODIRTY_total_pct,         -nan

DRAM_NUM_REQS_8_IFETCH_count,             0
DRAM_NUM_REQS_8_IFETCH_pct,         -nan
DRAM_NUM_REQS_8_IFETCH_total_count,             0
DRAM_NUM_REQS_8_IFETCH_total_pct,         -nan

DRAM_NUM_REQS_8_DFETCH_count,             0
DRAM_NUM_REQS_8_DFETCH_pct,         -nan
DRAM_NUM_REQS_8_DFETCH_total_count,             0
DRAM_NUM_REQS_8_DFETCH_total_pct,         -nan

DRAM_NUM_REQS_8_DSTORE_count,             0
DRAM_NUM_REQS_8_DSTORE_pct,         -nan
DRAM_NUM_REQS_8_DSTORE_total_count,             0
DRAM_NUM_REQS_8_DSTORE_total_pct,         -nan

DRAM_NUM_REQS_8_IPRF_count,             0
DRAM_NUM_REQS_8_IPRF_pct,         -nan
DRAM_NUM_REQS_8_IPRF_total_count,             0
DRAM_NUM_REQS_8_IPRF_total_pct,         -nan

DRAM_NUM_REQS_8_DPRF_count,             0
DRAM_NUM_REQS_8_DPRF_pct,         -nan
DRAM_NUM_REQS_8_DPRF_total_count,             0
DRAM_NUM_REQS_8_DPRF_total_pct,         -nan

DRAM_NUM_REQS_8_WB_count,             0
DRAM_NUM_REQS_8_WB_pct,         -nan
DRAM_NUM_REQS_8_WB_total_count,             0
DRAM_NUM_REQS_8_WB_total_pct,         -nan

DRAM_NUM_REQS_8_WB_NODIRTY_count,             0
DRAM_NUM_REQS_8_WB_NODIRTY_pct,         -nan
DRAM_NUM_REQS_8_WB_NODIRTY_total_count,             0
DRAM_NUM_REQS_8_WB_NODIRTY_total_pct,         -nan

DRAM_NUM_REQS_9_IFETCH_count,             0
DRAM_NUM_REQS_9_IFETCH_pct,         -nan
DRAM_NUM_REQS_9_IFETCH_total_count,             0
DRAM_NUM_REQS_9_IFETCH_total_pct,         -nan

DRAM_NUM_REQS_9_DFETCH_count,             0
DRAM_NUM_REQS_9_DFETCH_pct,         -nan
DRAM_NUM_REQS_9_DFETCH_total_count,             0
DRAM_NUM_REQS_9_DFETCH_total_pct,         -nan

DRAM_NUM_REQS_9_DSTORE_count,             0
DRAM_NUM_REQS_9_DSTORE_pct,         -nan
DRAM_NUM_REQS_9_DSTORE_total_count,             0
DRAM_NUM_REQS_9_DSTORE_total_pct,         -nan

DRAM_NUM_REQS_9_IPRF_count,             0
DRAM_NUM_REQS_9_IPRF_pct,         -nan
DRAM_NUM_REQS_9_IPRF_total_count,             0
DRAM_NUM_REQS_9_IPRF_total_pct,         -nan

DRAM_NUM_REQS_9_DPRF_count,             0
DRAM_NUM_REQS_9_DPRF_pct,         -nan
DRAM_NUM_REQS_9_DPRF_total_count,             0
DRAM_NUM_REQS_9_DPRF_total_pct,         -nan

DRAM_NUM_REQS_9_WB_count,             0
DRAM_NUM_REQS_9_WB_pct,         -nan
DRAM_NUM_REQS_9_WB_total_count,             0
DRAM_NUM_REQS_9_WB_total_pct,         -nan

DRAM_NUM_REQS_9_WB_NODIRTY_count,             0
DRAM_NUM_REQS_9_WB_NODIRTY_pct,         -nan
DRAM_NUM_REQS_9_WB_NODIRTY_total_count,             0
DRAM_NUM_REQS_9_WB_NODIRTY_total_pct,         -nan

DRAM_NUM_REQS_10_IFETCH_count,             0
DRAM_NUM_REQS_10_IFETCH_pct,         -nan
DRAM_NUM_REQS_10_IFETCH_total_count,             0
DRAM_NUM_REQS_10_IFETCH_total_pct,         -nan

DRAM_NUM_REQS_10_DFETCH_count,             0
DRAM_NUM_REQS_10_DFETCH_pct,         -nan
DRAM_NUM_REQS_10_DFETCH_total_count,             0
DRAM_NUM_REQS_10_DFETCH_total_pct,         -nan

DRAM_NUM_REQS_10_DSTORE_count,             0
DRAM_NUM_REQS_10_DSTORE_pct,         -nan
DRAM_NUM_REQS_10_DSTORE_total_count,             0
DRAM_NUM_REQS_10_DSTORE_total_pct,         -nan

DRAM_NUM_REQS_10_IPRF_count,             0
DRAM_NUM_REQS_10_IPRF_pct,         -nan
DRAM_NUM_REQS_10_IPRF_total_count,             0
DRAM_NUM_REQS_10_IPRF_total_pct,         -nan

DRAM_NUM_REQS_10_DPRF_count,             0
DRAM_NUM_REQS_10_DPRF_pct,         -nan
DRAM_NUM_REQS_10_DPRF_total_count,             0
DRAM_NUM_REQS_10_DPRF_total_pct,         -nan

DRAM_NUM_REQS_10_WB_count,             0
DRAM_NUM_REQS_10_WB_pct,         -nan
DRAM_NUM_REQS_10_WB_total_count,             0
DRAM_NUM_REQS_10_WB_total_pct,         -nan

DRAM_NUM_REQS_10_WB_NODIRTY_count,             0
DRAM_NUM_REQS_10_WB_NODIRTY_pct,         -nan
DRAM_NUM_REQS_10_WB_NODIRTY_total_count,             0
DRAM_NUM_REQS_10_WB_NODIRTY_total_pct,         -nan

DRAM_NUM_REQS_11_IFETCH_count,             0
DRAM_NUM_REQS_11_IFETCH_pct,         -nan
DRAM_NUM_REQS_11_IFETCH_total_count,             0
DRAM_NUM_REQS_11_IFETCH_total_pct,         -nan

DRAM_NUM_REQS_11_DFETCH_count,             0
DRAM_NUM_REQS_11_DFETCH_pct,         -nan
DRAM_NUM_REQS_11_DFETCH_total_count,             0
DRAM_NUM_REQS_11_DFETCH_total_pct,         -nan

DRAM_NUM_REQS_11_DSTORE_count,             0
DRAM_NUM_REQS_11_DSTORE_pct,         -nan
DRAM_NUM_REQS_11_DSTORE_total_count,             0
DRAM_NUM_REQS_11_DSTORE_total_pct,         -nan

DRAM_NUM_REQS_11_IPRF_count,             0
DRAM_NUM_REQS_11_IPRF_pct,         -nan
DRAM_NUM_REQS_11_IPRF_total_count,             0
DRAM_NUM_REQS_11_IPRF_total_pct,         -nan

DRAM_NUM_REQS_11_DPRF_count,             0
DRAM_NUM_REQS_11_DPRF_pct,         -nan
DRAM_NUM_REQS_11_DPRF_total_count,             0
DRAM_NUM_REQS_11_DPRF_total_pct,         -nan

DRAM_NUM_REQS_11_WB_count,             0
DRAM_NUM_REQS_11_WB_pct,         -nan
DRAM_NUM_REQS_11_WB_total_count,             0
DRAM_NUM_REQS_11_WB_total_pct,         -nan

DRAM_NUM_REQS_11_WB_NODIRTY_count,             0
DRAM_NUM_REQS_11_WB_NODIRTY_pct,         -nan
DRAM_NUM_REQS_11_WB_NODIRTY_total_count,             0
DRAM_NUM_REQS_11_WB_NODIRTY_total_pct,         -nan

DRAM_NUM_REQS_12_IFETCH_count,             0
DRAM_NUM_REQS_12_IFETCH_pct,         -nan
DRAM_NUM_REQS_12_IFETCH_total_count,             0
DRAM_NUM_REQS_12_IFETCH_total_pct,         -nan

DRAM_NUM_REQS_12_DFETCH_count,             0
DRAM_NUM_REQS_12_DFETCH_pct,         -nan
DRAM_NUM_REQS_12_DFETCH_total_count,             0
DRAM_NUM_REQS_12_DFETCH_total_pct,         -nan

DRAM_NUM_REQS_12_DSTORE_count,             0
DRAM_NUM_REQS_12_DSTORE_pct,         -nan
DRAM_NUM_REQS_12_DSTORE_total_count,             0
DRAM_NUM_REQS_12_DSTORE_total_pct,         -nan

DRAM_NUM_REQS_12_IPRF_count,             0
DRAM_NUM_REQS_12_IPRF_pct,         -nan
DRAM_NUM_REQS_12_IPRF_total_count,             0
DRAM_NUM_REQS_12_IPRF_total_pct,         -nan

DRAM_NUM_REQS_12_DPRF_count,             0
DRAM_NUM_REQS_12_DPRF_pct,         -nan
DRAM_NUM_REQS_12_DPRF_total_count,             0
DRAM_NUM_REQS_12_DPRF_total_pct,         -nan

DRAM_NUM_REQS_12_WB_count,             0
DRAM_NUM_REQS_12_WB_pct,         -nan
DRAM_NUM_REQS_12_WB_total_count,             0
DRAM_NUM_REQS_12_WB_total_pct,         -nan

DRAM_NUM_REQS_12_WB_NODIRTY_count,             0
DRAM_NUM_REQS_12_WB_NODIRTY_pct,         -nan
DRAM_NUM_REQS_12_WB_NODIRTY_total_count,             0
DRAM_NUM_REQS_12_WB_NODIRTY_total_pct,         -nan

DRAM_NUM_REQS_13_IFETCH_count,             0
DRAM_NUM_REQS_13_IFETCH_pct,         -nan
DRAM_NUM_REQS_13_IFETCH_total_count,             0
DRAM_NUM_REQS_13_IFETCH_total_pct,         -nan

DRAM_NUM_REQS_13_DFETCH_count,             0
DRAM_NUM_REQS_13_DFETCH_pct,         -nan
DRAM_NUM_REQS_13_DFETCH_total_count,             0
DRAM_NUM_REQS_13_DFETCH_total_pct,         -nan

DRAM_NUM_REQS_13_DSTORE_count,             0
DRAM_NUM_REQS_13_DSTORE_pct,         -nan
DRAM_NUM_REQS_13_DSTORE_total_count,             0
DRAM_NUM_REQS_13_DSTORE_total_pct,         -nan

DRAM_NUM_REQS_13_IPRF_count,             0
DRAM_NUM_REQS_13_IPRF_pct,         -nan
DRAM_NUM_REQS_13_IPRF_total_count,             0
DRAM_NUM_REQS_13_IPRF_total_pct,         -nan

DRAM_NUM_REQS_13_DPRF_count,             0
DRAM_NUM_REQS_13_DPRF_pct,         -nan
DRAM_NUM_REQS_13_DPRF_total_count,             0
DRAM_NUM_REQS_13_DPRF_total_pct,         -nan

DRAM_NUM_REQS_13_WB_count,             0
DRAM_NUM_REQS_13_WB_pct,         -nan
DRAM_NUM_REQS_13_WB_total_count,             0
DRAM_NUM_REQS_13_WB_total_pct,         -nan

DRAM_NUM_REQS_13_WB_NODIRTY_count,             0
DRAM_NUM_REQS_13_WB_NODIRTY_pct,         -nan
DRAM_NUM_REQS_13_WB_NODIRTY_total_count,             0
DRAM_NUM_REQS_13_WB_NODIRTY_total_pct,         -nan

DRAM_NUM_REQS_14_IFETCH_count,             0
DRAM_NUM_REQS_14_IFETCH_pct,         -nan
DRAM_NUM_REQS_14_IFETCH_total_count,             0
DRAM_NUM_REQS_14_IFETCH_total_pct,         -nan

DRAM_NUM_REQS_14_DFETCH_count,             0
DRAM_NUM_REQS_14_DFETCH_pct,         -nan
DRAM_NUM_REQS_14_DFETCH_total_count,             0
DRAM_NUM_REQS_14_DFETCH_total_pct,         -nan

DRAM_NUM_REQS_14_DSTORE_count,             0
DRAM_NUM_REQS_14_DSTORE_pct,         -nan
DRAM_NUM_REQS_14_DSTORE_total_count,             0
DRAM_NUM_REQS_14_DSTORE_total_pct,         -nan

DRAM_NUM_REQS_14_IPRF_count,             0
DRAM_NUM_REQS_14_IPRF_pct,         -nan
DRAM_NUM_REQS_14_IPRF_total_count,             0
DRAM_NUM_REQS_14_IPRF_total_pct,         -nan

DRAM_NUM_REQS_14_DPRF_count,             0
DRAM_NUM_REQS_14_DPRF_pct,         -nan
DRAM_NUM_REQS_14_DPRF_total_count,             0
DRAM_NUM_REQS_14_DPRF_total_pct,         -nan

DRAM_NUM_REQS_14_WB_count,             0
DRAM_NUM_REQS_14_WB_pct,         -nan
DRAM_NUM_REQS_14_WB_total_count,             0
DRAM_NUM_REQS_14_WB_total_pct,         -nan

DRAM_NUM_REQS_14_WB_NODIRTY_count,             0
DRAM_NUM_REQS_14_WB_NODIRTY_pct,         -nan
DRAM_NUM_REQS_14_WB_NODIRTY_total_count,             0
DRAM_NUM_REQS_14_WB_NODIRTY_total_pct,         -nan

DRAM_NUM_REQS_15_IFETCH_count,             0
DRAM_NUM_REQS_15_IFETCH_pct,         -nan
DRAM_NUM_REQS_15_IFETCH_total_count,             0
DRAM_NUM_REQS_15_IFETCH_total_pct,         -nan

DRAM_NUM_REQS_15_DFETCH_count,             0
DRAM_NUM_REQS_15_DFETCH_pct,         -nan
DRAM_NUM_REQS_15_DFETCH_total_count,             0
DRAM_NUM_REQS_15_DFETCH_total_pct,         -nan

DRAM_NUM_REQS_15_DSTORE_count,             0
DRAM_NUM_REQS_15_DSTORE_pct,         -nan
DRAM_NUM_REQS_15_DSTORE_total_count,             0
DRAM_NUM_REQS_15_DSTORE_total_pct,         -nan

DRAM_NUM_REQS_15_IPRF_count,             0
DRAM_NUM_REQS_15_IPRF_pct,         -nan
DRAM_NUM_REQS_15_IPRF_total_count,             0
DRAM_NUM_REQS_15_IPRF_total_pct,         -nan

DRAM_NUM_REQS_15_DPRF_count,             0
DRAM_NUM_REQS_15_DPRF_pct,         -nan
DRAM_NUM_REQS_15_DPRF_total_count,             0
DRAM_NUM_REQS_15_DPRF_total_pct,         -nan

DRAM_NUM_REQS_15_WB_count,             0
DRAM_NUM_REQS_15_WB_pct,         -nan
DRAM_NUM_REQS_15_WB_total_count,             0
DRAM_NUM_REQS_15_WB_total_pct,         -nan

DRAM_NUM_REQS_15_WB_NODIRTY_count,             0
DRAM_NUM_REQS_15_WB_NODIRTY_pct,         -nan
DRAM_NUM_REQS_15_WB_NODIRTY_total_count,             0
DRAM_NUM_REQS_15_WB_NODIRTY_total_pct,         -nan

DRAM_NUM_REQS_16_IFETCH_count,             0
DRAM_NUM_REQS_16_IFETCH_pct,         -nan
DRAM_NUM_REQS_16_IFETCH_total_count,             0
DRAM_NUM_REQS_16_IFETCH_total_pct,         -nan

DRAM_NUM_REQS_16_DFETCH_count,             0
DRAM_NUM_REQS_16_DFETCH_pct,         -nan
DRAM_NUM_REQS_16_DFETCH_total_count,             0
DRAM_NUM_REQS_16_DFETCH_total_pct,         -nan

DRAM_NUM_REQS_16_DSTORE_count,             0
DRAM_NUM_REQS_16_DSTORE_pct,         -nan
DRAM_NUM_REQS_16_DSTORE_total_count,             0
DRAM_NUM_REQS_16_DSTORE_total_pct,         -nan

DRAM_NUM_REQS_16_IPRF_count,             0
DRAM_NUM_REQS_16_IPRF_pct,         -nan
DRAM_NUM_REQS_16_IPRF_total_count,             0
DRAM_NUM_REQS_16_IPRF_total_pct,         -nan

DRAM_NUM_REQS_16_DPRF_count,             0
DRAM_NUM_REQS_16_DPRF_pct,         -nan
DRAM_NUM_REQS_16_DPRF_total_count,             0
DRAM_NUM_REQS_16_DPRF_total_pct,         -nan

DRAM_NUM_REQS_16_WB_count,             0
DRAM_NUM_REQS_16_WB_pct,         -nan
DRAM_NUM_REQS_16_WB_total_count,             0
DRAM_NUM_REQS_16_WB_total_pct,         -nan

DRAM_NUM_REQS_16_WB_NODIRTY_count,             0
DRAM_NUM_REQS_16_WB_NODIRTY_pct,         -nan
DRAM_NUM_REQS_16_WB_NODIRTY_total_count,             0
DRAM_NUM_REQS_16_WB_NODIRTY_total_pct,         -nan

DRAM_NUM_REQS_17_IFETCH_count,             0
DRAM_NUM_REQS_17_IFETCH_pct,         -nan
DRAM_NUM_REQS_17_IFETCH_total_count,             0
DRAM_NUM_REQS_17_IFETCH_total_pct,         -nan

DRAM_NUM_REQS_17_DFETCH_count,             0
DRAM_NUM_REQS_17_DFETCH_pct,         -nan
DRAM_NUM_REQS_17_DFETCH_total_count,             0
DRAM_NUM_REQS_17_DFETCH_total_pct,         -nan

DRAM_NUM_REQS_17_DSTORE_count,             0
DRAM_NUM_REQS_17_DSTORE_pct,         -nan
DRAM_NUM_REQS_17_DSTORE_total_count,             0
DRAM_NUM_REQS_17_DSTORE_total_pct,         -nan

DRAM_NUM_REQS_17_IPRF_count,             0
DRAM_NUM_REQS_17_IPRF_pct,         -nan
DRAM_NUM_REQS_17_IPRF_total_count,             0
DRAM_NUM_REQS_17_IPRF_total_pct,         -nan

DRAM_NUM_REQS_17_DPRF_count,             0
DRAM_NUM_REQS_17_DPRF_pct,         -nan
DRAM_NUM_REQS_17_DPRF_total_count,             0
DRAM_NUM_REQS_17_DPRF_total_pct,         -nan

DRAM_NUM_REQS_17_WB_count,             0
DRAM_NUM_REQS_17_WB_pct,         -nan
DRAM_NUM_REQS_17_WB_total_count,             0
DRAM_NUM_REQS_17_WB_total_pct,         -nan

DRAM_NUM_REQS_17_WB_NODIRTY_count,             0
DRAM_NUM_REQS_17_WB_NODIRTY_pct,         -nan
DRAM_NUM_REQS_17_WB_NODIRTY_total_count,             0
DRAM_NUM_REQS_17_WB_NODIRTY_total_pct,         -nan

DRAM_NUM_REQS_18_IFETCH_count,             0
DRAM_NUM_REQS_18_IFETCH_pct,         -nan
DRAM_NUM_REQS_18_IFETCH_total_count,             0
DRAM_NUM_REQS_18_IFETCH_total_pct,         -nan

DRAM_NUM_REQS_18_DFETCH_count,             0
DRAM_NUM_REQS_18_DFETCH_pct,         -nan
DRAM_NUM_REQS_18_DFETCH_total_count,             0
DRAM_NUM_REQS_18_DFETCH_total_pct,         -nan

DRAM_NUM_REQS_18_DSTORE_count,             0
DRAM_NUM_REQS_18_DSTORE_pct,         -nan
DRAM_NUM_REQS_18_DSTORE_total_count,             0
DRAM_NUM_REQS_18_DSTORE_total_pct,         -nan

DRAM_NUM_REQS_18_IPRF_count,             0
DRAM_NUM_REQS_18_IPRF_pct,         -nan
DRAM_NUM_REQS_18_IPRF_total_count,             0
DRAM_NUM_REQS_18_IPRF_total_pct,         -nan

DRAM_NUM_REQS_18_DPRF_count,             0
DRAM_NUM_REQS_18_DPRF_pct,         -nan
DRAM_NUM_REQS_18_DPRF_total_count,             0
DRAM_NUM_REQS_18_DPRF_total_pct,         -nan

DRAM_NUM_REQS_18_WB_count,             0
DRAM_NUM_REQS_18_WB_pct,         -nan
DRAM_NUM_REQS_18_WB_total_count,             0
DRAM_NUM_REQS_18_WB_total_pct,         -nan

DRAM_NUM_REQS_18_WB_NODIRTY_count,             0
DRAM_NUM_REQS_18_WB_NODIRTY_pct,         -nan
DRAM_NUM_REQS_18_WB_NODIRTY_total_count,             0
DRAM_NUM_REQS_18_WB_NODIRTY_total_pct,         -nan

DRAM_NUM_REQS_19_IFETCH_count,             0
DRAM_NUM_REQS_19_IFETCH_pct,         -nan
DRAM_NUM_REQS_19_IFETCH_total_count,             0
DRAM_NUM_REQS_19_IFETCH_total_pct,         -nan

DRAM_NUM_REQS_19_DFETCH_count,             0
DRAM_NUM_REQS_19_DFETCH_pct,         -nan
DRAM_NUM_REQS_19_DFETCH_total_count,             0
DRAM_NUM_REQS_19_DFETCH_total_pct,         -nan

DRAM_NUM_REQS_19_DSTORE_count,             0
DRAM_NUM_REQS_19_DSTORE_pct,         -nan
DRAM_NUM_REQS_19_DSTORE_total_count,             0
DRAM_NUM_REQS_19_DSTORE_total_pct,         -nan

DRAM_NUM_REQS_19_IPRF_count,             0
DRAM_NUM_REQS_19_IPRF_pct,         -nan
DRAM_NUM_REQS_19_IPRF_total_count,             0
DRAM_NUM_REQS_19_IPRF_total_pct,         -nan

DRAM_NUM_REQS_19_DPRF_count,             0
DRAM_NUM_REQS_19_DPRF_pct,         -nan
DRAM_NUM_REQS_19_DPRF_total_count,             0
DRAM_NUM_REQS_19_DPRF_total_pct,         -nan

DRAM_NUM_REQS_19_WB_count,             0
DRAM_NUM_REQS_19_WB_pct,         -nan
DRAM_NUM_REQS_19_WB_total_count,             0
DRAM_NUM_REQS_19_WB_total_pct,         -nan

DRAM_NUM_REQS_19_WB_NODIRTY_count,             0
DRAM_NUM_REQS_19_WB_NODIRTY_pct,         -nan
DRAM_NUM_REQS_19_WB_NODIRTY_total_count,             0
DRAM_NUM_REQS_19_WB_NODIRTY_total_pct,         -nan

DRAM_NUM_REQS_20_IFETCH_count,             0
DRAM_NUM_REQS_20_IFETCH_pct,         -nan
DRAM_NUM_REQS_20_IFETCH_total_count,             0
DRAM_NUM_REQS_20_IFETCH_total_pct,         -nan

DRAM_NUM_REQS_20_DFETCH_count,             0
DRAM_NUM_REQS_20_DFETCH_pct,         -nan
DRAM_NUM_REQS_20_DFETCH_total_count,             0
DRAM_NUM_REQS_20_DFETCH_total_pct,         -nan

DRAM_NUM_REQS_20_DSTORE_count,             0
DRAM_NUM_REQS_20_DSTORE_pct,         -nan
DRAM_NUM_REQS_20_DSTORE_total_count,             0
DRAM_NUM_REQS_20_DSTORE_total_pct,         -nan

DRAM_NUM_REQS_20_IPRF_count,             0
DRAM_NUM_REQS_20_IPRF_pct,         -nan
DRAM_NUM_REQS_20_IPRF_total_count,             0
DRAM_NUM_REQS_20_IPRF_total_pct,         -nan

DRAM_NUM_REQS_20_DPRF_count,             0
DRAM_NUM_REQS_20_DPRF_pct,         -nan
DRAM_NUM_REQS_20_DPRF_total_count,             0
DRAM_NUM_REQS_20_DPRF_total_pct,         -nan

DRAM_NUM_REQS_20_WB_count,             0
DRAM_NUM_REQS_20_WB_pct,         -nan
DRAM_NUM_REQS_20_WB_total_count,             0
DRAM_NUM_REQS_20_WB_total_pct,         -nan

DRAM_NUM_REQS_20_WB_NODIRTY_count,             0
DRAM_NUM_REQS_20_WB_NODIRTY_pct,         -nan
DRAM_NUM_REQS_20_WB_NODIRTY_total_count,             0
DRAM_NUM_REQS_20_WB_NODIRTY_total_pct,         -nan

DRAM_NUM_REQS_21_IFETCH_count,             0
DRAM_NUM_REQS_21_IFETCH_pct,         -nan
DRAM_NUM_REQS_21_IFETCH_total_count,             0
DRAM_NUM_REQS_21_IFETCH_total_pct,         -nan

DRAM_NUM_REQS_21_DFETCH_count,             0
DRAM_NUM_REQS_21_DFETCH_pct,         -nan
DRAM_NUM_REQS_21_DFETCH_total_count,             0
DRAM_NUM_REQS_21_DFETCH_total_pct,         -nan

DRAM_NUM_REQS_21_DSTORE_count,             0
DRAM_NUM_REQS_21_DSTORE_pct,         -nan
DRAM_NUM_REQS_21_DSTORE_total_count,             0
DRAM_NUM_REQS_21_DSTORE_total_pct,         -nan

DRAM_NUM_REQS_21_IPRF_count,             0
DRAM_NUM_REQS_21_IPRF_pct,         -nan
DRAM_NUM_REQS_21_IPRF_total_count,             0
DRAM_NUM_REQS_21_IPRF_total_pct,         -nan

DRAM_NUM_REQS_21_DPRF_count,             0
DRAM_NUM_REQS_21_DPRF_pct,         -nan
DRAM_NUM_REQS_21_DPRF_total_count,             0
DRAM_NUM_REQS_21_DPRF_total_pct,         -nan

DRAM_NUM_REQS_21_WB_count,             0
DRAM_NUM_REQS_21_WB_pct,         -nan
DRAM_NUM_REQS_21_WB_total_count,             0
DRAM_NUM_REQS_21_WB_total_pct,         -nan

DRAM_NUM_REQS_21_WB_NODIRTY_count,             0
DRAM_NUM_REQS_21_WB_NODIRTY_pct,         -nan
DRAM_NUM_REQS_21_WB_NODIRTY_total_count,             0
DRAM_NUM_REQS_21_WB_NODIRTY_total_pct,         -nan

DRAM_NUM_REQS_22_IFETCH_count,             0
DRAM_NUM_REQS_22_IFETCH_pct,         -nan
DRAM_NUM_REQS_22_IFETCH_total_count,             0
DRAM_NUM_REQS_22_IFETCH_total_pct,         -nan

DRAM_NUM_REQS_22_DFETCH_count,             0
DRAM_NUM_REQS_22_DFETCH_pct,         -nan
DRAM_NUM_REQS_22_DFETCH_total_count,             0
DRAM_NUM_REQS_22_DFETCH_total_pct,         -nan

DRAM_NUM_REQS_22_DSTORE_count,             0
DRAM_NUM_REQS_22_DSTORE_pct,         -nan
DRAM_NUM_REQS_22_DSTORE_total_count,             0
DRAM_NUM_REQS_22_DSTORE_total_pct,         -nan

DRAM_NUM_REQS_22_IPRF_count,             0
DRAM_NUM_REQS_22_IPRF_pct,         -nan
DRAM_NUM_REQS_22_IPRF_total_count,             0
DRAM_NUM_REQS_22_IPRF_total_pct,         -nan

DRAM_NUM_REQS_22_DPRF_count,             0
DRAM_NUM_REQS_22_DPRF_pct,         -nan
DRAM_NUM_REQS_22_DPRF_total_count,             0
DRAM_NUM_REQS_22_DPRF_total_pct,         -nan

DRAM_NUM_REQS_22_WB_count,             0
DRAM_NUM_REQS_22_WB_pct,         -nan
DRAM_NUM_REQS_22_WB_total_count,             0
DRAM_NUM_REQS_22_WB_total_pct,         -nan

DRAM_NUM_REQS_22_WB_NODIRTY_count,             0
DRAM_NUM_REQS_22_WB_NODIRTY_pct,         -nan
DRAM_NUM_REQS_22_WB_NODIRTY_total_count,             0
DRAM_NUM_REQS_22_WB_NODIRTY_total_pct,         -nan

DRAM_NUM_REQS_23_IFETCH_count,             0
DRAM_NUM_REQS_23_IFETCH_pct,         -nan
DRAM_NUM_REQS_23_IFETCH_total_count,             0
DRAM_NUM_REQS_23_IFETCH_total_pct,         -nan

DRAM_NUM_REQS_23_DFETCH_count,             0
DRAM_NUM_REQS_23_DFETCH_pct,         -nan
DRAM_NUM_REQS_23_DFETCH_total_count,             0
DRAM_NUM_REQS_23_DFETCH_total_pct,         -nan

DRAM_NUM_REQS_23_DSTORE_count,             0
DRAM_NUM_REQS_23_DSTORE_pct,         -nan
DRAM_NUM_REQS_23_DSTORE_total_count,             0
DRAM_NUM_REQS_23_DSTORE_total_pct,         -nan

DRAM_NUM_REQS_23_IPRF_count,             0
DRAM_NUM_REQS_23_IPRF_pct,         -nan
DRAM_NUM_REQS_23_IPRF_total_count,             0
DRAM_NUM_REQS_23_IPRF_total_pct,         -nan

DRAM_NUM_REQS_23_DPRF_count,             0
DRAM_NUM_REQS_23_DPRF_pct,         -nan
DRAM_NUM_REQS_23_DPRF_total_count,             0
DRAM_NUM_REQS_23_DPRF_total_pct,         -nan

DRAM_NUM_REQS_23_WB_count,             0
DRAM_NUM_REQS_23_WB_pct,         -nan
DRAM_NUM_REQS_23_WB_total_count,             0
DRAM_NUM_REQS_23_WB_total_pct,         -nan

DRAM_NUM_REQS_23_WB_NODIRTY_count,             0
DRAM_NUM_REQS_23_WB_NODIRTY_pct,         -nan
DRAM_NUM_REQS_23_WB_NODIRTY_total_count,             0
DRAM_NUM_REQS_23_WB_NODIRTY_total_pct,         -nan

DRAM_NUM_REQS_24_IFETCH_count,             0
DRAM_NUM_REQS_24_IFETCH_pct,         -nan
DRAM_NUM_REQS_24_IFETCH_total_count,             0
DRAM_NUM_REQS_24_IFETCH_total_pct,         -nan

DRAM_NUM_REQS_24_DFETCH_count,             0
DRAM_NUM_REQS_24_DFETCH_pct,         -nan
DRAM_NUM_REQS_24_DFETCH_total_count,             0
DRAM_NUM_REQS_24_DFETCH_total_pct,         -nan

DRAM_NUM_REQS_24_DSTORE_count,             0
DRAM_NUM_REQS_24_DSTORE_pct,         -nan
DRAM_NUM_REQS_24_DSTORE_total_count,             0
DRAM_NUM_REQS_24_DSTORE_total_pct,         -nan

DRAM_NUM_REQS_24_IPRF_count,             0
DRAM_NUM_REQS_24_IPRF_pct,         -nan
DRAM_NUM_REQS_24_IPRF_total_count,             0
DRAM_NUM_REQS_24_IPRF_total_pct,         -nan

DRAM_NUM_REQS_24_DPRF_count,             0
DRAM_NUM_REQS_24_DPRF_pct,         -nan
DRAM_NUM_REQS_24_DPRF_total_count,             0
DRAM_NUM_REQS_24_DPRF_total_pct,         -nan

DRAM_NUM_REQS_24_WB_count,             0
DRAM_NUM_REQS_24_WB_pct,         -nan
DRAM_NUM_REQS_24_WB_total_count,             0
DRAM_NUM_REQS_24_WB_total_pct,         -nan

DRAM_NUM_REQS_24_WB_NODIRTY_count,             0
DRAM_NUM_REQS_24_WB_NODIRTY_pct,         -nan
DRAM_NUM_REQS_24_WB_NODIRTY_total_count,             0
DRAM_NUM_REQS_24_WB_NODIRTY_total_pct,         -nan

DRAM_NUM_REQS_25_IFETCH_count,             0
DRAM_NUM_REQS_25_IFETCH_pct,         -nan
DRAM_NUM_REQS_25_IFETCH_total_count,             0
DRAM_NUM_REQS_25_IFETCH_total_pct,         -nan

DRAM_NUM_REQS_25_DFETCH_count,             0
DRAM_NUM_REQS_25_DFETCH_pct,         -nan
DRAM_NUM_REQS_25_DFETCH_total_count,             0
DRAM_NUM_REQS_25_DFETCH_total_pct,         -nan

DRAM_NUM_REQS_25_DSTORE_count,             0
DRAM_NUM_REQS_25_DSTORE_pct,         -nan
DRAM_NUM_REQS_25_DSTORE_total_count,             0
DRAM_NUM_REQS_25_DSTORE_total_pct,         -nan

DRAM_NUM_REQS_25_IPRF_count,             0
DRAM_NUM_REQS_25_IPRF_pct,         -nan
DRAM_NUM_REQS_25_IPRF_total_count,             0
DRAM_NUM_REQS_25_IPRF_total_pct,         -nan

DRAM_NUM_REQS_25_DPRF_count,             0
DRAM_NUM_REQS_25_DPRF_pct,         -nan
DRAM_NUM_REQS_25_DPRF_total_count,             0
DRAM_NUM_REQS_25_DPRF_total_pct,         -nan

DRAM_NUM_REQS_25_WB_count,             0
DRAM_NUM_REQS_25_WB_pct,         -nan
DRAM_NUM_REQS_25_WB_total_count,             0
DRAM_NUM_REQS_25_WB_total_pct,         -nan

DRAM_NUM_REQS_25_WB_NODIRTY_count,             0
DRAM_NUM_REQS_25_WB_NODIRTY_pct,         -nan
DRAM_NUM_REQS_25_WB_NODIRTY_total_count,             0
DRAM_NUM_REQS_25_WB_NODIRTY_total_pct,         -nan

DRAM_NUM_REQS_26_IFETCH_count,             0
DRAM_NUM_REQS_26_IFETCH_pct,         -nan
DRAM_NUM_REQS_26_IFETCH_total_count,             0
DRAM_NUM_REQS_26_IFETCH_total_pct,         -nan

DRAM_NUM_REQS_26_DFETCH_count,             0
DRAM_NUM_REQS_26_DFETCH_pct,         -nan
DRAM_NUM_REQS_26_DFETCH_total_count,             0
DRAM_NUM_REQS_26_DFETCH_total_pct,         -nan

DRAM_NUM_REQS_26_DSTORE_count,             0
DRAM_NUM_REQS_26_DSTORE_pct,         -nan
DRAM_NUM_REQS_26_DSTORE_total_count,             0
DRAM_NUM_REQS_26_DSTORE_total_pct,         -nan

DRAM_NUM_REQS_26_IPRF_count,             0
DRAM_NUM_REQS_26_IPRF_pct,         -nan
DRAM_NUM_REQS_26_IPRF_total_count,             0
DRAM_NUM_REQS_26_IPRF_total_pct,         -nan

DRAM_NUM_REQS_26_DPRF_count,             0
DRAM_NUM_REQS_26_DPRF_pct,         -nan
DRAM_NUM_REQS_26_DPRF_total_count,             0
DRAM_NUM_REQS_26_DPRF_total_pct,         -nan

DRAM_NUM_REQS_26_WB_count,             0
DRAM_NUM_REQS_26_WB_pct,         -nan
DRAM_NUM_REQS_26_WB_total_count,             0
DRAM_NUM_REQS_26_WB_total_pct,         -nan

DRAM_NUM_REQS_26_WB_NODIRTY_count,             0
DRAM_NUM_REQS_26_WB_NODIRTY_pct,         -nan
DRAM_NUM_REQS_26_WB_NODIRTY_total_count,             0
DRAM_NUM_REQS_26_WB_NODIRTY_total_pct,         -nan

DRAM_NUM_REQS_27_IFETCH_count,             0
DRAM_NUM_REQS_27_IFETCH_pct,         -nan
DRAM_NUM_REQS_27_IFETCH_total_count,             0
DRAM_NUM_REQS_27_IFETCH_total_pct,         -nan

DRAM_NUM_REQS_27_DFETCH_count,             0
DRAM_NUM_REQS_27_DFETCH_pct,         -nan
DRAM_NUM_REQS_27_DFETCH_total_count,             0
DRAM_NUM_REQS_27_DFETCH_total_pct,         -nan

DRAM_NUM_REQS_27_DSTORE_count,             0
DRAM_NUM_REQS_27_DSTORE_pct,         -nan
DRAM_NUM_REQS_27_DSTORE_total_count,             0
DRAM_NUM_REQS_27_DSTORE_total_pct,         -nan

DRAM_NUM_REQS_27_IPRF_count,             0
DRAM_NUM_REQS_27_IPRF_pct,         -nan
DRAM_NUM_REQS_27_IPRF_total_count,             0
DRAM_NUM_REQS_27_IPRF_total_pct,         -nan

DRAM_NUM_REQS_27_DPRF_count,             0
DRAM_NUM_REQS_27_DPRF_pct,         -nan
DRAM_NUM_REQS_27_DPRF_total_count,             0
DRAM_NUM_REQS_27_DPRF_total_pct,         -nan

DRAM_NUM_REQS_27_WB_count,             0
DRAM_NUM_REQS_27_WB_pct,         -nan
DRAM_NUM_REQS_27_WB_total_count,             0
DRAM_NUM_REQS_27_WB_total_pct,         -nan

DRAM_NUM_REQS_27_WB_NODIRTY_count,             0
DRAM_NUM_REQS_27_WB_NODIRTY_pct,         -nan
DRAM_NUM_REQS_27_WB_NODIRTY_total_count,             0
DRAM_NUM_REQS_27_WB_NODIRTY_total_pct,         -nan

DRAM_NUM_REQS_28_IFETCH_count,             0
DRAM_NUM_REQS_28_IFETCH_pct,         -nan
DRAM_NUM_REQS_28_IFETCH_total_count,             0
DRAM_NUM_REQS_28_IFETCH_total_pct,         -nan

DRAM_NUM_REQS_28_DFETCH_count,             0
DRAM_NUM_REQS_28_DFETCH_pct,         -nan
DRAM_NUM_REQS_28_DFETCH_total_count,             0
DRAM_NUM_REQS_28_DFETCH_total_pct,         -nan

DRAM_NUM_REQS_28_DSTORE_count,             0
DRAM_NUM_REQS_28_DSTORE_pct,         -nan
DRAM_NUM_REQS_28_DSTORE_total_count,             0
DRAM_NUM_REQS_28_DSTORE_total_pct,         -nan

DRAM_NUM_REQS_28_IPRF_count,             0
DRAM_NUM_REQS_28_IPRF_pct,         -nan
DRAM_NUM_REQS_28_IPRF_total_count,             0
DRAM_NUM_REQS_28_IPRF_total_pct,         -nan

DRAM_NUM_REQS_28_DPRF_count,             0
DRAM_NUM_REQS_28_DPRF_pct,         -nan
DRAM_NUM_REQS_28_DPRF_total_count,             0
DRAM_NUM_REQS_28_DPRF_total_pct,         -nan

DRAM_NUM_REQS_28_WB_count,             0
DRAM_NUM_REQS_28_WB_pct,         -nan
DRAM_NUM_REQS_28_WB_total_count,             0
DRAM_NUM_REQS_28_WB_total_pct,         -nan

DRAM_NUM_REQS_28_WB_NODIRTY_count,             0
DRAM_NUM_REQS_28_WB_NODIRTY_pct,         -nan
DRAM_NUM_REQS_28_WB_NODIRTY_total_count,             0
DRAM_NUM_REQS_28_WB_NODIRTY_total_pct,         -nan

DRAM_NUM_REQS_29_IFETCH_count,             0
DRAM_NUM_REQS_29_IFETCH_pct,         -nan
DRAM_NUM_REQS_29_IFETCH_total_count,             0
DRAM_NUM_REQS_29_IFETCH_total_pct,         -nan

DRAM_NUM_REQS_29_DFETCH_count,             0
DRAM_NUM_REQS_29_DFETCH_pct,         -nan
DRAM_NUM_REQS_29_DFETCH_total_count,             0
DRAM_NUM_REQS_29_DFETCH_total_pct,         -nan

DRAM_NUM_REQS_29_DSTORE_count,             0
DRAM_NUM_REQS_29_DSTORE_pct,         -nan
DRAM_NUM_REQS_29_DSTORE_total_count,             0
DRAM_NUM_REQS_29_DSTORE_total_pct,         -nan

DRAM_NUM_REQS_29_IPRF_count,             0
DRAM_NUM_REQS_29_IPRF_pct,         -nan
DRAM_NUM_REQS_29_IPRF_total_count,             0
DRAM_NUM_REQS_29_IPRF_total_pct,         -nan

DRAM_NUM_REQS_29_DPRF_count,             0
DRAM_NUM_REQS_29_DPRF_pct,         -nan
DRAM_NUM_REQS_29_DPRF_total_count,             0
DRAM_NUM_REQS_29_DPRF_total_pct,         -nan

DRAM_NUM_REQS_29_WB_count,             0
DRAM_NUM_REQS_29_WB_pct,         -nan
DRAM_NUM_REQS_29_WB_total_count,             0
DRAM_NUM_REQS_29_WB_total_pct,         -nan

DRAM_NUM_REQS_29_WB_NODIRTY_count,             0
DRAM_NUM_REQS_29_WB_NODIRTY_pct,         -nan
DRAM_NUM_REQS_29_WB_NODIRTY_total_count,             0
DRAM_NUM_REQS_29_WB_NODIRTY_total_pct,         -nan

DRAM_NUM_REQS_30_IFETCH_count,             0
DRAM_NUM_REQS_30_IFETCH_pct,         -nan
DRAM_NUM_REQS_30_IFETCH_total_count,             0
DRAM_NUM_REQS_30_IFETCH_total_pct,         -nan

DRAM_NUM_REQS_30_DFETCH_count,             0
DRAM_NUM_REQS_30_DFETCH_pct,         -nan
DRAM_NUM_REQS_30_DFETCH_total_count,             0
DRAM_NUM_REQS_30_DFETCH_total_pct,         -nan

DRAM_NUM_REQS_30_DSTORE_count,             0
DRAM_NUM_REQS_30_DSTORE_pct,         -nan
DRAM_NUM_REQS_30_DSTORE_total_count,             0
DRAM_NUM_REQS_30_DSTORE_total_pct,         -nan

DRAM_NUM_REQS_30_IPRF_count,             0
DRAM_NUM_REQS_30_IPRF_pct,         -nan
DRAM_NUM_REQS_30_IPRF_total_count,             0
DRAM_NUM_REQS_30_IPRF_total_pct,         -nan

DRAM_NUM_REQS_30_DPRF_count,             0
DRAM_NUM_REQS_30_DPRF_pct,         -nan
DRAM_NUM_REQS_30_DPRF_total_count,             0
DRAM_NUM_REQS_30_DPRF_total_pct,         -nan

DRAM_NUM_REQS_30_WB_count,             0
DRAM_NUM_REQS_30_WB_pct,         -nan
DRAM_NUM_REQS_30_WB_total_count,             0
DRAM_NUM_REQS_30_WB_total_pct,         -nan

DRAM_NUM_REQS_30_WB_NODIRTY_count,             0
DRAM_NUM_REQS_30_WB_NODIRTY_pct,         -nan
DRAM_NUM_REQS_30_WB_NODIRTY_total_count,             0
DRAM_NUM_REQS_30_WB_NODIRTY_total_pct,         -nan

DRAM_NUM_REQS_31_IFETCH_count,             0
DRAM_NUM_REQS_31_IFETCH_pct,         -nan
DRAM_NUM_REQS_31_IFETCH_total_count,             0
DRAM_NUM_REQS_31_IFETCH_total_pct,         -nan

DRAM_NUM_REQS_31_DFETCH_count,             0
DRAM_NUM_REQS_31_DFETCH_pct,         -nan
DRAM_NUM_REQS_31_DFETCH_total_count,             0
DRAM_NUM_REQS_31_DFETCH_total_pct,         -nan

DRAM_NUM_REQS_31_DSTORE_count,             0
DRAM_NUM_REQS_31_DSTORE_pct,         -nan
DRAM_NUM_REQS_31_DSTORE_total_count,             0
DRAM_NUM_REQS_31_DSTORE_total_pct,         -nan

DRAM_NUM_REQS_31_IPRF_count,             0
DRAM_NUM_REQS_31_IPRF_pct,         -nan
DRAM_NUM_REQS_31_IPRF_total_count,             0
DRAM_NUM_REQS_31_IPRF_total_pct,         -nan

DRAM_NUM_REQS_31_DPRF_count,             0
DRAM_NUM_REQS_31_DPRF_pct,         -nan
DRAM_NUM_REQS_31_DPRF_total_count,             0
DRAM_NUM_REQS_31_DPRF_total_pct,         -nan

DRAM_NUM_REQS_31_WB_count,             0
DRAM_NUM_REQS_31_WB_pct,         -nan
DRAM_NUM_REQS_31_WB_total_count,             0
DRAM_NUM_REQS_31_WB_total_pct,         -nan

DRAM_NUM_REQS_31_WB_NODIRTY_count,             0
DRAM_NUM_REQS_31_WB_NODIRTY_pct,         -nan
DRAM_NUM_REQS_31_WB_NODIRTY_total_count,             0
DRAM_NUM_REQS_31_WB_NODIRTY_total_pct,         -nan

DRAM_NUM_REQS_32_IFETCH_count,             0
DRAM_NUM_REQS_32_IFETCH_pct,         -nan
DRAM_NUM_REQS_32_IFETCH_total_count,             0
DRAM_NUM_REQS_32_IFETCH_total_pct,         -nan

DRAM_NUM_REQS_32_DFETCH_count,             0
DRAM_NUM_REQS_32_DFETCH_pct,         -nan
DRAM_NUM_REQS_32_DFETCH_total_count,             0
DRAM_NUM_REQS_32_DFETCH_total_pct,         -nan

DRAM_NUM_REQS_32_DSTORE_count,             0
DRAM_NUM_REQS_32_DSTORE_pct,         -nan
DRAM_NUM_REQS_32_DSTORE_total_count,             0
DRAM_NUM_REQS_32_DSTORE_total_pct,         -nan

DRAM_NUM_REQS_32_IPRF_count,             0
DRAM_NUM_REQS_32_IPRF_pct,         -nan
DRAM_NUM_REQS_32_IPRF_total_count,             0
DRAM_NUM_REQS_32_IPRF_total_pct,         -nan

DRAM_NUM_REQS_32_DPRF_count,             0
DRAM_NUM_REQS_32_DPRF_pct,         -nan
DRAM_NUM_REQS_32_DPRF_total_count,             0
DRAM_NUM_REQS_32_DPRF_total_pct,         -nan

DRAM_NUM_REQS_32_WB_count,             0
DRAM_NUM_REQS_32_WB_pct,         -nan
DRAM_NUM_REQS_32_WB_total_count,             0
DRAM_NUM_REQS_32_WB_total_pct,         -nan

DRAM_NUM_REQS_32_WB_NODIRTY_count,             0
DRAM_NUM_REQS_32_WB_NODIRTY_pct,         -nan
DRAM_NUM_REQS_32_WB_NODIRTY_total_count,             0
DRAM_NUM_REQS_32_WB_NODIRTY_total_pct,         -nan

DRAM_BOTTLENECK_BUS_0_count,             0
DRAM_BOTTLENECK_BUS_0_pct,         -nan
DRAM_BOTTLENECK_BUS_0_total_count,             0
DRAM_BOTTLENECK_BUS_0_total_pct,         -nan

DRAM_BOTTLENECK_BUS_10_count,             0
DRAM_BOTTLENECK_BUS_10_pct,         -nan
DRAM_BOTTLENECK_BUS_10_total_count,             0
DRAM_BOTTLENECK_BUS_10_total_pct,         -nan

DRAM_BOTTLENECK_BUS_20_count,             0
DRAM_BOTTLENECK_BUS_20_pct,         -nan
DRAM_BOTTLENECK_BUS_20_total_count,             0
DRAM_BOTTLENECK_BUS_20_total_pct,         -nan

DRAM_BOTTLENECK_BUS_30_count,             0
DRAM_BOTTLENECK_BUS_30_pct,         -nan
DRAM_BOTTLENECK_BUS_30_total_count,             0
DRAM_BOTTLENECK_BUS_30_total_pct,         -nan

DRAM_BOTTLENECK_BUS_40_count,             0
DRAM_BOTTLENECK_BUS_40_pct,         -nan
DRAM_BOTTLENECK_BUS_40_total_count,             0
DRAM_BOTTLENECK_BUS_40_total_pct,         -nan

DRAM_BOTTLENECK_BUS_50_count,             0
DRAM_BOTTLENECK_BUS_50_pct,         -nan
DRAM_BOTTLENECK_BUS_50_total_count,             0
DRAM_BOTTLENECK_BUS_50_total_pct,         -nan

DRAM_BOTTLENECK_BUS_60_count,             0
DRAM_BOTTLENECK_BUS_60_pct,         -nan
DRAM_BOTTLENECK_BUS_60_total_count,             0
DRAM_BOTTLENECK_BUS_60_total_pct,         -nan

DRAM_BOTTLENECK_BUS_70_count,             0
DRAM_BOTTLENECK_BUS_70_pct,         -nan
DRAM_BOTTLENECK_BUS_70_total_count,             0
DRAM_BOTTLENECK_BUS_70_total_pct,         -nan

DRAM_BOTTLENECK_BUS_80_count,             0
DRAM_BOTTLENECK_BUS_80_pct,         -nan
DRAM_BOTTLENECK_BUS_80_total_count,             0
DRAM_BOTTLENECK_BUS_80_total_pct,         -nan

DRAM_BOTTLENECK_BUS_90_count,             0
DRAM_BOTTLENECK_BUS_90_pct,         -nan
DRAM_BOTTLENECK_BUS_90_total_count,             0
DRAM_BOTTLENECK_BUS_90_total_pct,         -nan

DRAM_BOTTLENECK_BUS_100_count,             0
DRAM_BOTTLENECK_BUS_100_pct,         -nan
DRAM_BOTTLENECK_BUS_100_total_count,             0
DRAM_BOTTLENECK_BUS_100_total_pct,         -nan
DRAM_BOTTLENECK_BUS_100_sum_count,             0
DRAM_BOTTLENECK_BUS_100_sum_pct,         -nan
DRAM_BOTTLENECK_BUS_100_sum_total_count,             0
DRAM_BOTTLENECK_BUS_100_sum_total_pct,         -nan
DRAM_BOTTLENECK_BUS_100_mean,         -nan
DRAM_BOTTLENECK_BUS_100_stddev,         -nan
DRAM_BOTTLENECK_BUS_100_total_mean,         -nan
DRAM_BOTTLENECK_BUS_100_total_stddev,         -nan

DRAM_BOTTLENECK_BANKS_0_count,             0
DRAM_BOTTLENECK_BANKS_0_pct,         -nan
DRAM_BOTTLENECK_BANKS_0_total_count,             0
DRAM_BOTTLENECK_BANKS_0_total_pct,         -nan

DRAM_BOTTLENECK_BANKS_10_count,             0
DRAM_BOTTLENECK_BANKS_10_pct,         -nan
DRAM_BOTTLENECK_BANKS_10_total_count,             0
DRAM_BOTTLENECK_BANKS_10_total_pct,         -nan

DRAM_BOTTLENECK_BANKS_20_count,             0
DRAM_BOTTLENECK_BANKS_20_pct,         -nan
DRAM_BOTTLENECK_BANKS_20_total_count,             0
DRAM_BOTTLENECK_BANKS_20_total_pct,         -nan

DRAM_BOTTLENECK_BANKS_30_count,             0
DRAM_BOTTLENECK_BANKS_30_pct,         -nan
DRAM_BOTTLENECK_BANKS_30_total_count,             0
DRAM_BOTTLENECK_BANKS_30_total_pct,         -nan

DRAM_BOTTLENECK_BANKS_40_count,             0
DRAM_BOTTLENECK_BANKS_40_pct,         -nan
DRAM_BOTTLENECK_BANKS_40_total_count,             0
DRAM_BOTTLENECK_BANKS_40_total_pct,         -nan

DRAM_BOTTLENECK_BANKS_50_count,             0
DRAM_BOTTLENECK_BANKS_50_pct,         -nan
DRAM_BOTTLENECK_BANKS_50_total_count,             0
DRAM_BOTTLENECK_BANKS_50_total_pct,         -nan

DRAM_BOTTLENECK_BANKS_60_count,             0
DRAM_BOTTLENECK_BANKS_60_pct,         -nan
DRAM_BOTTLENECK_BANKS_60_total_count,             0
DRAM_BOTTLENECK_BANKS_60_total_pct,         -nan

DRAM_BOTTLENECK_BANKS_70_count,             0
DRAM_BOTTLENECK_BANKS_70_pct,         -nan
DRAM_BOTTLENECK_BANKS_70_total_count,             0
DRAM_BOTTLENECK_BANKS_70_total_pct,         -nan

DRAM_BOTTLENECK_BANKS_80_count,             0
DRAM_BOTTLENECK_BANKS_80_pct,         -nan
DRAM_BOTTLENECK_BANKS_80_total_count,             0
DRAM_BOTTLENECK_BANKS_80_total_pct,         -nan

DRAM_BOTTLENECK_BANKS_90_count,             0
DRAM_BOTTLENECK_BANKS_90_pct,         -nan
DRAM_BOTTLENECK_BANKS_90_total_count,             0
DRAM_BOTTLENECK_BANKS_90_total_pct,         -nan

DRAM_BOTTLENECK_BANKS_100_count,             0
DRAM_BOTTLENECK_BANKS_100_pct,         -nan
DRAM_BOTTLENECK_BANKS_100_total_count,             0
DRAM_BOTTLENECK_BANKS_100_total_pct,         -nan
DRAM_BOTTLENECK_BANKS_100_sum_count,             0
DRAM_BOTTLENECK_BANKS_100_sum_pct,         -nan
DRAM_BOTTLENECK_BANKS_100_sum_total_count,             0
DRAM_BOTTLENECK_BANKS_100_sum_total_pct,         -nan
DRAM_BOTTLENECK_BANKS_100_mean,         -nan
DRAM_BOTTLENECK_BANKS_100_stddev,         -nan
DRAM_BOTTLENECK_BANKS_100_total_mean,         -nan
DRAM_BOTTLENECK_BANKS_100_total_stddev,         -nan

DRAM_BOTTLENECK_FAW_0_count,             0
DRAM_BOTTLENECK_FAW_0_pct,         -nan
DRAM_BOTTLENECK_FAW_0_total_count,             0
DRAM_BOTTLENECK_FAW_0_total_pct,         -nan

DRAM_BOTTLENECK_FAW_10_count,             0
DRAM_BOTTLENECK_FAW_10_pct,         -nan
DRAM_BOTTLENECK_FAW_10_total_count,             0
DRAM_BOTTLENECK_FAW_10_total_pct,         -nan

DRAM_BOTTLENECK_FAW_20_count,             0
DRAM_BOTTLENECK_FAW_20_pct,         -nan
DRAM_BOTTLENECK_FAW_20_total_count,             0
DRAM_BOTTLENECK_FAW_20_total_pct,         -nan

DRAM_BOTTLENECK_FAW_30_count,             0
DRAM_BOTTLENECK_FAW_30_pct,         -nan
DRAM_BOTTLENECK_FAW_30_total_count,             0
DRAM_BOTTLENECK_FAW_30_total_pct,         -nan

DRAM_BOTTLENECK_FAW_40_count,             0
DRAM_BOTTLENECK_FAW_40_pct,         -nan
DRAM_BOTTLENECK_FAW_40_total_count,             0
DRAM_BOTTLENECK_FAW_40_total_pct,         -nan

DRAM_BOTTLENECK_FAW_50_count,             0
DRAM_BOTTLENECK_FAW_50_pct,         -nan
DRAM_BOTTLENECK_FAW_50_total_count,             0
DRAM_BOTTLENECK_FAW_50_total_pct,         -nan

DRAM_BOTTLENECK_FAW_60_count,             0
DRAM_BOTTLENECK_FAW_60_pct,         -nan
DRAM_BOTTLENECK_FAW_60_total_count,             0
DRAM_BOTTLENECK_FAW_60_total_pct,         -nan

DRAM_BOTTLENECK_FAW_70_count,             0
DRAM_BOTTLENECK_FAW_70_pct,         -nan
DRAM_BOTTLENECK_FAW_70_total_count,             0
DRAM_BOTTLENECK_FAW_70_total_pct,         -nan

DRAM_BOTTLENECK_FAW_80_count,             0
DRAM_BOTTLENECK_FAW_80_pct,         -nan
DRAM_BOTTLENECK_FAW_80_total_count,             0
DRAM_BOTTLENECK_FAW_80_total_pct,         -nan

DRAM_BOTTLENECK_FAW_90_count,             0
DRAM_BOTTLENECK_FAW_90_pct,         -nan
DRAM_BOTTLENECK_FAW_90_total_count,             0
DRAM_BOTTLENECK_FAW_90_total_pct,         -nan

DRAM_BOTTLENECK_FAW_100_count,             0
DRAM_BOTTLENECK_FAW_100_pct,         -nan
DRAM_BOTTLENECK_FAW_100_total_count,             0
DRAM_BOTTLENECK_FAW_100_total_pct,         -nan
DRAM_BOTTLENECK_FAW_100_sum_count,             0
DRAM_BOTTLENECK_FAW_100_sum_pct,         -nan
DRAM_BOTTLENECK_FAW_100_sum_total_count,             0
DRAM_BOTTLENECK_FAW_100_sum_total_pct,         -nan
DRAM_BOTTLENECK_FAW_100_mean,         -nan
DRAM_BOTTLENECK_FAW_100_stddev,         -nan
DRAM_BOTTLENECK_FAW_100_total_mean,         -nan
DRAM_BOTTLENECK_FAW_100_total_stddev,         -nan

DRAM_ROW_HIT_GEN_AFTER_ROW_OPEN_STALLING_count,             0
DRAM_ROW_HIT_GEN_AFTER_ROW_OPEN_STALLING_total_count,             0

KNOWN_BAD_ADDRESS_count,             0
KNOWN_BAD_ADDRESS_pct,        0.000
KNOWN_BAD_ADDRESS_total_count,             0
KNOWN_BAD_ADDRESS_total_pct,        0.000

GOOD_ADDRESS_count,      87342192
GOOD_ADDRESS_pct,      100.000
GOOD_ADDRESS_total_count,      87342192
GOOD_ADDRESS_total_pct,      100.000
GOOD_ADDRESS_sum_count,      87342192
GOOD_ADDRESS_sum_pct,      100.000
GOOD_ADDRESS_sum_total_count,      87342192
GOOD_ADDRESS_sum_total_pct,      100.000
GOOD_ADDRESS_mean,         1.00
GOOD_ADDRESS_stddev,         1.00
GOOD_ADDRESS_total_mean,         1.00
GOOD_ADDRESS_total_stddev,         1.00

BBL_LENGTH_1_count,             0
BBL_LENGTH_1_pct,         -nan
BBL_LENGTH_1_total_count,             0
BBL_LENGTH_1_total_pct,         -nan

BBL_LENGTH_2_count,             0
BBL_LENGTH_2_pct,         -nan
BBL_LENGTH_2_total_count,             0
BBL_LENGTH_2_total_pct,         -nan

BBL_LENGTH_3_count,             0
BBL_LENGTH_3_pct,         -nan
BBL_LENGTH_3_total_count,             0
BBL_LENGTH_3_total_pct,         -nan

BBL_LENGTH_4_count,             0
BBL_LENGTH_4_pct,         -nan
BBL_LENGTH_4_total_count,             0
BBL_LENGTH_4_total_pct,         -nan

BBL_LENGTH_5_count,             0
BBL_LENGTH_5_pct,         -nan
BBL_LENGTH_5_total_count,             0
BBL_LENGTH_5_total_pct,         -nan

BBL_LENGTH_6_count,             0
BBL_LENGTH_6_pct,         -nan
BBL_LENGTH_6_total_count,             0
BBL_LENGTH_6_total_pct,         -nan

BBL_LENGTH_7_count,             0
BBL_LENGTH_7_pct,         -nan
BBL_LENGTH_7_total_count,             0
BBL_LENGTH_7_total_pct,         -nan

BBL_LENGTH_8_count,             0
BBL_LENGTH_8_pct,         -nan
BBL_LENGTH_8_total_count,             0
BBL_LENGTH_8_total_pct,         -nan

BBL_LENGTH_9_count,             0
BBL_LENGTH_9_pct,         -nan
BBL_LENGTH_9_total_count,             0
BBL_LENGTH_9_total_pct,         -nan

BBL_LENGTH_10_count,             0
BBL_LENGTH_10_pct,         -nan
BBL_LENGTH_10_total_count,             0
BBL_LENGTH_10_total_pct,         -nan

BBL_LENGTH_11_count,             0
BBL_LENGTH_11_pct,         -nan
BBL_LENGTH_11_total_count,             0
BBL_LENGTH_11_total_pct,         -nan

BBL_LENGTH_12_count,             0
BBL_LENGTH_12_pct,         -nan
BBL_LENGTH_12_total_count,             0
BBL_LENGTH_12_total_pct,         -nan

BBL_LENGTH_13_count,             0
BBL_LENGTH_13_pct,         -nan
BBL_LENGTH_13_total_count,             0
BBL_LENGTH_13_total_pct,         -nan

BBL_LENGTH_14_count,             0
BBL_LENGTH_14_pct,         -nan
BBL_LENGTH_14_total_count,             0
BBL_LENGTH_14_total_pct,         -nan

BBL_LENGTH_15_count,             0
BBL_LENGTH_15_pct,         -nan
BBL_LENGTH_15_total_count,             0
BBL_LENGTH_15_total_pct,         -nan

BBL_LENGTH_16_count,             0
BBL_LENGTH_16_pct,         -nan
BBL_LENGTH_16_total_count,             0
BBL_LENGTH_16_total_pct,         -nan

BBL_LENGTH_17_count,             0
BBL_LENGTH_17_pct,         -nan
BBL_LENGTH_17_total_count,             0
BBL_LENGTH_17_total_pct,         -nan

BBL_LENGTH_18_count,             0
BBL_LENGTH_18_pct,         -nan
BBL_LENGTH_18_total_count,             0
BBL_LENGTH_18_total_pct,         -nan

BBL_LENGTH_19_count,             0
BBL_LENGTH_19_pct,         -nan
BBL_LENGTH_19_total_count,             0
BBL_LENGTH_19_total_pct,         -nan

BBL_LENGTH_20_count,             0
BBL_LENGTH_20_pct,         -nan
BBL_LENGTH_20_total_count,             0
BBL_LENGTH_20_total_pct,         -nan

BBL_LENGTH_21_count,             0
BBL_LENGTH_21_pct,         -nan
BBL_LENGTH_21_total_count,             0
BBL_LENGTH_21_total_pct,         -nan

BBL_LENGTH_22_count,             0
BBL_LENGTH_22_pct,         -nan
BBL_LENGTH_22_total_count,             0
BBL_LENGTH_22_total_pct,         -nan

BBL_LENGTH_23_count,             0
BBL_LENGTH_23_pct,         -nan
BBL_LENGTH_23_total_count,             0
BBL_LENGTH_23_total_pct,         -nan

BBL_LENGTH_24_count,             0
BBL_LENGTH_24_pct,         -nan
BBL_LENGTH_24_total_count,             0
BBL_LENGTH_24_total_pct,         -nan
BBL_LENGTH_24_sum_count,             0
BBL_LENGTH_24_sum_pct,         -nan
BBL_LENGTH_24_sum_total_count,             0
BBL_LENGTH_24_sum_total_pct,         -nan
BBL_LENGTH_24_mean,         -nan
BBL_LENGTH_24_stddev,         -nan
BBL_LENGTH_24_total_mean,         -nan
BBL_LENGTH_24_total_stddev,         -nan

BBL_DONT_END_PRED_NT_LENGTH_1_count,             0
BBL_DONT_END_PRED_NT_LENGTH_1_pct,         -nan
BBL_DONT_END_PRED_NT_LENGTH_1_total_count,             0
BBL_DONT_END_PRED_NT_LENGTH_1_total_pct,         -nan

BBL_DONT_END_PRED_NT_LENGTH_2_count,             0
BBL_DONT_END_PRED_NT_LENGTH_2_pct,         -nan
BBL_DONT_END_PRED_NT_LENGTH_2_total_count,             0
BBL_DONT_END_PRED_NT_LENGTH_2_total_pct,         -nan

BBL_DONT_END_PRED_NT_LENGTH_3_count,             0
BBL_DONT_END_PRED_NT_LENGTH_3_pct,         -nan
BBL_DONT_END_PRED_NT_LENGTH_3_total_count,             0
BBL_DONT_END_PRED_NT_LENGTH_3_total_pct,         -nan

BBL_DONT_END_PRED_NT_LENGTH_4_count,             0
BBL_DONT_END_PRED_NT_LENGTH_4_pct,         -nan
BBL_DONT_END_PRED_NT_LENGTH_4_total_count,             0
BBL_DONT_END_PRED_NT_LENGTH_4_total_pct,         -nan

BBL_DONT_END_PRED_NT_LENGTH_5_count,             0
BBL_DONT_END_PRED_NT_LENGTH_5_pct,         -nan
BBL_DONT_END_PRED_NT_LENGTH_5_total_count,             0
BBL_DONT_END_PRED_NT_LENGTH_5_total_pct,         -nan

BBL_DONT_END_PRED_NT_LENGTH_6_count,             0
BBL_DONT_END_PRED_NT_LENGTH_6_pct,         -nan
BBL_DONT_END_PRED_NT_LENGTH_6_total_count,             0
BBL_DONT_END_PRED_NT_LENGTH_6_total_pct,         -nan

BBL_DONT_END_PRED_NT_LENGTH_7_count,             0
BBL_DONT_END_PRED_NT_LENGTH_7_pct,         -nan
BBL_DONT_END_PRED_NT_LENGTH_7_total_count,             0
BBL_DONT_END_PRED_NT_LENGTH_7_total_pct,         -nan

BBL_DONT_END_PRED_NT_LENGTH_8_count,             0
BBL_DONT_END_PRED_NT_LENGTH_8_pct,         -nan
BBL_DONT_END_PRED_NT_LENGTH_8_total_count,             0
BBL_DONT_END_PRED_NT_LENGTH_8_total_pct,         -nan

BBL_DONT_END_PRED_NT_LENGTH_9_count,             0
BBL_DONT_END_PRED_NT_LENGTH_9_pct,         -nan
BBL_DONT_END_PRED_NT_LENGTH_9_total_count,             0
BBL_DONT_END_PRED_NT_LENGTH_9_total_pct,         -nan

BBL_DONT_END_PRED_NT_LENGTH_10_count,             0
BBL_DONT_END_PRED_NT_LENGTH_10_pct,         -nan
BBL_DONT_END_PRED_NT_LENGTH_10_total_count,             0
BBL_DONT_END_PRED_NT_LENGTH_10_total_pct,         -nan

BBL_DONT_END_PRED_NT_LENGTH_11_count,             0
BBL_DONT_END_PRED_NT_LENGTH_11_pct,         -nan
BBL_DONT_END_PRED_NT_LENGTH_11_total_count,             0
BBL_DONT_END_PRED_NT_LENGTH_11_total_pct,         -nan

BBL_DONT_END_PRED_NT_LENGTH_12_count,             0
BBL_DONT_END_PRED_NT_LENGTH_12_pct,         -nan
BBL_DONT_END_PRED_NT_LENGTH_12_total_count,             0
BBL_DONT_END_PRED_NT_LENGTH_12_total_pct,         -nan

BBL_DONT_END_PRED_NT_LENGTH_13_count,             0
BBL_DONT_END_PRED_NT_LENGTH_13_pct,         -nan
BBL_DONT_END_PRED_NT_LENGTH_13_total_count,             0
BBL_DONT_END_PRED_NT_LENGTH_13_total_pct,         -nan

BBL_DONT_END_PRED_NT_LENGTH_14_count,             0
BBL_DONT_END_PRED_NT_LENGTH_14_pct,         -nan
BBL_DONT_END_PRED_NT_LENGTH_14_total_count,             0
BBL_DONT_END_PRED_NT_LENGTH_14_total_pct,         -nan

BBL_DONT_END_PRED_NT_LENGTH_15_count,             0
BBL_DONT_END_PRED_NT_LENGTH_15_pct,         -nan
BBL_DONT_END_PRED_NT_LENGTH_15_total_count,             0
BBL_DONT_END_PRED_NT_LENGTH_15_total_pct,         -nan

BBL_DONT_END_PRED_NT_LENGTH_16_count,             0
BBL_DONT_END_PRED_NT_LENGTH_16_pct,         -nan
BBL_DONT_END_PRED_NT_LENGTH_16_total_count,             0
BBL_DONT_END_PRED_NT_LENGTH_16_total_pct,         -nan

BBL_DONT_END_PRED_NT_LENGTH_17_count,             0
BBL_DONT_END_PRED_NT_LENGTH_17_pct,         -nan
BBL_DONT_END_PRED_NT_LENGTH_17_total_count,             0
BBL_DONT_END_PRED_NT_LENGTH_17_total_pct,         -nan

BBL_DONT_END_PRED_NT_LENGTH_18_count,             0
BBL_DONT_END_PRED_NT_LENGTH_18_pct,         -nan
BBL_DONT_END_PRED_NT_LENGTH_18_total_count,             0
BBL_DONT_END_PRED_NT_LENGTH_18_total_pct,         -nan

BBL_DONT_END_PRED_NT_LENGTH_19_count,             0
BBL_DONT_END_PRED_NT_LENGTH_19_pct,         -nan
BBL_DONT_END_PRED_NT_LENGTH_19_total_count,             0
BBL_DONT_END_PRED_NT_LENGTH_19_total_pct,         -nan

BBL_DONT_END_PRED_NT_LENGTH_20_count,             0
BBL_DONT_END_PRED_NT_LENGTH_20_pct,         -nan
BBL_DONT_END_PRED_NT_LENGTH_20_total_count,             0
BBL_DONT_END_PRED_NT_LENGTH_20_total_pct,         -nan

BBL_DONT_END_PRED_NT_LENGTH_21_count,             0
BBL_DONT_END_PRED_NT_LENGTH_21_pct,         -nan
BBL_DONT_END_PRED_NT_LENGTH_21_total_count,             0
BBL_DONT_END_PRED_NT_LENGTH_21_total_pct,         -nan

BBL_DONT_END_PRED_NT_LENGTH_22_count,             0
BBL_DONT_END_PRED_NT_LENGTH_22_pct,         -nan
BBL_DONT_END_PRED_NT_LENGTH_22_total_count,             0
BBL_DONT_END_PRED_NT_LENGTH_22_total_pct,         -nan

BBL_DONT_END_PRED_NT_LENGTH_23_count,             0
BBL_DONT_END_PRED_NT_LENGTH_23_pct,         -nan
BBL_DONT_END_PRED_NT_LENGTH_23_total_count,             0
BBL_DONT_END_PRED_NT_LENGTH_23_total_pct,         -nan

BBL_DONT_END_PRED_NT_LENGTH_24_count,             0
BBL_DONT_END_PRED_NT_LENGTH_24_pct,         -nan
BBL_DONT_END_PRED_NT_LENGTH_24_total_count,             0
BBL_DONT_END_PRED_NT_LENGTH_24_total_pct,         -nan
BBL_DONT_END_PRED_NT_LENGTH_24_sum_count,             0
BBL_DONT_END_PRED_NT_LENGTH_24_sum_pct,         -nan
BBL_DONT_END_PRED_NT_LENGTH_24_sum_total_count,             0
BBL_DONT_END_PRED_NT_LENGTH_24_sum_total_pct,         -nan
BBL_DONT_END_PRED_NT_LENGTH_24_mean,         -nan
BBL_DONT_END_PRED_NT_LENGTH_24_stddev,         -nan
BBL_DONT_END_PRED_NT_LENGTH_24_total_mean,         -nan
BBL_DONT_END_PRED_NT_LENGTH_24_total_stddev,         -nan

DATA_LD_CYCLES_ONPATH_count,     113007329
DATA_LD_CYCLES_ONPATH_total_count,     113007329

DATA_LD_CYCLES_OFFPATH_count,        953786
DATA_LD_CYCLES_OFFPATH_total_count,        953786

DATA_LD_MLC_CYCLES_ONPATH_count,     109775990
DATA_LD_MLC_CYCLES_ONPATH_total_count,     109775990

DATA_LD_MLC_CYCLES_OFFPATH_count,        943225
DATA_LD_MLC_CYCLES_OFFPATH_total_count,        943225

DATA_LD_MLC_ACCESSES_ONPATH_count,       6820751
DATA_LD_MLC_ACCESSES_ONPATH_total_count,       6820751

DATA_LD_MLC_ACCESSES_OFFPATH_count,         58677
DATA_LD_MLC_ACCESSES_OFFPATH_total_count,         58677

DATA_LD_L1_CYCLES_ONPATH_count,       2896111
DATA_LD_L1_CYCLES_ONPATH_total_count,       2896111

DATA_LD_L1_CYCLES_OFFPATH_count,         10561
DATA_LD_L1_CYCLES_OFFPATH_total_count,         10561

DATA_LD_L1_ACCESSES_ONPATH_count,         52648
DATA_LD_L1_ACCESSES_ONPATH_total_count,         52648

DATA_LD_L1_ACCESSES_OFFPATH_count,           192
DATA_LD_L1_ACCESSES_OFFPATH_total_count,           192

DATA_LD_MEM_CYCLES_ONPATH_count,        335228
DATA_LD_MEM_CYCLES_ONPATH_total_count,        335228

DATA_LD_MEM_CYCLES_OFFPATH_count,             0
DATA_LD_MEM_CYCLES_OFFPATH_total_count,             0

DATA_LD_MEM_ACCESSES_ONPATH_count,          1813
DATA_LD_MEM_ACCESSES_ONPATH_total_count,          1813

DATA_LD_MEM_ACCESSES_OFFPATH_count,             0
DATA_LD_MEM_ACCESSES_OFFPATH_total_count,             0

DATA_LD_PREF_CYCLES_ONPATH_count,             0
DATA_LD_PREF_CYCLES_ONPATH_total_count,             0

DATA_LD_PREF_CYCLES_OFFPATH_count,             0
DATA_LD_PREF_CYCLES_OFFPATH_total_count,             0

DATA_LD_PREF_MLC_CYCLES_ONPATH_count,             0
DATA_LD_PREF_MLC_CYCLES_ONPATH_total_count,             0

DATA_LD_PREF_MLC_CYCLES_OFFPATH_count,             0
DATA_LD_PREF_MLC_CYCLES_OFFPATH_total_count,             0

DATA_LD_PREF_L1_CYCLES_ONPATH_count,             0
DATA_LD_PREF_L1_CYCLES_ONPATH_total_count,             0

DATA_LD_PREF_L1_CYCLES_OFFPATH_count,             0
DATA_LD_PREF_L1_CYCLES_OFFPATH_total_count,             0

DATA_LD_PREF_MEM_CYCLES_ONPATH_count,             0
DATA_LD_PREF_MEM_CYCLES_ONPATH_total_count,             0

DATA_LD_PREF_MEM_CYCLES_OFFPATH_count,             0
DATA_LD_PREF_MEM_CYCLES_OFFPATH_total_count,             0

CODVERCH_ICACHE_MOV_ALU_MISS_count,             0
CODVERCH_ICACHE_MOV_ALU_MISS_total_count,             0

CODVERCH_ICACHE_ALU_CF_MISS_count,         50374
CODVERCH_ICACHE_ALU_CF_MISS_total_count,         50374

CODVERCH_ICACHE_ALU_CF_MISS_IS_MOV_count,         42599
CODVERCH_ICACHE_ALU_CF_MISS_IS_MOV_total_count,         42599

CODVERCH_ICACHE_ALU_CF_MISS_HAS_PUSH_count,           966
CODVERCH_ICACHE_ALU_CF_MISS_HAS_PUSH_total_count,           966

CODVERCH_ICACHE_ALU_CF_MISS_HAS_POP_count,           390
CODVERCH_ICACHE_ALU_CF_MISS_HAS_POP_total_count,           390

CODVERCH_ICACHE_ALU_CF_MISS_IS_PREFETCH_count,             0
CODVERCH_ICACHE_ALU_CF_MISS_IS_PREFETCH_total_count,             0

CODVERCH_ICACHE_ALU_CF_MISS_IS_CALL_count,             0
CODVERCH_ICACHE_ALU_CF_MISS_IS_CALL_total_count,             0

CODVERCH_UOP_CACHE_ALU_CF_MISS_ICACHE_MISS_count,         48366
CODVERCH_UOP_CACHE_ALU_CF_MISS_ICACHE_MISS_total_count,         48366

CODVERCH_UOP_CACHE_ALU_CF_MISS_ICACHE_IS_MOV_count,         40768
CODVERCH_UOP_CACHE_ALU_CF_MISS_ICACHE_IS_MOV_total_count,         40768

CODVERCH_UOP_CACHE_ALU_CF_MISS_ICACHE_HAS_PUSH_count,           858
CODVERCH_UOP_CACHE_ALU_CF_MISS_ICACHE_HAS_PUSH_total_count,           858

CODVERCH_UOP_CACHE_ALU_CF_MISS_ICACHE_HAS_POP_count,           386
CODVERCH_UOP_CACHE_ALU_CF_MISS_ICACHE_HAS_POP_total_count,           386

CODVERCH_UOP_CACHE_ALU_CF_MISS_ICACHE_IS_PREFETCH_count,             0
CODVERCH_UOP_CACHE_ALU_CF_MISS_ICACHE_IS_PREFETCH_total_count,             0

CODVERCH_UOP_CACHE_ALU_CF_MISS_ICACHE_IS_CALL_count,             0
CODVERCH_UOP_CACHE_ALU_CF_MISS_ICACHE_IS_CALL_total_count,             0



