/* -*- Mode: c -*- */
####################################################################################################
Core 0
####################################################################################################
Cumulative:        Cycles: 45593180              Instructions: 99999999              IPC: 2.19331

Periodic:          Cycles: 45593180              Instructions: 99999999              IPC: 2.19331

ICACHE_MISS                                     246717        3.325%           246717        3.325%
ICACHE_HIT                                     7173857       96.675%          7173857       96.675%
                                               7420574      100.000%          7420574      100.000%
                                                  0.97         0.95              0.97         0.95

ICACHE_MISS_ONPATH                              224330       90.926%           224330       90.926%
ICACHE_MISS_OFFPATH                              22387        9.074%            22387        9.074%
                                                246717      100.000%           246717      100.000%
                                                  0.09         0.28              0.09         0.28

ICACHE_MISS_NOT_PREFETCHED                        5476        2.235%             5476        2.235%
ICACHE_MISS_PREFETCHED_AND_EVICTED_BY_IFETCH             0        0.000%                0        0.000%
ICACHE_MISS_PREFETCHED_AND_EVICTED_BY_FDIP             0        0.000%                0        0.000%
ICACHE_MISS_MSHR_HIT_PREFETCHED_OFFPATH          32092       13.097%            32092       13.097%
ICACHE_MISS_MSHR_HIT_PREFETCHED_ONPATH          207465       84.668%           207465       84.668%
                                                245033      100.000%           245033      100.000%
                                                  3.78         3.50              3.78         3.50

ICACHE_HIT_ONPATH                              5827545       81.233%          5827545       81.233%
ICACHE_HIT_OFFPATH                             1346312       18.767%          1346312       18.767%
                                               7173857      100.000%          7173857      100.000%
                                                  0.19         0.36              0.19         0.36

ICACHE_HIT_ONPATH_SAT_BY_OFFPATH                     0         -nan%                0         -nan%
ICACHE_HIT_ONPATH_SAT_BY_ONPATH                      0         -nan%                0         -nan%
                                                     0         -nan%                0         -nan%
                                                  -nan         -nan              -nan         -nan

ICACHE_HIT_OFFPATH_SAT_BY_OFFPATH                    0         -nan%                0         -nan%
ICACHE_HIT_OFFPATH_SAT_BY_ONPATH                     0         -nan%                0         -nan%
                                                     0         -nan%                0         -nan%
                                                  -nan         -nan              -nan         -nan

ICACHE_HIT_BY_FDIP_ONPATH                            0         -nan%                0         -nan%
ICACHE_HIT_BY_FDIP_OFFPATH                           0         -nan%                0         -nan%
                                                     0         -nan%                0         -nan%
                                                  -nan         -nan              -nan         -nan

ICACHE_MISS_MSHR_HIT_BY_FDIP_ONPATH             197239       82.585%           197239       82.585%
ICACHE_MISS_MSHR_HIT_BY_FDIP_OFFPATH             41593       17.415%            41593       17.415%
                                                238832      100.000%           238832      100.000%
                                                  0.17         0.35              0.17         0.35

ICACHE_HIT_ONPATH_BY_FDIP                            0        0.000%                0        0.000%
ICACHE_HIT_OFFPATH_BY_FDIP                           0        0.000%                0        0.000%
ICACHE_MISS_MSHR_HIT_ONPATH_BY_FDIP             218140       88.678%           218140       88.678%
ICACHE_MISS_MSHR_HIT_OFFPATH_BY_FDIP             20692        8.412%            20692        8.412%
ICACHE_MISS_TOO_EARLY_ONPATH                         0        0.000%                0        0.000%
ICACHE_MISS_TOO_EARLY_OFFPATH                        0        0.000%                0        0.000%
ICACHE_MISS_NOT_PREFETCHED_ONPATH                 5476        2.226%             5476        2.226%
ICACHE_MISS_NOT_PREFETCHED_OFFPATH                1684        0.685%             1684        0.685%
                                                245992      100.000%           245992      100.000%
                                                  2.21         0.78              2.21         0.78

ICACHE_UNIQUE_MISSED_LINES                           0                              0              

ICACHE_UNIQUE_HIT_LINES                              0                              0              

ICACHE_OVERTAKE_FDIP                                 0                              0              

FT_UOP_CACHE_HIT_ON_PATH                      10463307       63.356%         10463307       63.356%
FT_UOP_CACHE_MISS_ICACHE_HIT_ON_PATH           5827545       35.286%          5827545       35.286%
FT_UOP_CACHE_MISS_ICACHE_MISS_ON_PATH           224330        1.358%           224330        1.358%
                                              16515182      100.000%         16515182      100.000%
                                                  0.38         0.42              0.38         0.42

FT_UOP_CACHE_HIT_OFF_PATH                      1935012       58.571%          1935012       58.571%
FT_UOP_CACHE_MISS_ICACHE_HIT_OFF_PATH          1346312       40.752%          1346312       40.752%
FT_UOP_CACHE_MISS_ICACHE_MISS_OFF_PATH           22387        0.678%            22387        0.678%
                                               3303711      100.000%          3303711      100.000%
                                                  0.42         0.39              0.42         0.39

UOPS_SERVED_BY_ICACHE_ON_PATH                 48272838       37.812%         48272838       37.812%
UOPS_SERVED_BY_UOP_CACHE_ON_PATH              79393321       62.188%         79393321       62.188%
                                             127666159      100.000%        127666159      100.000%
                                                  0.62         0.57              0.62         0.57

UOPS_SERVED_BY_ICACHE_OFF_PATH                16438948       52.558%         16438948       52.558%
UOPS_SERVED_BY_UOP_CACHE_OFF_PATH             14838491       47.442%         14838491       47.442%
                                              31277439      100.000%         31277439      100.000%
                                                  0.47         0.49              0.47         0.49

ICACHE_HIT_UOP_CACHE_MISS_ON_PATH                    0         -nan%                0         -nan%
ICACHE_HIT_UOP_CACHE_HIT_ON_PATH                     0         -nan%                0         -nan%
ICACHE_MISS_UOP_CACHE_MISS_ON_PATH                   0         -nan%                0         -nan%
ICACHE_MISS_UOP_CACHE_HIT_ON_PATH                    0         -nan%                0         -nan%
                                                     0         -nan%                0         -nan%
                                                  -nan         -nan              -nan         -nan

ICACHE_HIT_UOP_CACHE_MISS_OFF_PATH                   0         -nan%                0         -nan%
ICACHE_HIT_UOP_CACHE_HIT_OFF_PATH                    0         -nan%                0         -nan%
ICACHE_MISS_UOP_CACHE_MISS_OFF_PATH                  0         -nan%                0         -nan%
ICACHE_MISS_UOP_CACHE_HIT_OFF_PATH                   0         -nan%                0         -nan%
                                                     0         -nan%                0         -nan%
                                                  -nan         -nan              -nan         -nan

UOP_CACHE_FT_INSERTED_ONPATH_USED_ONPATH       1505418                        1505418              

UOP_CACHE_FT_INSERTED_OFFPATH_USED_ONPATH        292366                         292366              

UOP_CACHE_LINE_INSERTED_ONPATH_USED_ONPATH       2613368                        2613368              

UOP_CACHE_LINE_INSERTED_OFFPATH_USED_ONPATH        507315                         507315              

UOP_CACHE_PREFETCH                                   0                              0              

UOP_CACHE_FT_INSERT_FAILED_INST_TOO_BIG_ON_PATH             0        0.000%                0        0.000%
UOP_CACHE_FT_INSERT_FAILED_FT_TOO_BIG_ON_PATH             0        0.000%                0        0.000%
UOP_CACHE_FT_INSERT_CONFLICTED_SHORT_REUSE_ON_PATH        144665        2.503%           144665        2.503%
UOP_CACHE_FT_INSERT_SUCCEEDED_ON_PATH          5634457       97.497%          5634457       97.497%
                                               5779122      100.000%          5779122      100.000%
                                                  2.97         2.94              2.97         2.94

UOP_CACHE_FT_INSERT_FAILED_INST_TOO_BIG_OFF_PATH             0        0.000%                0        0.000%
UOP_CACHE_FT_INSERT_FAILED_FT_TOO_BIG_OFF_PATH             0        0.000%                0        0.000%
UOP_CACHE_FT_INSERT_CONFLICTED_SHORT_REUSE_OFF_PATH         10879        1.939%            10879        1.939%
UOP_CACHE_FT_INSERT_SUCCEEDED_OFF_PATH          550293       98.061%           550293       98.061%
                                                561172      100.000%           561172      100.000%
                                                  2.98         2.95              2.98         2.95

UOP_CACHE_LINE_INSERT_FAILED_INST_TOO_BIG_ON_PATH             0        0.000%                0        0.000%
UOP_CACHE_LINE_INSERT_FAILED_FT_TOO_BIG_ON_PATH             0        0.000%                0        0.000%
UOP_CACHE_LINE_INSERT_CONFLICTED_SHORT_REUSE_ON_PATH        224079        2.140%           224079        2.140%
UOP_CACHE_LINE_INSERT_SUCCEEDED_ON_PATH       10248930       97.860%         10248930       97.860%
                                              10473009      100.000%         10473009      100.000%
                                                  2.98         2.95              2.98         2.95

UOP_CACHE_LINE_INSERT_FAILED_INST_TOO_BIG_OFF_PATH             0        0.000%                0        0.000%
UOP_CACHE_LINE_INSERT_FAILED_FT_TOO_BIG_OFF_PATH             0        0.000%                0        0.000%
UOP_CACHE_LINE_INSERT_CONFLICTED_SHORT_REUSE_OFF_PATH         21244        1.845%            21244        1.845%
UOP_CACHE_LINE_INSERT_SUCCEEDED_OFF_PATH       1130056       98.155%          1130056       98.155%
                                               1151300      100.000%          1151300      100.000%
                                                  2.98         2.96              2.98         2.96

RECOVER_AT_DECODE_BR_FROM_UOC                     7157                           7157              

UOP_CACHE_ICACHE_SWITCH_BR_NOT_TAKEN_RESTEERED             0         -nan%                0         -nan%
UOP_CACHE_ICACHE_SWITCH_BR_NOT_TAKEN_CORRECT_PRED             0         -nan%                0         -nan%
UOP_CACHE_ICACHE_SWITCH_BR_TAKEN_RESTEERED             0         -nan%                0         -nan%
UOP_CACHE_ICACHE_SWITCH_BR_TAKEN_CORRECT_PRED             0         -nan%                0         -nan%
                                                     0         -nan%                0         -nan%
                                                  -nan         -nan              -nan         -nan

UOP_CACHE_ICACHE_SWITCH_UOP_QUEUE_LENGTH_0         69755        6.165%            69755        6.165%
UOP_CACHE_ICACHE_SWITCH_UOP_QUEUE_LENGTH_1         77733        6.870%            77733        6.870%
UOP_CACHE_ICACHE_SWITCH_UOP_QUEUE_LENGTH_2        118881       10.507%           118881       10.507%
UOP_CACHE_ICACHE_SWITCH_UOP_QUEUE_LENGTH_3         94262        8.331%            94262        8.331%
UOP_CACHE_ICACHE_SWITCH_UOP_QUEUE_LENGTH_4        117102       10.349%           117102       10.349%
UOP_CACHE_ICACHE_SWITCH_UOP_QUEUE_LENGTH_5        144347       12.757%           144347       12.757%
UOP_CACHE_ICACHE_SWITCH_UOP_QUEUE_LENGTH_6         88460        7.818%            88460        7.818%
UOP_CACHE_ICACHE_SWITCH_UOP_QUEUE_LENGTH_7        420942       37.203%           420942       37.203%
UOP_CACHE_ICACHE_SWITCH_UOP_QUEUE_LENGTH_8             0        0.000%                0        0.000%
UOP_CACHE_ICACHE_SWITCH_UOP_QUEUE_LENGTH_9             0        0.000%                0        0.000%
UOP_CACHE_ICACHE_SWITCH_UOP_QUEUE_LENGTH_10             0        0.000%                0        0.000%
UOP_CACHE_ICACHE_SWITCH_UOP_QUEUE_LENGTH_11             0        0.000%                0        0.000%
UOP_CACHE_ICACHE_SWITCH_UOP_QUEUE_LENGTH_12             0        0.000%                0        0.000%
UOP_CACHE_ICACHE_SWITCH_UOP_QUEUE_LENGTH_13             0        0.000%                0        0.000%
UOP_CACHE_ICACHE_SWITCH_UOP_QUEUE_LENGTH_14             0        0.000%                0        0.000%
UOP_CACHE_ICACHE_SWITCH_UOP_QUEUE_LENGTH_15             0        0.000%                0        0.000%
UOP_CACHE_ICACHE_SWITCH_UOP_QUEUE_LENGTH_16             0        0.000%                0        0.000%
UOP_CACHE_ICACHE_SWITCH_UOP_QUEUE_LENGTH_17             0        0.000%                0        0.000%
UOP_CACHE_ICACHE_SWITCH_UOP_QUEUE_LENGTH_18             0        0.000%                0        0.000%
UOP_CACHE_ICACHE_SWITCH_UOP_QUEUE_LENGTH_19             0        0.000%                0        0.000%
UOP_CACHE_ICACHE_SWITCH_UOP_QUEUE_LENGTH_20             0        0.000%                0        0.000%
                                               1131482      100.000%          1131482      100.000%
                                                  4.65         2.03              4.65         2.03

UOP_CACHE_ICACHE_SWITCH_UOP_QUEUE_LENGTH_OFFPATH_0          7254        4.106%             7254        4.106%
UOP_CACHE_ICACHE_SWITCH_UOP_QUEUE_LENGTH_OFFPATH_1         16384        9.274%            16384        9.274%
UOP_CACHE_ICACHE_SWITCH_UOP_QUEUE_LENGTH_OFFPATH_2         18535       10.492%            18535       10.492%
UOP_CACHE_ICACHE_SWITCH_UOP_QUEUE_LENGTH_OFFPATH_3         22003       12.455%            22003       12.455%
UOP_CACHE_ICACHE_SWITCH_UOP_QUEUE_LENGTH_OFFPATH_4         19360       10.959%            19360       10.959%
UOP_CACHE_ICACHE_SWITCH_UOP_QUEUE_LENGTH_OFFPATH_5         18466       10.453%            18466       10.453%
UOP_CACHE_ICACHE_SWITCH_UOP_QUEUE_LENGTH_OFFPATH_6         14614        8.272%            14614        8.272%
UOP_CACHE_ICACHE_SWITCH_UOP_QUEUE_LENGTH_OFFPATH_7         60048       33.990%            60048       33.990%
UOP_CACHE_ICACHE_SWITCH_UOP_QUEUE_LENGTH_OFFPATH_8             0        0.000%                0        0.000%
UOP_CACHE_ICACHE_SWITCH_UOP_QUEUE_LENGTH_OFFPATH_9             0        0.000%                0        0.000%
UOP_CACHE_ICACHE_SWITCH_UOP_QUEUE_LENGTH_OFFPATH_10             0        0.000%                0        0.000%
UOP_CACHE_ICACHE_SWITCH_UOP_QUEUE_LENGTH_OFFPATH_11             0        0.000%                0        0.000%
UOP_CACHE_ICACHE_SWITCH_UOP_QUEUE_LENGTH_OFFPATH_12             0        0.000%                0        0.000%
UOP_CACHE_ICACHE_SWITCH_UOP_QUEUE_LENGTH_OFFPATH_13             0        0.000%                0        0.000%
UOP_CACHE_ICACHE_SWITCH_UOP_QUEUE_LENGTH_OFFPATH_14             0        0.000%                0        0.000%
UOP_CACHE_ICACHE_SWITCH_UOP_QUEUE_LENGTH_OFFPATH_15             0        0.000%                0        0.000%
UOP_CACHE_ICACHE_SWITCH_UOP_QUEUE_LENGTH_OFFPATH_16             0        0.000%                0        0.000%
UOP_CACHE_ICACHE_SWITCH_UOP_QUEUE_LENGTH_OFFPATH_17             0        0.000%                0        0.000%
UOP_CACHE_ICACHE_SWITCH_UOP_QUEUE_LENGTH_OFFPATH_18             0        0.000%                0        0.000%
UOP_CACHE_ICACHE_SWITCH_UOP_QUEUE_LENGTH_OFFPATH_19             0        0.000%                0        0.000%
UOP_CACHE_ICACHE_SWITCH_UOP_QUEUE_LENGTH_OFFPATH_20             0        0.000%                0        0.000%
                                                176664      100.000%           176664      100.000%
                                                  4.51         2.11              4.51         2.11

UOP_CACHE_ICACHE_SWITCH_UOP_QUEUE_PLUS_DECODE_LENGTH_0         69755        6.165%            69755        6.165%
UOP_CACHE_ICACHE_SWITCH_UOP_QUEUE_PLUS_DECODE_LENGTH_1            65        0.006%               65        0.006%
UOP_CACHE_ICACHE_SWITCH_UOP_QUEUE_PLUS_DECODE_LENGTH_2          3211        0.284%             3211        0.284%
UOP_CACHE_ICACHE_SWITCH_UOP_QUEUE_PLUS_DECODE_LENGTH_3          7017        0.620%             7017        0.620%
UOP_CACHE_ICACHE_SWITCH_UOP_QUEUE_PLUS_DECODE_LENGTH_4          9500        0.840%             9500        0.840%
UOP_CACHE_ICACHE_SWITCH_UOP_QUEUE_PLUS_DECODE_LENGTH_5          7668        0.678%             7668        0.678%
UOP_CACHE_ICACHE_SWITCH_UOP_QUEUE_PLUS_DECODE_LENGTH_6         10338        0.914%            10338        0.914%
UOP_CACHE_ICACHE_SWITCH_UOP_QUEUE_PLUS_DECODE_LENGTH_7       1004332       88.763%          1004332       88.763%
UOP_CACHE_ICACHE_SWITCH_UOP_QUEUE_PLUS_DECODE_LENGTH_8          6468        0.572%             6468        0.572%
UOP_CACHE_ICACHE_SWITCH_UOP_QUEUE_PLUS_DECODE_LENGTH_9          4039        0.357%             4039        0.357%
UOP_CACHE_ICACHE_SWITCH_UOP_QUEUE_PLUS_DECODE_LENGTH_10          4096        0.362%             4096        0.362%
UOP_CACHE_ICACHE_SWITCH_UOP_QUEUE_PLUS_DECODE_LENGTH_11          1397        0.123%             1397        0.123%
UOP_CACHE_ICACHE_SWITCH_UOP_QUEUE_PLUS_DECODE_LENGTH_12          2028        0.179%             2028        0.179%
UOP_CACHE_ICACHE_SWITCH_UOP_QUEUE_PLUS_DECODE_LENGTH_13           820        0.072%              820        0.072%
UOP_CACHE_ICACHE_SWITCH_UOP_QUEUE_PLUS_DECODE_LENGTH_14           748        0.066%              748        0.066%
UOP_CACHE_ICACHE_SWITCH_UOP_QUEUE_PLUS_DECODE_LENGTH_15             0        0.000%                0        0.000%
UOP_CACHE_ICACHE_SWITCH_UOP_QUEUE_PLUS_DECODE_LENGTH_16             0        0.000%                0        0.000%
UOP_CACHE_ICACHE_SWITCH_UOP_QUEUE_PLUS_DECODE_LENGTH_17             0        0.000%                0        0.000%
UOP_CACHE_ICACHE_SWITCH_UOP_QUEUE_PLUS_DECODE_LENGTH_18             0        0.000%                0        0.000%
UOP_CACHE_ICACHE_SWITCH_UOP_QUEUE_PLUS_DECODE_LENGTH_19             0        0.000%                0        0.000%
UOP_CACHE_ICACHE_SWITCH_UOP_QUEUE_PLUS_DECODE_LENGTH_20             0        0.000%                0        0.000%
                                               1131482      100.000%          1131482      100.000%
                                                  6.53         0.79              6.53         0.79

UOP_CACHE_ICACHE_SWITCH_UOP_QUEUE_PLUS_DECODE_LENGTH_OFFPATH_0          7254        4.106%             7254        4.106%
UOP_CACHE_ICACHE_SWITCH_UOP_QUEUE_PLUS_DECODE_LENGTH_OFFPATH_1             5        0.003%                5        0.003%
UOP_CACHE_ICACHE_SWITCH_UOP_QUEUE_PLUS_DECODE_LENGTH_OFFPATH_2           368        0.208%              368        0.208%
UOP_CACHE_ICACHE_SWITCH_UOP_QUEUE_PLUS_DECODE_LENGTH_OFFPATH_3           917        0.519%              917        0.519%
UOP_CACHE_ICACHE_SWITCH_UOP_QUEUE_PLUS_DECODE_LENGTH_OFFPATH_4          1398        0.791%             1398        0.791%
UOP_CACHE_ICACHE_SWITCH_UOP_QUEUE_PLUS_DECODE_LENGTH_OFFPATH_5          1946        1.102%             1946        1.102%
UOP_CACHE_ICACHE_SWITCH_UOP_QUEUE_PLUS_DECODE_LENGTH_OFFPATH_6          2747        1.555%             2747        1.555%
UOP_CACHE_ICACHE_SWITCH_UOP_QUEUE_PLUS_DECODE_LENGTH_OFFPATH_7        158801       89.889%           158801       89.889%
UOP_CACHE_ICACHE_SWITCH_UOP_QUEUE_PLUS_DECODE_LENGTH_OFFPATH_8          1323        0.749%             1323        0.749%
UOP_CACHE_ICACHE_SWITCH_UOP_QUEUE_PLUS_DECODE_LENGTH_OFFPATH_9           740        0.419%              740        0.419%
UOP_CACHE_ICACHE_SWITCH_UOP_QUEUE_PLUS_DECODE_LENGTH_OFFPATH_10           388        0.220%              388        0.220%
UOP_CACHE_ICACHE_SWITCH_UOP_QUEUE_PLUS_DECODE_LENGTH_OFFPATH_11           278        0.157%              278        0.157%
UOP_CACHE_ICACHE_SWITCH_UOP_QUEUE_PLUS_DECODE_LENGTH_OFFPATH_12           325        0.184%              325        0.184%
UOP_CACHE_ICACHE_SWITCH_UOP_QUEUE_PLUS_DECODE_LENGTH_OFFPATH_13           133        0.075%              133        0.075%
UOP_CACHE_ICACHE_SWITCH_UOP_QUEUE_PLUS_DECODE_LENGTH_OFFPATH_14            41        0.023%               41        0.023%
UOP_CACHE_ICACHE_SWITCH_UOP_QUEUE_PLUS_DECODE_LENGTH_OFFPATH_15             0        0.000%                0        0.000%
UOP_CACHE_ICACHE_SWITCH_UOP_QUEUE_PLUS_DECODE_LENGTH_OFFPATH_16             0        0.000%                0        0.000%
UOP_CACHE_ICACHE_SWITCH_UOP_QUEUE_PLUS_DECODE_LENGTH_OFFPATH_17             0        0.000%                0        0.000%
UOP_CACHE_ICACHE_SWITCH_UOP_QUEUE_PLUS_DECODE_LENGTH_OFFPATH_18             0        0.000%                0        0.000%
UOP_CACHE_ICACHE_SWITCH_UOP_QUEUE_PLUS_DECODE_LENGTH_OFFPATH_19             0        0.000%                0        0.000%
UOP_CACHE_ICACHE_SWITCH_UOP_QUEUE_PLUS_DECODE_LENGTH_OFFPATH_20             0        0.000%                0        0.000%
                                                176664      100.000%           176664      100.000%
                                                  6.66         0.70              6.66         0.70

BF_UOP_CACHE_MISS_UOP_QUEUE_LENGTH_0              8590      100.000%             8590      100.000%
BF_UOP_CACHE_MISS_UOP_QUEUE_LENGTH_1                 0        0.000%                0        0.000%
BF_UOP_CACHE_MISS_UOP_QUEUE_LENGTH_2                 0        0.000%                0        0.000%
BF_UOP_CACHE_MISS_UOP_QUEUE_LENGTH_3                 0        0.000%                0        0.000%
BF_UOP_CACHE_MISS_UOP_QUEUE_LENGTH_4                 0        0.000%                0        0.000%
BF_UOP_CACHE_MISS_UOP_QUEUE_LENGTH_5                 0        0.000%                0        0.000%
BF_UOP_CACHE_MISS_UOP_QUEUE_LENGTH_6                 0        0.000%                0        0.000%
BF_UOP_CACHE_MISS_UOP_QUEUE_LENGTH_7                 0        0.000%                0        0.000%
BF_UOP_CACHE_MISS_UOP_QUEUE_LENGTH_8                 0        0.000%                0        0.000%
BF_UOP_CACHE_MISS_UOP_QUEUE_LENGTH_9                 0        0.000%                0        0.000%
BF_UOP_CACHE_MISS_UOP_QUEUE_LENGTH_10                0        0.000%                0        0.000%
BF_UOP_CACHE_MISS_UOP_QUEUE_LENGTH_11                0        0.000%                0        0.000%
BF_UOP_CACHE_MISS_UOP_QUEUE_LENGTH_12                0        0.000%                0        0.000%
BF_UOP_CACHE_MISS_UOP_QUEUE_LENGTH_13                0        0.000%                0        0.000%
BF_UOP_CACHE_MISS_UOP_QUEUE_LENGTH_14                0        0.000%                0        0.000%
BF_UOP_CACHE_MISS_UOP_QUEUE_LENGTH_15                0        0.000%                0        0.000%
BF_UOP_CACHE_MISS_UOP_QUEUE_LENGTH_16                0        0.000%                0        0.000%
BF_UOP_CACHE_MISS_UOP_QUEUE_LENGTH_17                0        0.000%                0        0.000%
BF_UOP_CACHE_MISS_UOP_QUEUE_LENGTH_18                0        0.000%                0        0.000%
BF_UOP_CACHE_MISS_UOP_QUEUE_LENGTH_19                0        0.000%                0        0.000%
BF_UOP_CACHE_MISS_UOP_QUEUE_LENGTH_20                0        0.000%                0        0.000%
                                                  8590      100.000%             8590      100.000%
                                                  0.00         0.00              0.00         0.00

BF_UOP_CACHE_MISS_UOP_QUEUE_PLUS_DECODE_LENGTH_0          8590      100.000%             8590      100.000%
BF_UOP_CACHE_MISS_UOP_QUEUE_PLUS_DECODE_LENGTH_1             0        0.000%                0        0.000%
BF_UOP_CACHE_MISS_UOP_QUEUE_PLUS_DECODE_LENGTH_2             0        0.000%                0        0.000%
BF_UOP_CACHE_MISS_UOP_QUEUE_PLUS_DECODE_LENGTH_3             0        0.000%                0        0.000%
BF_UOP_CACHE_MISS_UOP_QUEUE_PLUS_DECODE_LENGTH_4             0        0.000%                0        0.000%
BF_UOP_CACHE_MISS_UOP_QUEUE_PLUS_DECODE_LENGTH_5             0        0.000%                0        0.000%
BF_UOP_CACHE_MISS_UOP_QUEUE_PLUS_DECODE_LENGTH_6             0        0.000%                0        0.000%
BF_UOP_CACHE_MISS_UOP_QUEUE_PLUS_DECODE_LENGTH_7             0        0.000%                0        0.000%
BF_UOP_CACHE_MISS_UOP_QUEUE_PLUS_DECODE_LENGTH_8             0        0.000%                0        0.000%
BF_UOP_CACHE_MISS_UOP_QUEUE_PLUS_DECODE_LENGTH_9             0        0.000%                0        0.000%
BF_UOP_CACHE_MISS_UOP_QUEUE_PLUS_DECODE_LENGTH_10             0        0.000%                0        0.000%
BF_UOP_CACHE_MISS_UOP_QUEUE_PLUS_DECODE_LENGTH_11             0        0.000%                0        0.000%
BF_UOP_CACHE_MISS_UOP_QUEUE_PLUS_DECODE_LENGTH_12             0        0.000%                0        0.000%
BF_UOP_CACHE_MISS_UOP_QUEUE_PLUS_DECODE_LENGTH_13             0        0.000%                0        0.000%
BF_UOP_CACHE_MISS_UOP_QUEUE_PLUS_DECODE_LENGTH_14             0        0.000%                0        0.000%
BF_UOP_CACHE_MISS_UOP_QUEUE_PLUS_DECODE_LENGTH_15             0        0.000%                0        0.000%
BF_UOP_CACHE_MISS_UOP_QUEUE_PLUS_DECODE_LENGTH_16             0        0.000%                0        0.000%
BF_UOP_CACHE_MISS_UOP_QUEUE_PLUS_DECODE_LENGTH_17             0        0.000%                0        0.000%
BF_UOP_CACHE_MISS_UOP_QUEUE_PLUS_DECODE_LENGTH_18             0        0.000%                0        0.000%
BF_UOP_CACHE_MISS_UOP_QUEUE_PLUS_DECODE_LENGTH_19             0        0.000%                0        0.000%
BF_UOP_CACHE_MISS_UOP_QUEUE_PLUS_DECODE_LENGTH_20             0        0.000%                0        0.000%
                                                  8590      100.000%             8590      100.000%
                                                  0.00         0.00              0.00         0.00

UOP_CACHE_FT_LINES_1_ON_PATH                   2842345       49.183%          2842345       49.183%
UOP_CACHE_FT_LINES_2_ON_PATH                   1648081       28.518%          1648081       28.518%
UOP_CACHE_FT_LINES_3_ON_PATH                    903061       15.626%           903061       15.626%
UOP_CACHE_FT_LINES_4_ON_PATH                    307548        5.322%           307548        5.322%
UOP_CACHE_FT_LINES_5_ON_PATH                     75709        1.310%            75709        1.310%
UOP_CACHE_FT_LINES_6_ON_PATH                       682        0.012%              682        0.012%
UOP_CACHE_FT_LINES_7_ON_PATH                      1078        0.019%             1078        0.019%
UOP_CACHE_FT_LINES_8_ON_PATH                       618        0.011%              618        0.011%
UOP_CACHE_FT_LINES_9_AND_MORE_ON_PATH                0        0.000%                0        0.000%
                                               5779122      100.000%          5779122      100.000%
                                                  0.81         0.79              0.81         0.79

UOP_CACHE_FT_LINES_1_OFF_PATH                   235978       42.051%           235978       42.051%
UOP_CACHE_FT_LINES_2_OFF_PATH                   157985       28.153%           157985       28.153%
UOP_CACHE_FT_LINES_3_OFF_PATH                    76692       13.666%            76692       13.666%
UOP_CACHE_FT_LINES_4_OFF_PATH                    83388       14.860%            83388       14.860%
UOP_CACHE_FT_LINES_5_OFF_PATH                     7050        1.256%             7050        1.256%
UOP_CACHE_FT_LINES_6_OFF_PATH                       79        0.014%               79        0.014%
UOP_CACHE_FT_LINES_7_OFF_PATH                        0        0.000%                0        0.000%
UOP_CACHE_FT_LINES_8_OFF_PATH                        0        0.000%                0        0.000%
UOP_CACHE_FT_LINES_9_AND_MORE_OFF_PATH               0        0.000%                0        0.000%
                                                561172      100.000%           561172      100.000%
                                                  1.05         0.89              1.05         0.89

UOP_CACHE_PREFETCH_PW_LENGTH_1                       0         -nan%                0         -nan%
UOP_CACHE_PREFETCH_PW_LENGTH_2                       0         -nan%                0         -nan%
UOP_CACHE_PREFETCH_PW_LENGTH_3                       0         -nan%                0         -nan%
UOP_CACHE_PREFETCH_PW_LENGTH_4                       0         -nan%                0         -nan%
UOP_CACHE_PREFETCH_PW_LENGTH_5                       0         -nan%                0         -nan%
UOP_CACHE_PREFETCH_PW_LENGTH_6                       0         -nan%                0         -nan%
UOP_CACHE_PREFETCH_PW_LENGTH_7                       0         -nan%                0         -nan%
UOP_CACHE_PREFETCH_PW_LENGTH_8                       0         -nan%                0         -nan%
UOP_CACHE_PREFETCH_PW_LENGTH_9                       0         -nan%                0         -nan%
UOP_CACHE_PREFETCH_PW_LENGTH_10                      0         -nan%                0         -nan%
UOP_CACHE_PREFETCH_PW_LENGTH_11                      0         -nan%                0         -nan%
UOP_CACHE_PREFETCH_PW_LENGTH_12                      0         -nan%                0         -nan%
UOP_CACHE_PREFETCH_PW_LENGTH_13                      0         -nan%                0         -nan%
UOP_CACHE_PREFETCH_PW_LENGTH_14                      0         -nan%                0         -nan%
UOP_CACHE_PREFETCH_PW_LENGTH_15                      0         -nan%                0         -nan%
UOP_CACHE_PREFETCH_PW_LENGTH_16                      0         -nan%                0         -nan%
UOP_CACHE_PREFETCH_PW_LENGTH_17                      0         -nan%                0         -nan%
UOP_CACHE_PREFETCH_PW_LENGTH_18                      0         -nan%                0         -nan%
UOP_CACHE_PREFETCH_PW_LENGTH_19                      0         -nan%                0         -nan%
UOP_CACHE_PREFETCH_PW_LENGTH_20                      0         -nan%                0         -nan%
UOP_CACHE_PREFETCH_PW_LENGTH_21                      0         -nan%                0         -nan%
UOP_CACHE_PREFETCH_PW_LENGTH_22                      0         -nan%                0         -nan%
UOP_CACHE_PREFETCH_PW_LENGTH_23                      0         -nan%                0         -nan%
UOP_CACHE_PREFETCH_PW_LENGTH_24                      0         -nan%                0         -nan%
                                                     0         -nan%                0         -nan%
                                                  -nan         -nan              -nan         -nan

DCACHE_MISS                                    6956901       15.370%          6956901       15.370%
DCACHE_ST_BUFFER_HIT                             21836        0.048%            21836        0.048%
DCACHE_HIT                                    38284026       84.582%         38284026       84.582%
                                              45262763      100.000%         45262763      100.000%
                                                  1.69         1.58              1.69         1.58

DCACHE_MISS_ONPATH                             6956901       98.805%          6956901       98.805%
DCACHE_MISS_OFFPATH                              84125        1.195%            84125        1.195%
                                               7041026      100.000%          7041026      100.000%
                                                  0.01         0.11              0.01         0.11

DCACHE_ST_BUFFER_HIT_ONPATH                      21836       98.998%            21836       98.998%
DCACHE_ST_BUFFER_HIT_OFFPATH                       221        1.002%              221        1.002%
                                                 22057      100.000%            22057      100.000%
                                                  0.01         0.10              0.01         0.10

DCACHE_HIT_ONPATH                             38284026       94.623%         38284026       94.623%
DCACHE_HIT_OFFPATH                             2175674        5.377%          2175674        5.377%
                                              40459700      100.000%         40459700      100.000%
                                                  0.05         0.22              0.05         0.22

DCACHE_HIT_ONPATH_SAT_BY_OFFPATH                     0         -nan%                0         -nan%
DCACHE_HIT_ONPATH_SAT_BY_ONPATH                      0         -nan%                0         -nan%
                                                     0         -nan%                0         -nan%
                                                  -nan         -nan              -nan         -nan

DCACHE_HIT_OFFPATH_SAT_BY_OFFPATH                    0         -nan%                0         -nan%
DCACHE_HIT_OFFPATH_SAT_BY_ONPATH                     0         -nan%                0         -nan%
                                                     0         -nan%                0         -nan%
                                                  -nan         -nan              -nan         -nan

DCACHE_MISS_LD                                 4422792       63.574%          4422792       63.574%
DCACHE_MISS_ST                                 2534109       36.426%          2534109       36.426%
                                               6956901      100.000%          6956901      100.000%
                                                  0.36         0.44              0.36         0.44

DCACHE_MISS_LD_ONPATH                          4422792       98.643%          4422792       98.643%
DCACHE_MISS_LD_OFFPATH                           60825        1.357%            60825        1.357%
                                               4483617      100.000%          4483617      100.000%
                                                  0.01         0.11              0.01         0.11

DCACHE_MISS_ST_ONPATH                          2534109       99.089%          2534109       99.089%
DCACHE_MISS_ST_OFFPATH                           23300        0.911%            23300        0.911%
                                               2557409      100.000%          2557409      100.000%
                                                  0.01         0.09              0.01         0.09

DCACHE_MISS_WAITMEM                              27636                          27636              

MEM_REQ_ROW_BUFFER_HITS                              0         -nan%                0         -nan%
MEM_REQ_ROW_BUFFER_MISSES                            0         -nan%                0         -nan%
MEM_REQ_ROW_BUFFER_CONFLICTS                         0         -nan%                0         -nan%
                                                     0         -nan%                0         -nan%
                                                  -nan         -nan              -nan         -nan

SHADOW_ROW_BUFFER_HITS                               0                              0              

SHADOW_ROW_HIT_STALL_TIME                            0                              0              

CHANNEL0_BUS_BUSY_CYCLES                             0         -nan%                0         -nan%
CHANNEL1_BUS_BUSY_CYCLES                             0         -nan%                0         -nan%
CHANNEL2_BUS_BUSY_CYCLES                             0         -nan%                0         -nan%
CHANNEL3_BUS_BUSY_CYCLES                             0         -nan%                0         -nan%
CHANNEL4_BUS_BUSY_CYCLES                             0         -nan%                0         -nan%
CHANNEL5_BUS_BUSY_CYCLES                             0         -nan%                0         -nan%
CHANNEL6_BUS_BUSY_CYCLES                             0         -nan%                0         -nan%
CHANNEL7_BUS_BUSY_CYCLES                             0         -nan%                0         -nan%
                                                     0         -nan%                0         -nan%
                                                  -nan         -nan              -nan         -nan

CHANNEL_IDLE_DESPITE_READY_CMD                       0                              0              

MEM_NUM_TOTAL_BUS_CYCLES                             0                              0              

MEM_NUM_BANK_BUSY_PER_BUS_CYCLE                      0          -nan                0          -nan

CORE_NUM_BANK_BUSY_PER_BUS_CYCLE                     0          -nan                0          -nan

CHANNEL0_MEM_NUM_TOTAL_BUS_CYCLES                    0         -nan%                0         -nan%
CHANNEL1_MEM_NUM_TOTAL_BUS_CYCLES                    0         -nan%                0         -nan%
CHANNEL2_MEM_NUM_TOTAL_BUS_CYCLES                    0         -nan%                0         -nan%
CHANNEL3_MEM_NUM_TOTAL_BUS_CYCLES                    0         -nan%                0         -nan%
CHANNEL4_MEM_NUM_TOTAL_BUS_CYCLES                    0         -nan%                0         -nan%
CHANNEL5_MEM_NUM_TOTAL_BUS_CYCLES                    0         -nan%                0         -nan%
CHANNEL6_MEM_NUM_TOTAL_BUS_CYCLES                    0         -nan%                0         -nan%
CHANNEL7_MEM_NUM_TOTAL_BUS_CYCLES                    0         -nan%                0         -nan%
                                                     0         -nan%                0         -nan%
                                                  -nan         -nan              -nan         -nan

CHANNEL0_MEM_NUM_BANK_BUSY_PER_BUS_CYCLE             0          -nan                0          -nan

CHANNEL1_MEM_NUM_BANK_BUSY_PER_BUS_CYCLE             0          -nan                0          -nan

CHANNEL2_MEM_NUM_BANK_BUSY_PER_BUS_CYCLE             0          -nan                0          -nan

CHANNEL3_MEM_NUM_BANK_BUSY_PER_BUS_CYCLE             0          -nan                0          -nan

CHANNEL4_MEM_NUM_BANK_BUSY_PER_BUS_CYCLE             0          -nan                0          -nan

CHANNEL5_MEM_NUM_BANK_BUSY_PER_BUS_CYCLE             0          -nan                0          -nan

CHANNEL6_MEM_NUM_BANK_BUSY_PER_BUS_CYCLE             0          -nan                0          -nan

CHANNEL7_MEM_NUM_BANK_BUSY_PER_BUS_CYCLE             0          -nan                0          -nan

RAMULATOR_QUEUE_ENQUEUED                             0                              0              

RAMULATOR_QUEUE_FULL                                 0                              0              

BUS_DEMAND_ACCESS                                54523                          54523              

BUS_PREF_ACCESS                                    697                            697              

BUS_ACCESS                                           0                              0              

L1_DEMAND_ACCESS                               1813595                        1813595              

L1_PREF_ACCESS                                 4441073                        4441073              

L1_ACCESS                                      6185831                        6185831              

MLC_DEMAND_ACCESS                             11701075                       11701075              

MLC_PREF_ACCESS                                3398745                        3398745              

MLC_ACCESS                                    15099820                       15099820              

L1_HIT                                          185792       97.516%           185792       97.516%
L1_MISS                                           4733        2.484%             4733        2.484%
                                                190525      100.000%           190525      100.000%
                                                  0.02         0.15              0.02         0.15

L1_HIT_ALL                                     1535271       96.495%          1535271       96.495%
L1_MISS_ALL                                      55758        3.505%            55758        3.505%
                                               1591029      100.000%          1591029      100.000%
                                                  0.04         0.18              0.04         0.18

L1_DEMAND_MISS                                    4732        8.487%             4732        8.487%
L1_PREF_REQ_MISS                                   697        1.250%              697        1.250%
L1_WB_MISS                                       50329       90.263%            50329       90.263%
                                                 55758      100.000%            55758      100.000%
                                                  1.82         1.74              1.82         1.74

L1_DEMAND_HIT                                   185785       12.101%           185785       12.101%
L1_PREF_REQ_HIT                                   6382        0.416%             6382        0.416%
L1_WB_HIT                                      1343104       87.483%          1343104       87.483%
                                               1535271      100.000%          1535271      100.000%
                                                  1.75         1.66              1.75         1.66

L1_MISS_ONPATH                                    4403       93.028%             4403       93.028%
L1_MISS_OFFPATH                                    330        6.972%              330        6.972%
                                                  4733      100.000%             4733      100.000%
                                                  0.07         0.25              0.07         0.25

L1_MISS_ALL_ONPATH                                6607       11.849%             6607       11.849%
L1_MISS_ALL_OFFPATH                              49151       88.151%            49151       88.151%
                                                 55758      100.000%            55758      100.000%
                                                  0.88         0.84              0.88         0.84

L1_HIT_ONPATH                                   177716       95.653%           177716       95.653%
L1_HIT_OFFPATH                                    8076        4.347%             8076        4.347%
                                                185792      100.000%           185792      100.000%
                                                  0.04         0.20              0.04         0.20

L1_HIT_ALL_ONPATH                               392064       25.537%           392064       25.537%
L1_HIT_ALL_OFFPATH                             1143207       74.463%          1143207       74.463%
                                               1535271      100.000%          1535271      100.000%
                                                  0.74         0.68              0.74         0.68

L1_HIT_ONPATH_SAT_BY_OFFPATH                         0         -nan%                0         -nan%
L1_HIT_ONPATH_SAT_BY_ONPATH                          0         -nan%                0         -nan%
                                                     0         -nan%                0         -nan%
                                                  -nan         -nan              -nan         -nan

L1_HIT_OFFPATH_SAT_BY_OFFPATH                        0         -nan%                0         -nan%
L1_HIT_OFFPATH_SAT_BY_ONPATH                         0         -nan%                0         -nan%
                                                     0         -nan%                0         -nan%
                                                  -nan         -nan              -nan         -nan

L1_HIT_ONPATH_IFETCH_SAT_BY_OFFPATH                  0         -nan%                0         -nan%
L1_HIT_ONPATH_IFETCH_SAT_BY_ONPATH                   0         -nan%                0         -nan%
                                                     0         -nan%                0         -nan%
                                                  -nan         -nan              -nan         -nan

L1_HIT_ONPATH_DATA_SAT_BY_OFFPATH                    0         -nan%                0         -nan%
L1_HIT_ONPATH_DATA_SAT_BY_ONPATH                     0         -nan%                0         -nan%
                                                     0         -nan%                0         -nan%
                                                  -nan         -nan              -nan         -nan

L1_FILL_OFFPATH_IFETCH                               0                              0              

L1_FILL_OFFPATH_DATA                                 0                              0              

L1_FILL_OFFPATH                                      0                              0              

L1_USE_OFFPATH_IFETCH                                0          -nan                0          -nan

L1_USE_OFFPATH_DATA                                  0          -nan                0          -nan

L1_USE_OFFPATH                                       0          -nan                0          -nan

JUST_L1_USE_OFFPATH                                  0          -nan                0          -nan

L1_FILL_ONPATH_IFETCH                                0                              0              

L1_FILL_ONPATH_DATA                                  0                              0              

L1_FILL_ONPATH                                       0                              0              

L1_USE_ONPATH_IFETCH                                 0          -nan                0          -nan

L1_USE_ONPATH_DATA                                   0          -nan                0          -nan

L1_USE_ONPATH                                        0          -nan                0          -nan

L1_CYCLE                                      45593180                       45593180              

L1_LINES                                 1464086908755    32111.9718    1464086908755    32111.9718

MLC_HIT                                        6965801       97.677%          6965801       97.677%
MLC_MISS                                        165633        2.323%           165633        2.323%
                                               7131434      100.000%          7131434      100.000%
                                                  0.02         0.15              0.02         0.15

MLC_HIT_ALL                                   13443348       89.798%         13443348       89.798%
MLC_MISS_ALL                                   1527388       10.202%          1527388       10.202%
                                              14970736      100.000%         14970736      100.000%
                                                  0.10         0.29              0.10         0.29

MLC_DEMAND_MISS                                 165633       10.844%           165633       10.844%
MLC_PREF_REQ_MISS                                    0        0.000%                0        0.000%
MLC_WB_MISS                                    1361755       89.156%          1361755       89.156%
                                               1527388      100.000%          1527388      100.000%
                                                  1.78         1.70              1.78         1.70

MLC_DEMAND_HIT                                 6965801       51.816%          6965801       51.816%
MLC_PREF_REQ_HIT                                     0        0.000%                0        0.000%
MLC_WB_HIT                                     6477547       48.184%          6477547       48.184%
                                              13443348      100.000%         13443348      100.000%
                                                  0.96         0.98              0.96         0.98

MLC_MISS_ONPATH                                 160236       96.742%           160236       96.742%
MLC_MISS_OFFPATH                                  5397        3.258%             5397        3.258%
                                                165633      100.000%           165633      100.000%
                                                  0.03         0.17              0.03         0.17

MLC_MISS_ALL_ONPATH                             327151       21.419%           327151       21.419%
MLC_MISS_ALL_OFFPATH                           1200237       78.581%          1200237       78.581%
                                               1527388      100.000%          1527388      100.000%
                                                  0.79         0.72              0.79         0.72

MLC_HIT_ONPATH                                 6904208       99.116%          6904208       99.116%
MLC_HIT_OFFPATH                                  61593        0.884%            61593        0.884%
                                               6965801      100.000%          6965801      100.000%
                                                  0.01         0.09              0.01         0.09

MLC_HIT_ALL_ONPATH                            12625188       93.914%         12625188       93.914%
MLC_HIT_ALL_OFFPATH                             818160        6.086%           818160        6.086%
                                              13443348      100.000%         13443348      100.000%
                                                  0.06         0.23              0.06         0.23

L1_QUEUE_OCCUPANCY                            62009489        1.3601         62009489        1.3601

MLC_QUEUE_OCCUPANCY                           60418460        1.3252         60418460        1.3252

DCACHE_FILL_PORT_UNAVAILABLE_ONPATH             583231                         583231              

DCACHE_FILL_PORT_UNAVAILABLE_OFFPATH              3836                           3836              

DCACHE_FILL_OFFPATH                                  0                              0              

DCACHE_USE_OFFPATH                                   0          -nan                0          -nan

DCACHE_FILL_ONPATH                                   0                              0              

DCACHE_USE_ONPATH                                    0          -nan                0          -nan

ICACHE_FILL_OFFPATH                                  0                              0              

ICACHE_USE_OFFPATH                                   0          -nan                0          -nan

ICACHE_FILL_ONPATH                                   0                              0              

ICACHE_USE_ONPATH                                    0          -nan                0          -nan

REQBUF_CREATE_ONPATH                          13014021                       13014021              

REQBUF_ONPATH_MATCH_OFFPATH                          0        0.0000                0        0.0000

REQBUF_CREATE_ONPATH_DATA                      6873922                        6873922              

REQBUF_ONPATH_MATCH_OFFPATH_DATA                     0        0.0000                0        0.0000

REQBUF_CREATE_ONPATH_IFETCH                       5464                           5464              

REQBUF_ONPATH_MATCH_OFFPATH_IFETCH                   0        0.0000                0        0.0000

REQBUF_CREATE_OFFPATH                          2026088                        2026088              

ONPATH_KICKED_OUT_OFFPATH                            0                              0              

ONPATH_KICKED_OUT_PREFETCH                           0                              0              

DIST_ICACHE_FILL_OFFPATH_USED                        0         -nan%                0         -nan%
DIST_ICACHE_FILL_OFFPATH_NOTUSED                     0         -nan%                0         -nan%
DIST_ICACHE_FILL_ONPATH_PARTIAL                      0         -nan%                0         -nan%
DIST_ICACHE_FILL_ONPATH                              0         -nan%                0         -nan%
                                                     0         -nan%                0         -nan%
                                                  -nan         -nan              -nan         -nan

DIST_DCACHE_FILL_OFFPATH_USED                        0         -nan%                0         -nan%
DIST_DCACHE_FILL_OFFPATH_NOTUSED                     0         -nan%                0         -nan%
DIST_DCACHE_FILL_ONPATH_PARTIAL                      0         -nan%                0         -nan%
DIST_DCACHE_FILL_ONPATH                              0         -nan%                0         -nan%
                                                     0         -nan%                0         -nan%
                                                  -nan         -nan              -nan         -nan

DIST_L1_FILL_OFFPATH_USED                            0         -nan%                0         -nan%
DIST_L1_FILL_OFFPATH_NOTUSED                         0         -nan%                0         -nan%
DIST_L1_FILL_ONPATH_PARTIAL                          0         -nan%                0         -nan%
DIST_L1_FILL_ONPATH                                  0         -nan%                0         -nan%
                                                     0         -nan%                0         -nan%
                                                  -nan         -nan              -nan         -nan

DIST_JUST_L1_FILL_OFFPATH_USED                       0         -nan%                0         -nan%
DIST_JUST_L1_FILL_OFFPATH_NOTUSED                    0         -nan%                0         -nan%
DIST_JUST_L1_FILL_ONPATH_PARTIAL                     0         -nan%                0         -nan%
DIST_JUST_L1_FILL_ONPATH                             0         -nan%                0         -nan%
                                                     0         -nan%                0         -nan%
                                                  -nan         -nan              -nan         -nan

DIST_REQBUF_OFFPATH_USED                             0        0.000%                0        0.000%
DIST_REQBUF_OFFPATH_NOTUSED                          0        0.000%                0        0.000%
DIST_REQBUF_ONPATH                             8376624      100.000%          8376624      100.000%
                                               8376624      100.000%          8376624      100.000%
                                                  2.00         2.00              2.00         2.00

DIST2_REQBUF_OFFPATH_USED_PARTIAL                    0        0.000%                0        0.000%
DIST2_REQBUF_OFFPATH_USED_FULL                       0        0.000%                0        0.000%
DIST2_REQBUF_OFFPATH_NOTUSED                         0        0.000%                0        0.000%
DIST2_REQBUF_ONPATH                            8376624      100.000%          8376624      100.000%
                                               8376624      100.000%          8376624      100.000%
                                                  3.00         3.00              3.00         3.00

DIST_ICACHE_FILL                                     0                              0              

DIST_DCACHE_FILL                                     0                              0              

DIST_L1_FILL                                         0                              0              

DIST_USED_OFFPATH_ICACHE                             0         -nan%                0         -nan%
DIST_NOTUSED_OFFPATH_ICACHE                          0         -nan%                0         -nan%
                                                     0         -nan%                0         -nan%
                                                  -nan         -nan              -nan         -nan

DIST_USED_OFFPATH_DCACHE                             0         -nan%                0         -nan%
DIST_NOTUSED_OFFPATH_DCACHE                          0         -nan%                0         -nan%
                                                     0         -nan%                0         -nan%
                                                  -nan         -nan              -nan         -nan

DIST_USED_OFFPATH_L1                                 0         -nan%                0         -nan%
DIST_NOTUSED_OFFPATH_L1                              0         -nan%                0         -nan%
                                                     0         -nan%                0         -nan%
                                                  -nan         -nan              -nan         -nan

DIST_USED_OFFPATH_JUST_L1                            0         -nan%                0         -nan%
DIST_NOTUSED_OFFPATH_JUST_L1                         0         -nan%                0         -nan%
                                                     0         -nan%                0         -nan%
                                                  -nan         -nan              -nan         -nan

DIST_OFFPATH_ICACHE_FULL                             0         -nan%                0         -nan%
DIST_OFFPATH_ICACHE_PARTIAL                          0         -nan%                0         -nan%
DIST_OFFPATH_ICACHE_NOTUSED                          0         -nan%                0         -nan%
                                                     0         -nan%                0         -nan%
                                                  -nan         -nan              -nan         -nan

DIST_OFFPATH_DCACHE_FULL                             0         -nan%                0         -nan%
DIST_OFFPATH_DCACHE_PARTIAL                          0         -nan%                0         -nan%
DIST_OFFPATH_DCACHE_NOTUSED                          0         -nan%                0         -nan%
                                                     0         -nan%                0         -nan%
                                                  -nan         -nan              -nan         -nan

DIST_OFFPATH_L1_FULL                                 0         -nan%                0         -nan%
DIST_OFFPATH_L1_PARTIAL                              0         -nan%                0         -nan%
DIST_OFFPATH_L1_NOTUSED                              0         -nan%                0         -nan%
                                                     0         -nan%                0         -nan%
                                                  -nan         -nan              -nan         -nan

DIST_OFFPATH_JUST_L1_FULL                            0         -nan%                0         -nan%
DIST_OFFPATH_JUST_L1_PARTIAL                         0         -nan%                0         -nan%
DIST_OFFPATH_JUST_L1_NOTUSED                         0         -nan%                0         -nan%
                                                     0         -nan%                0         -nan%
                                                  -nan         -nan              -nan         -nan

MLC_MISS_ONPATH_IFETCH                          105799       32.340%           105799       32.340%
MLC_MISS_ONPATH_DFETCH                           33600       10.270%            33600       10.270%
MLC_MISS_ONPATH_DSTORE                           20837        6.369%            20837        6.369%
MLC_MISS_ONPATH_IPRF                                 0        0.000%                0        0.000%
MLC_MISS_ONPATH_DPRF                                 0        0.000%                0        0.000%
MLC_MISS_ONPATH_WB                              161719       49.433%           161719       49.433%
MLC_MISS_ONPATH_WB_NODIRTY                        5196        1.588%             5196        1.588%
                                                327151      100.000%           327151      100.000%
                                                  2.80         1.75              2.80         1.75

MLC_MISS_OFFPATH_IFETCH                           5190        0.432%             5190        0.432%
MLC_MISS_OFFPATH_DFETCH                            151        0.013%              151        0.013%
MLC_MISS_OFFPATH_DSTORE                             56        0.005%               56        0.005%
MLC_MISS_OFFPATH_IPRF                                0        0.000%                0        0.000%
MLC_MISS_OFFPATH_DPRF                                0        0.000%                0        0.000%
MLC_MISS_OFFPATH_WB                               1574        0.131%             1574        0.131%
MLC_MISS_OFFPATH_WB_NODIRTY                    1193266       99.419%          1193266       99.419%
                                               1200237      100.000%          1200237      100.000%
                                                  5.97         5.96              5.97         5.96

MLC_HIT_ONPATH_IFETCH                            83457        0.661%            83457        0.661%
MLC_HIT_ONPATH_DFETCH                          4346607       34.428%          4346607       34.428%
MLC_HIT_ONPATH_DSTORE                          2474144       19.597%          2474144       19.597%
MLC_HIT_ONPATH_IPRF                                  0        0.000%                0        0.000%
MLC_HIT_ONPATH_DPRF                                  0        0.000%                0        0.000%
MLC_HIT_ONPATH_WB                              1151073        9.117%          1151073        9.117%
MLC_HIT_ONPATH_WB_NODIRTY                      4569907       36.197%          4569907       36.197%
                                              12625188      100.000%         12625188      100.000%
                                                  3.36         3.02              3.36         3.02

MLC_HIT_OFFPATH_IFETCH                            2916        0.356%             2916        0.356%
MLC_HIT_OFFPATH_DFETCH                           41674        5.094%            41674        5.094%
MLC_HIT_OFFPATH_DSTORE                           17003        2.078%            17003        2.078%
MLC_HIT_OFFPATH_IPRF                                 0        0.000%                0        0.000%
MLC_HIT_OFFPATH_DPRF                                 0        0.000%                0        0.000%
MLC_HIT_OFFPATH_WB                                2167        0.265%             2167        0.265%
MLC_HIT_OFFPATH_WB_NODIRTY                      754400       92.207%           754400       92.207%
                                                818160      100.000%           818160      100.000%
                                                  5.64         5.55              5.64         5.55

L1_MISS_ONPATH_IFETCH                             2591       39.216%             2591       39.216%
L1_MISS_ONPATH_DFETCH                             1314       19.888%             1314       19.888%
L1_MISS_ONPATH_DSTORE                              498        7.537%              498        7.537%
L1_MISS_ONPATH_IPRF                                  0        0.000%                0        0.000%
L1_MISS_ONPATH_DPRF                                  0        0.000%                0        0.000%
L1_MISS_ONPATH_WB                                  970       14.681%              970       14.681%
L1_MISS_ONPATH_WB_NODIRTY                         1234       18.677%             1234       18.677%
                                                  6607      100.000%             6607      100.000%
                                                  2.20         2.24              2.20         2.24

L1_MISS_OFFPATH_IFETCH                             330        0.671%              330        0.671%
L1_MISS_OFFPATH_DFETCH                               0        0.000%                0        0.000%
L1_MISS_OFFPATH_DSTORE                               0        0.000%                0        0.000%
L1_MISS_OFFPATH_IPRF                                 0        0.000%                0        0.000%
L1_MISS_OFFPATH_DPRF                                 0        0.000%                0        0.000%
L1_MISS_OFFPATH_WB                                  32        0.065%               32        0.065%
L1_MISS_OFFPATH_WB_NODIRTY                       48789       99.263%            48789       99.263%
                                                 49151      100.000%            49151      100.000%
                                                  5.96         5.94              5.96         5.94

L1_HIT_ONPATH_IFETCH                            125069       31.900%           125069       31.900%
L1_HIT_ONPATH_DFETCH                             32301        8.239%            32301        8.239%
L1_HIT_ONPATH_DSTORE                             20346        5.189%            20346        5.189%
L1_HIT_ONPATH_IPRF                                   0        0.000%                0        0.000%
L1_HIT_ONPATH_DPRF                                   0        0.000%                0        0.000%
L1_HIT_ONPATH_WB                                146753       37.431%           146753       37.431%
L1_HIT_ONPATH_WB_NODIRTY                         67595       17.241%            67595       17.241%
                                                392064      100.000%           392064      100.000%
                                                  3.09         2.21              3.09         2.21

L1_HIT_OFFPATH_IFETCH                             7883        0.690%             7883        0.690%
L1_HIT_OFFPATH_DFETCH                              140        0.012%              140        0.012%
L1_HIT_OFFPATH_DSTORE                               53        0.005%               53        0.005%
L1_HIT_OFFPATH_IPRF                                  0        0.000%                0        0.000%
L1_HIT_OFFPATH_DPRF                                  0        0.000%                0        0.000%
L1_HIT_OFFPATH_WB                                 8965        0.784%             8965        0.784%
L1_HIT_OFFPATH_WB_NODIRTY                      1126166       98.509%          1126166       98.509%
                                               1143207      100.000%          1143207      100.000%
                                                  5.95         5.91              5.95         5.91

DRAM_CYCLES                                          0                              0              

DRAM_UNBLOCK_CYCLES                                  0          -nan                0          -nan

DRAM_UNBLOCK_PERIODS                                 0                              0              

MEM_REQ_BUFFER_FULL                              47525                          47525              

MEM_REQ_BUFFER_FULL_DENIED_DEMAND                30873                          30873              

CORE_MEM_BLOCKED                                 30766                          30766              

MEM_REQ_BUFFER_FULL_DENIED_IFETCH                 3237        8.112%             3237        8.112%
MEM_REQ_BUFFER_FULL_DENIED_DFETCH                17176       43.043%            17176       43.043%
MEM_REQ_BUFFER_FULL_DENIED_DSTORE                10460       26.213%            10460       26.213%
MEM_REQ_BUFFER_FULL_DENIED_IPRF                      0        0.000%                0        0.000%
MEM_REQ_BUFFER_FULL_DENIED_DPRF                      0        0.000%                0        0.000%
MEM_REQ_BUFFER_FULL_DENIED_WB                     5666       14.199%             5666       14.199%
MEM_REQ_BUFFER_FULL_DENIED_WB_NODIRTY             3365        8.433%             3365        8.433%
                                                 39904      100.000%            39904      100.000%
                                                  2.17         1.84              2.17         1.84

MEM_QUEUE_FULL                                    7606                           7606              

MEM_REQ_BUFFER_MISS                           15040124       91.016%         15040124       91.016%
MEM_REQ_BUFFER_HIT                             1484658        8.984%          1484658        8.984%
                                              16524782      100.000%         16524782      100.000%
                                                  0.09         0.27              0.09         0.27

MEM_REQ_FDIP_BUFFER_HIT                        1375455                        1375455              

MEM_REQ_FDIP_CYCLE_DELTA                      26202675                       26202675              

MEM_REQ_DEMAND_ICACHE_BUFFER_HIT                  2226                           2226              

MEM_REQ_DEMAND_ICACHE_CYCLE_DELTA                61868                          61868              

MEM_REQ_IFETCH                                    7153        0.048%             7153        0.048%
MEM_REQ_DFETCH                                 4419789       29.387%          4419789       29.387%
MEM_REQ_DSTORE                                 2514283       16.717%          2514283       16.717%
MEM_REQ_IPRF                                         0        0.000%                0        0.000%
MEM_REQ_DPRF                                         0        0.000%                0        0.000%
MEM_REQ_WB                                     1490159        9.908%          1490159        9.908%
MEM_REQ_WB_NODIRTY                             6608725       43.941%          6608725       43.941%
                                              15040109      100.000%         15040109      100.000%
                                                  3.76         3.37              3.76         3.37

LD_NO_FORWARD                                 33930065       99.269%         33930065       99.269%
FORWARDED_LD                                    249829        0.731%           249829        0.731%
                                              34179894      100.000%         34179894      100.000%
                                                  0.01         0.08              0.01         0.08

WRONGPATH_L1Q_REMOVALS                               0         -nan%                0         -nan%
WRONGPATH_BUSQ_REMOVALS                              0         -nan%                0         -nan%
WRONGPATH_MEMQ_REMOVALS                              0         -nan%                0         -nan%
WRONGPATH_L1FILLQ_REMOVALS                           0         -nan%                0         -nan%
                                                     0         -nan%                0         -nan%
                                                  -nan         -nan              -nan         -nan

WRONGPATH_L1Q_DEMOTIONS                              0         -nan%                0         -nan%
WRONGPATH_BUSQ_DEMOTIONS                             0         -nan%                0         -nan%
WRONGPATH_MEMQ_DEMOTIONS                             0         -nan%                0         -nan%
WRONGPATH_L1FILLQ_DEMOTIONS                          0         -nan%                0         -nan%
                                                     0         -nan%                0         -nan%
                                                  -nan         -nan              -nan         -nan

PROMOTION_QMLC                                  198305       84.665%           198305       84.665%
PROMOTION_QL1                                    35919       15.335%            35919       15.335%
                                                234224      100.000%           234224      100.000%
                                                  0.15         0.34              0.15         0.34

PROMOTION_QBUSOUT                                    0                              0              

PROMOTION_QMEM                                       0                              0              

PROMOTION_QL1FILL                                   85                             85              

PROMOTION_QMLC_FILL                              14388                          14388              

NOPROMOTION_QMEM                                     0                              0              

NOPROMOTION_QL1FILL                                  0         -nan%                0         -nan%
NOPROMOTION_QMLC_FILL                                0         -nan%                0         -nan%
                                                     0         -nan%                0         -nan%
                                                  -nan         -nan              -nan         -nan

PROMOTION_FROM_FDIP_OFF_TO_ON                    17525                          17525              

ICACHE_FILL_CORRECT_REQ                         227913        6.584%           227913        6.584%
ICACHE_FILL_INCORRECT_REQ                      3233648       93.416%          3233648       93.416%
                                               3461561      100.000%          3461561      100.000%
                                                  0.93         0.91              0.93         0.91

ICACHE_FILL_CORRECT_REQ_BY_FDIP                 222052        6.415%           222052        6.415%
ICACHE_FILL_INCORRECT_REQ_BY_FDIP              3232356       93.379%          3232356       93.379%
ICACHE_FILL_CORRECT_REQ_BY_ICACHE_DEMAND          5861        0.169%             5861        0.169%
ICACHE_FILL_INCORRECT_REQ_BY_ICACHE_DEMAND          1292        0.037%             1292        0.037%
                                               3461561      100.000%          3461561      100.000%
                                                  0.94         0.09              0.94         0.09

ICACHE_FILL_CORRECT_REQ_BY_ON_FDIP_HIT_BY_DEMAND_LOAD        177229                         177229              

ICACHE_FILL_CORRECT_REQ_BY_OFF_FDIP_HIT_BY_DEMAND_LOAD          1947                           1947              

ICACHE_FILL_INCORRECT_REQ_BY_ON_FDIP_HIT_BY_DEMAND_LOAD         37276                          37276              

ICACHE_FILL_INCORRECT_REQ_BY_OFF_FDIP_HIT_BY_DEMAND_LOAD          1183                           1183              

ICACHE_FILL_CORRECT_REQ_CYCLE_DELTA      5137082242147                  5137082242147              

ICACHE_FILL_CORRECT_REQ_CYCLE_DELTA_BY_ICACHE_DEMAND        409501                         409501              

ICACHE_FILL_CORRECT_REQ_CYCLE_DELTA_BY_FDIP       9427777                        9427777              

ICACHE_FILL_CORRECT_REQ_CYCLE_DELTA_BY_ON_FDIP_HIT_BY_DEMAND_LOAD       5742730                        5742730              

ICACHE_FILL_CORRECT_REQ_CYCLE_DELTA_BY_OFF_FDIP_HIT_BY_DEMAND_LOAD         13432                          13432              

ICACHE_FILL_INCORRECT_REQ_CYCLE_DELTA    75729871132063                  75729871132063              

ICACHE_FILL_INCORRECT_REQ_CYCLE_DELTA_BY_ICACHE_DEMAND        122956                         122956              

ICACHE_FILL_INCORRECT_REQ_CYCLE_DELTA_BY_FDIP     114195897                      114195897              

ICACHE_FILL_INCORRECT_REQ_CYCLE_DELTA_BY_ON_FDIP_HIT_BY_DEMAND_LOAD             0                              0              

ICACHE_FILL_INCORRECT_REQ_CYCLE_DELTA_BY_OFF_FDIP_HIT_BY_DEMAND_LOAD         48378                          48378              

MEM_REQ_INIT                                  15050342                       15050342              

MEM_REQ_COMPLETE                              15039573        0.9993         15039573        0.9993

MEM_REQ_KILLED                                     534        0.0000              534        0.0000

MEM_REQ_COMPLETE_MLC                          13448544        0.8936         13448544        0.8936

MEM_REQ_COMPLETE_L1                              68133        0.0045            68133        0.0045

MEM_REQ_COMPLETE_MEM                           1522896        0.1012          1522896        0.1012

MEM_REQ_INIT_ONPATH                           13014021        0.8647         13014021        0.8647

MEM_REQ_INIT_OFFPATH                           2026088        0.1346          2026088        0.1346

MEM_REQ_COMPLETE_ONPATH                       13032314        0.8665         13032314        0.8665

MEM_REQ_COMPLETE_OFFPATH                       2007259        0.1335          2007259        0.1335

MEM_REQ_INIT_IFETCH                               7153        0.069%             7153        0.069%
MEM_REQ_INIT_DFETCH                            4419789       42.516%          4419789       42.516%
MEM_REQ_INIT_DSTORE                            2514283       24.186%          2514283       24.186%
MEM_REQ_INIT_IPRF                                    0        0.000%                0        0.000%
MEM_REQ_INIT_DPRF                                    0        0.000%                0        0.000%
MEM_REQ_INIT_WB                                1490159       14.334%          1490159       14.334%
MEM_REQ_INIT_WB_NODIRTY                        1964249       18.895%          1964249       18.895%
                                              10395633      100.000%         10395633      100.000%
                                                  2.76         2.37              2.76         2.37

MEM_REQ_COMPLETE_IFETCH                         243153        1.617%           243153        1.617%
MEM_REQ_COMPLETE_DFETCH                        9059433       60.235%          9059433       60.235%
MEM_REQ_COMPLETE_DSTORE                        2512045       16.702%          2512045       16.702%
MEM_REQ_COMPLETE_IPRF                                0        0.000%                0        0.000%
MEM_REQ_COMPLETE_DPRF                                0        0.000%                0        0.000%
MEM_REQ_COMPLETE_WB                            1299344        8.639%          1299344        8.639%
MEM_REQ_COMPLETE_WB_NODIRTY                    1926143       12.807%          1926143       12.807%
                                              15040118      100.000%         15040118      100.000%
                                                  2.14         2.00              2.14         2.00

MEM_REQ_KILLED_IFETCH                          4643931      100.000%          4643931      100.000%
MEM_REQ_KILLED_DFETCH                                0        0.000%                0        0.000%
MEM_REQ_KILLED_DSTORE                                0        0.000%                0        0.000%
MEM_REQ_KILLED_IPRF                                  0        0.000%                0        0.000%
MEM_REQ_KILLED_DPRF                                  0        0.000%                0        0.000%
MEM_REQ_KILLED_WB                                    0        0.000%                0        0.000%
MEM_REQ_KILLED_WB_NODIRTY                            0        0.000%                0        0.000%
                                               4643931      100.000%          4643931      100.000%
                                                  0.00         0.00              0.00         0.00

MEM_REQ_INIT_OFFPATH_IFETCH                       2223        0.110%             2223        0.110%
MEM_REQ_INIT_OFFPATH_DFETCH                      42834        2.114%            42834        2.114%
MEM_REQ_INIT_OFFPATH_DSTORE                      17316        0.854%            17316        0.854%
MEM_REQ_INIT_OFFPATH_IPRF                            0        0.000%                0        0.000%
MEM_REQ_INIT_OFFPATH_DPRF                            0        0.000%                0        0.000%
MEM_REQ_INIT_OFFPATH_WB                              0        0.000%                0        0.000%
MEM_REQ_INIT_OFFPATH_WB_NODIRTY                1964249       96.922%          1964249       96.922%
                                               2026622      100.000%          2026622      100.000%
                                                  5.85         5.82              5.85         5.82

MEM_REQ_INIT_ONPATH_IFETCH                        5464        0.065%             5464        0.065%
MEM_REQ_INIT_ONPATH_DFETCH                     4376955       52.296%          4376955       52.296%
MEM_REQ_INIT_ONPATH_DSTORE                     2496967       29.834%          2496967       29.834%
MEM_REQ_INIT_ONPATH_IPRF                             0        0.000%                0        0.000%
MEM_REQ_INIT_ONPATH_DPRF                             0        0.000%                0        0.000%
MEM_REQ_INIT_ONPATH_WB                         1490159       17.805%          1490159       17.805%
MEM_REQ_INIT_ONPATH_WB_NODIRTY                       0        0.000%                0        0.000%
                                               8369545      100.000%          8369545      100.000%
                                                  2.01         1.46              2.01         1.46

MEM_REQ_MATCH_IFETCH                            193015        2.601%           193015        2.601%
MEM_REQ_MATCH_DFETCH                           4720944       63.618%          4720944       63.618%
MEM_REQ_MATCH_DSTORE                             23372        0.315%            23372        0.315%
MEM_REQ_MATCH_IPRF                                   0        0.000%                0        0.000%
MEM_REQ_MATCH_DPRF                                   0        0.000%                0        0.000%
MEM_REQ_MATCH_WB                               1230360       16.580%          1230360       16.580%
MEM_REQ_MATCH_WB_NODIRTY                       1253032       16.886%          1253032       16.886%
                                               7420723      100.000%          7420723      100.000%
                                                  2.48         2.36              2.48         2.36

MEM_REQ_COMPLETE_OFFPATH_IFETCH                  12112        0.603%            12112        0.603%
MEM_REQ_COMPLETE_OFFPATH_DFETCH                  41813        2.083%            41813        2.083%
MEM_REQ_COMPLETE_OFFPATH_DSTORE                  17056        0.850%            17056        0.850%
MEM_REQ_COMPLETE_OFFPATH_IPRF                        0        0.000%                0        0.000%
MEM_REQ_COMPLETE_OFFPATH_DPRF                        0        0.000%                0        0.000%
MEM_REQ_COMPLETE_OFFPATH_WB                      10955        0.546%            10955        0.546%
MEM_REQ_COMPLETE_OFFPATH_WB_NODIRTY            1925323       95.918%          1925323       95.918%
                                               2007259      100.000%          2007259      100.000%
                                                  5.82         5.76              5.82         5.76

MEM_REQ_COMPLETE_ONPATH_IFETCH                  223962        2.670%           223962        2.670%
MEM_REQ_COMPLETE_ONPATH_DFETCH                 4380223       52.218%          4380223       52.218%
MEM_REQ_COMPLETE_ONPATH_DSTORE                 2494989       29.743%          2494989       29.743%
MEM_REQ_COMPLETE_ONPATH_IPRF                         0        0.000%                0        0.000%
MEM_REQ_COMPLETE_ONPATH_DPRF                         0        0.000%                0        0.000%
MEM_REQ_COMPLETE_ONPATH_WB                     1288389       15.359%          1288389       15.359%
MEM_REQ_COMPLETE_ONPATH_WB_NODIRTY                 820        0.010%              820        0.010%
                                               8388383      100.000%          8388383      100.000%
                                                  1.89         1.38              1.89         1.38

MEM_REQ_COMPLETE_MEM_IFETCH                    4793632       77.741%          4793632       77.741%
MEM_REQ_COMPLETE_MEM_DFETCH                      33755        0.547%            33755        0.547%
MEM_REQ_COMPLETE_MEM_DSTORE                      20898        0.339%            20898        0.339%
MEM_REQ_COMPLETE_MEM_IPRF                            0        0.000%                0        0.000%
MEM_REQ_COMPLETE_MEM_DPRF                            0        0.000%                0        0.000%
MEM_REQ_COMPLETE_MEM_WB                         146104        2.369%           146104        2.369%
MEM_REQ_COMPLETE_MEM_WB_NODIRTY                1171743       19.003%          1171743       19.003%
                                               6166132      100.000%          6166132      100.000%
                                                  1.27         2.21              1.27         2.21

MEM_REQ_COMPLETE_MEM_BW_PREFETCHABLE              2655                           2655              

MEM_REQ_COMPLETE_MEM_MATCHED_BW_PREF                 8                              8              

MEM_REQ_COMPLETE_L1_IFETCH                           0         -nan%                0         -nan%
MEM_REQ_COMPLETE_L1_DFETCH                           0         -nan%                0         -nan%
MEM_REQ_COMPLETE_L1_DSTORE                           0         -nan%                0         -nan%
MEM_REQ_COMPLETE_L1_IPRF                             0         -nan%                0         -nan%
MEM_REQ_COMPLETE_L1_DPRF                             0         -nan%                0         -nan%
MEM_REQ_COMPLETE_L1_WB                               0         -nan%                0         -nan%
MEM_REQ_COMPLETE_L1_WB_NODIRTY                       0         -nan%                0         -nan%
                                                     0         -nan%                0         -nan%
                                                  -nan         -nan              -nan         -nan

MEM_REQ_COMPLETE_MLC_IFETCH                     154506        1.728%           154506        1.728%
MEM_REQ_COMPLETE_MLC_DFETCH                    4388281       49.077%          4388281       49.077%
MEM_REQ_COMPLETE_MLC_DSTORE                    2491147       27.860%          2491147       27.860%
MEM_REQ_COMPLETE_MLC_IPRF                            0        0.000%                0        0.000%
MEM_REQ_COMPLETE_MLC_DPRF                            0        0.000%                0        0.000%
MEM_REQ_COMPLETE_MLC_WB                        1153240       12.898%          1153240       12.898%
MEM_REQ_COMPLETE_MLC_WB_NODIRTY                 754400        8.437%           754400        8.437%
                                               8941574      100.000%          8941574      100.000%
                                                  2.20         1.83              2.20         1.83

CORE_MLP_CLUSTERS                              4575103                        4575103              

CORE_MLP                                      15549759                       15549759              

CORE_MLP_IFETCH                                      0                              0              

CORE_MLP_DFETCH                                      0                              0              

CORE_MLP_DSTORE                                      0                              0              

CORE_MLP_IPRF                                        0                              0              

CORE_MLP_DPRF                                        0                              0              

CORE_MLP_WB                                          0                              0              

CORE_MLP_WB_NODIRTY                                  0                              0              

CORE_MLP_0                                    44362345       97.300%         44362345       97.300%
CORE_MLP_1                                      205494        0.451%           205494        0.451%
CORE_MLP_2                                       89227        0.196%            89227        0.196%
CORE_MLP_3                                       60848        0.133%            60848        0.133%
CORE_MLP_4                                       53528        0.117%            53528        0.117%
CORE_MLP_5                                       44412        0.097%            44412        0.097%
CORE_MLP_6                                       33433        0.073%            33433        0.073%
CORE_MLP_7                                       27928        0.061%            27928        0.061%
CORE_MLP_8                                       26723        0.059%            26723        0.059%
CORE_MLP_9                                       26987        0.059%            26987        0.059%
CORE_MLP_10                                      26105        0.057%            26105        0.057%
CORE_MLP_11                                      24247        0.053%            24247        0.053%
CORE_MLP_12                                      21091        0.046%            21091        0.046%
CORE_MLP_13                                      23172        0.051%            23172        0.051%
CORE_MLP_14                                      24122        0.053%            24122        0.053%
CORE_MLP_15                                      21322        0.047%            21322        0.047%
CORE_MLP_16                                      23316        0.051%            23316        0.051%
CORE_MLP_17                                      23082        0.051%            23082        0.051%
CORE_MLP_18                                      20772        0.046%            20772        0.046%
CORE_MLP_19                                      22207        0.049%            22207        0.049%
CORE_MLP_20                                      24402        0.054%            24402        0.054%
CORE_MLP_21                                      27575        0.060%            27575        0.060%
CORE_MLP_22                                      44738        0.098%            44738        0.098%
CORE_MLP_23                                      90701        0.199%            90701        0.199%
CORE_MLP_24                                      90027        0.197%            90027        0.197%
CORE_MLP_25                                      69917        0.153%            69917        0.153%
CORE_MLP_26                                      16624        0.036%            16624        0.036%
CORE_MLP_27                                      15918        0.035%            15918        0.035%
CORE_MLP_28                                      50464        0.111%            50464        0.111%
CORE_MLP_29                                       1217        0.003%             1217        0.003%
CORE_MLP_30                                       1236        0.003%             1236        0.003%
CORE_MLP_31                                          0        0.000%                0        0.000%
CORE_MLP_32                                          0        0.000%                0        0.000%
                                              45593180      100.000%         45593180      100.000%
                                                  0.34         2.57              0.34         2.57

MEM_QUEUE_OCC_0                                      0         -nan%                0         -nan%
MEM_QUEUE_OCC_4                                      0         -nan%                0         -nan%
MEM_QUEUE_OCC_8                                      0         -nan%                0         -nan%
MEM_QUEUE_OCC_12                                     0         -nan%                0         -nan%
MEM_QUEUE_OCC_16                                     0         -nan%                0         -nan%
MEM_QUEUE_OCC_20                                     0         -nan%                0         -nan%
MEM_QUEUE_OCC_24                                     0         -nan%                0         -nan%
MEM_QUEUE_OCC_28                                     0         -nan%                0         -nan%
MEM_QUEUE_OCC_32                                     0         -nan%                0         -nan%
MEM_QUEUE_OCC_36                                     0         -nan%                0         -nan%
MEM_QUEUE_OCC_40                                     0         -nan%                0         -nan%
MEM_QUEUE_OCC_44                                     0         -nan%                0         -nan%
MEM_QUEUE_OCC_48                                     0         -nan%                0         -nan%
MEM_QUEUE_OCC_52                                     0         -nan%                0         -nan%
MEM_QUEUE_OCC_56                                     0         -nan%                0         -nan%
MEM_QUEUE_OCC_60                                     0         -nan%                0         -nan%
MEM_QUEUE_OCC_64                                     0         -nan%                0         -nan%
MEM_QUEUE_OCC_68                                     0         -nan%                0         -nan%
MEM_QUEUE_OCC_72                                     0         -nan%                0         -nan%
MEM_QUEUE_OCC_76                                     0         -nan%                0         -nan%
MEM_QUEUE_OCC_80                                     0         -nan%                0         -nan%
MEM_QUEUE_OCC_84                                     0         -nan%                0         -nan%
MEM_QUEUE_OCC_88                                     0         -nan%                0         -nan%
MEM_QUEUE_OCC_92                                     0         -nan%                0         -nan%
MEM_QUEUE_OCC_96                                     0         -nan%                0         -nan%
MEM_QUEUE_OCC_100                                    0         -nan%                0         -nan%
MEM_QUEUE_OCC_104                                    0         -nan%                0         -nan%
MEM_QUEUE_OCC_108                                    0         -nan%                0         -nan%
MEM_QUEUE_OCC_112                                    0         -nan%                0         -nan%
MEM_QUEUE_OCC_116                                    0         -nan%                0         -nan%
MEM_QUEUE_OCC_120                                    0         -nan%                0         -nan%
MEM_QUEUE_OCC_124                                    0         -nan%                0         -nan%
MEM_QUEUE_OCC_128                                    0         -nan%                0         -nan%
                                                     0         -nan%                0         -nan%
                                                  -nan         -nan              -nan         -nan

OPEN_PAGE_HIT                                        0         -nan%                0         -nan%
CLOSED_PAGE_MISS                                     0         -nan%                0         -nan%
WRONG_PAGE_MISS                                      0         -nan%                0         -nan%
                                                     0         -nan%                0         -nan%
                                                  -nan         -nan              -nan         -nan

L0_LD_BANK_BLOCK                                     0         -nan%                0         -nan%
L0_LD_BANK_AVAIL                                     0         -nan%                0         -nan%
                                                     0         -nan%                0         -nan%
                                                  -nan         -nan              -nan         -nan

L0_ST_BANK_BLOCK                                     0         -nan%                0         -nan%
L0_ST_BANK_AVAIL                                     0         -nan%                0         -nan%
                                                     0         -nan%                0         -nan%
                                                  -nan         -nan              -nan         -nan

L0_LD_CACHE_BLOCK                                    0         -nan%                0         -nan%
L0_LD_CACHE_AVAIL                                    0         -nan%                0         -nan%
                                                     0         -nan%                0         -nan%
                                                  -nan         -nan              -nan         -nan

MLC_LD_BANK_BLOCK                               129082        1.226%           129082        1.226%
MLC_LD_BANK_AVAIL                             10395633       98.774%         10395633       98.774%
                                              10524715      100.000%         10524715      100.000%
                                                  0.99         0.98              0.99         0.98

MLC_ST_BANK_BLOCK                                    0        0.000%                0        0.000%
MLC_ST_BANK_AVAIL                              4575105      100.000%          4575105      100.000%
                                               4575105      100.000%          4575105      100.000%
                                                  1.00         1.00              1.00         1.00

MLC_LD_CACHE_BLOCK                                   0         -nan%                0         -nan%
MLC_LD_CACHE_AVAIL                                   0         -nan%                0         -nan%
                                                     0         -nan%                0         -nan%
                                                  -nan         -nan              -nan         -nan

MLC_ST_CACHE_BLOCK                                   0         -nan%                0         -nan%
MLC_ST_CACHE_AVAIL                                   0         -nan%                0         -nan%
                                                     0         -nan%                0         -nan%
                                                  -nan         -nan              -nan         -nan

L1_LD_BANK_BLOCK                               3072608       66.769%          3072608       66.769%
L1_LD_BANK_AVAIL                               1529271       33.231%          1529271       33.231%
                                               4601879      100.000%          4601879      100.000%
                                                  0.33         0.43              0.33         0.43

L1_ST_BANK_BLOCK                                     2        0.003%                2        0.003%
L1_ST_BANK_AVAIL                                 61758       99.997%            61758       99.997%
                                                 61760      100.000%            61760      100.000%
                                                  1.00         1.00              1.00         1.00

L1_LD_CACHE_BLOCK                                    0         -nan%                0         -nan%
L1_LD_CACHE_AVAIL                                    0         -nan%                0         -nan%
                                                     0         -nan%                0         -nan%
                                                  -nan         -nan              -nan         -nan

L1_ST_CACHE_BLOCK                                    0         -nan%                0         -nan%
L1_ST_CACHE_AVAIL                                    0         -nan%                0         -nan%
                                                     0         -nan%                0         -nan%
                                                  -nan         -nan              -nan         -nan

MEM_LD_BANK_BLOCK                                    0         -nan%                0         -nan%
MEM_LD_BANK_AVAIL                                    0         -nan%                0         -nan%
                                                     0         -nan%                0         -nan%
                                                  -nan         -nan              -nan         -nan

MEM_ST_BANK_BLOCK                                    0         -nan%                0         -nan%
MEM_ST_BANK_AVAIL                                    0         -nan%                0         -nan%
                                                     0         -nan%                0         -nan%
                                                  -nan         -nan              -nan         -nan

MEM_PF_BANK_BLOCK                                    0         -nan%                0         -nan%
MEM_PF_BANK_AVAIL                                    0         -nan%                0         -nan%
                                                     0         -nan%                0         -nan%
                                                  -nan         -nan              -nan         -nan

L0_FILL                                              0                              0              

L1_FILL                                          55220       99.035%            55220       99.035%
L1_WB_FILL                                         538        0.965%              538        0.965%
                                                 55758      100.000%            55758      100.000%
                                                  0.01         0.10              0.01         0.10

L1_DEMAND_FILL                                   54523       98.738%            54523       98.738%
L1_PREF_FILL                                       697        1.262%              697        1.262%
                                                 55220      100.000%            55220      100.000%
                                                  0.01         0.11              0.01         0.11

MLC_FILL                                       1522201       99.660%          1522201       99.660%
MLC_WB_FILL                                       5196        0.340%             5196        0.340%
                                               1527397      100.000%          1527397      100.000%
                                                  0.00         0.06              0.00         0.06

MLC_DEMAND_FILL                                1522192       99.999%          1522192       99.999%
MLC_PREF_FILL                                        9        0.001%                9        0.001%
                                               1522201      100.000%          1522201      100.000%
                                                  0.00         0.00              0.00         0.00

NORESET_L1_FILL                                  55758                          55758              

NORESET_L1_FILL_NONPREF                           5270                           5270              

NORESET_L1_FILL_PREF                             50488                          50488              

NORESET_L1_EVICT                                 23130                          23130              

NORESET_L1_EVICT_NONPREF                         23101                          23101              

NORESET_L1_EVICT_PREF_USED                          21                             21              

NORESET_L1_EVICT_PREF_UNUSED                         8                              8              

NORESET_L1_PREF_USED                               399                            399              

ORACLE_OFFPATH_DC_FILL                               0                              0              

ORACLE_OFFPATH_IC_FILL                               0                              0              

ORACLE_OFFPATH_L1_FILL                               0                              0              

UPDATE_EVENT_QUEUE_PROCESS                           0                              0              

INSERT_EVENT_QUEUE_PROCESS                           0                              0              

ICFILL_AFTER_REDIRECT                                0                              0              

EVENT_QUEUE_MATCH_ADD_REQ                            0                              0              

DC_PREF_CACHE_INSERT_REQ                             0                              0              

DC_PREF_REQ_DCACHE_HIT                               0         -nan%                0         -nan%
DC_PREF_REQ_PREF_CACHE_HIT                           0         -nan%                0         -nan%
DC_PREF_REQ_L1_MISS                                  0         -nan%                0         -nan%
DC_PREF_REQ_CORR                                     0         -nan%                0         -nan%
                                                     0         -nan%                0         -nan%
                                                  -nan         -nan              -nan         -nan

DC_PREF_CACHE_INSERT                                 0                              0              

DC_PREF_CACHE_HIT_PER                                0        0.000%                0        0.000%

DC_PREF_CACHE_HIT_PER_OFFPATH                        0        0.000%                0        0.000%

DC_PREF_CACHE_HIT                                    0                              0              

DC_PREF_CACHE_HIT_OFFPATH                            0                              0              

DC_PREF_HIT_L1_MISS                                  0                              0              

IC_PREF_CACHE_HIT_PER                                0        0.000%                0        0.000%

IC_PREF_CACHE_HIT_PER_OFFPATH                        0        0.000%                0        0.000%

IC_PREF_CACHE_HIT                                    0                              0              

IC_PREF_CACHE_HIT_OFFPATH                            0                              0              

L1_PREF_CACHE_HIT_PER                                0        0.000%                0        0.000%

L1_PREF_CACHE_HIT_PER_OFFPATH                        0        0.000%                0        0.000%

L1_PREF_CACHE_HIT                                    0                              0              

L1_PREF_CACHE_HIT_OFFPATH                            0                              0              

DC_PREF_CACHE_FILL                                   0                              0              

DC_PREF_MOVE_DC                                      0         -nan%                0         -nan%

DC_PREF_MOVE_L1                                      0         -nan%                0         -nan%

IC_PREF_CACHE_FILL                                   0                              0              

IC_PREF_MOVE_IC                                      0         -nan%                0         -nan%

IC_PREF_MOVE_L1                                      0         -nan%                0         -nan%

L1_PREF_CACHE_FILL                                   0                              0              

L1_PREF_MOVE_L1                                      0         -nan%                0         -nan%

OFF_PATH_CONFIRMED                             2141881                        2141881              

OFF_PATH_NO_FILL_L1                                  0                              0              

WB_L1_MISS_FILL_L1                                 538                            538              

WB_MLC_MISS_FILL_MLC                              5196                           5196              

ICACHE_EVICT_REQ_WB_L1                               0                              0              

DCACHE_EVICT_REQ_WB_L1                               0                              0              

DCACHE_EVICT_REQ_WB_L1_NOREAD                        0                              0              

L1_FILL_SKIPPED                                      0                              0              

MLC_FILL_SKIPPED                                     0                              0              

DCACHE_FILL                                    6934081                        6934081              

DCACHE_WB_REQ                                  4575123        0.6598          4575123        0.6598

DCACHE_WB_REQ_DIRTY                            4575123      100.000%          4575123      100.000%
DCACHE_WB_REQ_NODIRTY                                0        0.000%                0        0.000%
                                               4575123      100.000%          4575123      100.000%
                                                  0.00         0.00              0.00         0.00

ICACHE_FILL                                     227913                         227913              

ICACHE_WB_REQ                                        0        0.0000                0        0.0000

L1_FILL_DIRTY                                      534        0.0097              534        0.0097

MLC_FILL_DIRTY                                   61758        0.0406            61758        0.0406

ICACHE_UNUSEFUL_CL_CYC                               0                              0              

ICACHE_UNUSEFUL_CL                                   0                              0              

ICACHE_EVICT_MISS_ONPATH_BY_FDIP                     0         -nan%                0         -nan%
ICACHE_EVICT_MISS_OFFPATH_BY_FDIP                    0         -nan%                0         -nan%
                                                     0         -nan%                0         -nan%
                                                  -nan         -nan              -nan         -nan

ICACHE_EVICT_MISS_BY_FDIP_ONPATH                     0         -nan%                0         -nan%
ICACHE_EVICT_MISS_BY_FDIP_OFFPATH                    0         -nan%                0         -nan%
                                                     0         -nan%                0         -nan%
                                                  -nan         -nan              -nan         -nan

ICACHE_EVICT_HIT_ONPATH_BY_FDIP                      0         -nan%                0         -nan%
ICACHE_EVICT_HIT_OFFPATH_BY_FDIP                     0         -nan%                0         -nan%
                                                     0         -nan%                0         -nan%
                                                  -nan         -nan              -nan         -nan

ICACHE_EVICT_HIT_BY_FDIP_ONPATH                      0         -nan%                0         -nan%
ICACHE_EVICT_HIT_BY_FDIP_OFFPATH                     0         -nan%                0         -nan%
                                                     0         -nan%                0         -nan%
                                                  -nan         -nan              -nan         -nan

MEM_REQ_DENIED_NULL                                  0         -nan%                0         -nan%
MEM_REQ_DENIED_INST_OUTOF_CS                         0         -nan%                0         -nan%
MEM_REQ_DENIED_DATA_IN_CS                            0         -nan%                0         -nan%
MEM_REQ_DENIED_DATA_OUTOF_RANGE                      0         -nan%                0         -nan%
                                                     0         -nan%                0         -nan%
                                                  -nan         -nan              -nan         -nan

MEM_REQ_DENIED                                       0         -nan%                0         -nan%
MEM_REQ_NOT_DENIED                                   0         -nan%                0         -nan%
                                                     0         -nan%                0         -nan%
                                                  -nan         -nan              -nan         -nan

DEMAND_HIT_WB_STALL                                  0                              0              

EXCLUSION_VIOLATED_OSR                               0         -nan%                0         -nan%
EXCLUSION_VIOLATED_NOTOSR                            0         -nan%                0         -nan%
EXCLUSION_NOT_VIOLATED                               0         -nan%                0         -nan%
                                                     0         -nan%                0         -nan%
                                                  -nan         -nan              -nan         -nan

DIRTY_WRITE_TO_ICACHE                                0                              0              

STREAM_DC_HIT_NOSEND                                 0         -nan%                0         -nan%
STREAM_WBQDC_HIT_NOSEND                              0         -nan%                0         -nan%
                                                     0         -nan%                0         -nan%
                                                  -nan         -nan              -nan         -nan

STREAM_DCACHE_PREF_HIT                               0                              0              

PREF_DC_HIT_ON_INSERT                                0         -nan%                0         -nan%
PREF_L1_HIT_ON_INSERT                                0         -nan%                0         -nan%
                                                     0         -nan%                0         -nan%
                                                  -nan         -nan              -nan         -nan

L1_NEWREQ_MATCHED_MLC_REQ                            4                              4              

MLC_NEWREQ_MATCHED_L2_PREF                           9                              9              

MLC_NEWREQ_MATCHED_L2_PREF_MLC_HIT                   9        1.0000                9        1.0000

NEWREQ_WB_MATCH_IGNORED                              0                              0              

DEMAND_MATCH_WB_NEW_DONE_FUNC                        0         -nan%                0         -nan%
DEMAND_MATCH_WB_NEW_DONE_FUNC_NULL                   0         -nan%                0         -nan%
DEMAND_MATCH_WB_DONE_FUNC_NOT_SAME                   0         -nan%                0         -nan%
DEMAND_MATCH_WB_DONE_FUNC_SAME                       0         -nan%                0         -nan%
                                                     0         -nan%                0         -nan%
                                                  -nan         -nan              -nan         -nan

DEMAND_MATCH_WB                                      0         -nan%                0         -nan%
DEMAND_MATCH_WB_NODIRTY                              0         -nan%                0         -nan%
                                                     0         -nan%                0         -nan%
                                                  -nan         -nan              -nan         -nan

DEMAND_MATCH_WBALL_IFETCH                            0         -nan%                0         -nan%
DEMAND_MATCH_WBALL_DFETCH                            0         -nan%                0         -nan%
DEMAND_MATCH_WBALL_DSTORE                            0         -nan%                0         -nan%
DEMAND_MATCH_WBALL_IPRF                              0         -nan%                0         -nan%
DEMAND_MATCH_WBALL_DPRF                              0         -nan%                0         -nan%
DEMAND_MATCH_WBALL_WB                                0         -nan%                0         -nan%
DEMAND_MATCH_WBALL_WB_NODIRTY                        0         -nan%                0         -nan%
                                                     0         -nan%                0         -nan%
                                                  -nan         -nan              -nan         -nan

DEMAND_MATCH_WB_IFETCH                               0         -nan%                0         -nan%
DEMAND_MATCH_WB_DFETCH                               0         -nan%                0         -nan%
DEMAND_MATCH_WB_DSTORE                               0         -nan%                0         -nan%
DEMAND_MATCH_WB_IPRF                                 0         -nan%                0         -nan%
DEMAND_MATCH_WB_DPRF                                 0         -nan%                0         -nan%
DEMAND_MATCH_WB_WB                                   0         -nan%                0         -nan%
DEMAND_MATCH_WB_WB_NODIRTY                           0         -nan%                0         -nan%
                                                     0         -nan%                0         -nan%
                                                  -nan         -nan              -nan         -nan

DEMAND_MATCH_WB_ND_IFETCH                            0         -nan%                0         -nan%
DEMAND_MATCH_WB_ND_DFETCH                            0         -nan%                0         -nan%
DEMAND_MATCH_WB_ND_DSTORE                            0         -nan%                0         -nan%
DEMAND_MATCH_WB_ND_IPRF                              0         -nan%                0         -nan%
DEMAND_MATCH_WB_ND_DPRF                              0         -nan%                0         -nan%
DEMAND_MATCH_WB_ND_WB                                0         -nan%                0         -nan%
DEMAND_MATCH_WB_ND_WB_NODIRTY                        0         -nan%                0         -nan%
                                                     0         -nan%                0         -nan%
                                                  -nan         -nan              -nan         -nan

WB_MATCH_DEMAND                                      0        0.000%                0        0.000%
WB_MATCH_PREF                                       10        0.001%               10        0.001%
WB_MATCH_WB                                          0        0.000%                0        0.000%
WB_MATCH_WB_FILTERED                           1598805       99.999%          1598805       99.999%
                                               1598815      100.000%          1598815      100.000%
                                                  3.00         3.00              3.00         3.00

WB_COMING_BACK_FROM_MEM                              0                              0              

WB_COMING_BACK_FROM_L1                               0                              0              

WB_COMING_BACK_FROM_MLC                              0                              0              

MEM_REQ_MATCH_OFF_PATH_HIT_BY_ON_PATH             1281        1.198%             1281        1.198%
MEM_REQ_MATCH_OFF_PATH_HIT_BY_ON_PATH_ETC        105673       98.802%           105673       98.802%
                                                106954      100.000%           106954      100.000%
                                                  0.99         0.98              0.99         0.98

TOTAL_ONPATH_ICACHE_FILLS                            0                              0              

TOTAL_ONPATH_DCACHE_FILLS                            0                              0              

TOTAL_ONPATH_L1_FILLS                                0                              0              

PER1K_ONPATH_ICACHE_FILLS                            0        0.0000                0        0.0000

PER1K_ONPATH_DCACHE_FILLS                            0        0.0000                0        0.0000

PER1K_ONPATH_L1_FILLS                                0        0.0000                0        0.0000

PER1K_L1_DEMAND_MISS_ONPATH                       4403        0.0440             4403        0.0440

PER1K_L1_DEMAND_MISS_OFFPATH                       330        0.0033              330        0.0033

L2_IDEAL_FILL_L1                                     0         -nan%                0         -nan%
L2_IDEAL_MISS_L2                                     0         -nan%                0         -nan%
                                                     0         -nan%                0         -nan%
                                                  -nan         -nan              -nan         -nan

L2_IDEAL_FILL_ICACHE                                 0         -nan%                0         -nan%
L2_IDEAL_MISS_ICACHE                                 0         -nan%                0         -nan%
                                                     0         -nan%                0         -nan%
                                                  -nan         -nan              -nan         -nan

HPS_MISS_DELTA__0                                    0         -nan%                0         -nan%
HPS_MISS_DELTA__1                                    0         -nan%                0         -nan%
HPS_MISS_DELTA__2                                    0         -nan%                0         -nan%
HPS_MISS_DELTA__3                                    0         -nan%                0         -nan%
HPS_MISS_DELTA__4                                    0         -nan%                0         -nan%
HPS_MISS_DELTA__5                                    0         -nan%                0         -nan%
HPS_MISS_DELTA__6                                    0         -nan%                0         -nan%
HPS_MISS_DELTA__7                                    0         -nan%                0         -nan%
HPS_MISS_DELTA__8                                    0         -nan%                0         -nan%
HPS_MISS_DELTA__9                                    0         -nan%                0         -nan%
                                                     0         -nan%                0         -nan%
                                                  -nan         -nan              -nan         -nan

HPS_HIT_DELTA__0                                     0         -nan%                0         -nan%
HPS_HIT_DELTA__1                                     0         -nan%                0         -nan%
HPS_HIT_DELTA__2                                     0         -nan%                0         -nan%
HPS_HIT_DELTA__3                                     0         -nan%                0         -nan%
HPS_HIT_DELTA__4                                     0         -nan%                0         -nan%
HPS_HIT_DELTA__5                                     0         -nan%                0         -nan%
HPS_HIT_DELTA__6                                     0         -nan%                0         -nan%
HPS_HIT_DELTA__7                                     0         -nan%                0         -nan%
HPS_HIT_DELTA__8                                     0         -nan%                0         -nan%
HPS_HIT_DELTA__9                                     0         -nan%                0         -nan%
                                                     0         -nan%                0         -nan%
                                                  -nan         -nan              -nan         -nan

DC_MISS_DELTA__0                                     0         -nan%                0         -nan%
DC_MISS_DELTA__1                                     0         -nan%                0         -nan%
DC_MISS_DELTA__2                                     0         -nan%                0         -nan%
DC_MISS_DELTA__3                                     0         -nan%                0         -nan%
DC_MISS_DELTA__4                                     0         -nan%                0         -nan%
DC_MISS_DELTA__5                                     0         -nan%                0         -nan%
DC_MISS_DELTA__6                                     0         -nan%                0         -nan%
DC_MISS_DELTA__7                                     0         -nan%                0         -nan%
DC_MISS_DELTA__8                                     0         -nan%                0         -nan%
DC_MISS_DELTA__9                                     0         -nan%                0         -nan%
                                                     0         -nan%                0         -nan%
                                                  -nan         -nan              -nan         -nan

ONE_MORE_SUCESS                                      0         -nan%                0         -nan%
ONE_MORE_DISCARDED_L0CACHE                           0         -nan%                0         -nan%
ONE_MORE_DISCARDED_MEM_REQ_FULL                      0         -nan%                0         -nan%
                                                     0         -nan%                0         -nan%
                                                  -nan         -nan              -nan         -nan

PREF_L1_TOTAL_SENT                                 697                            697              

PREF_L1_TOTAL_USED                                 399       57.245%              399       57.245%
PREF_L1_TOTAL_PARTIAL_USED                           2        0.287%                2        0.287%
PREF_L1_TOTAL_NOT_USED                             296       42.468%              296       42.468%
PREF_L1_TOTAL_DROPPED                                0        0.000%                0        0.000%
                                                   697      100.000%              697      100.000%
                                                  0.85         0.75              0.85         0.75

PREF_MLC_TOTAL_SENT                                  0                              0              

PREF_MLC_TOTAL_USED                              93212       99.990%            93212       99.990%
PREF_MLC_TOTAL_PARTIAL_USED                          9        0.010%                9        0.010%
PREF_MLC_TOTAL_NOT_USED                              0        0.000%                0        0.000%
PREF_MLC_TOTAL_DROPPED                               0        0.000%                0        0.000%
                                                 93221      100.000%            93221      100.000%
                                                  0.00         0.01              0.00         0.01

CORE_MLC_PREF_REQ_MISS                               0        0.000%                0        0.000%
CORE_MLC_DEMAND_MISS                            165633       10.844%           165633       10.844%
CORE_MLC_WB_MISS                               1361755       89.156%          1361755       89.156%
                                               1527388      100.000%          1527388      100.000%
                                                  1.89         1.81              1.89         1.81

CORE_MLC_PREF_REQ_HIT                                0        0.000%                0        0.000%
CORE_MLC_DEMAND_HIT                            6965801       51.816%          6965801       51.816%
CORE_MLC_WB_HIT                                6477547       48.184%          6477547       48.184%
                                              13443348      100.000%         13443348      100.000%
                                                  1.48         1.14              1.48         1.14

CORE_MLC_HIT                                   6965801       97.677%          6965801       97.677%
CORE_MLC_MISS                                   165633        2.323%           165633        2.323%
                                               7131434      100.000%          7131434      100.000%
                                                  0.02         0.15              0.02         0.15

CORE_MLC_FILL                                  1522201       99.660%          1522201       99.660%
CORE_MLC_WB_FILL                                  5196        0.340%             5196        0.340%
                                               1527397      100.000%          1527397      100.000%
                                                  0.00         0.06              0.00         0.06

CORE_MLC_DEMAND_FILL                           1522192       99.999%          1522192       99.999%
CORE_MLC_PREF_FILL                                   9        0.001%                9        0.001%
                                               1522201      100.000%          1522201      100.000%
                                                  0.00         0.00              0.00         0.00

CORE_MLC_PREF_FILL_USED                          93212       99.990%            93212       99.990%
CORE_MLC_PREF_FILL_PARTIAL_USED                      9        0.010%                9        0.010%
CORE_MLC_PREF_FILL_NOT_USED                          0        0.000%                0        0.000%
                                                 93221      100.000%            93221      100.000%
                                                  0.00         0.01              0.00         0.01

CORE_L1_PREF_REQ_MISS                              697        1.250%              697        1.250%
CORE_L1_DEMAND_MISS                               4732        8.487%             4732        8.487%
CORE_L1_WB_MISS                                  50329       90.263%            50329       90.263%
                                                 55758      100.000%            55758      100.000%
                                                  1.89         1.82              1.89         1.82

CORE_L1_PREF_REQ_HIT                              6382        0.416%             6382        0.416%
CORE_L1_DEMAND_HIT                              185785       12.101%           185785       12.101%
CORE_L1_WB_HIT                                 1343104       87.483%          1343104       87.483%
                                               1535271      100.000%          1535271      100.000%
                                                  1.87         1.78              1.87         1.78

CORE_L1_HIT                                     185792       97.516%           185792       97.516%
CORE_L1_MISS                                      4733        2.484%             4733        2.484%
                                                190525      100.000%           190525      100.000%
                                                  0.02         0.15              0.02         0.15

CORE_L1_FILL                                     55220       99.035%            55220       99.035%
CORE_L1_WB_FILL                                    538        0.965%              538        0.965%
                                                 55758      100.000%            55758      100.000%
                                                  0.01         0.10              0.01         0.10

CORE_L1_DEMAND_FILL                              54523       98.738%            54523       98.738%
CORE_L1_PREF_FILL                                  697        1.262%              697        1.262%
                                                 55220      100.000%            55220      100.000%
                                                  0.01         0.11              0.01         0.11

CORE_L1_PREF_FILL_USED                             399       57.245%              399       57.245%
CORE_L1_PREF_FILL_PARTIAL_USED                       2        0.287%                2        0.287%
CORE_L1_PREF_FILL_NOT_USED                         296       42.468%              296       42.468%
                                                   697      100.000%              697      100.000%
                                                  0.85         0.93              0.85         0.93

CORE_L1_DEMAND_USED_POS0                             0         -nan%                0         -nan%
CORE_L1_DEMAND_USED_POS1                             0         -nan%                0         -nan%
CORE_L1_DEMAND_USED_POS2                             0         -nan%                0         -nan%
CORE_L1_DEMAND_USED_POS3                             0         -nan%                0         -nan%
CORE_L1_DEMAND_USED_POS4                             0         -nan%                0         -nan%
CORE_L1_DEMAND_USED_POS5                             0         -nan%                0         -nan%
CORE_L1_DEMAND_USED_POS6                             0         -nan%                0         -nan%
CORE_L1_DEMAND_USED_POS7                             0         -nan%                0         -nan%
CORE_L1_DEMAND_USED_POS8                             0         -nan%                0         -nan%
CORE_L1_DEMAND_USED_POS9                             0         -nan%                0         -nan%
CORE_L1_DEMAND_USED_POS10                            0         -nan%                0         -nan%
CORE_L1_DEMAND_USED_POS11                            0         -nan%                0         -nan%
CORE_L1_DEMAND_USED_POS12                            0         -nan%                0         -nan%
CORE_L1_DEMAND_USED_POS13                            0         -nan%                0         -nan%
CORE_L1_DEMAND_USED_POS14                            0         -nan%                0         -nan%
CORE_L1_DEMAND_USED_POS15                            0         -nan%                0         -nan%
CORE_L1_DEMAND_USED_POS16                            0         -nan%                0         -nan%
CORE_L1_DEMAND_USED_POS17                            0         -nan%                0         -nan%
CORE_L1_DEMAND_USED_POS18                            0         -nan%                0         -nan%
CORE_L1_DEMAND_USED_POS19                            0         -nan%                0         -nan%
CORE_L1_DEMAND_USED_POS20                            0         -nan%                0         -nan%
CORE_L1_DEMAND_USED_POS21                            0         -nan%                0         -nan%
CORE_L1_DEMAND_USED_POS22                            0         -nan%                0         -nan%
CORE_L1_DEMAND_USED_POS23                            0         -nan%                0         -nan%
CORE_L1_DEMAND_USED_POS24                            0         -nan%                0         -nan%
CORE_L1_DEMAND_USED_POS25                            0         -nan%                0         -nan%
CORE_L1_DEMAND_USED_POS26                            0         -nan%                0         -nan%
CORE_L1_DEMAND_USED_POS27                            0         -nan%                0         -nan%
CORE_L1_DEMAND_USED_POS28                            0         -nan%                0         -nan%
CORE_L1_DEMAND_USED_POS29                            0         -nan%                0         -nan%
CORE_L1_DEMAND_USED_POS30                            0         -nan%                0         -nan%
CORE_L1_DEMAND_USED_POS31                            0         -nan%                0         -nan%
CORE_L1_DEMAND_USED_POS32                            0         -nan%                0         -nan%
CORE_L1_DEMAND_USED_POS33                            0         -nan%                0         -nan%
CORE_L1_DEMAND_USED_POS34                            0         -nan%                0         -nan%
CORE_L1_DEMAND_USED_POS35                            0         -nan%                0         -nan%
CORE_L1_DEMAND_USED_POS36                            0         -nan%                0         -nan%
CORE_L1_DEMAND_USED_POS37                            0         -nan%                0         -nan%
CORE_L1_DEMAND_USED_POS38                            0         -nan%                0         -nan%
CORE_L1_DEMAND_USED_POS39                            0         -nan%                0         -nan%
CORE_L1_DEMAND_USED_POS40                            0         -nan%                0         -nan%
CORE_L1_DEMAND_USED_POS41                            0         -nan%                0         -nan%
CORE_L1_DEMAND_USED_POS42                            0         -nan%                0         -nan%
CORE_L1_DEMAND_USED_POS43                            0         -nan%                0         -nan%
CORE_L1_DEMAND_USED_POS44                            0         -nan%                0         -nan%
CORE_L1_DEMAND_USED_POS45                            0         -nan%                0         -nan%
CORE_L1_DEMAND_USED_POS46                            0         -nan%                0         -nan%
CORE_L1_DEMAND_USED_POS47                            0         -nan%                0         -nan%
CORE_L1_DEMAND_USED_POS48                            0         -nan%                0         -nan%
CORE_L1_DEMAND_USED_POS49                            0         -nan%                0         -nan%
CORE_L1_DEMAND_USED_POS50                            0         -nan%                0         -nan%
CORE_L1_DEMAND_USED_POS51                            0         -nan%                0         -nan%
CORE_L1_DEMAND_USED_POS52                            0         -nan%                0         -nan%
CORE_L1_DEMAND_USED_POS53                            0         -nan%                0         -nan%
CORE_L1_DEMAND_USED_POS54                            0         -nan%                0         -nan%
CORE_L1_DEMAND_USED_POS55                            0         -nan%                0         -nan%
CORE_L1_DEMAND_USED_POS56                            0         -nan%                0         -nan%
CORE_L1_DEMAND_USED_POS57                            0         -nan%                0         -nan%
CORE_L1_DEMAND_USED_POS58                            0         -nan%                0         -nan%
CORE_L1_DEMAND_USED_POS59                            0         -nan%                0         -nan%
CORE_L1_DEMAND_USED_POS60                            0         -nan%                0         -nan%
CORE_L1_DEMAND_USED_POS61                            0         -nan%                0         -nan%
CORE_L1_DEMAND_USED_POS62                            0         -nan%                0         -nan%
CORE_L1_DEMAND_USED_POS63                            0         -nan%                0         -nan%
CORE_L1_DEMAND_USED_POS64                            0         -nan%                0         -nan%
CORE_L1_DEMAND_USED_POS65                            0         -nan%                0         -nan%
CORE_L1_DEMAND_USED_POS66                            0         -nan%                0         -nan%
CORE_L1_DEMAND_USED_POS67                            0         -nan%                0         -nan%
CORE_L1_DEMAND_USED_POS68                            0         -nan%                0         -nan%
CORE_L1_DEMAND_USED_POS69                            0         -nan%                0         -nan%
CORE_L1_DEMAND_USED_POS70                            0         -nan%                0         -nan%
CORE_L1_DEMAND_USED_POS71                            0         -nan%                0         -nan%
CORE_L1_DEMAND_USED_POS72                            0         -nan%                0         -nan%
CORE_L1_DEMAND_USED_POS73                            0         -nan%                0         -nan%
CORE_L1_DEMAND_USED_POS74                            0         -nan%                0         -nan%
CORE_L1_DEMAND_USED_POS75                            0         -nan%                0         -nan%
CORE_L1_DEMAND_USED_POS76                            0         -nan%                0         -nan%
CORE_L1_DEMAND_USED_POS77                            0         -nan%                0         -nan%
CORE_L1_DEMAND_USED_POS78                            0         -nan%                0         -nan%
CORE_L1_DEMAND_USED_POS79                            0         -nan%                0         -nan%
CORE_L1_DEMAND_USED_POS80                            0         -nan%                0         -nan%
CORE_L1_DEMAND_USED_POS81                            0         -nan%                0         -nan%
CORE_L1_DEMAND_USED_POS82                            0         -nan%                0         -nan%
CORE_L1_DEMAND_USED_POS83                            0         -nan%                0         -nan%
CORE_L1_DEMAND_USED_POS84                            0         -nan%                0         -nan%
CORE_L1_DEMAND_USED_POS85                            0         -nan%                0         -nan%
CORE_L1_DEMAND_USED_POS86                            0         -nan%                0         -nan%
CORE_L1_DEMAND_USED_POS87                            0         -nan%                0         -nan%
CORE_L1_DEMAND_USED_POS88                            0         -nan%                0         -nan%
CORE_L1_DEMAND_USED_POS89                            0         -nan%                0         -nan%
CORE_L1_DEMAND_USED_POS90                            0         -nan%                0         -nan%
CORE_L1_DEMAND_USED_POS91                            0         -nan%                0         -nan%
CORE_L1_DEMAND_USED_POS92                            0         -nan%                0         -nan%
CORE_L1_DEMAND_USED_POS93                            0         -nan%                0         -nan%
CORE_L1_DEMAND_USED_POS94                            0         -nan%                0         -nan%
CORE_L1_DEMAND_USED_POS95                            0         -nan%                0         -nan%
CORE_L1_DEMAND_USED_POS96                            0         -nan%                0         -nan%
CORE_L1_DEMAND_USED_POS97                            0         -nan%                0         -nan%
CORE_L1_DEMAND_USED_POS98                            0         -nan%                0         -nan%
CORE_L1_DEMAND_USED_POS99                            0         -nan%                0         -nan%
CORE_L1_DEMAND_USED_POS100                           0         -nan%                0         -nan%
CORE_L1_DEMAND_USED_POS101                           0         -nan%                0         -nan%
CORE_L1_DEMAND_USED_POS102                           0         -nan%                0         -nan%
CORE_L1_DEMAND_USED_POS103                           0         -nan%                0         -nan%
CORE_L1_DEMAND_USED_POS104                           0         -nan%                0         -nan%
CORE_L1_DEMAND_USED_POS105                           0         -nan%                0         -nan%
CORE_L1_DEMAND_USED_POS106                           0         -nan%                0         -nan%
CORE_L1_DEMAND_USED_POS107                           0         -nan%                0         -nan%
CORE_L1_DEMAND_USED_POS108                           0         -nan%                0         -nan%
CORE_L1_DEMAND_USED_POS109                           0         -nan%                0         -nan%
CORE_L1_DEMAND_USED_POS110                           0         -nan%                0         -nan%
CORE_L1_DEMAND_USED_POS111                           0         -nan%                0         -nan%
CORE_L1_DEMAND_USED_POS112                           0         -nan%                0         -nan%
CORE_L1_DEMAND_USED_POS113                           0         -nan%                0         -nan%
CORE_L1_DEMAND_USED_POS114                           0         -nan%                0         -nan%
CORE_L1_DEMAND_USED_POS115                           0         -nan%                0         -nan%
CORE_L1_DEMAND_USED_POS116                           0         -nan%                0         -nan%
CORE_L1_DEMAND_USED_POS117                           0         -nan%                0         -nan%
CORE_L1_DEMAND_USED_POS118                           0         -nan%                0         -nan%
CORE_L1_DEMAND_USED_POS119                           0         -nan%                0         -nan%
CORE_L1_DEMAND_USED_POS120                           0         -nan%                0         -nan%
CORE_L1_DEMAND_USED_POS121                           0         -nan%                0         -nan%
CORE_L1_DEMAND_USED_POS122                           0         -nan%                0         -nan%
CORE_L1_DEMAND_USED_POS123                           0         -nan%                0         -nan%
CORE_L1_DEMAND_USED_POS124                           0         -nan%                0         -nan%
CORE_L1_DEMAND_USED_POS125                           0         -nan%                0         -nan%
CORE_L1_DEMAND_USED_POS126                           0         -nan%                0         -nan%
CORE_L1_DEMAND_USED_POS127                           0         -nan%                0         -nan%
                                                     0         -nan%                0         -nan%
                                                  -nan         -nan              -nan         -nan

CORE_L1_PREF_USED_POS0                               0         -nan%                0         -nan%
CORE_L1_PREF_USED_POS1                               0         -nan%                0         -nan%
CORE_L1_PREF_USED_POS2                               0         -nan%                0         -nan%
CORE_L1_PREF_USED_POS3                               0         -nan%                0         -nan%
CORE_L1_PREF_USED_POS4                               0         -nan%                0         -nan%
CORE_L1_PREF_USED_POS5                               0         -nan%                0         -nan%
CORE_L1_PREF_USED_POS6                               0         -nan%                0         -nan%
CORE_L1_PREF_USED_POS7                               0         -nan%                0         -nan%
CORE_L1_PREF_USED_POS8                               0         -nan%                0         -nan%
CORE_L1_PREF_USED_POS9                               0         -nan%                0         -nan%
CORE_L1_PREF_USED_POS10                              0         -nan%                0         -nan%
CORE_L1_PREF_USED_POS11                              0         -nan%                0         -nan%
CORE_L1_PREF_USED_POS12                              0         -nan%                0         -nan%
CORE_L1_PREF_USED_POS13                              0         -nan%                0         -nan%
CORE_L1_PREF_USED_POS14                              0         -nan%                0         -nan%
CORE_L1_PREF_USED_POS15                              0         -nan%                0         -nan%
CORE_L1_PREF_USED_POS16                              0         -nan%                0         -nan%
CORE_L1_PREF_USED_POS17                              0         -nan%                0         -nan%
CORE_L1_PREF_USED_POS18                              0         -nan%                0         -nan%
CORE_L1_PREF_USED_POS19                              0         -nan%                0         -nan%
CORE_L1_PREF_USED_POS20                              0         -nan%                0         -nan%
CORE_L1_PREF_USED_POS21                              0         -nan%                0         -nan%
CORE_L1_PREF_USED_POS22                              0         -nan%                0         -nan%
CORE_L1_PREF_USED_POS23                              0         -nan%                0         -nan%
CORE_L1_PREF_USED_POS24                              0         -nan%                0         -nan%
CORE_L1_PREF_USED_POS25                              0         -nan%                0         -nan%
CORE_L1_PREF_USED_POS26                              0         -nan%                0         -nan%
CORE_L1_PREF_USED_POS27                              0         -nan%                0         -nan%
CORE_L1_PREF_USED_POS28                              0         -nan%                0         -nan%
CORE_L1_PREF_USED_POS29                              0         -nan%                0         -nan%
CORE_L1_PREF_USED_POS30                              0         -nan%                0         -nan%
CORE_L1_PREF_USED_POS31                              0         -nan%                0         -nan%
CORE_L1_PREF_USED_POS32                              0         -nan%                0         -nan%
CORE_L1_PREF_USED_POS33                              0         -nan%                0         -nan%
CORE_L1_PREF_USED_POS34                              0         -nan%                0         -nan%
CORE_L1_PREF_USED_POS35                              0         -nan%                0         -nan%
CORE_L1_PREF_USED_POS36                              0         -nan%                0         -nan%
CORE_L1_PREF_USED_POS37                              0         -nan%                0         -nan%
CORE_L1_PREF_USED_POS38                              0         -nan%                0         -nan%
CORE_L1_PREF_USED_POS39                              0         -nan%                0         -nan%
CORE_L1_PREF_USED_POS40                              0         -nan%                0         -nan%
CORE_L1_PREF_USED_POS41                              0         -nan%                0         -nan%
CORE_L1_PREF_USED_POS42                              0         -nan%                0         -nan%
CORE_L1_PREF_USED_POS43                              0         -nan%                0         -nan%
CORE_L1_PREF_USED_POS44                              0         -nan%                0         -nan%
CORE_L1_PREF_USED_POS45                              0         -nan%                0         -nan%
CORE_L1_PREF_USED_POS46                              0         -nan%                0         -nan%
CORE_L1_PREF_USED_POS47                              0         -nan%                0         -nan%
CORE_L1_PREF_USED_POS48                              0         -nan%                0         -nan%
CORE_L1_PREF_USED_POS49                              0         -nan%                0         -nan%
CORE_L1_PREF_USED_POS50                              0         -nan%                0         -nan%
CORE_L1_PREF_USED_POS51                              0         -nan%                0         -nan%
CORE_L1_PREF_USED_POS52                              0         -nan%                0         -nan%
CORE_L1_PREF_USED_POS53                              0         -nan%                0         -nan%
CORE_L1_PREF_USED_POS54                              0         -nan%                0         -nan%
CORE_L1_PREF_USED_POS55                              0         -nan%                0         -nan%
CORE_L1_PREF_USED_POS56                              0         -nan%                0         -nan%
CORE_L1_PREF_USED_POS57                              0         -nan%                0         -nan%
CORE_L1_PREF_USED_POS58                              0         -nan%                0         -nan%
CORE_L1_PREF_USED_POS59                              0         -nan%                0         -nan%
CORE_L1_PREF_USED_POS60                              0         -nan%                0         -nan%
CORE_L1_PREF_USED_POS61                              0         -nan%                0         -nan%
CORE_L1_PREF_USED_POS62                              0         -nan%                0         -nan%
CORE_L1_PREF_USED_POS63                              0         -nan%                0         -nan%
CORE_L1_PREF_USED_POS64                              0         -nan%                0         -nan%
CORE_L1_PREF_USED_POS65                              0         -nan%                0         -nan%
CORE_L1_PREF_USED_POS66                              0         -nan%                0         -nan%
CORE_L1_PREF_USED_POS67                              0         -nan%                0         -nan%
CORE_L1_PREF_USED_POS68                              0         -nan%                0         -nan%
CORE_L1_PREF_USED_POS69                              0         -nan%                0         -nan%
CORE_L1_PREF_USED_POS70                              0         -nan%                0         -nan%
CORE_L1_PREF_USED_POS71                              0         -nan%                0         -nan%
CORE_L1_PREF_USED_POS72                              0         -nan%                0         -nan%
CORE_L1_PREF_USED_POS73                              0         -nan%                0         -nan%
CORE_L1_PREF_USED_POS74                              0         -nan%                0         -nan%
CORE_L1_PREF_USED_POS75                              0         -nan%                0         -nan%
CORE_L1_PREF_USED_POS76                              0         -nan%                0         -nan%
CORE_L1_PREF_USED_POS77                              0         -nan%                0         -nan%
CORE_L1_PREF_USED_POS78                              0         -nan%                0         -nan%
CORE_L1_PREF_USED_POS79                              0         -nan%                0         -nan%
CORE_L1_PREF_USED_POS80                              0         -nan%                0         -nan%
CORE_L1_PREF_USED_POS81                              0         -nan%                0         -nan%
CORE_L1_PREF_USED_POS82                              0         -nan%                0         -nan%
CORE_L1_PREF_USED_POS83                              0         -nan%                0         -nan%
CORE_L1_PREF_USED_POS84                              0         -nan%                0         -nan%
CORE_L1_PREF_USED_POS85                              0         -nan%                0         -nan%
CORE_L1_PREF_USED_POS86                              0         -nan%                0         -nan%
CORE_L1_PREF_USED_POS87                              0         -nan%                0         -nan%
CORE_L1_PREF_USED_POS88                              0         -nan%                0         -nan%
CORE_L1_PREF_USED_POS89                              0         -nan%                0         -nan%
CORE_L1_PREF_USED_POS90                              0         -nan%                0         -nan%
CORE_L1_PREF_USED_POS91                              0         -nan%                0         -nan%
CORE_L1_PREF_USED_POS92                              0         -nan%                0         -nan%
CORE_L1_PREF_USED_POS93                              0         -nan%                0         -nan%
CORE_L1_PREF_USED_POS94                              0         -nan%                0         -nan%
CORE_L1_PREF_USED_POS95                              0         -nan%                0         -nan%
CORE_L1_PREF_USED_POS96                              0         -nan%                0         -nan%
CORE_L1_PREF_USED_POS97                              0         -nan%                0         -nan%
CORE_L1_PREF_USED_POS98                              0         -nan%                0         -nan%
CORE_L1_PREF_USED_POS99                              0         -nan%                0         -nan%
CORE_L1_PREF_USED_POS100                             0         -nan%                0         -nan%
CORE_L1_PREF_USED_POS101                             0         -nan%                0         -nan%
CORE_L1_PREF_USED_POS102                             0         -nan%                0         -nan%
CORE_L1_PREF_USED_POS103                             0         -nan%                0         -nan%
CORE_L1_PREF_USED_POS104                             0         -nan%                0         -nan%
CORE_L1_PREF_USED_POS105                             0         -nan%                0         -nan%
CORE_L1_PREF_USED_POS106                             0         -nan%                0         -nan%
CORE_L1_PREF_USED_POS107                             0         -nan%                0         -nan%
CORE_L1_PREF_USED_POS108                             0         -nan%                0         -nan%
CORE_L1_PREF_USED_POS109                             0         -nan%                0         -nan%
CORE_L1_PREF_USED_POS110                             0         -nan%                0         -nan%
CORE_L1_PREF_USED_POS111                             0         -nan%                0         -nan%
CORE_L1_PREF_USED_POS112                             0         -nan%                0         -nan%
CORE_L1_PREF_USED_POS113                             0         -nan%                0         -nan%
CORE_L1_PREF_USED_POS114                             0         -nan%                0         -nan%
CORE_L1_PREF_USED_POS115                             0         -nan%                0         -nan%
CORE_L1_PREF_USED_POS116                             0         -nan%                0         -nan%
CORE_L1_PREF_USED_POS117                             0         -nan%                0         -nan%
CORE_L1_PREF_USED_POS118                             0         -nan%                0         -nan%
CORE_L1_PREF_USED_POS119                             0         -nan%                0         -nan%
CORE_L1_PREF_USED_POS120                             0         -nan%                0         -nan%
CORE_L1_PREF_USED_POS121                             0         -nan%                0         -nan%
CORE_L1_PREF_USED_POS122                             0         -nan%                0         -nan%
CORE_L1_PREF_USED_POS123                             0         -nan%                0         -nan%
CORE_L1_PREF_USED_POS124                             0         -nan%                0         -nan%
CORE_L1_PREF_USED_POS125                             0         -nan%                0         -nan%
CORE_L1_PREF_USED_POS126                             0         -nan%                0         -nan%
CORE_L1_PREF_USED_POS127                             0         -nan%                0         -nan%
                                                     0         -nan%                0         -nan%
                                                  -nan         -nan              -nan         -nan

CORE_TOTAL_SETS_ALL_INTERVALS                        0                              0              

CORE_L1_AVG_NUM_WAYS                                 0          -nan                0          -nan

L1_PARTITION_INTERVALS                               0                              0              

NORESET_L1_PARTITION                                 0                              0              

L1_SHADOW_ACCESS                                     0                              0              

L1_SHADOW_ACCESS_STALLING                            0                              0              

L1_SHADOW_ACCESS_DEMAND                              0                              0              

L1_SHADOW_HIT                                        0                              0              

L1_SHADOW_HIT_STALLING                               0                              0              

L1_SHADOW_HIT_DEMAND                                 0                              0              

L1_SHADOW_UNTIMELY_HIT                               0                              0              

L1_SHADOW_UNTIMELY_HIT_STALLING                      0                              0              

L1_SHADOW_UNTIMELY_HIT_DEMAND                        0                              0              

L1_SHADOW_HIT_POS0                                   0         -nan%                0         -nan%
L1_SHADOW_HIT_POS1                                   0         -nan%                0         -nan%
L1_SHADOW_HIT_POS2                                   0         -nan%                0         -nan%
L1_SHADOW_HIT_POS3                                   0         -nan%                0         -nan%
L1_SHADOW_HIT_POS4                                   0         -nan%                0         -nan%
L1_SHADOW_HIT_POS5                                   0         -nan%                0         -nan%
L1_SHADOW_HIT_POS6                                   0         -nan%                0         -nan%
L1_SHADOW_HIT_POS7                                   0         -nan%                0         -nan%
L1_SHADOW_HIT_POS8                                   0         -nan%                0         -nan%
L1_SHADOW_HIT_POS9                                   0         -nan%                0         -nan%
L1_SHADOW_HIT_POS10                                  0         -nan%                0         -nan%
L1_SHADOW_HIT_POS11                                  0         -nan%                0         -nan%
L1_SHADOW_HIT_POS12                                  0         -nan%                0         -nan%
L1_SHADOW_HIT_POS13                                  0         -nan%                0         -nan%
L1_SHADOW_HIT_POS14                                  0         -nan%                0         -nan%
L1_SHADOW_HIT_POS15                                  0         -nan%                0         -nan%
L1_SHADOW_HIT_POS16                                  0         -nan%                0         -nan%
L1_SHADOW_HIT_POS17                                  0         -nan%                0         -nan%
L1_SHADOW_HIT_POS18                                  0         -nan%                0         -nan%
L1_SHADOW_HIT_POS19                                  0         -nan%                0         -nan%
L1_SHADOW_HIT_POS20                                  0         -nan%                0         -nan%
L1_SHADOW_HIT_POS21                                  0         -nan%                0         -nan%
L1_SHADOW_HIT_POS22                                  0         -nan%                0         -nan%
L1_SHADOW_HIT_POS23                                  0         -nan%                0         -nan%
L1_SHADOW_HIT_POS24                                  0         -nan%                0         -nan%
L1_SHADOW_HIT_POS25                                  0         -nan%                0         -nan%
L1_SHADOW_HIT_POS26                                  0         -nan%                0         -nan%
L1_SHADOW_HIT_POS27                                  0         -nan%                0         -nan%
L1_SHADOW_HIT_POS28                                  0         -nan%                0         -nan%
L1_SHADOW_HIT_POS29                                  0         -nan%                0         -nan%
L1_SHADOW_HIT_POS30                                  0         -nan%                0         -nan%
L1_SHADOW_HIT_POS31                                  0         -nan%                0         -nan%
L1_SHADOW_HIT_POS32                                  0         -nan%                0         -nan%
L1_SHADOW_HIT_POS33                                  0         -nan%                0         -nan%
L1_SHADOW_HIT_POS34                                  0         -nan%                0         -nan%
L1_SHADOW_HIT_POS35                                  0         -nan%                0         -nan%
L1_SHADOW_HIT_POS36                                  0         -nan%                0         -nan%
L1_SHADOW_HIT_POS37                                  0         -nan%                0         -nan%
L1_SHADOW_HIT_POS38                                  0         -nan%                0         -nan%
L1_SHADOW_HIT_POS39                                  0         -nan%                0         -nan%
L1_SHADOW_HIT_POS40                                  0         -nan%                0         -nan%
L1_SHADOW_HIT_POS41                                  0         -nan%                0         -nan%
L1_SHADOW_HIT_POS42                                  0         -nan%                0         -nan%
L1_SHADOW_HIT_POS43                                  0         -nan%                0         -nan%
L1_SHADOW_HIT_POS44                                  0         -nan%                0         -nan%
L1_SHADOW_HIT_POS45                                  0         -nan%                0         -nan%
L1_SHADOW_HIT_POS46                                  0         -nan%                0         -nan%
L1_SHADOW_HIT_POS47                                  0         -nan%                0         -nan%
L1_SHADOW_HIT_POS48                                  0         -nan%                0         -nan%
L1_SHADOW_HIT_POS49                                  0         -nan%                0         -nan%
L1_SHADOW_HIT_POS50                                  0         -nan%                0         -nan%
L1_SHADOW_HIT_POS51                                  0         -nan%                0         -nan%
L1_SHADOW_HIT_POS52                                  0         -nan%                0         -nan%
L1_SHADOW_HIT_POS53                                  0         -nan%                0         -nan%
L1_SHADOW_HIT_POS54                                  0         -nan%                0         -nan%
L1_SHADOW_HIT_POS55                                  0         -nan%                0         -nan%
L1_SHADOW_HIT_POS56                                  0         -nan%                0         -nan%
L1_SHADOW_HIT_POS57                                  0         -nan%                0         -nan%
L1_SHADOW_HIT_POS58                                  0         -nan%                0         -nan%
L1_SHADOW_HIT_POS59                                  0         -nan%                0         -nan%
L1_SHADOW_HIT_POS60                                  0         -nan%                0         -nan%
L1_SHADOW_HIT_POS61                                  0         -nan%                0         -nan%
L1_SHADOW_HIT_POS62                                  0         -nan%                0         -nan%
L1_SHADOW_HIT_POS63                                  0         -nan%                0         -nan%
L1_SHADOW_HIT_POS64                                  0         -nan%                0         -nan%
L1_SHADOW_HIT_POS65                                  0         -nan%                0         -nan%
L1_SHADOW_HIT_POS66                                  0         -nan%                0         -nan%
L1_SHADOW_HIT_POS67                                  0         -nan%                0         -nan%
L1_SHADOW_HIT_POS68                                  0         -nan%                0         -nan%
L1_SHADOW_HIT_POS69                                  0         -nan%                0         -nan%
L1_SHADOW_HIT_POS70                                  0         -nan%                0         -nan%
L1_SHADOW_HIT_POS71                                  0         -nan%                0         -nan%
L1_SHADOW_HIT_POS72                                  0         -nan%                0         -nan%
L1_SHADOW_HIT_POS73                                  0         -nan%                0         -nan%
L1_SHADOW_HIT_POS74                                  0         -nan%                0         -nan%
L1_SHADOW_HIT_POS75                                  0         -nan%                0         -nan%
L1_SHADOW_HIT_POS76                                  0         -nan%                0         -nan%
L1_SHADOW_HIT_POS77                                  0         -nan%                0         -nan%
L1_SHADOW_HIT_POS78                                  0         -nan%                0         -nan%
L1_SHADOW_HIT_POS79                                  0         -nan%                0         -nan%
L1_SHADOW_HIT_POS80                                  0         -nan%                0         -nan%
L1_SHADOW_HIT_POS81                                  0         -nan%                0         -nan%
L1_SHADOW_HIT_POS82                                  0         -nan%                0         -nan%
L1_SHADOW_HIT_POS83                                  0         -nan%                0         -nan%
L1_SHADOW_HIT_POS84                                  0         -nan%                0         -nan%
L1_SHADOW_HIT_POS85                                  0         -nan%                0         -nan%
L1_SHADOW_HIT_POS86                                  0         -nan%                0         -nan%
L1_SHADOW_HIT_POS87                                  0         -nan%                0         -nan%
L1_SHADOW_HIT_POS88                                  0         -nan%                0         -nan%
L1_SHADOW_HIT_POS89                                  0         -nan%                0         -nan%
L1_SHADOW_HIT_POS90                                  0         -nan%                0         -nan%
L1_SHADOW_HIT_POS91                                  0         -nan%                0         -nan%
L1_SHADOW_HIT_POS92                                  0         -nan%                0         -nan%
L1_SHADOW_HIT_POS93                                  0         -nan%                0         -nan%
L1_SHADOW_HIT_POS94                                  0         -nan%                0         -nan%
L1_SHADOW_HIT_POS95                                  0         -nan%                0         -nan%
L1_SHADOW_HIT_POS96                                  0         -nan%                0         -nan%
L1_SHADOW_HIT_POS97                                  0         -nan%                0         -nan%
L1_SHADOW_HIT_POS98                                  0         -nan%                0         -nan%
L1_SHADOW_HIT_POS99                                  0         -nan%                0         -nan%
L1_SHADOW_HIT_POS100                                 0         -nan%                0         -nan%
L1_SHADOW_HIT_POS101                                 0         -nan%                0         -nan%
L1_SHADOW_HIT_POS102                                 0         -nan%                0         -nan%
L1_SHADOW_HIT_POS103                                 0         -nan%                0         -nan%
L1_SHADOW_HIT_POS104                                 0         -nan%                0         -nan%
L1_SHADOW_HIT_POS105                                 0         -nan%                0         -nan%
L1_SHADOW_HIT_POS106                                 0         -nan%                0         -nan%
L1_SHADOW_HIT_POS107                                 0         -nan%                0         -nan%
L1_SHADOW_HIT_POS108                                 0         -nan%                0         -nan%
L1_SHADOW_HIT_POS109                                 0         -nan%                0         -nan%
L1_SHADOW_HIT_POS110                                 0         -nan%                0         -nan%
L1_SHADOW_HIT_POS111                                 0         -nan%                0         -nan%
L1_SHADOW_HIT_POS112                                 0         -nan%                0         -nan%
L1_SHADOW_HIT_POS113                                 0         -nan%                0         -nan%
L1_SHADOW_HIT_POS114                                 0         -nan%                0         -nan%
L1_SHADOW_HIT_POS115                                 0         -nan%                0         -nan%
L1_SHADOW_HIT_POS116                                 0         -nan%                0         -nan%
L1_SHADOW_HIT_POS117                                 0         -nan%                0         -nan%
L1_SHADOW_HIT_POS118                                 0         -nan%                0         -nan%
L1_SHADOW_HIT_POS119                                 0         -nan%                0         -nan%
L1_SHADOW_HIT_POS120                                 0         -nan%                0         -nan%
L1_SHADOW_HIT_POS121                                 0         -nan%                0         -nan%
L1_SHADOW_HIT_POS122                                 0         -nan%                0         -nan%
L1_SHADOW_HIT_POS123                                 0         -nan%                0         -nan%
L1_SHADOW_HIT_POS124                                 0         -nan%                0         -nan%
L1_SHADOW_HIT_POS125                                 0         -nan%                0         -nan%
L1_SHADOW_HIT_POS126                                 0         -nan%                0         -nan%
L1_SHADOW_HIT_POS127                                 0         -nan%                0         -nan%
                                                     0         -nan%                0         -nan%
                                                  -nan         -nan              -nan         -nan

L1_SHADOW_STALLING_HIT_POS0                          0         -nan%                0         -nan%
L1_SHADOW_STALLING_HIT_POS1                          0         -nan%                0         -nan%
L1_SHADOW_STALLING_HIT_POS2                          0         -nan%                0         -nan%
L1_SHADOW_STALLING_HIT_POS3                          0         -nan%                0         -nan%
L1_SHADOW_STALLING_HIT_POS4                          0         -nan%                0         -nan%
L1_SHADOW_STALLING_HIT_POS5                          0         -nan%                0         -nan%
L1_SHADOW_STALLING_HIT_POS6                          0         -nan%                0         -nan%
L1_SHADOW_STALLING_HIT_POS7                          0         -nan%                0         -nan%
L1_SHADOW_STALLING_HIT_POS8                          0         -nan%                0         -nan%
L1_SHADOW_STALLING_HIT_POS9                          0         -nan%                0         -nan%
L1_SHADOW_STALLING_HIT_POS10                         0         -nan%                0         -nan%
L1_SHADOW_STALLING_HIT_POS11                         0         -nan%                0         -nan%
L1_SHADOW_STALLING_HIT_POS12                         0         -nan%                0         -nan%
L1_SHADOW_STALLING_HIT_POS13                         0         -nan%                0         -nan%
L1_SHADOW_STALLING_HIT_POS14                         0         -nan%                0         -nan%
L1_SHADOW_STALLING_HIT_POS15                         0         -nan%                0         -nan%
L1_SHADOW_STALLING_HIT_POS16                         0         -nan%                0         -nan%
L1_SHADOW_STALLING_HIT_POS17                         0         -nan%                0         -nan%
L1_SHADOW_STALLING_HIT_POS18                         0         -nan%                0         -nan%
L1_SHADOW_STALLING_HIT_POS19                         0         -nan%                0         -nan%
L1_SHADOW_STALLING_HIT_POS20                         0         -nan%                0         -nan%
L1_SHADOW_STALLING_HIT_POS21                         0         -nan%                0         -nan%
L1_SHADOW_STALLING_HIT_POS22                         0         -nan%                0         -nan%
L1_SHADOW_STALLING_HIT_POS23                         0         -nan%                0         -nan%
L1_SHADOW_STALLING_HIT_POS24                         0         -nan%                0         -nan%
L1_SHADOW_STALLING_HIT_POS25                         0         -nan%                0         -nan%
L1_SHADOW_STALLING_HIT_POS26                         0         -nan%                0         -nan%
L1_SHADOW_STALLING_HIT_POS27                         0         -nan%                0         -nan%
L1_SHADOW_STALLING_HIT_POS28                         0         -nan%                0         -nan%
L1_SHADOW_STALLING_HIT_POS29                         0         -nan%                0         -nan%
L1_SHADOW_STALLING_HIT_POS30                         0         -nan%                0         -nan%
L1_SHADOW_STALLING_HIT_POS31                         0         -nan%                0         -nan%
L1_SHADOW_STALLING_HIT_POS32                         0         -nan%                0         -nan%
L1_SHADOW_STALLING_HIT_POS33                         0         -nan%                0         -nan%
L1_SHADOW_STALLING_HIT_POS34                         0         -nan%                0         -nan%
L1_SHADOW_STALLING_HIT_POS35                         0         -nan%                0         -nan%
L1_SHADOW_STALLING_HIT_POS36                         0         -nan%                0         -nan%
L1_SHADOW_STALLING_HIT_POS37                         0         -nan%                0         -nan%
L1_SHADOW_STALLING_HIT_POS38                         0         -nan%                0         -nan%
L1_SHADOW_STALLING_HIT_POS39                         0         -nan%                0         -nan%
L1_SHADOW_STALLING_HIT_POS40                         0         -nan%                0         -nan%
L1_SHADOW_STALLING_HIT_POS41                         0         -nan%                0         -nan%
L1_SHADOW_STALLING_HIT_POS42                         0         -nan%                0         -nan%
L1_SHADOW_STALLING_HIT_POS43                         0         -nan%                0         -nan%
L1_SHADOW_STALLING_HIT_POS44                         0         -nan%                0         -nan%
L1_SHADOW_STALLING_HIT_POS45                         0         -nan%                0         -nan%
L1_SHADOW_STALLING_HIT_POS46                         0         -nan%                0         -nan%
L1_SHADOW_STALLING_HIT_POS47                         0         -nan%                0         -nan%
L1_SHADOW_STALLING_HIT_POS48                         0         -nan%                0         -nan%
L1_SHADOW_STALLING_HIT_POS49                         0         -nan%                0         -nan%
L1_SHADOW_STALLING_HIT_POS50                         0         -nan%                0         -nan%
L1_SHADOW_STALLING_HIT_POS51                         0         -nan%                0         -nan%
L1_SHADOW_STALLING_HIT_POS52                         0         -nan%                0         -nan%
L1_SHADOW_STALLING_HIT_POS53                         0         -nan%                0         -nan%
L1_SHADOW_STALLING_HIT_POS54                         0         -nan%                0         -nan%
L1_SHADOW_STALLING_HIT_POS55                         0         -nan%                0         -nan%
L1_SHADOW_STALLING_HIT_POS56                         0         -nan%                0         -nan%
L1_SHADOW_STALLING_HIT_POS57                         0         -nan%                0         -nan%
L1_SHADOW_STALLING_HIT_POS58                         0         -nan%                0         -nan%
L1_SHADOW_STALLING_HIT_POS59                         0         -nan%                0         -nan%
L1_SHADOW_STALLING_HIT_POS60                         0         -nan%                0         -nan%
L1_SHADOW_STALLING_HIT_POS61                         0         -nan%                0         -nan%
L1_SHADOW_STALLING_HIT_POS62                         0         -nan%                0         -nan%
L1_SHADOW_STALLING_HIT_POS63                         0         -nan%                0         -nan%
L1_SHADOW_STALLING_HIT_POS64                         0         -nan%                0         -nan%
L1_SHADOW_STALLING_HIT_POS65                         0         -nan%                0         -nan%
L1_SHADOW_STALLING_HIT_POS66                         0         -nan%                0         -nan%
L1_SHADOW_STALLING_HIT_POS67                         0         -nan%                0         -nan%
L1_SHADOW_STALLING_HIT_POS68                         0         -nan%                0         -nan%
L1_SHADOW_STALLING_HIT_POS69                         0         -nan%                0         -nan%
L1_SHADOW_STALLING_HIT_POS70                         0         -nan%                0         -nan%
L1_SHADOW_STALLING_HIT_POS71                         0         -nan%                0         -nan%
L1_SHADOW_STALLING_HIT_POS72                         0         -nan%                0         -nan%
L1_SHADOW_STALLING_HIT_POS73                         0         -nan%                0         -nan%
L1_SHADOW_STALLING_HIT_POS74                         0         -nan%                0         -nan%
L1_SHADOW_STALLING_HIT_POS75                         0         -nan%                0         -nan%
L1_SHADOW_STALLING_HIT_POS76                         0         -nan%                0         -nan%
L1_SHADOW_STALLING_HIT_POS77                         0         -nan%                0         -nan%
L1_SHADOW_STALLING_HIT_POS78                         0         -nan%                0         -nan%
L1_SHADOW_STALLING_HIT_POS79                         0         -nan%                0         -nan%
L1_SHADOW_STALLING_HIT_POS80                         0         -nan%                0         -nan%
L1_SHADOW_STALLING_HIT_POS81                         0         -nan%                0         -nan%
L1_SHADOW_STALLING_HIT_POS82                         0         -nan%                0         -nan%
L1_SHADOW_STALLING_HIT_POS83                         0         -nan%                0         -nan%
L1_SHADOW_STALLING_HIT_POS84                         0         -nan%                0         -nan%
L1_SHADOW_STALLING_HIT_POS85                         0         -nan%                0         -nan%
L1_SHADOW_STALLING_HIT_POS86                         0         -nan%                0         -nan%
L1_SHADOW_STALLING_HIT_POS87                         0         -nan%                0         -nan%
L1_SHADOW_STALLING_HIT_POS88                         0         -nan%                0         -nan%
L1_SHADOW_STALLING_HIT_POS89                         0         -nan%                0         -nan%
L1_SHADOW_STALLING_HIT_POS90                         0         -nan%                0         -nan%
L1_SHADOW_STALLING_HIT_POS91                         0         -nan%                0         -nan%
L1_SHADOW_STALLING_HIT_POS92                         0         -nan%                0         -nan%
L1_SHADOW_STALLING_HIT_POS93                         0         -nan%                0         -nan%
L1_SHADOW_STALLING_HIT_POS94                         0         -nan%                0         -nan%
L1_SHADOW_STALLING_HIT_POS95                         0         -nan%                0         -nan%
L1_SHADOW_STALLING_HIT_POS96                         0         -nan%                0         -nan%
L1_SHADOW_STALLING_HIT_POS97                         0         -nan%                0         -nan%
L1_SHADOW_STALLING_HIT_POS98                         0         -nan%                0         -nan%
L1_SHADOW_STALLING_HIT_POS99                         0         -nan%                0         -nan%
L1_SHADOW_STALLING_HIT_POS100                        0         -nan%                0         -nan%
L1_SHADOW_STALLING_HIT_POS101                        0         -nan%                0         -nan%
L1_SHADOW_STALLING_HIT_POS102                        0         -nan%                0         -nan%
L1_SHADOW_STALLING_HIT_POS103                        0         -nan%                0         -nan%
L1_SHADOW_STALLING_HIT_POS104                        0         -nan%                0         -nan%
L1_SHADOW_STALLING_HIT_POS105                        0         -nan%                0         -nan%
L1_SHADOW_STALLING_HIT_POS106                        0         -nan%                0         -nan%
L1_SHADOW_STALLING_HIT_POS107                        0         -nan%                0         -nan%
L1_SHADOW_STALLING_HIT_POS108                        0         -nan%                0         -nan%
L1_SHADOW_STALLING_HIT_POS109                        0         -nan%                0         -nan%
L1_SHADOW_STALLING_HIT_POS110                        0         -nan%                0         -nan%
L1_SHADOW_STALLING_HIT_POS111                        0         -nan%                0         -nan%
L1_SHADOW_STALLING_HIT_POS112                        0         -nan%                0         -nan%
L1_SHADOW_STALLING_HIT_POS113                        0         -nan%                0         -nan%
L1_SHADOW_STALLING_HIT_POS114                        0         -nan%                0         -nan%
L1_SHADOW_STALLING_HIT_POS115                        0         -nan%                0         -nan%
L1_SHADOW_STALLING_HIT_POS116                        0         -nan%                0         -nan%
L1_SHADOW_STALLING_HIT_POS117                        0         -nan%                0         -nan%
L1_SHADOW_STALLING_HIT_POS118                        0         -nan%                0         -nan%
L1_SHADOW_STALLING_HIT_POS119                        0         -nan%                0         -nan%
L1_SHADOW_STALLING_HIT_POS120                        0         -nan%                0         -nan%
L1_SHADOW_STALLING_HIT_POS121                        0         -nan%                0         -nan%
L1_SHADOW_STALLING_HIT_POS122                        0         -nan%                0         -nan%
L1_SHADOW_STALLING_HIT_POS123                        0         -nan%                0         -nan%
L1_SHADOW_STALLING_HIT_POS124                        0         -nan%                0         -nan%
L1_SHADOW_STALLING_HIT_POS125                        0         -nan%                0         -nan%
L1_SHADOW_STALLING_HIT_POS126                        0         -nan%                0         -nan%
L1_SHADOW_STALLING_HIT_POS127                        0         -nan%                0         -nan%
                                                     0         -nan%                0         -nan%
                                                  -nan         -nan              -nan         -nan

L1_SHADOW_DEMAND_HIT_POS0                            0         -nan%                0         -nan%
L1_SHADOW_DEMAND_HIT_POS1                            0         -nan%                0         -nan%
L1_SHADOW_DEMAND_HIT_POS2                            0         -nan%                0         -nan%
L1_SHADOW_DEMAND_HIT_POS3                            0         -nan%                0         -nan%
L1_SHADOW_DEMAND_HIT_POS4                            0         -nan%                0         -nan%
L1_SHADOW_DEMAND_HIT_POS5                            0         -nan%                0         -nan%
L1_SHADOW_DEMAND_HIT_POS6                            0         -nan%                0         -nan%
L1_SHADOW_DEMAND_HIT_POS7                            0         -nan%                0         -nan%
L1_SHADOW_DEMAND_HIT_POS8                            0         -nan%                0         -nan%
L1_SHADOW_DEMAND_HIT_POS9                            0         -nan%                0         -nan%
L1_SHADOW_DEMAND_HIT_POS10                           0         -nan%                0         -nan%
L1_SHADOW_DEMAND_HIT_POS11                           0         -nan%                0         -nan%
L1_SHADOW_DEMAND_HIT_POS12                           0         -nan%                0         -nan%
L1_SHADOW_DEMAND_HIT_POS13                           0         -nan%                0         -nan%
L1_SHADOW_DEMAND_HIT_POS14                           0         -nan%                0         -nan%
L1_SHADOW_DEMAND_HIT_POS15                           0         -nan%                0         -nan%
L1_SHADOW_DEMAND_HIT_POS16                           0         -nan%                0         -nan%
L1_SHADOW_DEMAND_HIT_POS17                           0         -nan%                0         -nan%
L1_SHADOW_DEMAND_HIT_POS18                           0         -nan%                0         -nan%
L1_SHADOW_DEMAND_HIT_POS19                           0         -nan%                0         -nan%
L1_SHADOW_DEMAND_HIT_POS20                           0         -nan%                0         -nan%
L1_SHADOW_DEMAND_HIT_POS21                           0         -nan%                0         -nan%
L1_SHADOW_DEMAND_HIT_POS22                           0         -nan%                0         -nan%
L1_SHADOW_DEMAND_HIT_POS23                           0         -nan%                0         -nan%
L1_SHADOW_DEMAND_HIT_POS24                           0         -nan%                0         -nan%
L1_SHADOW_DEMAND_HIT_POS25                           0         -nan%                0         -nan%
L1_SHADOW_DEMAND_HIT_POS26                           0         -nan%                0         -nan%
L1_SHADOW_DEMAND_HIT_POS27                           0         -nan%                0         -nan%
L1_SHADOW_DEMAND_HIT_POS28                           0         -nan%                0         -nan%
L1_SHADOW_DEMAND_HIT_POS29                           0         -nan%                0         -nan%
L1_SHADOW_DEMAND_HIT_POS30                           0         -nan%                0         -nan%
L1_SHADOW_DEMAND_HIT_POS31                           0         -nan%                0         -nan%
L1_SHADOW_DEMAND_HIT_POS32                           0         -nan%                0         -nan%
L1_SHADOW_DEMAND_HIT_POS33                           0         -nan%                0         -nan%
L1_SHADOW_DEMAND_HIT_POS34                           0         -nan%                0         -nan%
L1_SHADOW_DEMAND_HIT_POS35                           0         -nan%                0         -nan%
L1_SHADOW_DEMAND_HIT_POS36                           0         -nan%                0         -nan%
L1_SHADOW_DEMAND_HIT_POS37                           0         -nan%                0         -nan%
L1_SHADOW_DEMAND_HIT_POS38                           0         -nan%                0         -nan%
L1_SHADOW_DEMAND_HIT_POS39                           0         -nan%                0         -nan%
L1_SHADOW_DEMAND_HIT_POS40                           0         -nan%                0         -nan%
L1_SHADOW_DEMAND_HIT_POS41                           0         -nan%                0         -nan%
L1_SHADOW_DEMAND_HIT_POS42                           0         -nan%                0         -nan%
L1_SHADOW_DEMAND_HIT_POS43                           0         -nan%                0         -nan%
L1_SHADOW_DEMAND_HIT_POS44                           0         -nan%                0         -nan%
L1_SHADOW_DEMAND_HIT_POS45                           0         -nan%                0         -nan%
L1_SHADOW_DEMAND_HIT_POS46                           0         -nan%                0         -nan%
L1_SHADOW_DEMAND_HIT_POS47                           0         -nan%                0         -nan%
L1_SHADOW_DEMAND_HIT_POS48                           0         -nan%                0         -nan%
L1_SHADOW_DEMAND_HIT_POS49                           0         -nan%                0         -nan%
L1_SHADOW_DEMAND_HIT_POS50                           0         -nan%                0         -nan%
L1_SHADOW_DEMAND_HIT_POS51                           0         -nan%                0         -nan%
L1_SHADOW_DEMAND_HIT_POS52                           0         -nan%                0         -nan%
L1_SHADOW_DEMAND_HIT_POS53                           0         -nan%                0         -nan%
L1_SHADOW_DEMAND_HIT_POS54                           0         -nan%                0         -nan%
L1_SHADOW_DEMAND_HIT_POS55                           0         -nan%                0         -nan%
L1_SHADOW_DEMAND_HIT_POS56                           0         -nan%                0         -nan%
L1_SHADOW_DEMAND_HIT_POS57                           0         -nan%                0         -nan%
L1_SHADOW_DEMAND_HIT_POS58                           0         -nan%                0         -nan%
L1_SHADOW_DEMAND_HIT_POS59                           0         -nan%                0         -nan%
L1_SHADOW_DEMAND_HIT_POS60                           0         -nan%                0         -nan%
L1_SHADOW_DEMAND_HIT_POS61                           0         -nan%                0         -nan%
L1_SHADOW_DEMAND_HIT_POS62                           0         -nan%                0         -nan%
L1_SHADOW_DEMAND_HIT_POS63                           0         -nan%                0         -nan%
L1_SHADOW_DEMAND_HIT_POS64                           0         -nan%                0         -nan%
L1_SHADOW_DEMAND_HIT_POS65                           0         -nan%                0         -nan%
L1_SHADOW_DEMAND_HIT_POS66                           0         -nan%                0         -nan%
L1_SHADOW_DEMAND_HIT_POS67                           0         -nan%                0         -nan%
L1_SHADOW_DEMAND_HIT_POS68                           0         -nan%                0         -nan%
L1_SHADOW_DEMAND_HIT_POS69                           0         -nan%                0         -nan%
L1_SHADOW_DEMAND_HIT_POS70                           0         -nan%                0         -nan%
L1_SHADOW_DEMAND_HIT_POS71                           0         -nan%                0         -nan%
L1_SHADOW_DEMAND_HIT_POS72                           0         -nan%                0         -nan%
L1_SHADOW_DEMAND_HIT_POS73                           0         -nan%                0         -nan%
L1_SHADOW_DEMAND_HIT_POS74                           0         -nan%                0         -nan%
L1_SHADOW_DEMAND_HIT_POS75                           0         -nan%                0         -nan%
L1_SHADOW_DEMAND_HIT_POS76                           0         -nan%                0         -nan%
L1_SHADOW_DEMAND_HIT_POS77                           0         -nan%                0         -nan%
L1_SHADOW_DEMAND_HIT_POS78                           0         -nan%                0         -nan%
L1_SHADOW_DEMAND_HIT_POS79                           0         -nan%                0         -nan%
L1_SHADOW_DEMAND_HIT_POS80                           0         -nan%                0         -nan%
L1_SHADOW_DEMAND_HIT_POS81                           0         -nan%                0         -nan%
L1_SHADOW_DEMAND_HIT_POS82                           0         -nan%                0         -nan%
L1_SHADOW_DEMAND_HIT_POS83                           0         -nan%                0         -nan%
L1_SHADOW_DEMAND_HIT_POS84                           0         -nan%                0         -nan%
L1_SHADOW_DEMAND_HIT_POS85                           0         -nan%                0         -nan%
L1_SHADOW_DEMAND_HIT_POS86                           0         -nan%                0         -nan%
L1_SHADOW_DEMAND_HIT_POS87                           0         -nan%                0         -nan%
L1_SHADOW_DEMAND_HIT_POS88                           0         -nan%                0         -nan%
L1_SHADOW_DEMAND_HIT_POS89                           0         -nan%                0         -nan%
L1_SHADOW_DEMAND_HIT_POS90                           0         -nan%                0         -nan%
L1_SHADOW_DEMAND_HIT_POS91                           0         -nan%                0         -nan%
L1_SHADOW_DEMAND_HIT_POS92                           0         -nan%                0         -nan%
L1_SHADOW_DEMAND_HIT_POS93                           0         -nan%                0         -nan%
L1_SHADOW_DEMAND_HIT_POS94                           0         -nan%                0         -nan%
L1_SHADOW_DEMAND_HIT_POS95                           0         -nan%                0         -nan%
L1_SHADOW_DEMAND_HIT_POS96                           0         -nan%                0         -nan%
L1_SHADOW_DEMAND_HIT_POS97                           0         -nan%                0         -nan%
L1_SHADOW_DEMAND_HIT_POS98                           0         -nan%                0         -nan%
L1_SHADOW_DEMAND_HIT_POS99                           0         -nan%                0         -nan%
L1_SHADOW_DEMAND_HIT_POS100                          0         -nan%                0         -nan%
L1_SHADOW_DEMAND_HIT_POS101                          0         -nan%                0         -nan%
L1_SHADOW_DEMAND_HIT_POS102                          0         -nan%                0         -nan%
L1_SHADOW_DEMAND_HIT_POS103                          0         -nan%                0         -nan%
L1_SHADOW_DEMAND_HIT_POS104                          0         -nan%                0         -nan%
L1_SHADOW_DEMAND_HIT_POS105                          0         -nan%                0         -nan%
L1_SHADOW_DEMAND_HIT_POS106                          0         -nan%                0         -nan%
L1_SHADOW_DEMAND_HIT_POS107                          0         -nan%                0         -nan%
L1_SHADOW_DEMAND_HIT_POS108                          0         -nan%                0         -nan%
L1_SHADOW_DEMAND_HIT_POS109                          0         -nan%                0         -nan%
L1_SHADOW_DEMAND_HIT_POS110                          0         -nan%                0         -nan%
L1_SHADOW_DEMAND_HIT_POS111                          0         -nan%                0         -nan%
L1_SHADOW_DEMAND_HIT_POS112                          0         -nan%                0         -nan%
L1_SHADOW_DEMAND_HIT_POS113                          0         -nan%                0         -nan%
L1_SHADOW_DEMAND_HIT_POS114                          0         -nan%                0         -nan%
L1_SHADOW_DEMAND_HIT_POS115                          0         -nan%                0         -nan%
L1_SHADOW_DEMAND_HIT_POS116                          0         -nan%                0         -nan%
L1_SHADOW_DEMAND_HIT_POS117                          0         -nan%                0         -nan%
L1_SHADOW_DEMAND_HIT_POS118                          0         -nan%                0         -nan%
L1_SHADOW_DEMAND_HIT_POS119                          0         -nan%                0         -nan%
L1_SHADOW_DEMAND_HIT_POS120                          0         -nan%                0         -nan%
L1_SHADOW_DEMAND_HIT_POS121                          0         -nan%                0         -nan%
L1_SHADOW_DEMAND_HIT_POS122                          0         -nan%                0         -nan%
L1_SHADOW_DEMAND_HIT_POS123                          0         -nan%                0         -nan%
L1_SHADOW_DEMAND_HIT_POS124                          0         -nan%                0         -nan%
L1_SHADOW_DEMAND_HIT_POS125                          0         -nan%                0         -nan%
L1_SHADOW_DEMAND_HIT_POS126                          0         -nan%                0         -nan%
L1_SHADOW_DEMAND_HIT_POS127                          0         -nan%                0         -nan%
                                                     0         -nan%                0         -nan%
                                                  -nan         -nan              -nan         -nan

CORE_PREF_MLC_SENT                                   0                              0              

CORE_PREF_MLC_USED                               93212       99.990%            93212       99.990%
CORE_PREF_MLC_PARTIAL_USED                           9        0.010%                9        0.010%
CORE_PREF_MLC_NOT_USED                               0        0.000%                0        0.000%
CORE_PREF_MLC_DROPPED                                0        0.000%                0        0.000%
                                                 93221      100.000%            93221      100.000%
                                                  0.00         0.01              0.00         0.01

CORE_PREF_L1_SENT                                  697                            697              

CORE_PREF_L1_USED                                  399       56.596%              399       56.596%
CORE_PREF_L1_PARTIAL_USED                            2        0.284%                2        0.284%
CORE_PREF_L1_NOT_USED                              304       43.121%              304       43.121%
CORE_PREF_L1_DROPPED                                 0        0.000%                0        0.000%
                                                   705      100.000%              705      100.000%
                                                  0.87         0.75              0.87         0.75

TOTAL_MEM_LATENCY                             92076663     1667.4513         92076663     1667.4513

TOTAL_MEM_LATENCY_DEMAND                      77220837     1416.2984         77220837     1416.2984

TOTAL_MEM_LATENCY_PREF                        14855826    21313.9541         14855826    21313.9541

CORE_MEM_LATENCY                              92076663     1667.4513         92076663     1667.4513

CORE_MEM_LATENCY_DEMAND                       77220837     1416.2984         77220837     1416.2984

CORE_MEM_LATENCY_PREF                         14855826    21313.9541         14855826    21313.9541

CORE_MEM_LATENCY_IFETCH                         516224        3.308%           516224        3.308%
CORE_MEM_LATENCY_DFETCH                         161410        1.034%           161410        1.034%
CORE_MEM_LATENCY_DSTORE                          72160        0.462%            72160        0.462%
CORE_MEM_LATENCY_IPRF                                0        0.000%                0        0.000%
CORE_MEM_LATENCY_UOCPRF                              0        0.000%                0        0.000%
CORE_MEM_LATENCY_FDIPPRF                        182192        1.168%           182192        1.168%
CORE_MEM_LATENCY_DPRF                         14576434       93.409%         14576434       93.409%
CORE_MEM_LATENCY_WB                              96559        0.619%            96559        0.619%
CORE_MEM_LATENCY_WB_NODIRTY                          0        0.000%                0        0.000%
                                              15604979      100.000%         15604979      100.000%
                                                  5.73         0.62              5.73         0.62

CORE_MEM_STALLING_LATENCY_IFETCH                     0         -nan%                0         -nan%
CORE_MEM_STALLING_LATENCY_DFETCH                     0         -nan%                0         -nan%
CORE_MEM_STALLING_LATENCY_DSTORE                     0         -nan%                0         -nan%
CORE_MEM_STALLING_LATENCY_IPRF                       0         -nan%                0         -nan%
CORE_MEM_STALLING_LATENCY_DPRF                       0         -nan%                0         -nan%
CORE_MEM_STALLING_LATENCY_WB                         0         -nan%                0         -nan%
CORE_MEM_STALLING_LATENCY_WB_NODIRTY                 0         -nan%                0         -nan%
                                                     0         -nan%                0         -nan%
                                                  -nan         -nan              -nan         -nan

TOTAL_L1_MISS_LATENCY                         15604979      282.5965         15604979      282.5965

TOTAL_L1_MISS_LATENCY_DEMAND                  15508180      284.4337         15508180      284.4337

TOTAL_L1_MISS_LATENCY_PREF                       96799      138.8795            96799      138.8795

CORE_L1_MISS_LATENCY                          15604979      282.5965         15604979      282.5965

CORE_L1_MISS_LATENCY_DEMAND                   15508180      284.4337         15508180      284.4337

CORE_L1_MISS_LATENCY_PREF                        96799      138.8795            96799      138.8795

CORE_EVICTED_L1_DEMAND                           23101       99.875%            23101       99.875%
CORE_EVICTED_L1_PREF_USED                           21        0.091%               21        0.091%
CORE_EVICTED_L1_PREF_NOT_USED                        8        0.035%                8        0.035%
                                                 23130      100.000%            23130      100.000%
                                                  0.00         0.05              0.00         0.05

CORE_EVICTED_MLC_DEMAND                         197158       12.969%           197158       12.969%
CORE_EVICTED_MLC_PREF_USED                       91610        6.026%            91610        6.026%
CORE_EVICTED_MLC_PREF_NOT_USED                 1231461       81.005%          1231461       81.005%
                                               1520229      100.000%          1520229      100.000%
                                                  1.68         1.55              1.68         1.55

CORE_MEM_LATENCY_AVE_DEMAND                   14733513      637.7868         14733513      637.7868

CORE_MEM_LATENCY_AVE_PREF_USED                 5046350   240302.3810          5046350   240302.3810

CORE_MEM_LATENCY_AVE_PREF_NOT_USED            62976084  7872010.5000         62976084  7872010.5000

DRAM_LATENCY                                         0                              0              

TOTAL_DRAM_LATENCY                                   0                              0              

DRAM_CLOSED_PAGE_POLICY_CMD                          0                              0              

DRAM_ACTIVATE_STALLING                               0                              0              

DRAM_PRECHARGE_STALLING                              0                              0              

DRAM_PRECHARGE_STALLING_WAIT_CYCLES                  0                              0              

L1_STAY_DEMAND                            148942949674  6447467.6280     148942949674  6447467.6280

L1_STAY_PREF_USED                            158204159  7533531.3810        158204159  7533531.3810

L1_STAY_PREF_NOT_USED                        140987772 17623471.5000        140987772 17623471.5000

TOTAL_DATA_MISS_LATENCY                        1679115                        1679115              

TOTAL_DATA_MISS_COUNT                            35568                          35568              

CORE_PREF_L1_NOT_USED_LATENCY200                     8      100.000%                8      100.000%
CORE_PREF_L1_NOT_USED_LATENCY400                     0        0.000%                0        0.000%
CORE_PREF_L1_NOT_USED_LATENCY600                     0        0.000%                0        0.000%
CORE_PREF_L1_NOT_USED_LATENCY800                     0        0.000%                0        0.000%
CORE_PREF_L1_NOT_USED_LATENCY1000                    0        0.000%                0        0.000%
CORE_PREF_L1_NOT_USED_LATENCY1200                    0        0.000%                0        0.000%
CORE_PREF_L1_NOT_USED_LATENCY1400                    0        0.000%                0        0.000%
CORE_PREF_L1_NOT_USED_LATENCY1600                    0        0.000%                0        0.000%
CORE_PREF_L1_NOT_USED_LATENCY1600MORE                0        0.000%                0        0.000%
                                                     8      100.000%                8      100.000%
                                                  0.00         0.00              0.00         0.00

CORE_PREF_L1_NOT_USED_DISTANCE_1                     0        0.000%                0        0.000%
CORE_PREF_L1_NOT_USED_DISTANCE_2                     0        0.000%                0        0.000%
CORE_PREF_L1_NOT_USED_DISTANCE_4                     0        0.000%                0        0.000%
CORE_PREF_L1_NOT_USED_DISTANCE_8                     0        0.000%                0        0.000%
CORE_PREF_L1_NOT_USED_DISTANCE_16                    0        0.000%                0        0.000%
CORE_PREF_L1_NOT_USED_DISTANCE_32                    0        0.000%                0        0.000%
CORE_PREF_L1_NOT_USED_DISTANCE_MORE                  8      100.000%                8      100.000%
                                                     8      100.000%                8      100.000%
                                                  6.00         6.41              6.00         6.41

CORE_PREF_L1_USED_LATENCY200                        20       95.238%               20       95.238%
CORE_PREF_L1_USED_LATENCY400                         1        4.762%                1        4.762%
CORE_PREF_L1_USED_LATENCY600                         0        0.000%                0        0.000%
CORE_PREF_L1_USED_LATENCY800                         0        0.000%                0        0.000%
CORE_PREF_L1_USED_LATENCY1000                        0        0.000%                0        0.000%
CORE_PREF_L1_USED_LATENCY1200                        0        0.000%                0        0.000%
CORE_PREF_L1_USED_LATENCY1400                        0        0.000%                0        0.000%
CORE_PREF_L1_USED_LATENCY1600                        0        0.000%                0        0.000%
CORE_PREF_L1_USED_LATENCY1600MORE                    0        0.000%                0        0.000%
                                                    21      100.000%               21      100.000%
                                                  0.05         0.21              0.05         0.21

CORE_PREF_L1_USED_DISTANCE_1                         0        0.000%                0        0.000%
CORE_PREF_L1_USED_DISTANCE_2                         0        0.000%                0        0.000%
CORE_PREF_L1_USED_DISTANCE_4                         3       14.286%                3       14.286%
CORE_PREF_L1_USED_DISTANCE_8                         5       23.810%                5       23.810%
CORE_PREF_L1_USED_DISTANCE_16                        7       33.333%                7       33.333%
CORE_PREF_L1_USED_DISTANCE_32                        1        4.762%                1        4.762%
CORE_PREF_L1_USED_DISTANCE_MORE                      5       23.810%                5       23.810%
                                                    21      100.000%               21      100.000%
                                                  4.00         2.43              4.00         2.43

CORE_PREF_L1_DEMAND_LATENCY300                   13862       60.006%            13862       60.006%
CORE_PREF_L1_DEMAND_LATENCY400                    5137       22.237%             5137       22.237%
CORE_PREF_L1_DEMAND_LATENCY500                    2398       10.381%             2398       10.381%
CORE_PREF_L1_DEMAND_LATENCY600                     807        3.493%              807        3.493%
CORE_PREF_L1_DEMAND_LATENCY700                     301        1.303%              301        1.303%
CORE_PREF_L1_DEMAND_LATENCY800                     127        0.550%              127        0.550%
CORE_PREF_L1_DEMAND_LATENCY900                      60        0.260%               60        0.260%
CORE_PREF_L1_DEMAND_LATENCY1000                     49        0.212%               49        0.212%
CORE_PREF_L1_DEMAND_LATENCY1000MORE                360        1.558%              360        1.558%
                                                 23101      100.000%            23101      100.000%
                                                  0.77         1.25              0.77         1.25

CORE_PREF_MLC_NOT_USED_LATENCY200              1196826       97.187%          1196826       97.187%
CORE_PREF_MLC_NOT_USED_LATENCY400                22239        1.806%            22239        1.806%
CORE_PREF_MLC_NOT_USED_LATENCY600                10013        0.813%            10013        0.813%
CORE_PREF_MLC_NOT_USED_LATENCY800                 1274        0.103%             1274        0.103%
CORE_PREF_MLC_NOT_USED_LATENCY1000                 282        0.023%              282        0.023%
CORE_PREF_MLC_NOT_USED_LATENCY1200                 138        0.011%              138        0.011%
CORE_PREF_MLC_NOT_USED_LATENCY1400                 133        0.011%              133        0.011%
CORE_PREF_MLC_NOT_USED_LATENCY1600                 235        0.019%              235        0.019%
CORE_PREF_MLC_NOT_USED_LATENCY1600MORE             321        0.026%              321        0.026%
                                               1231461      100.000%          1231461      100.000%
                                                  0.04         0.30              0.04         0.30

CORE_PREF_MLC_USED_LATENCY200                    88015       96.076%            88015       96.076%
CORE_PREF_MLC_USED_LATENCY400                     2301        2.512%             2301        2.512%
CORE_PREF_MLC_USED_LATENCY600                     1078        1.177%             1078        1.177%
CORE_PREF_MLC_USED_LATENCY800                      114        0.124%              114        0.124%
CORE_PREF_MLC_USED_LATENCY1000                      29        0.032%               29        0.032%
CORE_PREF_MLC_USED_LATENCY1200                      10        0.011%               10        0.011%
CORE_PREF_MLC_USED_LATENCY1400                      11        0.012%               11        0.012%
CORE_PREF_MLC_USED_LATENCY1600                      27        0.029%               27        0.029%
CORE_PREF_MLC_USED_LATENCY1600MORE                  25        0.027%               25        0.027%
                                                 91610      100.000%            91610      100.000%
                                                  0.06         0.35              0.06         0.35

CORE_PREF_MLC_DEMAND_LATENCY300                 196551       99.692%           196551       99.692%
CORE_PREF_MLC_DEMAND_LATENCY400                    267        0.135%              267        0.135%
CORE_PREF_MLC_DEMAND_LATENCY500                    184        0.093%              184        0.093%
CORE_PREF_MLC_DEMAND_LATENCY600                     46        0.023%               46        0.023%
CORE_PREF_MLC_DEMAND_LATENCY700                     31        0.016%               31        0.016%
CORE_PREF_MLC_DEMAND_LATENCY800                     13        0.007%               13        0.007%
CORE_PREF_MLC_DEMAND_LATENCY900                      5        0.003%                5        0.003%
CORE_PREF_MLC_DEMAND_LATENCY1000                     4        0.002%                4        0.002%
CORE_PREF_MLC_DEMAND_LATENCY1000MORE                57        0.029%               57        0.029%
                                                197158      100.000%           197158      100.000%
                                                  0.01         0.18              0.01         0.18

TOTAL_BATCH_FORMED                                   0                              0              

TOTAL_BATCH_MEM_REQ_MARKED                           0          -nan                0          -nan

CORE_BATCH_MEM_REQ_MARKED                            0          -nan                0          -nan

CORE_BATCH_MEM_REQ_MARKED_DEMAND                     0          -nan                0          -nan

CORE_BATCH_MEM_REQ_MARKED_PREF                       0          -nan                0          -nan

DRAM_ROW_BATCHES                                     0                              0              

REJECTED_QUEUE_MLC                                   0                              0              

REJECTED_QUEUE_L1                                   42                             42              

REJECTED_QUEUE_BUS_OUT                               0                              0              

LEADING_LOAD_LATENCY                                 0        0.0000                0        0.0000

LEADING_LOADS                                        0        0.0000                0        0.0000

MEM_REQ_CRITICAL_PATH_LENGTH                         0        0.0000                0        0.0000

TOTAL_MEM_REQ_LATENCY                                0                              0              

TOTAL_CRITICAL_MEM_REQ_LATENCY                       0          -nan                0          -nan

TOTAL_CRITICAL_BANK_LATENCY                          0          -nan                0          -nan

TOTAL_MEMORY_SLACK                                   0        0.0000                0        0.0000

TOTAL_CHIP_UTILIZATION                               0        0.0000                0        0.0000

CHIP_BUSY_UNDER_CRITICAL_REQS                        0        0.0000                0        0.0000

PERF_PRED_NUM_STAT_RESETS                            0                              0              

PERF_PRED_RESET_STATS_CYCLE                          0                              0              

PERF_PRED_CYCLE                               45593180                       45593180              

ESTIMATED_ALONE_CYCLES                               0        0.0000                0        0.0000

NUM_WINDOWS_WITH_DCACHE_MISS                    325846                         325846              

LONGEST_DCACHE_MISS_CHAIN                      1560786                        1560786              

NUM_DCACHE_MISSES_IN_WINDOW_1                      135        0.041%              135        0.041%
NUM_DCACHE_MISSES_IN_WINDOW_2                      435        0.133%              435        0.133%
NUM_DCACHE_MISSES_IN_WINDOW_3                      934        0.287%              934        0.287%
NUM_DCACHE_MISSES_IN_WINDOW_4                     1972        0.605%             1972        0.605%
NUM_DCACHE_MISSES_IN_WINDOW_5                     3886        1.193%             3886        1.193%
NUM_DCACHE_MISSES_IN_WINDOW_6                     6453        1.980%             6453        1.980%
NUM_DCACHE_MISSES_IN_WINDOW_7                    10128        3.108%            10128        3.108%
NUM_DCACHE_MISSES_IN_WINDOW_8                    14045        4.310%            14045        4.310%
NUM_DCACHE_MISSES_IN_WINDOW_9                    17887        5.489%            17887        5.489%
NUM_DCACHE_MISSES_IN_WINDOW_10                   21588        6.625%            21588        6.625%
NUM_DCACHE_MISSES_IN_WINDOW_11                   24579        7.543%            24579        7.543%
NUM_DCACHE_MISSES_IN_WINDOW_12                   26228        8.049%            26228        8.049%
NUM_DCACHE_MISSES_IN_WINDOW_13                   26604        8.165%            26604        8.165%
NUM_DCACHE_MISSES_IN_WINDOW_14                   25912        7.952%            25912        7.952%
NUM_DCACHE_MISSES_IN_WINDOW_15                   24395        7.487%            24395        7.487%
NUM_DCACHE_MISSES_IN_WINDOW_16_OR_MORE          120665       37.031%           120665       37.031%
                                                325846      100.000%           325846      100.000%
                                                 11.95         7.96             11.95         7.96

DCACHE_MLP_IN_WINDOW_1_0                           875        0.269%              875        0.269%
DCACHE_MLP_IN_WINDOW_1_5                         12363        3.794%            12363        3.794%
DCACHE_MLP_IN_WINDOW_2_0                         39097       11.999%            39097       11.999%
DCACHE_MLP_IN_WINDOW_2_5                         64629       19.834%            64629       19.834%
DCACHE_MLP_IN_WINDOW_3_0                         68577       21.046%            68577       21.046%
DCACHE_MLP_IN_WINDOW_3_5                         59680       18.315%            59680       18.315%
DCACHE_MLP_IN_WINDOW_4_0                         37723       11.577%            37723       11.577%
DCACHE_MLP_IN_WINDOW_4_5                         23680        7.267%            23680        7.267%
DCACHE_MLP_IN_WINDOW_5_0                         10242        3.143%            10242        3.143%
DCACHE_MLP_IN_WINDOW_5_5                          5568        1.709%             5568        1.709%
DCACHE_MLP_IN_WINDOW_6_0                          1936        0.594%             1936        0.594%
DCACHE_MLP_IN_WINDOW_6_5                           897        0.275%              897        0.275%
DCACHE_MLP_IN_WINDOW_7_0                           316        0.097%              316        0.097%
DCACHE_MLP_IN_WINDOW_7_5                           140        0.043%              140        0.043%
DCACHE_MLP_IN_WINDOW_8_0                            70        0.021%               70        0.021%
DCACHE_MLP_IN_WINDOW_8_5_OR_MORE                    53        0.016%               53        0.016%
                                                325846      100.000%           325846      100.000%
                                                  4.35         1.90              4.35         1.90

PARAM_CHIP_CYCLE_TIME                                0                              0              

PARAM_CORE_CYCLE_TIME                           312500                         312500              

PARAM_L1_CYCLE_TIME                             312500                         312500              

PARAM_MEMORY_CYCLE_TIME                         833333                         833333              

MEM_REQ_NON_SCHEDULED__0                             0         -nan%                0         -nan%
MEM_REQ_NON_SCHEDULED__4                             0         -nan%                0         -nan%
MEM_REQ_NON_SCHEDULED__8                             0         -nan%                0         -nan%
MEM_REQ_NON_SCHEDULED_12                             0         -nan%                0         -nan%
MEM_REQ_NON_SCHEDULED_16                             0         -nan%                0         -nan%
MEM_REQ_NON_SCHEDULED_20                             0         -nan%                0         -nan%
MEM_REQ_NON_SCHEDULED_24                             0         -nan%                0         -nan%
MEM_REQ_NON_SCHEDULED_28                             0         -nan%                0         -nan%
MEM_REQ_NON_SCHEDULED_32                             0         -nan%                0         -nan%
MEM_REQ_NON_SCHEDULED_36                             0         -nan%                0         -nan%
MEM_REQ_NON_SCHEDULED_40                             0         -nan%                0         -nan%
MEM_REQ_NON_SCHEDULED_44                             0         -nan%                0         -nan%
MEM_REQ_NON_SCHEDULED_48                             0         -nan%                0         -nan%
MEM_REQ_NON_SCHEDULED_52                             0         -nan%                0         -nan%
MEM_REQ_NON_SCHEDULED_56                             0         -nan%                0         -nan%
MEM_REQ_NON_SCHEDULED_60                             0         -nan%                0         -nan%
MEM_REQ_NON_SCHEDULED_64                             0         -nan%                0         -nan%
                                                     0         -nan%                0         -nan%
                                                  -nan         -nan              -nan         -nan

MEM_REQ_DEMANDS__0                            31257816       68.558%         31257816       68.558%
MEM_REQ_DEMANDS__4                            13461401       29.525%         13461401       29.525%
MEM_REQ_DEMANDS__8                              861029        1.889%           861029        1.889%
MEM_REQ_DEMANDS_12                               12897        0.028%            12897        0.028%
MEM_REQ_DEMANDS_16                                  37        0.000%               37        0.000%
MEM_REQ_DEMANDS_20                                   0        0.000%                0        0.000%
MEM_REQ_DEMANDS_24                                   0        0.000%                0        0.000%
MEM_REQ_DEMANDS_28                                   0        0.000%                0        0.000%
MEM_REQ_DEMANDS_32                                   0        0.000%                0        0.000%
MEM_REQ_DEMANDS_36                                   0        0.000%                0        0.000%
MEM_REQ_DEMANDS_40                                   0        0.000%                0        0.000%
MEM_REQ_DEMANDS_44                                   0        0.000%                0        0.000%
MEM_REQ_DEMANDS_48                                   0        0.000%                0        0.000%
MEM_REQ_DEMANDS_52                                   0        0.000%                0        0.000%
MEM_REQ_DEMANDS_56                                   0        0.000%                0        0.000%
MEM_REQ_DEMANDS_60                                   0        0.000%                0        0.000%
MEM_REQ_DEMANDS_64                                   0        0.000%                0        0.000%
                                              45593180      100.000%         45593180      100.000%
                                                  0.33         0.43              0.33         0.43

MEM_REQ_PREFS__0                              36862858       80.852%         36862858       80.852%
MEM_REQ_PREFS__4                               3802932        8.341%          3802932        8.341%
MEM_REQ_PREFS__8                               1453690        3.188%          1453690        3.188%
MEM_REQ_PREFS_12                                895444        1.964%           895444        1.964%
MEM_REQ_PREFS_16                                608293        1.334%           608293        1.334%
MEM_REQ_PREFS_20                                556512        1.221%           556512        1.221%
MEM_REQ_PREFS_24                               1310149        2.874%          1310149        2.874%
MEM_REQ_PREFS_28                                103302        0.227%           103302        0.227%
MEM_REQ_PREFS_32                                     0        0.000%                0        0.000%
MEM_REQ_PREFS_36                                     0        0.000%                0        0.000%
MEM_REQ_PREFS_40                                     0        0.000%                0        0.000%
MEM_REQ_PREFS_44                                     0        0.000%                0        0.000%
MEM_REQ_PREFS_48                                     0        0.000%                0        0.000%
MEM_REQ_PREFS_52                                     0        0.000%                0        0.000%
MEM_REQ_PREFS_56                                     0        0.000%                0        0.000%
MEM_REQ_PREFS_60                                     0        0.000%                0        0.000%
MEM_REQ_PREFS_64                                     0        0.000%                0        0.000%
                                              45593180      100.000%         45593180      100.000%
                                                  0.51         1.26              0.51         1.26

MEM_REQ_WRITEBACKS__0                         41288666       90.559%         41288666       90.559%
MEM_REQ_WRITEBACKS__4                          4265387        9.355%          4265387        9.355%
MEM_REQ_WRITEBACKS__8                            38977        0.085%            38977        0.085%
MEM_REQ_WRITEBACKS_12                              150        0.000%              150        0.000%
MEM_REQ_WRITEBACKS_16                                0        0.000%                0        0.000%
MEM_REQ_WRITEBACKS_20                                0        0.000%                0        0.000%
MEM_REQ_WRITEBACKS_24                                0        0.000%                0        0.000%
MEM_REQ_WRITEBACKS_28                                0        0.000%                0        0.000%
MEM_REQ_WRITEBACKS_32                                0        0.000%                0        0.000%
MEM_REQ_WRITEBACKS_36                                0        0.000%                0        0.000%
MEM_REQ_WRITEBACKS_40                                0        0.000%                0        0.000%
MEM_REQ_WRITEBACKS_44                                0        0.000%                0        0.000%
MEM_REQ_WRITEBACKS_48                                0        0.000%                0        0.000%
MEM_REQ_WRITEBACKS_52                                0        0.000%                0        0.000%
MEM_REQ_WRITEBACKS_56                                0        0.000%                0        0.000%
MEM_REQ_WRITEBACKS_60                                0        0.000%                0        0.000%
MEM_REQ_WRITEBACKS_64                                0        0.000%                0        0.000%
                                              45593180      100.000%         45593180      100.000%
                                                  0.10         0.28              0.10         0.28

MEM_REQ_DEMAND_CYCLES                        121969827                      121969827              

MEM_REQ_PREF_CYCLES                          116520658                      116520658              

MEM_REQ_WB_CYCLES                             66336513                       66336513              

DRAM_CHANNEL_REQS                                    0                              0              

DRAM_CHANNEL_CRIT_REQS                               0                              0              

DRAM_CHANNEL_CRIT_DIR_SWITCHES                       0                              0              

DRAM_BANK_CRIT_REQS                                  0                              0              

DRAM_INSTA_MLP_SAMPLES                               0                              0              

DRAM_INSTA_MLP_UNIQUE_REQS                           0          -nan                0          -nan

DRAM_INST_MLP_HITS_NORM_SPREAD_TIMES_1000             0          -nan                0          -nan

DRAM_GLOBAL_MLP                                      0          -nan                0          -nan

DRAM_GLOBAL_MLP_0                                    0         -nan%                0         -nan%
DRAM_GLOBAL_MLP_1                                    0         -nan%                0         -nan%
DRAM_GLOBAL_MLP_2                                    0         -nan%                0         -nan%
DRAM_GLOBAL_MLP_3                                    0         -nan%                0         -nan%
DRAM_GLOBAL_MLP_4                                    0         -nan%                0         -nan%
DRAM_GLOBAL_MLP_5                                    0         -nan%                0         -nan%
DRAM_GLOBAL_MLP_6                                    0         -nan%                0         -nan%
DRAM_GLOBAL_MLP_7                                    0         -nan%                0         -nan%
DRAM_GLOBAL_MLP_8                                    0         -nan%                0         -nan%
DRAM_GLOBAL_MLP_9                                    0         -nan%                0         -nan%
DRAM_GLOBAL_MLP_10                                   0         -nan%                0         -nan%
DRAM_GLOBAL_MLP_11                                   0         -nan%                0         -nan%
DRAM_GLOBAL_MLP_12                                   0         -nan%                0         -nan%
DRAM_GLOBAL_MLP_13                                   0         -nan%                0         -nan%
DRAM_GLOBAL_MLP_14                                   0         -nan%                0         -nan%
DRAM_GLOBAL_MLP_15                                   0         -nan%                0         -nan%
DRAM_GLOBAL_MLP_16                                   0         -nan%                0         -nan%
                                                     0         -nan%                0         -nan%
                                                  -nan         -nan              -nan         -nan

DRAM_TOTAL_GLOBAL_MLP_0                              0         -nan%                0         -nan%
DRAM_TOTAL_GLOBAL_MLP_1                              0         -nan%                0         -nan%
DRAM_TOTAL_GLOBAL_MLP_2                              0         -nan%                0         -nan%
DRAM_TOTAL_GLOBAL_MLP_3                              0         -nan%                0         -nan%
DRAM_TOTAL_GLOBAL_MLP_4                              0         -nan%                0         -nan%
DRAM_TOTAL_GLOBAL_MLP_5                              0         -nan%                0         -nan%
DRAM_TOTAL_GLOBAL_MLP_6                              0         -nan%                0         -nan%
DRAM_TOTAL_GLOBAL_MLP_7                              0         -nan%                0         -nan%
DRAM_TOTAL_GLOBAL_MLP_8                              0         -nan%                0         -nan%
DRAM_TOTAL_GLOBAL_MLP_9                              0         -nan%                0         -nan%
DRAM_TOTAL_GLOBAL_MLP_10                             0         -nan%                0         -nan%
DRAM_TOTAL_GLOBAL_MLP_11                             0         -nan%                0         -nan%
DRAM_TOTAL_GLOBAL_MLP_12                             0         -nan%                0         -nan%
DRAM_TOTAL_GLOBAL_MLP_13                             0         -nan%                0         -nan%
DRAM_TOTAL_GLOBAL_MLP_14                             0         -nan%                0         -nan%
DRAM_TOTAL_GLOBAL_MLP_15                             0         -nan%                0         -nan%
DRAM_TOTAL_GLOBAL_MLP_16                             0         -nan%                0         -nan%
DRAM_TOTAL_GLOBAL_MLP_17                             0         -nan%                0         -nan%
DRAM_TOTAL_GLOBAL_MLP_18                             0         -nan%                0         -nan%
DRAM_TOTAL_GLOBAL_MLP_19                             0         -nan%                0         -nan%
DRAM_TOTAL_GLOBAL_MLP_20                             0         -nan%                0         -nan%
DRAM_TOTAL_GLOBAL_MLP_21                             0         -nan%                0         -nan%
DRAM_TOTAL_GLOBAL_MLP_22                             0         -nan%                0         -nan%
DRAM_TOTAL_GLOBAL_MLP_23                             0         -nan%                0         -nan%
DRAM_TOTAL_GLOBAL_MLP_24                             0         -nan%                0         -nan%
DRAM_TOTAL_GLOBAL_MLP_25                             0         -nan%                0         -nan%
DRAM_TOTAL_GLOBAL_MLP_26                             0         -nan%                0         -nan%
DRAM_TOTAL_GLOBAL_MLP_27                             0         -nan%                0         -nan%
DRAM_TOTAL_GLOBAL_MLP_28                             0         -nan%                0         -nan%
DRAM_TOTAL_GLOBAL_MLP_29                             0         -nan%                0         -nan%
DRAM_TOTAL_GLOBAL_MLP_30                             0         -nan%                0         -nan%
DRAM_TOTAL_GLOBAL_MLP_31                             0         -nan%                0         -nan%
DRAM_TOTAL_GLOBAL_MLP_32                             0         -nan%                0         -nan%
                                                     0         -nan%                0         -nan%
                                                  -nan         -nan              -nan         -nan

UNIQUE_ROWS_PER_BANK_0                               0         -nan%                0         -nan%
UNIQUE_ROWS_PER_BANK_1                               0         -nan%                0         -nan%
UNIQUE_ROWS_PER_BANK_2                               0         -nan%                0         -nan%
UNIQUE_ROWS_PER_BANK_3                               0         -nan%                0         -nan%
UNIQUE_ROWS_PER_BANK_4                               0         -nan%                0         -nan%
UNIQUE_ROWS_PER_BANK_5                               0         -nan%                0         -nan%
UNIQUE_ROWS_PER_BANK_6                               0         -nan%                0         -nan%
UNIQUE_ROWS_PER_BANK_7                               0         -nan%                0         -nan%
UNIQUE_ROWS_PER_BANK_MORE                            0         -nan%                0         -nan%
                                                     0         -nan%                0         -nan%
                                                  -nan         -nan              -nan         -nan

CORE_UNIQUE_ROWS_PER_BANK_0                          0         -nan%                0         -nan%
CORE_UNIQUE_ROWS_PER_BANK_1                          0         -nan%                0         -nan%
CORE_UNIQUE_ROWS_PER_BANK_2                          0         -nan%                0         -nan%
CORE_UNIQUE_ROWS_PER_BANK_3                          0         -nan%                0         -nan%
CORE_UNIQUE_ROWS_PER_BANK_4                          0         -nan%                0         -nan%
CORE_UNIQUE_ROWS_PER_BANK_5                          0         -nan%                0         -nan%
CORE_UNIQUE_ROWS_PER_BANK_6                          0         -nan%                0         -nan%
CORE_UNIQUE_ROWS_PER_BANK_7                          0         -nan%                0         -nan%
CORE_UNIQUE_ROWS_PER_BANK_MORE                       0         -nan%                0         -nan%
                                                     0         -nan%                0         -nan%
                                                  -nan         -nan              -nan         -nan

CORES_PER_BANK_0                                     0         -nan%                0         -nan%
CORES_PER_BANK_1                                     0         -nan%                0         -nan%
CORES_PER_BANK_2                                     0         -nan%                0         -nan%
CORES_PER_BANK_3                                     0         -nan%                0         -nan%
CORES_PER_BANK_4                                     0         -nan%                0         -nan%
CORES_PER_BANK_5                                     0         -nan%                0         -nan%
CORES_PER_BANK_6                                     0         -nan%                0         -nan%
CORES_PER_BANK_7                                     0         -nan%                0         -nan%
CORES_PER_BANK_MORE                                  0         -nan%                0         -nan%
                                                     0         -nan%                0         -nan%
                                                  -nan         -nan              -nan         -nan

MEM_BANKS_WITH_REQS_0                                0         -nan%                0         -nan%
MEM_BANKS_WITH_REQS_1                                0         -nan%                0         -nan%
MEM_BANKS_WITH_REQS_2                                0         -nan%                0         -nan%
MEM_BANKS_WITH_REQS_3                                0         -nan%                0         -nan%
MEM_BANKS_WITH_REQS_4                                0         -nan%                0         -nan%
MEM_BANKS_WITH_REQS_5                                0         -nan%                0         -nan%
MEM_BANKS_WITH_REQS_6                                0         -nan%                0         -nan%
MEM_BANKS_WITH_REQS_7                                0         -nan%                0         -nan%
MEM_BANKS_WITH_REQS_8                                0         -nan%                0         -nan%
MEM_BANKS_WITH_REQS_9                                0         -nan%                0         -nan%
MEM_BANKS_WITH_REQS_10                               0         -nan%                0         -nan%
MEM_BANKS_WITH_REQS_11                               0         -nan%                0         -nan%
MEM_BANKS_WITH_REQS_12                               0         -nan%                0         -nan%
MEM_BANKS_WITH_REQS_13                               0         -nan%                0         -nan%
MEM_BANKS_WITH_REQS_14                               0         -nan%                0         -nan%
MEM_BANKS_WITH_REQS_15                               0         -nan%                0         -nan%
MEM_BANKS_WITH_REQS_16                               0         -nan%                0         -nan%
                                                     0         -nan%                0         -nan%
                                                  -nan         -nan              -nan         -nan

MEM_BANKS_WITH_REQS                                  0                              0              

DRAM_CHANNEL_IN_DEMAND                               0                              0              

DRAM_BUS_IN_DEMAND                                   0                              0              

DRAM_BANK_IN_DEMAND                                  0                              0              

DRAM_BANK_IN_DEMAND_STALLING                         0                              0              

DRAM_ANY_BANK_IN_DEMAND                              0                              0              

DRAM_BANK_IN_DEMAND_BANK_0                           0         -nan%                0         -nan%
DRAM_BANK_IN_DEMAND_BANK_1                           0         -nan%                0         -nan%
DRAM_BANK_IN_DEMAND_BANK_2                           0         -nan%                0         -nan%
DRAM_BANK_IN_DEMAND_BANK_3                           0         -nan%                0         -nan%
DRAM_BANK_IN_DEMAND_BANK_4                           0         -nan%                0         -nan%
DRAM_BANK_IN_DEMAND_BANK_5                           0         -nan%                0         -nan%
DRAM_BANK_IN_DEMAND_BANK_6                           0         -nan%                0         -nan%
DRAM_BANK_IN_DEMAND_BANK_7                           0         -nan%                0         -nan%
DRAM_BANK_IN_DEMAND_BANK_8                           0         -nan%                0         -nan%
DRAM_BANK_IN_DEMAND_BANK_9                           0         -nan%                0         -nan%
DRAM_BANK_IN_DEMAND_BANK_10                          0         -nan%                0         -nan%
DRAM_BANK_IN_DEMAND_BANK_11                          0         -nan%                0         -nan%
DRAM_BANK_IN_DEMAND_BANK_12                          0         -nan%                0         -nan%
DRAM_BANK_IN_DEMAND_BANK_13                          0         -nan%                0         -nan%
DRAM_BANK_IN_DEMAND_BANK_14                          0         -nan%                0         -nan%
DRAM_BANK_IN_DEMAND_BANK_15                          0         -nan%                0         -nan%
DRAM_BANK_IN_DEMAND_BANK_16                          0         -nan%                0         -nan%
                                                     0         -nan%                0         -nan%
                                                  -nan         -nan              -nan         -nan

DRAM_CONTENTION_BUS                                  0          -nan                0          -nan

DRAM_CONTENTION_BANKS                                0          -nan                0          -nan

DRAM_CONTENTION_FAW                                  0          -nan                0          -nan

DRAM_CONTENTION_BANKS_TIMES_1000                     0          -nan                0          -nan

DRAM_STALL_OTHER_CORE                                0                              0              

DRAM_STALLED_BY_OTHER_CORE                           0                              0              

DRAM_MP_CRIT_PATH                                    0                              0              

DRAM_MP_CRIT_PATH_BUS                                0          -nan                0          -nan

DRAM_MP_CRIT_PATH_BANK                               0          -nan                0          -nan

DRAM_MP_CRIT_PATH_BANK_TRAS                          0          -nan                0          -nan

DRAM_MP_CRIT_PATH_FAW                                0          -nan                0          -nan

DRAM_BLACK_BOX_SERVICE_TIMES_1000                    0                              0              

DRAM_BLACK_BOX_REQS_BUSY_0                           0         -nan%                0         -nan%
DRAM_BLACK_BOX_REQS_BUSY_1                           0         -nan%                0         -nan%
DRAM_BLACK_BOX_REQS_BUSY_2                           0         -nan%                0         -nan%
DRAM_BLACK_BOX_REQS_BUSY_3                           0         -nan%                0         -nan%
DRAM_BLACK_BOX_REQS_BUSY_4                           0         -nan%                0         -nan%
DRAM_BLACK_BOX_REQS_BUSY_5                           0         -nan%                0         -nan%
DRAM_BLACK_BOX_REQS_BUSY_6                           0         -nan%                0         -nan%
DRAM_BLACK_BOX_REQS_BUSY_7                           0         -nan%                0         -nan%
DRAM_BLACK_BOX_REQS_BUSY_8                           0         -nan%                0         -nan%
                                                     0         -nan%                0         -nan%
                                                  -nan         -nan              -nan         -nan

NUM_MEM_SCHED_DECISIONS                              0                              0              

MEM_REQ_NON_SCHEDULED_CANDIDATES                     0          -nan                0          -nan

NUM_MEM_SCHED_DECISIONS_PER_BANK                     0                              0              

MEM_REQ_NON_SCHEDULED_CANDIDATES_PER_BANK             0          -nan                0          -nan

ROW_BUFFER_HITS_BANK_0                               0         -nan%                0         -nan%
ROW_BUFFER_HITS_BANK_1                               0         -nan%                0         -nan%
ROW_BUFFER_HITS_BANK_2                               0         -nan%                0         -nan%
ROW_BUFFER_HITS_BANK_3                               0         -nan%                0         -nan%
ROW_BUFFER_HITS_BANK_4                               0         -nan%                0         -nan%
ROW_BUFFER_HITS_BANK_5                               0         -nan%                0         -nan%
ROW_BUFFER_HITS_BANK_6                               0         -nan%                0         -nan%
ROW_BUFFER_HITS_BANK_7                               0         -nan%                0         -nan%
                                                     0         -nan%                0         -nan%
                                                  -nan         -nan              -nan         -nan

ROW_BUFFER_CONFLICTS_BANK_0                          0         -nan%                0         -nan%
ROW_BUFFER_CONFLICTS_BANK_1                          0         -nan%                0         -nan%
ROW_BUFFER_CONFLICTS_BANK_2                          0         -nan%                0         -nan%
ROW_BUFFER_CONFLICTS_BANK_3                          0         -nan%                0         -nan%
ROW_BUFFER_CONFLICTS_BANK_4                          0         -nan%                0         -nan%
ROW_BUFFER_CONFLICTS_BANK_5                          0         -nan%                0         -nan%
ROW_BUFFER_CONFLICTS_BANK_6                          0         -nan%                0         -nan%
ROW_BUFFER_CONFLICTS_BANK_7                          0         -nan%                0         -nan%
                                                     0         -nan%                0         -nan%
                                                  -nan         -nan              -nan         -nan

MEM_BANK_WAITING_CYCLES                              0                              0              

MEM_WAITING_CYCLES_TIMES_840                         0                              0              

MEM_PROB_WAITING_CYCLES                              0                              0              

DRAM_SCHED_QUANTA                                    0                              0              

DRAM_SCHED_CORE_PRIORITY_0                           0         -nan%                0         -nan%
DRAM_SCHED_CORE_PRIORITY_1                           0         -nan%                0         -nan%
DRAM_SCHED_CORE_PRIORITY_2                           0         -nan%                0         -nan%
DRAM_SCHED_CORE_PRIORITY_3                           0         -nan%                0         -nan%
DRAM_SCHED_CORE_PRIORITY_4                           0         -nan%                0         -nan%
DRAM_SCHED_CORE_PRIORITY_5                           0         -nan%                0         -nan%
DRAM_SCHED_CORE_PRIORITY_6                           0         -nan%                0         -nan%
DRAM_SCHED_CORE_PRIORITY_7                           0         -nan%                0         -nan%
                                                     0         -nan%                0         -nan%
                                                  -nan         -nan              -nan         -nan

DRAM_SCHED_CMD_SCHEDULED                             0          -nan                0          -nan

DRAM_SCHED_DIFF_CORE_AVAILABLE                       0          -nan                0          -nan

DRAM_SCHED_DIFF_CORE_DECIDING_INPUT_1                0         -nan%                0         -nan%
DRAM_SCHED_DIFF_CORE_DECIDING_INPUT_2                0         -nan%                0         -nan%
DRAM_SCHED_DIFF_CORE_DECIDING_INPUT_3                0         -nan%                0         -nan%
DRAM_SCHED_DIFF_CORE_DECIDING_INPUT_4                0         -nan%                0         -nan%
DRAM_SCHED_DIFF_CORE_DECIDING_INPUT_5                0         -nan%                0         -nan%
DRAM_SCHED_DIFF_CORE_DECIDING_INPUT_6                0         -nan%                0         -nan%
DRAM_SCHED_DIFF_CORE_DECIDING_INPUT_7                0         -nan%                0         -nan%
DRAM_SCHED_DIFF_CORE_DECIDING_INPUT_8                0         -nan%                0         -nan%
                                                     0         -nan%                0         -nan%
                                                  -nan         -nan              -nan         -nan

DRAM_BANK_WAIT_CYCLES_ROW_CONFLICT                   0                              0              

DRAM_BANK_WAIT_CYCLES_ROW_MISS                       0                              0              

DRAM_BANK_WAIT_CYCLES_ROW_HIT                        0                              0              

DRAM_ROW_OPEN_WAIT                                   0                              0              

MEM_QUEUE_ARRIVAL_DISTANCE_0                         0         -nan%                0         -nan%
MEM_QUEUE_ARRIVAL_DISTANCE_10                        0         -nan%                0         -nan%
MEM_QUEUE_ARRIVAL_DISTANCE_20                        0         -nan%                0         -nan%
MEM_QUEUE_ARRIVAL_DISTANCE_30                        0         -nan%                0         -nan%
MEM_QUEUE_ARRIVAL_DISTANCE_40                        0         -nan%                0         -nan%
MEM_QUEUE_ARRIVAL_DISTANCE_50                        0         -nan%                0         -nan%
MEM_QUEUE_ARRIVAL_DISTANCE_60                        0         -nan%                0         -nan%
MEM_QUEUE_ARRIVAL_DISTANCE_70                        0         -nan%                0         -nan%
MEM_QUEUE_ARRIVAL_DISTANCE_80                        0         -nan%                0         -nan%
MEM_QUEUE_ARRIVAL_DISTANCE_90                        0         -nan%                0         -nan%
MEM_QUEUE_ARRIVAL_DISTANCE_100                       0         -nan%                0         -nan%
MEM_QUEUE_ARRIVAL_DISTANCE_110                       0         -nan%                0         -nan%
MEM_QUEUE_ARRIVAL_DISTANCE_120                       0         -nan%                0         -nan%
MEM_QUEUE_ARRIVAL_DISTANCE_130                       0         -nan%                0         -nan%
MEM_QUEUE_ARRIVAL_DISTANCE_140                       0         -nan%                0         -nan%
MEM_QUEUE_ARRIVAL_DISTANCE_150                       0         -nan%                0         -nan%
MEM_QUEUE_ARRIVAL_DISTANCE_160                       0         -nan%                0         -nan%
MEM_QUEUE_ARRIVAL_DISTANCE_170                       0         -nan%                0         -nan%
MEM_QUEUE_ARRIVAL_DISTANCE_180                       0         -nan%                0         -nan%
MEM_QUEUE_ARRIVAL_DISTANCE_190                       0         -nan%                0         -nan%
MEM_QUEUE_ARRIVAL_DISTANCE_200                       0         -nan%                0         -nan%
MEM_QUEUE_ARRIVAL_DISTANCE_210                       0         -nan%                0         -nan%
MEM_QUEUE_ARRIVAL_DISTANCE_220                       0         -nan%                0         -nan%
MEM_QUEUE_ARRIVAL_DISTANCE_230                       0         -nan%                0         -nan%
MEM_QUEUE_ARRIVAL_DISTANCE_240                       0         -nan%                0         -nan%
MEM_QUEUE_ARRIVAL_DISTANCE_250                       0         -nan%                0         -nan%
MEM_QUEUE_ARRIVAL_DISTANCE_260                       0         -nan%                0         -nan%
MEM_QUEUE_ARRIVAL_DISTANCE_270                       0         -nan%                0         -nan%
MEM_QUEUE_ARRIVAL_DISTANCE_280                       0         -nan%                0         -nan%
MEM_QUEUE_ARRIVAL_DISTANCE_290                       0         -nan%                0         -nan%
MEM_QUEUE_ARRIVAL_DISTANCE_300                       0         -nan%                0         -nan%
MEM_QUEUE_ARRIVAL_DISTANCE_310                       0         -nan%                0         -nan%
MEM_QUEUE_ARRIVAL_DISTANCE_320                       0         -nan%                0         -nan%
MEM_QUEUE_ARRIVAL_DISTANCE_330                       0         -nan%                0         -nan%
MEM_QUEUE_ARRIVAL_DISTANCE_340                       0         -nan%                0         -nan%
MEM_QUEUE_ARRIVAL_DISTANCE_350                       0         -nan%                0         -nan%
MEM_QUEUE_ARRIVAL_DISTANCE_360                       0         -nan%                0         -nan%
MEM_QUEUE_ARRIVAL_DISTANCE_370                       0         -nan%                0         -nan%
MEM_QUEUE_ARRIVAL_DISTANCE_380                       0         -nan%                0         -nan%
MEM_QUEUE_ARRIVAL_DISTANCE_390                       0         -nan%                0         -nan%
MEM_QUEUE_ARRIVAL_DISTANCE_400                       0         -nan%                0         -nan%
MEM_QUEUE_ARRIVAL_DISTANCE_410                       0         -nan%                0         -nan%
MEM_QUEUE_ARRIVAL_DISTANCE_420                       0         -nan%                0         -nan%
MEM_QUEUE_ARRIVAL_DISTANCE_430                       0         -nan%                0         -nan%
MEM_QUEUE_ARRIVAL_DISTANCE_440                       0         -nan%                0         -nan%
MEM_QUEUE_ARRIVAL_DISTANCE_450                       0         -nan%                0         -nan%
MEM_QUEUE_ARRIVAL_DISTANCE_460                       0         -nan%                0         -nan%
MEM_QUEUE_ARRIVAL_DISTANCE_470                       0         -nan%                0         -nan%
MEM_QUEUE_ARRIVAL_DISTANCE_480                       0         -nan%                0         -nan%
MEM_QUEUE_ARRIVAL_DISTANCE_490                       0         -nan%                0         -nan%
MEM_QUEUE_ARRIVAL_DISTANCE_500                       0         -nan%                0         -nan%
MEM_QUEUE_ARRIVAL_DISTANCE_510                       0         -nan%                0         -nan%
MEM_QUEUE_ARRIVAL_DISTANCE_520                       0         -nan%                0         -nan%
MEM_QUEUE_ARRIVAL_DISTANCE_530                       0         -nan%                0         -nan%
MEM_QUEUE_ARRIVAL_DISTANCE_540                       0         -nan%                0         -nan%
MEM_QUEUE_ARRIVAL_DISTANCE_550                       0         -nan%                0         -nan%
MEM_QUEUE_ARRIVAL_DISTANCE_560                       0         -nan%                0         -nan%
MEM_QUEUE_ARRIVAL_DISTANCE_570                       0         -nan%                0         -nan%
MEM_QUEUE_ARRIVAL_DISTANCE_580                       0         -nan%                0         -nan%
MEM_QUEUE_ARRIVAL_DISTANCE_590                       0         -nan%                0         -nan%
MEM_QUEUE_ARRIVAL_DISTANCE_600                       0         -nan%                0         -nan%
MEM_QUEUE_ARRIVAL_DISTANCE_610                       0         -nan%                0         -nan%
MEM_QUEUE_ARRIVAL_DISTANCE_620                       0         -nan%                0         -nan%
MEM_QUEUE_ARRIVAL_DISTANCE_630                       0         -nan%                0         -nan%
MEM_QUEUE_ARRIVAL_DISTANCE_640                       0         -nan%                0         -nan%
MEM_QUEUE_ARRIVAL_DISTANCE_650                       0         -nan%                0         -nan%
MEM_QUEUE_ARRIVAL_DISTANCE_660                       0         -nan%                0         -nan%
MEM_QUEUE_ARRIVAL_DISTANCE_670                       0         -nan%                0         -nan%
MEM_QUEUE_ARRIVAL_DISTANCE_680                       0         -nan%                0         -nan%
MEM_QUEUE_ARRIVAL_DISTANCE_690                       0         -nan%                0         -nan%
MEM_QUEUE_ARRIVAL_DISTANCE_700                       0         -nan%                0         -nan%
MEM_QUEUE_ARRIVAL_DISTANCE_710                       0         -nan%                0         -nan%
MEM_QUEUE_ARRIVAL_DISTANCE_720                       0         -nan%                0         -nan%
MEM_QUEUE_ARRIVAL_DISTANCE_730                       0         -nan%                0         -nan%
MEM_QUEUE_ARRIVAL_DISTANCE_740                       0         -nan%                0         -nan%
MEM_QUEUE_ARRIVAL_DISTANCE_750                       0         -nan%                0         -nan%
MEM_QUEUE_ARRIVAL_DISTANCE_760                       0         -nan%                0         -nan%
MEM_QUEUE_ARRIVAL_DISTANCE_770                       0         -nan%                0         -nan%
MEM_QUEUE_ARRIVAL_DISTANCE_780                       0         -nan%                0         -nan%
MEM_QUEUE_ARRIVAL_DISTANCE_790                       0         -nan%                0         -nan%
MEM_QUEUE_ARRIVAL_DISTANCE_800                       0         -nan%                0         -nan%
MEM_QUEUE_ARRIVAL_DISTANCE_810                       0         -nan%                0         -nan%
MEM_QUEUE_ARRIVAL_DISTANCE_820                       0         -nan%                0         -nan%
MEM_QUEUE_ARRIVAL_DISTANCE_830                       0         -nan%                0         -nan%
MEM_QUEUE_ARRIVAL_DISTANCE_840                       0         -nan%                0         -nan%
MEM_QUEUE_ARRIVAL_DISTANCE_850                       0         -nan%                0         -nan%
MEM_QUEUE_ARRIVAL_DISTANCE_860                       0         -nan%                0         -nan%
MEM_QUEUE_ARRIVAL_DISTANCE_870                       0         -nan%                0         -nan%
MEM_QUEUE_ARRIVAL_DISTANCE_880                       0         -nan%                0         -nan%
MEM_QUEUE_ARRIVAL_DISTANCE_890                       0         -nan%                0         -nan%
MEM_QUEUE_ARRIVAL_DISTANCE_900                       0         -nan%                0         -nan%
MEM_QUEUE_ARRIVAL_DISTANCE_910                       0         -nan%                0         -nan%
MEM_QUEUE_ARRIVAL_DISTANCE_920                       0         -nan%                0         -nan%
MEM_QUEUE_ARRIVAL_DISTANCE_930                       0         -nan%                0         -nan%
MEM_QUEUE_ARRIVAL_DISTANCE_940                       0         -nan%                0         -nan%
MEM_QUEUE_ARRIVAL_DISTANCE_950                       0         -nan%                0         -nan%
MEM_QUEUE_ARRIVAL_DISTANCE_960                       0         -nan%                0         -nan%
MEM_QUEUE_ARRIVAL_DISTANCE_970                       0         -nan%                0         -nan%
MEM_QUEUE_ARRIVAL_DISTANCE_980                       0         -nan%                0         -nan%
MEM_QUEUE_ARRIVAL_DISTANCE_990                       0         -nan%                0         -nan%
MEM_QUEUE_ARRIVAL_DISTANCE_1000                      0         -nan%                0         -nan%
                                                     0         -nan%                0         -nan%
                                                  -nan         -nan              -nan         -nan

EQUAL_USE_QUANTUMS                                   0                              0              

EQUAL_USE_BW_MEASURE_PERIODS                         0                              0              

EQUAL_USE_BW                                         0                              0              

EQUAL_USE_BOTTLENECK_BUS                             0         -nan%                0         -nan%
EQUAL_USE_BOTTLENECK_BANK                            0         -nan%                0         -nan%
EQUAL_USE_BOTTLENECK_FAW                             0         -nan%                0         -nan%
EQUAL_USE_BOTTLENECK_BUS_PLUS_FAW                    0         -nan%                0         -nan%
                                                     0         -nan%                0         -nan%
                                                  -nan         -nan              -nan         -nan

EQUAL_USE_BW_BUS                                     0                              0              

EQUAL_USE_BW_BANK                                    0                              0              

EQUAL_USE_BW_FAW                                     0                              0              

EQUAL_USE_BW_BUS_PLUS_FAW                            0                              0              

EQUAL_USE_BW_BUS_PLUS_FAW2                           0                              0              

EQUAL_USE_BW_BUS_PLUS_FAW3                           0                              0              

EQUAL_USE_BW_CRIT_PATH                               0                              0              

EQUAL_USE_BW_BLACK_BOX                               0                              0              

DRAM_BANK_SERVICE                                    0                              0              

DRAM_CONTENDED_BANK_SERVICE                          0                              0              

DRAM_BUS_DIR_SWITCHES                                0                              0              

DRAM_ACTIVATE_TO_COLUMN_LATENCY                      0                              0              

DRAM_ACTIVATE_TO_READ                                0                              0              

DRAM_ACTIVATE_TO_READ_LATENCY                        0          -nan                0          -nan

DRAM_ACTIVATE_TO_WRITE                               0                              0              

DRAM_ACTIVATE_TO_WRITE_LATENCY                       0          -nan                0          -nan

EQUAL_USE_PRIORITY_0                                 0         -nan%                0         -nan%
EQUAL_USE_PRIORITY_1                                 0         -nan%                0         -nan%
EQUAL_USE_PRIORITY_2                                 0         -nan%                0         -nan%
EQUAL_USE_PRIORITY_3                                 0         -nan%                0         -nan%
EQUAL_USE_PRIORITY_4                                 0         -nan%                0         -nan%
EQUAL_USE_PRIORITY_5                                 0         -nan%                0         -nan%
EQUAL_USE_PRIORITY_6                                 0         -nan%                0         -nan%
EQUAL_USE_PRIORITY_7                                 0         -nan%                0         -nan%
EQUAL_USE_PRIORITY_8                                 0         -nan%                0         -nan%
EQUAL_USE_PRIORITY_9                                 0         -nan%                0         -nan%
EQUAL_USE_PRIORITY_10                                0         -nan%                0         -nan%
EQUAL_USE_PRIORITY_11                                0         -nan%                0         -nan%
EQUAL_USE_PRIORITY_12                                0         -nan%                0         -nan%
EQUAL_USE_PRIORITY_13                                0         -nan%                0         -nan%
EQUAL_USE_PRIORITY_14                                0         -nan%                0         -nan%
EQUAL_USE_PRIORITY_15                                0         -nan%                0         -nan%
                                                     0         -nan%                0         -nan%
                                                  -nan         -nan              -nan         -nan

DRAM_ROW_ACCESSES_0                                  0         -nan%                0         -nan%
DRAM_ROW_ACCESSES_1                                  0         -nan%                0         -nan%
DRAM_ROW_ACCESSES_2                                  0         -nan%                0         -nan%
DRAM_ROW_ACCESSES_3                                  0         -nan%                0         -nan%
DRAM_ROW_ACCESSES_4                                  0         -nan%                0         -nan%
DRAM_ROW_ACCESSES_5                                  0         -nan%                0         -nan%
DRAM_ROW_ACCESSES_6                                  0         -nan%                0         -nan%
DRAM_ROW_ACCESSES_7                                  0         -nan%                0         -nan%
DRAM_ROW_ACCESSES_8                                  0         -nan%                0         -nan%
DRAM_ROW_ACCESSES_9                                  0         -nan%                0         -nan%
DRAM_ROW_ACCESSES_10                                 0         -nan%                0         -nan%
DRAM_ROW_ACCESSES_11                                 0         -nan%                0         -nan%
DRAM_ROW_ACCESSES_12                                 0         -nan%                0         -nan%
DRAM_ROW_ACCESSES_13                                 0         -nan%                0         -nan%
DRAM_ROW_ACCESSES_14                                 0         -nan%                0         -nan%
DRAM_ROW_ACCESSES_15                                 0         -nan%                0         -nan%
DRAM_ROW_ACCESSES_16                                 0         -nan%                0         -nan%
DRAM_ROW_ACCESSES_17                                 0         -nan%                0         -nan%
DRAM_ROW_ACCESSES_18                                 0         -nan%                0         -nan%
DRAM_ROW_ACCESSES_19                                 0         -nan%                0         -nan%
DRAM_ROW_ACCESSES_20                                 0         -nan%                0         -nan%
DRAM_ROW_ACCESSES_21                                 0         -nan%                0         -nan%
DRAM_ROW_ACCESSES_22                                 0         -nan%                0         -nan%
DRAM_ROW_ACCESSES_23                                 0         -nan%                0         -nan%
DRAM_ROW_ACCESSES_24                                 0         -nan%                0         -nan%
DRAM_ROW_ACCESSES_25                                 0         -nan%                0         -nan%
DRAM_ROW_ACCESSES_26                                 0         -nan%                0         -nan%
DRAM_ROW_ACCESSES_27                                 0         -nan%                0         -nan%
DRAM_ROW_ACCESSES_28                                 0         -nan%                0         -nan%
DRAM_ROW_ACCESSES_29                                 0         -nan%                0         -nan%
DRAM_ROW_ACCESSES_30                                 0         -nan%                0         -nan%
DRAM_ROW_ACCESSES_31                                 0         -nan%                0         -nan%
DRAM_ROW_ACCESSES_32                                 0         -nan%                0         -nan%
DRAM_ROW_ACCESSES_33                                 0         -nan%                0         -nan%
DRAM_ROW_ACCESSES_34                                 0         -nan%                0         -nan%
DRAM_ROW_ACCESSES_35                                 0         -nan%                0         -nan%
DRAM_ROW_ACCESSES_36                                 0         -nan%                0         -nan%
DRAM_ROW_ACCESSES_37                                 0         -nan%                0         -nan%
DRAM_ROW_ACCESSES_38                                 0         -nan%                0         -nan%
DRAM_ROW_ACCESSES_39                                 0         -nan%                0         -nan%
DRAM_ROW_ACCESSES_40                                 0         -nan%                0         -nan%
DRAM_ROW_ACCESSES_41                                 0         -nan%                0         -nan%
DRAM_ROW_ACCESSES_42                                 0         -nan%                0         -nan%
DRAM_ROW_ACCESSES_43                                 0         -nan%                0         -nan%
DRAM_ROW_ACCESSES_44                                 0         -nan%                0         -nan%
DRAM_ROW_ACCESSES_45                                 0         -nan%                0         -nan%
DRAM_ROW_ACCESSES_46                                 0         -nan%                0         -nan%
DRAM_ROW_ACCESSES_47                                 0         -nan%                0         -nan%
DRAM_ROW_ACCESSES_48                                 0         -nan%                0         -nan%
DRAM_ROW_ACCESSES_49                                 0         -nan%                0         -nan%
DRAM_ROW_ACCESSES_50                                 0         -nan%                0         -nan%
DRAM_ROW_ACCESSES_51                                 0         -nan%                0         -nan%
DRAM_ROW_ACCESSES_52                                 0         -nan%                0         -nan%
DRAM_ROW_ACCESSES_53                                 0         -nan%                0         -nan%
DRAM_ROW_ACCESSES_54                                 0         -nan%                0         -nan%
DRAM_ROW_ACCESSES_55                                 0         -nan%                0         -nan%
DRAM_ROW_ACCESSES_56                                 0         -nan%                0         -nan%
DRAM_ROW_ACCESSES_57                                 0         -nan%                0         -nan%
DRAM_ROW_ACCESSES_58                                 0         -nan%                0         -nan%
DRAM_ROW_ACCESSES_59                                 0         -nan%                0         -nan%
DRAM_ROW_ACCESSES_60                                 0         -nan%                0         -nan%
DRAM_ROW_ACCESSES_61                                 0         -nan%                0         -nan%
DRAM_ROW_ACCESSES_62                                 0         -nan%                0         -nan%
DRAM_ROW_ACCESSES_63                                 0         -nan%                0         -nan%
DRAM_ROW_ACCESSES_64                                 0         -nan%                0         -nan%
                                                     0         -nan%                0         -nan%
                                                  -nan         -nan              -nan         -nan

DRAM_NUM_REQS_0_TOTAL                                0                              0              

DRAM_NUM_REQS_1_TOTAL                                0                              0              

DRAM_NUM_REQS_2_TOTAL                                0                              0              

DRAM_NUM_REQS_3_TOTAL                                0                              0              

DRAM_NUM_REQS_4_TOTAL                                0                              0              

DRAM_NUM_REQS_5_TOTAL                                0                              0              

DRAM_NUM_REQS_6_TOTAL                                0                              0              

DRAM_NUM_REQS_7_TOTAL                                0                              0              

DRAM_NUM_REQS_8_TOTAL                                0                              0              

DRAM_NUM_REQS_9_TOTAL                                0                              0              

DRAM_NUM_REQS_10_TOTAL                               0                              0              

DRAM_NUM_REQS_11_TOTAL                               0                              0              

DRAM_NUM_REQS_12_TOTAL                               0                              0              

DRAM_NUM_REQS_13_TOTAL                               0                              0              

DRAM_NUM_REQS_14_TOTAL                               0                              0              

DRAM_NUM_REQS_15_TOTAL                               0                              0              

DRAM_NUM_REQS_16_TOTAL                               0                              0              

DRAM_NUM_REQS_17_TOTAL                               0                              0              

DRAM_NUM_REQS_18_TOTAL                               0                              0              

DRAM_NUM_REQS_19_TOTAL                               0                              0              

DRAM_NUM_REQS_20_TOTAL                               0                              0              

DRAM_NUM_REQS_21_TOTAL                               0                              0              

DRAM_NUM_REQS_22_TOTAL                               0                              0              

DRAM_NUM_REQS_23_TOTAL                               0                              0              

DRAM_NUM_REQS_24_TOTAL                               0                              0              

DRAM_NUM_REQS_25_TOTAL                               0                              0              

DRAM_NUM_REQS_26_TOTAL                               0                              0              

DRAM_NUM_REQS_27_TOTAL                               0                              0              

DRAM_NUM_REQS_28_TOTAL                               0                              0              

DRAM_NUM_REQS_29_TOTAL                               0                              0              

DRAM_NUM_REQS_30_TOTAL                               0                              0              

DRAM_NUM_REQS_31_TOTAL                               0                              0              

DRAM_NUM_REQS_32_TOTAL                               0                              0              

DRAM_NUM_REQS_0_IFETCH                               0          -nan                0          -nan

DRAM_NUM_REQS_0_DFETCH                               0          -nan                0          -nan

DRAM_NUM_REQS_0_DSTORE                               0          -nan                0          -nan

DRAM_NUM_REQS_0_IPRF                                 0          -nan                0          -nan

DRAM_NUM_REQS_0_DPRF                                 0          -nan                0          -nan

DRAM_NUM_REQS_0_WB                                   0          -nan                0          -nan

DRAM_NUM_REQS_0_WB_NODIRTY                           0          -nan                0          -nan

DRAM_NUM_REQS_1_IFETCH                               0          -nan                0          -nan

DRAM_NUM_REQS_1_DFETCH                               0          -nan                0          -nan

DRAM_NUM_REQS_1_DSTORE                               0          -nan                0          -nan

DRAM_NUM_REQS_1_IPRF                                 0          -nan                0          -nan

DRAM_NUM_REQS_1_DPRF                                 0          -nan                0          -nan

DRAM_NUM_REQS_1_WB                                   0          -nan                0          -nan

DRAM_NUM_REQS_1_WB_NODIRTY                           0          -nan                0          -nan

DRAM_NUM_REQS_2_IFETCH                               0          -nan                0          -nan

DRAM_NUM_REQS_2_DFETCH                               0          -nan                0          -nan

DRAM_NUM_REQS_2_DSTORE                               0          -nan                0          -nan

DRAM_NUM_REQS_2_IPRF                                 0          -nan                0          -nan

DRAM_NUM_REQS_2_DPRF                                 0          -nan                0          -nan

DRAM_NUM_REQS_2_WB                                   0          -nan                0          -nan

DRAM_NUM_REQS_2_WB_NODIRTY                           0          -nan                0          -nan

DRAM_NUM_REQS_3_IFETCH                               0          -nan                0          -nan

DRAM_NUM_REQS_3_DFETCH                               0          -nan                0          -nan

DRAM_NUM_REQS_3_DSTORE                               0          -nan                0          -nan

DRAM_NUM_REQS_3_IPRF                                 0          -nan                0          -nan

DRAM_NUM_REQS_3_DPRF                                 0          -nan                0          -nan

DRAM_NUM_REQS_3_WB                                   0          -nan                0          -nan

DRAM_NUM_REQS_3_WB_NODIRTY                           0          -nan                0          -nan

DRAM_NUM_REQS_4_IFETCH                               0          -nan                0          -nan

DRAM_NUM_REQS_4_DFETCH                               0          -nan                0          -nan

DRAM_NUM_REQS_4_DSTORE                               0          -nan                0          -nan

DRAM_NUM_REQS_4_IPRF                                 0          -nan                0          -nan

DRAM_NUM_REQS_4_DPRF                                 0          -nan                0          -nan

DRAM_NUM_REQS_4_WB                                   0          -nan                0          -nan

DRAM_NUM_REQS_4_WB_NODIRTY                           0          -nan                0          -nan

DRAM_NUM_REQS_5_IFETCH                               0          -nan                0          -nan

DRAM_NUM_REQS_5_DFETCH                               0          -nan                0          -nan

DRAM_NUM_REQS_5_DSTORE                               0          -nan                0          -nan

DRAM_NUM_REQS_5_IPRF                                 0          -nan                0          -nan

DRAM_NUM_REQS_5_DPRF                                 0          -nan                0          -nan

DRAM_NUM_REQS_5_WB                                   0          -nan                0          -nan

DRAM_NUM_REQS_5_WB_NODIRTY                           0          -nan                0          -nan

DRAM_NUM_REQS_6_IFETCH                               0          -nan                0          -nan

DRAM_NUM_REQS_6_DFETCH                               0          -nan                0          -nan

DRAM_NUM_REQS_6_DSTORE                               0          -nan                0          -nan

DRAM_NUM_REQS_6_IPRF                                 0          -nan                0          -nan

DRAM_NUM_REQS_6_DPRF                                 0          -nan                0          -nan

DRAM_NUM_REQS_6_WB                                   0          -nan                0          -nan

DRAM_NUM_REQS_6_WB_NODIRTY                           0          -nan                0          -nan

DRAM_NUM_REQS_7_IFETCH                               0          -nan                0          -nan

DRAM_NUM_REQS_7_DFETCH                               0          -nan                0          -nan

DRAM_NUM_REQS_7_DSTORE                               0          -nan                0          -nan

DRAM_NUM_REQS_7_IPRF                                 0          -nan                0          -nan

DRAM_NUM_REQS_7_DPRF                                 0          -nan                0          -nan

DRAM_NUM_REQS_7_WB                                   0          -nan                0          -nan

DRAM_NUM_REQS_7_WB_NODIRTY                           0          -nan                0          -nan

DRAM_NUM_REQS_8_IFETCH                               0          -nan                0          -nan

DRAM_NUM_REQS_8_DFETCH                               0          -nan                0          -nan

DRAM_NUM_REQS_8_DSTORE                               0          -nan                0          -nan

DRAM_NUM_REQS_8_IPRF                                 0          -nan                0          -nan

DRAM_NUM_REQS_8_DPRF                                 0          -nan                0          -nan

DRAM_NUM_REQS_8_WB                                   0          -nan                0          -nan

DRAM_NUM_REQS_8_WB_NODIRTY                           0          -nan                0          -nan

DRAM_NUM_REQS_9_IFETCH                               0          -nan                0          -nan

DRAM_NUM_REQS_9_DFETCH                               0          -nan                0          -nan

DRAM_NUM_REQS_9_DSTORE                               0          -nan                0          -nan

DRAM_NUM_REQS_9_IPRF                                 0          -nan                0          -nan

DRAM_NUM_REQS_9_DPRF                                 0          -nan                0          -nan

DRAM_NUM_REQS_9_WB                                   0          -nan                0          -nan

DRAM_NUM_REQS_9_WB_NODIRTY                           0          -nan                0          -nan

DRAM_NUM_REQS_10_IFETCH                              0          -nan                0          -nan

DRAM_NUM_REQS_10_DFETCH                              0          -nan                0          -nan

DRAM_NUM_REQS_10_DSTORE                              0          -nan                0          -nan

DRAM_NUM_REQS_10_IPRF                                0          -nan                0          -nan

DRAM_NUM_REQS_10_DPRF                                0          -nan                0          -nan

DRAM_NUM_REQS_10_WB                                  0          -nan                0          -nan

DRAM_NUM_REQS_10_WB_NODIRTY                          0          -nan                0          -nan

DRAM_NUM_REQS_11_IFETCH                              0          -nan                0          -nan

DRAM_NUM_REQS_11_DFETCH                              0          -nan                0          -nan

DRAM_NUM_REQS_11_DSTORE                              0          -nan                0          -nan

DRAM_NUM_REQS_11_IPRF                                0          -nan                0          -nan

DRAM_NUM_REQS_11_DPRF                                0          -nan                0          -nan

DRAM_NUM_REQS_11_WB                                  0          -nan                0          -nan

DRAM_NUM_REQS_11_WB_NODIRTY                          0          -nan                0          -nan

DRAM_NUM_REQS_12_IFETCH                              0          -nan                0          -nan

DRAM_NUM_REQS_12_DFETCH                              0          -nan                0          -nan

DRAM_NUM_REQS_12_DSTORE                              0          -nan                0          -nan

DRAM_NUM_REQS_12_IPRF                                0          -nan                0          -nan

DRAM_NUM_REQS_12_DPRF                                0          -nan                0          -nan

DRAM_NUM_REQS_12_WB                                  0          -nan                0          -nan

DRAM_NUM_REQS_12_WB_NODIRTY                          0          -nan                0          -nan

DRAM_NUM_REQS_13_IFETCH                              0          -nan                0          -nan

DRAM_NUM_REQS_13_DFETCH                              0          -nan                0          -nan

DRAM_NUM_REQS_13_DSTORE                              0          -nan                0          -nan

DRAM_NUM_REQS_13_IPRF                                0          -nan                0          -nan

DRAM_NUM_REQS_13_DPRF                                0          -nan                0          -nan

DRAM_NUM_REQS_13_WB                                  0          -nan                0          -nan

DRAM_NUM_REQS_13_WB_NODIRTY                          0          -nan                0          -nan

DRAM_NUM_REQS_14_IFETCH                              0          -nan                0          -nan

DRAM_NUM_REQS_14_DFETCH                              0          -nan                0          -nan

DRAM_NUM_REQS_14_DSTORE                              0          -nan                0          -nan

DRAM_NUM_REQS_14_IPRF                                0          -nan                0          -nan

DRAM_NUM_REQS_14_DPRF                                0          -nan                0          -nan

DRAM_NUM_REQS_14_WB                                  0          -nan                0          -nan

DRAM_NUM_REQS_14_WB_NODIRTY                          0          -nan                0          -nan

DRAM_NUM_REQS_15_IFETCH                              0          -nan                0          -nan

DRAM_NUM_REQS_15_DFETCH                              0          -nan                0          -nan

DRAM_NUM_REQS_15_DSTORE                              0          -nan                0          -nan

DRAM_NUM_REQS_15_IPRF                                0          -nan                0          -nan

DRAM_NUM_REQS_15_DPRF                                0          -nan                0          -nan

DRAM_NUM_REQS_15_WB                                  0          -nan                0          -nan

DRAM_NUM_REQS_15_WB_NODIRTY                          0          -nan                0          -nan

DRAM_NUM_REQS_16_IFETCH                              0          -nan                0          -nan

DRAM_NUM_REQS_16_DFETCH                              0          -nan                0          -nan

DRAM_NUM_REQS_16_DSTORE                              0          -nan                0          -nan

DRAM_NUM_REQS_16_IPRF                                0          -nan                0          -nan

DRAM_NUM_REQS_16_DPRF                                0          -nan                0          -nan

DRAM_NUM_REQS_16_WB                                  0          -nan                0          -nan

DRAM_NUM_REQS_16_WB_NODIRTY                          0          -nan                0          -nan

DRAM_NUM_REQS_17_IFETCH                              0          -nan                0          -nan

DRAM_NUM_REQS_17_DFETCH                              0          -nan                0          -nan

DRAM_NUM_REQS_17_DSTORE                              0          -nan                0          -nan

DRAM_NUM_REQS_17_IPRF                                0          -nan                0          -nan

DRAM_NUM_REQS_17_DPRF                                0          -nan                0          -nan

DRAM_NUM_REQS_17_WB                                  0          -nan                0          -nan

DRAM_NUM_REQS_17_WB_NODIRTY                          0          -nan                0          -nan

DRAM_NUM_REQS_18_IFETCH                              0          -nan                0          -nan

DRAM_NUM_REQS_18_DFETCH                              0          -nan                0          -nan

DRAM_NUM_REQS_18_DSTORE                              0          -nan                0          -nan

DRAM_NUM_REQS_18_IPRF                                0          -nan                0          -nan

DRAM_NUM_REQS_18_DPRF                                0          -nan                0          -nan

DRAM_NUM_REQS_18_WB                                  0          -nan                0          -nan

DRAM_NUM_REQS_18_WB_NODIRTY                          0          -nan                0          -nan

DRAM_NUM_REQS_19_IFETCH                              0          -nan                0          -nan

DRAM_NUM_REQS_19_DFETCH                              0          -nan                0          -nan

DRAM_NUM_REQS_19_DSTORE                              0          -nan                0          -nan

DRAM_NUM_REQS_19_IPRF                                0          -nan                0          -nan

DRAM_NUM_REQS_19_DPRF                                0          -nan                0          -nan

DRAM_NUM_REQS_19_WB                                  0          -nan                0          -nan

DRAM_NUM_REQS_19_WB_NODIRTY                          0          -nan                0          -nan

DRAM_NUM_REQS_20_IFETCH                              0          -nan                0          -nan

DRAM_NUM_REQS_20_DFETCH                              0          -nan                0          -nan

DRAM_NUM_REQS_20_DSTORE                              0          -nan                0          -nan

DRAM_NUM_REQS_20_IPRF                                0          -nan                0          -nan

DRAM_NUM_REQS_20_DPRF                                0          -nan                0          -nan

DRAM_NUM_REQS_20_WB                                  0          -nan                0          -nan

DRAM_NUM_REQS_20_WB_NODIRTY                          0          -nan                0          -nan

DRAM_NUM_REQS_21_IFETCH                              0          -nan                0          -nan

DRAM_NUM_REQS_21_DFETCH                              0          -nan                0          -nan

DRAM_NUM_REQS_21_DSTORE                              0          -nan                0          -nan

DRAM_NUM_REQS_21_IPRF                                0          -nan                0          -nan

DRAM_NUM_REQS_21_DPRF                                0          -nan                0          -nan

DRAM_NUM_REQS_21_WB                                  0          -nan                0          -nan

DRAM_NUM_REQS_21_WB_NODIRTY                          0          -nan                0          -nan

DRAM_NUM_REQS_22_IFETCH                              0          -nan                0          -nan

DRAM_NUM_REQS_22_DFETCH                              0          -nan                0          -nan

DRAM_NUM_REQS_22_DSTORE                              0          -nan                0          -nan

DRAM_NUM_REQS_22_IPRF                                0          -nan                0          -nan

DRAM_NUM_REQS_22_DPRF                                0          -nan                0          -nan

DRAM_NUM_REQS_22_WB                                  0          -nan                0          -nan

DRAM_NUM_REQS_22_WB_NODIRTY                          0          -nan                0          -nan

DRAM_NUM_REQS_23_IFETCH                              0          -nan                0          -nan

DRAM_NUM_REQS_23_DFETCH                              0          -nan                0          -nan

DRAM_NUM_REQS_23_DSTORE                              0          -nan                0          -nan

DRAM_NUM_REQS_23_IPRF                                0          -nan                0          -nan

DRAM_NUM_REQS_23_DPRF                                0          -nan                0          -nan

DRAM_NUM_REQS_23_WB                                  0          -nan                0          -nan

DRAM_NUM_REQS_23_WB_NODIRTY                          0          -nan                0          -nan

DRAM_NUM_REQS_24_IFETCH                              0          -nan                0          -nan

DRAM_NUM_REQS_24_DFETCH                              0          -nan                0          -nan

DRAM_NUM_REQS_24_DSTORE                              0          -nan                0          -nan

DRAM_NUM_REQS_24_IPRF                                0          -nan                0          -nan

DRAM_NUM_REQS_24_DPRF                                0          -nan                0          -nan

DRAM_NUM_REQS_24_WB                                  0          -nan                0          -nan

DRAM_NUM_REQS_24_WB_NODIRTY                          0          -nan                0          -nan

DRAM_NUM_REQS_25_IFETCH                              0          -nan                0          -nan

DRAM_NUM_REQS_25_DFETCH                              0          -nan                0          -nan

DRAM_NUM_REQS_25_DSTORE                              0          -nan                0          -nan

DRAM_NUM_REQS_25_IPRF                                0          -nan                0          -nan

DRAM_NUM_REQS_25_DPRF                                0          -nan                0          -nan

DRAM_NUM_REQS_25_WB                                  0          -nan                0          -nan

DRAM_NUM_REQS_25_WB_NODIRTY                          0          -nan                0          -nan

DRAM_NUM_REQS_26_IFETCH                              0          -nan                0          -nan

DRAM_NUM_REQS_26_DFETCH                              0          -nan                0          -nan

DRAM_NUM_REQS_26_DSTORE                              0          -nan                0          -nan

DRAM_NUM_REQS_26_IPRF                                0          -nan                0          -nan

DRAM_NUM_REQS_26_DPRF                                0          -nan                0          -nan

DRAM_NUM_REQS_26_WB                                  0          -nan                0          -nan

DRAM_NUM_REQS_26_WB_NODIRTY                          0          -nan                0          -nan

DRAM_NUM_REQS_27_IFETCH                              0          -nan                0          -nan

DRAM_NUM_REQS_27_DFETCH                              0          -nan                0          -nan

DRAM_NUM_REQS_27_DSTORE                              0          -nan                0          -nan

DRAM_NUM_REQS_27_IPRF                                0          -nan                0          -nan

DRAM_NUM_REQS_27_DPRF                                0          -nan                0          -nan

DRAM_NUM_REQS_27_WB                                  0          -nan                0          -nan

DRAM_NUM_REQS_27_WB_NODIRTY                          0          -nan                0          -nan

DRAM_NUM_REQS_28_IFETCH                              0          -nan                0          -nan

DRAM_NUM_REQS_28_DFETCH                              0          -nan                0          -nan

DRAM_NUM_REQS_28_DSTORE                              0          -nan                0          -nan

DRAM_NUM_REQS_28_IPRF                                0          -nan                0          -nan

DRAM_NUM_REQS_28_DPRF                                0          -nan                0          -nan

DRAM_NUM_REQS_28_WB                                  0          -nan                0          -nan

DRAM_NUM_REQS_28_WB_NODIRTY                          0          -nan                0          -nan

DRAM_NUM_REQS_29_IFETCH                              0          -nan                0          -nan

DRAM_NUM_REQS_29_DFETCH                              0          -nan                0          -nan

DRAM_NUM_REQS_29_DSTORE                              0          -nan                0          -nan

DRAM_NUM_REQS_29_IPRF                                0          -nan                0          -nan

DRAM_NUM_REQS_29_DPRF                                0          -nan                0          -nan

DRAM_NUM_REQS_29_WB                                  0          -nan                0          -nan

DRAM_NUM_REQS_29_WB_NODIRTY                          0          -nan                0          -nan

DRAM_NUM_REQS_30_IFETCH                              0          -nan                0          -nan

DRAM_NUM_REQS_30_DFETCH                              0          -nan                0          -nan

DRAM_NUM_REQS_30_DSTORE                              0          -nan                0          -nan

DRAM_NUM_REQS_30_IPRF                                0          -nan                0          -nan

DRAM_NUM_REQS_30_DPRF                                0          -nan                0          -nan

DRAM_NUM_REQS_30_WB                                  0          -nan                0          -nan

DRAM_NUM_REQS_30_WB_NODIRTY                          0          -nan                0          -nan

DRAM_NUM_REQS_31_IFETCH                              0          -nan                0          -nan

DRAM_NUM_REQS_31_DFETCH                              0          -nan                0          -nan

DRAM_NUM_REQS_31_DSTORE                              0          -nan                0          -nan

DRAM_NUM_REQS_31_IPRF                                0          -nan                0          -nan

DRAM_NUM_REQS_31_DPRF                                0          -nan                0          -nan

DRAM_NUM_REQS_31_WB                                  0          -nan                0          -nan

DRAM_NUM_REQS_31_WB_NODIRTY                          0          -nan                0          -nan

DRAM_NUM_REQS_32_IFETCH                              0          -nan                0          -nan

DRAM_NUM_REQS_32_DFETCH                              0          -nan                0          -nan

DRAM_NUM_REQS_32_DSTORE                              0          -nan                0          -nan

DRAM_NUM_REQS_32_IPRF                                0          -nan                0          -nan

DRAM_NUM_REQS_32_DPRF                                0          -nan                0          -nan

DRAM_NUM_REQS_32_WB                                  0          -nan                0          -nan

DRAM_NUM_REQS_32_WB_NODIRTY                          0          -nan                0          -nan

DRAM_BOTTLENECK_BUS_0                                0         -nan%                0         -nan%
DRAM_BOTTLENECK_BUS_10                               0         -nan%                0         -nan%
DRAM_BOTTLENECK_BUS_20                               0         -nan%                0         -nan%
DRAM_BOTTLENECK_BUS_30                               0         -nan%                0         -nan%
DRAM_BOTTLENECK_BUS_40                               0         -nan%                0         -nan%
DRAM_BOTTLENECK_BUS_50                               0         -nan%                0         -nan%
DRAM_BOTTLENECK_BUS_60                               0         -nan%                0         -nan%
DRAM_BOTTLENECK_BUS_70                               0         -nan%                0         -nan%
DRAM_BOTTLENECK_BUS_80                               0         -nan%                0         -nan%
DRAM_BOTTLENECK_BUS_90                               0         -nan%                0         -nan%
DRAM_BOTTLENECK_BUS_100                              0         -nan%                0         -nan%
                                                     0         -nan%                0         -nan%
                                                  -nan         -nan              -nan         -nan

DRAM_BOTTLENECK_BANKS_0                              0         -nan%                0         -nan%
DRAM_BOTTLENECK_BANKS_10                             0         -nan%                0         -nan%
DRAM_BOTTLENECK_BANKS_20                             0         -nan%                0         -nan%
DRAM_BOTTLENECK_BANKS_30                             0         -nan%                0         -nan%
DRAM_BOTTLENECK_BANKS_40                             0         -nan%                0         -nan%
DRAM_BOTTLENECK_BANKS_50                             0         -nan%                0         -nan%
DRAM_BOTTLENECK_BANKS_60                             0         -nan%                0         -nan%
DRAM_BOTTLENECK_BANKS_70                             0         -nan%                0         -nan%
DRAM_BOTTLENECK_BANKS_80                             0         -nan%                0         -nan%
DRAM_BOTTLENECK_BANKS_90                             0         -nan%                0         -nan%
DRAM_BOTTLENECK_BANKS_100                            0         -nan%                0         -nan%
                                                     0         -nan%                0         -nan%
                                                  -nan         -nan              -nan         -nan

DRAM_BOTTLENECK_FAW_0                                0         -nan%                0         -nan%
DRAM_BOTTLENECK_FAW_10                               0         -nan%                0         -nan%
DRAM_BOTTLENECK_FAW_20                               0         -nan%                0         -nan%
DRAM_BOTTLENECK_FAW_30                               0         -nan%                0         -nan%
DRAM_BOTTLENECK_FAW_40                               0         -nan%                0         -nan%
DRAM_BOTTLENECK_FAW_50                               0         -nan%                0         -nan%
DRAM_BOTTLENECK_FAW_60                               0         -nan%                0         -nan%
DRAM_BOTTLENECK_FAW_70                               0         -nan%                0         -nan%
DRAM_BOTTLENECK_FAW_80                               0         -nan%                0         -nan%
DRAM_BOTTLENECK_FAW_90                               0         -nan%                0         -nan%
DRAM_BOTTLENECK_FAW_100                              0         -nan%                0         -nan%
                                                     0         -nan%                0         -nan%
                                                  -nan         -nan              -nan         -nan

DRAM_ROW_HIT_GEN_AFTER_ROW_OPEN_STALLING             0                              0              

KNOWN_BAD_ADDRESS                                    0        0.000%                0        0.000%
GOOD_ADDRESS                                  87342192      100.000%         87342192      100.000%
                                              87342192      100.000%         87342192      100.000%
                                                  1.00         1.00              1.00         1.00

BBL_LENGTH_1                                         0         -nan%                0         -nan%
BBL_LENGTH_2                                         0         -nan%                0         -nan%
BBL_LENGTH_3                                         0         -nan%                0         -nan%
BBL_LENGTH_4                                         0         -nan%                0         -nan%
BBL_LENGTH_5                                         0         -nan%                0         -nan%
BBL_LENGTH_6                                         0         -nan%                0         -nan%
BBL_LENGTH_7                                         0         -nan%                0         -nan%
BBL_LENGTH_8                                         0         -nan%                0         -nan%
BBL_LENGTH_9                                         0         -nan%                0         -nan%
BBL_LENGTH_10                                        0         -nan%                0         -nan%
BBL_LENGTH_11                                        0         -nan%                0         -nan%
BBL_LENGTH_12                                        0         -nan%                0         -nan%
BBL_LENGTH_13                                        0         -nan%                0         -nan%
BBL_LENGTH_14                                        0         -nan%                0         -nan%
BBL_LENGTH_15                                        0         -nan%                0         -nan%
BBL_LENGTH_16                                        0         -nan%                0         -nan%
BBL_LENGTH_17                                        0         -nan%                0         -nan%
BBL_LENGTH_18                                        0         -nan%                0         -nan%
BBL_LENGTH_19                                        0         -nan%                0         -nan%
BBL_LENGTH_20                                        0         -nan%                0         -nan%
BBL_LENGTH_21                                        0         -nan%                0         -nan%
BBL_LENGTH_22                                        0         -nan%                0         -nan%
BBL_LENGTH_23                                        0         -nan%                0         -nan%
BBL_LENGTH_24                                        0         -nan%                0         -nan%
                                                     0         -nan%                0         -nan%
                                                  -nan         -nan              -nan         -nan

BBL_DONT_END_PRED_NT_LENGTH_1                        0         -nan%                0         -nan%
BBL_DONT_END_PRED_NT_LENGTH_2                        0         -nan%                0         -nan%
BBL_DONT_END_PRED_NT_LENGTH_3                        0         -nan%                0         -nan%
BBL_DONT_END_PRED_NT_LENGTH_4                        0         -nan%                0         -nan%
BBL_DONT_END_PRED_NT_LENGTH_5                        0         -nan%                0         -nan%
BBL_DONT_END_PRED_NT_LENGTH_6                        0         -nan%                0         -nan%
BBL_DONT_END_PRED_NT_LENGTH_7                        0         -nan%                0         -nan%
BBL_DONT_END_PRED_NT_LENGTH_8                        0         -nan%                0         -nan%
BBL_DONT_END_PRED_NT_LENGTH_9                        0         -nan%                0         -nan%
BBL_DONT_END_PRED_NT_LENGTH_10                       0         -nan%                0         -nan%
BBL_DONT_END_PRED_NT_LENGTH_11                       0         -nan%                0         -nan%
BBL_DONT_END_PRED_NT_LENGTH_12                       0         -nan%                0         -nan%
BBL_DONT_END_PRED_NT_LENGTH_13                       0         -nan%                0         -nan%
BBL_DONT_END_PRED_NT_LENGTH_14                       0         -nan%                0         -nan%
BBL_DONT_END_PRED_NT_LENGTH_15                       0         -nan%                0         -nan%
BBL_DONT_END_PRED_NT_LENGTH_16                       0         -nan%                0         -nan%
BBL_DONT_END_PRED_NT_LENGTH_17                       0         -nan%                0         -nan%
BBL_DONT_END_PRED_NT_LENGTH_18                       0         -nan%                0         -nan%
BBL_DONT_END_PRED_NT_LENGTH_19                       0         -nan%                0         -nan%
BBL_DONT_END_PRED_NT_LENGTH_20                       0         -nan%                0         -nan%
BBL_DONT_END_PRED_NT_LENGTH_21                       0         -nan%                0         -nan%
BBL_DONT_END_PRED_NT_LENGTH_22                       0         -nan%                0         -nan%
BBL_DONT_END_PRED_NT_LENGTH_23                       0         -nan%                0         -nan%
BBL_DONT_END_PRED_NT_LENGTH_24                       0         -nan%                0         -nan%
                                                     0         -nan%                0         -nan%
                                                  -nan         -nan              -nan         -nan

DATA_LD_CYCLES_ONPATH                        113007329                      113007329              

DATA_LD_CYCLES_OFFPATH                          953786                         953786              

DATA_LD_MLC_CYCLES_ONPATH                    109775990                      109775990              

DATA_LD_MLC_CYCLES_OFFPATH                      943225                         943225              

DATA_LD_MLC_ACCESSES_ONPATH                    6820751                        6820751              

DATA_LD_MLC_ACCESSES_OFFPATH                     58677                          58677              

DATA_LD_L1_CYCLES_ONPATH                       2896111                        2896111              

DATA_LD_L1_CYCLES_OFFPATH                        10561                          10561              

DATA_LD_L1_ACCESSES_ONPATH                       52648                          52648              

DATA_LD_L1_ACCESSES_OFFPATH                        192                            192              

DATA_LD_MEM_CYCLES_ONPATH                       335228                         335228              

DATA_LD_MEM_CYCLES_OFFPATH                           0                              0              

DATA_LD_MEM_ACCESSES_ONPATH                       1813                           1813              

DATA_LD_MEM_ACCESSES_OFFPATH                         0                              0              

DATA_LD_PREF_CYCLES_ONPATH                           0                              0              

DATA_LD_PREF_CYCLES_OFFPATH                          0                              0              

DATA_LD_PREF_MLC_CYCLES_ONPATH                       0                              0              

DATA_LD_PREF_MLC_CYCLES_OFFPATH                      0                              0              

DATA_LD_PREF_L1_CYCLES_ONPATH                        0                              0              

DATA_LD_PREF_L1_CYCLES_OFFPATH                       0                              0              

DATA_LD_PREF_MEM_CYCLES_ONPATH                       0                              0              

DATA_LD_PREF_MEM_CYCLES_OFFPATH                      0                              0              

CODVERCH_ICACHE_MOV_ALU_MISS                         0                              0              

CODVERCH_ICACHE_ALU_CF_MISS                      50374                          50374              

CODVERCH_ICACHE_ALU_CF_MISS_IS_MOV               42599                          42599              

CODVERCH_ICACHE_ALU_CF_MISS_HAS_PUSH               966                            966              

CODVERCH_ICACHE_ALU_CF_MISS_HAS_POP                390                            390              

CODVERCH_ICACHE_ALU_CF_MISS_IS_PREFETCH              0                              0              

CODVERCH_ICACHE_ALU_CF_MISS_IS_CALL                  0                              0              

CODVERCH_UOP_CACHE_ALU_CF_MISS_ICACHE_MISS         48366                          48366              

CODVERCH_UOP_CACHE_ALU_CF_MISS_ICACHE_IS_MOV         40768                          40768              

CODVERCH_UOP_CACHE_ALU_CF_MISS_ICACHE_HAS_PUSH           858                            858              

CODVERCH_UOP_CACHE_ALU_CF_MISS_ICACHE_HAS_POP           386                            386              

CODVERCH_UOP_CACHE_ALU_CF_MISS_ICACHE_IS_PREFETCH             0                              0              

CODVERCH_UOP_CACHE_ALU_CF_MISS_ICACHE_IS_CALL             0                              0              



