Core, 0
Cumulative Cycles, 58509865            
Cumulative Instructions, 99999999            
Cumulative IPC, 1.70911
Periodic Cycles, 58509865            
Periodic Instructions, 99999999            
Periodic IPC, 1.70911

BTB_ON_PATH_MISS_count,       4346148
BTB_ON_PATH_MISS_pct,       22.141
BTB_ON_PATH_MISS_total_count,       4346148
BTB_ON_PATH_MISS_total_pct,       22.141

BTB_ON_PATH_HIT_count,      15283311
BTB_ON_PATH_HIT_pct,       77.859
BTB_ON_PATH_HIT_total_count,      15283311
BTB_ON_PATH_HIT_total_pct,       77.859
BTB_ON_PATH_HIT_sum_count,      19629459
BTB_ON_PATH_HIT_sum_pct,      100.000
BTB_ON_PATH_HIT_sum_total_count,      19629459
BTB_ON_PATH_HIT_sum_total_pct,      100.000
BTB_ON_PATH_HIT_mean,         0.78
BTB_ON_PATH_HIT_stddev,         0.71
BTB_ON_PATH_HIT_total_mean,         0.78
BTB_ON_PATH_HIT_total_stddev,         0.71

BTB_OFF_PATH_MISS_count,      13093401
BTB_OFF_PATH_MISS_pct,       26.528
BTB_OFF_PATH_MISS_total_count,      13093401
BTB_OFF_PATH_MISS_total_pct,       26.528

BTB_OFF_PATH_HIT_count,      36263534
BTB_OFF_PATH_HIT_pct,       73.472
BTB_OFF_PATH_HIT_total_count,      36263534
BTB_OFF_PATH_HIT_total_pct,       73.472
BTB_OFF_PATH_HIT_sum_count,      49356935
BTB_OFF_PATH_HIT_sum_pct,      100.000
BTB_OFF_PATH_HIT_sum_total_count,      49356935
BTB_OFF_PATH_HIT_sum_total_pct,      100.000
BTB_OFF_PATH_HIT_mean,         0.73
BTB_OFF_PATH_HIT_stddev,         0.67
BTB_OFF_PATH_HIT_total_mean,         0.73
BTB_OFF_PATH_HIT_total_stddev,         0.67

BTB_ON_PATH_WRITE_count,       1681425
BTB_ON_PATH_WRITE_pct,       89.245
BTB_ON_PATH_WRITE_total_count,       1681425
BTB_ON_PATH_WRITE_total_pct,       89.245

BTB_OFF_PATH_WRITE_count,        202630
BTB_OFF_PATH_WRITE_pct,       10.755
BTB_OFF_PATH_WRITE_total_count,        202630
BTB_OFF_PATH_WRITE_total_pct,       10.755
BTB_OFF_PATH_WRITE_sum_count,       1884055
BTB_OFF_PATH_WRITE_sum_pct,      100.000
BTB_OFF_PATH_WRITE_sum_total_count,       1884055
BTB_OFF_PATH_WRITE_sum_total_pct,      100.000
BTB_OFF_PATH_WRITE_mean,         0.11
BTB_OFF_PATH_WRITE_stddev,         0.29
BTB_OFF_PATH_WRITE_total_mean,         0.11
BTB_OFF_PATH_WRITE_total_stddev,         0.29

BP_ON_PATH_CORRECT_count,      18758599
BP_ON_PATH_CORRECT_pct,       95.564
BP_ON_PATH_CORRECT_total_count,      18758599
BP_ON_PATH_CORRECT_total_pct,       95.564

BP_ON_PATH_MISPREDICT_count,        691086
BP_ON_PATH_MISPREDICT_pct,        3.521
BP_ON_PATH_MISPREDICT_total_count,        691086
BP_ON_PATH_MISPREDICT_total_pct,        3.521

BP_ON_PATH_MISFETCH_count,        179774
BP_ON_PATH_MISFETCH_pct,        0.916
BP_ON_PATH_MISFETCH_total_count,        179774
BP_ON_PATH_MISFETCH_total_pct,        0.916
BP_ON_PATH_MISFETCH_sum_count,      19629459
BP_ON_PATH_MISFETCH_sum_pct,      100.000
BP_ON_PATH_MISFETCH_sum_total_count,      19629459
BP_ON_PATH_MISFETCH_sum_total_pct,      100.000
BP_ON_PATH_MISFETCH_mean,         0.05
BP_ON_PATH_MISFETCH_stddev,         0.26
BP_ON_PATH_MISFETCH_total_mean,         0.05
BP_ON_PATH_MISFETCH_total_stddev,         0.26

BP_OFF_PATH_CORRECT_count,      44040662
BP_OFF_PATH_CORRECT_pct,       89.229
BP_OFF_PATH_CORRECT_total_count,      44040662
BP_OFF_PATH_CORRECT_total_pct,       89.229

BP_OFF_PATH_MISPREDICT_count,       2304650
BP_OFF_PATH_MISPREDICT_pct,        4.669
BP_OFF_PATH_MISPREDICT_total_count,       2304650
BP_OFF_PATH_MISPREDICT_total_pct,        4.669

BP_OFF_PATH_MISFETCH_count,       3011623
BP_OFF_PATH_MISFETCH_pct,        6.102
BP_OFF_PATH_MISFETCH_total_count,       3011623
BP_OFF_PATH_MISFETCH_total_pct,        6.102
BP_OFF_PATH_MISFETCH_sum_count,      49356935
BP_OFF_PATH_MISFETCH_sum_pct,      100.000
BP_OFF_PATH_MISFETCH_sum_total_count,      49356935
BP_OFF_PATH_MISFETCH_sum_total_pct,      100.000
BP_OFF_PATH_MISFETCH_mean,         0.17
BP_OFF_PATH_MISFETCH_stddev,         0.49
BP_OFF_PATH_MISFETCH_total_mean,         0.17
BP_OFF_PATH_MISFETCH_total_stddev,         0.49

LATE_BP_ON_PATH_CORRECT_count,      19629459
LATE_BP_ON_PATH_CORRECT_pct,      100.000
LATE_BP_ON_PATH_CORRECT_total_count,      19629459
LATE_BP_ON_PATH_CORRECT_total_pct,      100.000

LATE_BP_ON_PATH_MISPREDICT_count,             0
LATE_BP_ON_PATH_MISPREDICT_pct,        0.000
LATE_BP_ON_PATH_MISPREDICT_total_count,             0
LATE_BP_ON_PATH_MISPREDICT_total_pct,        0.000

LATE_BP_ON_PATH_MISFETCH_count,             0
LATE_BP_ON_PATH_MISFETCH_pct,        0.000
LATE_BP_ON_PATH_MISFETCH_total_count,             0
LATE_BP_ON_PATH_MISFETCH_total_pct,        0.000
LATE_BP_ON_PATH_MISFETCH_sum_count,      19629459
LATE_BP_ON_PATH_MISFETCH_sum_pct,      100.000
LATE_BP_ON_PATH_MISFETCH_sum_total_count,      19629459
LATE_BP_ON_PATH_MISFETCH_sum_total_pct,      100.000
LATE_BP_ON_PATH_MISFETCH_mean,         0.00
LATE_BP_ON_PATH_MISFETCH_stddev,         0.00
LATE_BP_ON_PATH_MISFETCH_total_mean,         0.00
LATE_BP_ON_PATH_MISFETCH_total_stddev,         0.00

LATE_BP_OFF_PATH_CORRECT_count,      49356935
LATE_BP_OFF_PATH_CORRECT_pct,      100.000
LATE_BP_OFF_PATH_CORRECT_total_count,      49356935
LATE_BP_OFF_PATH_CORRECT_total_pct,      100.000

LATE_BP_OFF_PATH_MISPREDICT_count,             0
LATE_BP_OFF_PATH_MISPREDICT_pct,        0.000
LATE_BP_OFF_PATH_MISPREDICT_total_count,             0
LATE_BP_OFF_PATH_MISPREDICT_total_pct,        0.000

LATE_BP_OFF_PATH_MISFETCH_count,             0
LATE_BP_OFF_PATH_MISFETCH_pct,        0.000
LATE_BP_OFF_PATH_MISFETCH_total_count,             0
LATE_BP_OFF_PATH_MISFETCH_total_pct,        0.000
LATE_BP_OFF_PATH_MISFETCH_sum_count,      49356935
LATE_BP_OFF_PATH_MISFETCH_sum_pct,      100.000
LATE_BP_OFF_PATH_MISFETCH_sum_total_count,      49356935
LATE_BP_OFF_PATH_MISFETCH_sum_total_pct,      100.000
LATE_BP_OFF_PATH_MISFETCH_mean,         0.00
LATE_BP_OFF_PATH_MISFETCH_stddev,         0.00
LATE_BP_OFF_PATH_MISFETCH_total_mean,         0.00
LATE_BP_OFF_PATH_MISFETCH_total_stddev,         0.00

BP_ON_PATH_CONF_PVN_count,             0
BP_ON_PATH_CONF_PVN_pct,         -nan
BP_ON_PATH_CONF_PVN_total_count,             0
BP_ON_PATH_CONF_PVN_total_pct,         -nan

BP_ON_PATH_CONF_PVN_BOT_count,             0
BP_ON_PATH_CONF_PVN_BOT_pct,         -nan
BP_ON_PATH_CONF_PVN_BOT_total_count,             0
BP_ON_PATH_CONF_PVN_BOT_total_pct,         -nan
BP_ON_PATH_CONF_PVN_BOT_sum_count,             0
BP_ON_PATH_CONF_PVN_BOT_sum_pct,         -nan
BP_ON_PATH_CONF_PVN_BOT_sum_total_count,             0
BP_ON_PATH_CONF_PVN_BOT_sum_total_pct,         -nan
BP_ON_PATH_CONF_PVN_BOT_mean,         -nan
BP_ON_PATH_CONF_PVN_BOT_stddev,         -nan
BP_ON_PATH_CONF_PVN_BOT_total_mean,         -nan
BP_ON_PATH_CONF_PVN_BOT_total_stddev,         -nan

BP_ON_PATH_CONF_PVP_count,             0
BP_ON_PATH_CONF_PVP_pct,         -nan
BP_ON_PATH_CONF_PVP_total_count,             0
BP_ON_PATH_CONF_PVP_total_pct,         -nan

BP_ON_PATH_CONF_PVP_BOT_count,             0
BP_ON_PATH_CONF_PVP_BOT_pct,         -nan
BP_ON_PATH_CONF_PVP_BOT_total_count,             0
BP_ON_PATH_CONF_PVP_BOT_total_pct,         -nan
BP_ON_PATH_CONF_PVP_BOT_sum_count,             0
BP_ON_PATH_CONF_PVP_BOT_sum_pct,         -nan
BP_ON_PATH_CONF_PVP_BOT_sum_total_count,             0
BP_ON_PATH_CONF_PVP_BOT_sum_total_pct,         -nan
BP_ON_PATH_CONF_PVP_BOT_mean,         -nan
BP_ON_PATH_CONF_PVP_BOT_stddev,         -nan
BP_ON_PATH_CONF_PVP_BOT_total_mean,         -nan
BP_ON_PATH_CONF_PVP_BOT_total_stddev,         -nan

BP_ON_PATH_CONF_SPEC_count,             0
BP_ON_PATH_CONF_SPEC_pct,         -nan
BP_ON_PATH_CONF_SPEC_total_count,             0
BP_ON_PATH_CONF_SPEC_total_pct,         -nan

BP_ON_PATH_CONF_SPEC_BOT_count,             0
BP_ON_PATH_CONF_SPEC_BOT_pct,         -nan
BP_ON_PATH_CONF_SPEC_BOT_total_count,             0
BP_ON_PATH_CONF_SPEC_BOT_total_pct,         -nan
BP_ON_PATH_CONF_SPEC_BOT_sum_count,             0
BP_ON_PATH_CONF_SPEC_BOT_sum_pct,         -nan
BP_ON_PATH_CONF_SPEC_BOT_sum_total_count,             0
BP_ON_PATH_CONF_SPEC_BOT_sum_total_pct,         -nan
BP_ON_PATH_CONF_SPEC_BOT_mean,         -nan
BP_ON_PATH_CONF_SPEC_BOT_stddev,         -nan
BP_ON_PATH_CONF_SPEC_BOT_total_mean,         -nan
BP_ON_PATH_CONF_SPEC_BOT_total_stddev,         -nan

CRS_MISS_ON_PATH_count,         13289
CRS_MISS_ON_PATH_pct,        0.576
CRS_MISS_ON_PATH_total_count,         13289
CRS_MISS_ON_PATH_total_pct,        0.576

CRS_HIT_ON_PATH_count,       2292728
CRS_HIT_ON_PATH_pct,       99.424
CRS_HIT_ON_PATH_total_count,       2292728
CRS_HIT_ON_PATH_total_pct,       99.424
CRS_HIT_ON_PATH_sum_count,       2306017
CRS_HIT_ON_PATH_sum_pct,      100.000
CRS_HIT_ON_PATH_sum_total_count,       2306017
CRS_HIT_ON_PATH_sum_total_pct,      100.000
CRS_HIT_ON_PATH_mean,         0.99
CRS_HIT_ON_PATH_stddev,         0.99
CRS_HIT_ON_PATH_total_mean,         0.99
CRS_HIT_ON_PATH_total_stddev,         0.99

CRS_MISS_OFF_PATH_count,       2605028
CRS_MISS_OFF_PATH_pct,       43.199
CRS_MISS_OFF_PATH_total_count,       2605028
CRS_MISS_OFF_PATH_total_pct,       43.199

CRS_HIT_OFF_PATH_count,       3425299
CRS_HIT_OFF_PATH_pct,       56.801
CRS_HIT_OFF_PATH_total_count,       3425299
CRS_HIT_OFF_PATH_total_pct,       56.801
CRS_HIT_OFF_PATH_sum_count,       6030327
CRS_HIT_OFF_PATH_sum_pct,      100.000
CRS_HIT_OFF_PATH_sum_total_count,       6030327
CRS_HIT_OFF_PATH_sum_total_pct,      100.000
CRS_HIT_OFF_PATH_mean,         0.57
CRS_HIT_OFF_PATH_stddev,         0.54
CRS_HIT_OFF_PATH_total_mean,         0.57
CRS_HIT_OFF_PATH_total_stddev,         0.54

CRS_CLOBBER_count,         28294
CRS_CLOBBER_total_count,         28294

TARG_ON_PATH_MISS_count,        547476
TARG_ON_PATH_MISS_pct,       52.575
TARG_ON_PATH_MISS_total_count,        547476
TARG_ON_PATH_MISS_total_pct,       52.575

TARG_ON_PATH_HIT_count,        493852
TARG_ON_PATH_HIT_pct,       47.425
TARG_ON_PATH_HIT_total_count,        493852
TARG_ON_PATH_HIT_total_pct,       47.425
TARG_ON_PATH_HIT_sum_count,       1041328
TARG_ON_PATH_HIT_sum_pct,      100.000
TARG_ON_PATH_HIT_sum_total_count,       1041328
TARG_ON_PATH_HIT_sum_total_pct,      100.000
TARG_ON_PATH_HIT_mean,         0.47
TARG_ON_PATH_HIT_stddev,         0.49
TARG_ON_PATH_HIT_total_mean,         0.47
TARG_ON_PATH_HIT_total_stddev,         0.49

TARG_OFF_PATH_MISS_count,       2749153
TARG_OFF_PATH_MISS_pct,       90.721
TARG_OFF_PATH_MISS_total_count,       2749153
TARG_OFF_PATH_MISS_total_pct,       90.721

TARG_OFF_PATH_HIT_count,        281169
TARG_OFF_PATH_HIT_pct,        9.279
TARG_OFF_PATH_HIT_total_count,        281169
TARG_OFF_PATH_HIT_total_pct,        9.279
TARG_OFF_PATH_HIT_sum_count,       3030322
TARG_OFF_PATH_HIT_sum_pct,      100.000
TARG_OFF_PATH_HIT_sum_total_count,       3030322
TARG_OFF_PATH_HIT_sum_total_pct,      100.000
TARG_OFF_PATH_HIT_mean,         0.09
TARG_OFF_PATH_HIT_stddev,         0.28
TARG_OFF_PATH_HIT_total_mean,         0.09
TARG_OFF_PATH_HIT_total_stddev,         0.28

TARG_ON_PATH_WRITE_count,       1041328
TARG_ON_PATH_WRITE_pct,       85.156
TARG_ON_PATH_WRITE_total_count,       1041328
TARG_ON_PATH_WRITE_total_pct,       85.156

TARG_OFF_PATH_WRITE_count,        181518
TARG_OFF_PATH_WRITE_pct,       14.844
TARG_OFF_PATH_WRITE_total_count,        181518
TARG_OFF_PATH_WRITE_total_pct,       14.844
TARG_OFF_PATH_WRITE_sum_count,       1222846
TARG_OFF_PATH_WRITE_sum_pct,      100.000
TARG_OFF_PATH_WRITE_sum_total_count,       1222846
TARG_OFF_PATH_WRITE_sum_total_pct,      100.000
TARG_OFF_PATH_WRITE_mean,         0.15
TARG_OFF_PATH_WRITE_stddev,         0.33
TARG_OFF_PATH_WRITE_total_mean,         0.15
TARG_OFF_PATH_WRITE_total_stddev,         0.33

TARG_HYBRID_CORRECT_TAGLESS_count,             0
TARG_HYBRID_CORRECT_TAGLESS_pct,         -nan
TARG_HYBRID_CORRECT_TAGLESS_total_count,             0
TARG_HYBRID_CORRECT_TAGLESS_total_pct,         -nan

TARG_HYBRID_CORRECT_TAGGED_count,             0
TARG_HYBRID_CORRECT_TAGGED_pct,         -nan
TARG_HYBRID_CORRECT_TAGGED_total_count,             0
TARG_HYBRID_CORRECT_TAGGED_total_pct,         -nan

TARG_HYBRID_MISPRED_TAGLESS_count,             0
TARG_HYBRID_MISPRED_TAGLESS_pct,         -nan
TARG_HYBRID_MISPRED_TAGLESS_total_count,             0
TARG_HYBRID_MISPRED_TAGLESS_total_pct,         -nan

TARG_HYBRID_MISPRED_TAGGED_count,             0
TARG_HYBRID_MISPRED_TAGGED_pct,         -nan
TARG_HYBRID_MISPRED_TAGGED_total_count,             0
TARG_HYBRID_MISPRED_TAGGED_total_pct,         -nan

TARG_HYBRID_NO_PRED_count,             0
TARG_HYBRID_NO_PRED_pct,         -nan
TARG_HYBRID_NO_PRED_total_count,             0
TARG_HYBRID_NO_PRED_total_pct,         -nan
TARG_HYBRID_NO_PRED_sum_count,             0
TARG_HYBRID_NO_PRED_sum_pct,         -nan
TARG_HYBRID_NO_PRED_sum_total_count,             0
TARG_HYBRID_NO_PRED_sum_total_pct,         -nan
TARG_HYBRID_NO_PRED_mean,         -nan
TARG_HYBRID_NO_PRED_stddev,         -nan
TARG_HYBRID_NO_PRED_total_mean,         -nan
TARG_HYBRID_NO_PRED_total_stddev,         -nan

TARG_VP_INDIRECT_MISPRED_count,             0
TARG_VP_INDIRECT_MISPRED_pct,         -nan
TARG_VP_INDIRECT_MISPRED_total_count,             0
TARG_VP_INDIRECT_MISPRED_total_pct,         -nan

TARG_VP_INDIRECT_NOPRED_count,             0
TARG_VP_INDIRECT_NOPRED_pct,         -nan
TARG_VP_INDIRECT_NOPRED_total_count,             0
TARG_VP_INDIRECT_NOPRED_total_pct,         -nan

TARG_VP_INDIRECT_CORRECT_count,             0
TARG_VP_INDIRECT_CORRECT_pct,         -nan
TARG_VP_INDIRECT_CORRECT_total_count,             0
TARG_VP_INDIRECT_CORRECT_total_pct,         -nan
TARG_VP_INDIRECT_CORRECT_sum_count,             0
TARG_VP_INDIRECT_CORRECT_sum_pct,         -nan
TARG_VP_INDIRECT_CORRECT_sum_total_count,             0
TARG_VP_INDIRECT_CORRECT_sum_total_pct,         -nan
TARG_VP_INDIRECT_CORRECT_mean,         -nan
TARG_VP_INDIRECT_CORRECT_stddev,         -nan
TARG_VP_INDIRECT_CORRECT_total_mean,         -nan
TARG_VP_INDIRECT_CORRECT_total_stddev,         -nan

CBR_ON_PATH_CORRECT_count,      12756554
CBR_ON_PATH_CORRECT_pct,       96.040
CBR_ON_PATH_CORRECT_total_count,      12756554
CBR_ON_PATH_CORRECT_total_pct,       96.040

CBR_ON_PATH_MISPREDICT_count,        526053
CBR_ON_PATH_MISPREDICT_pct,        3.960
CBR_ON_PATH_MISPREDICT_total_count,        526053
CBR_ON_PATH_MISPREDICT_total_pct,        3.960
CBR_ON_PATH_MISPREDICT_sum_count,      13282607
CBR_ON_PATH_MISPREDICT_sum_pct,      100.000
CBR_ON_PATH_MISPREDICT_sum_total_count,      13282607
CBR_ON_PATH_MISPREDICT_sum_total_pct,      100.000
CBR_ON_PATH_MISPREDICT_mean,         0.04
CBR_ON_PATH_MISPREDICT_stddev,         0.19
CBR_ON_PATH_MISPREDICT_total_mean,         0.04
CBR_ON_PATH_MISPREDICT_total_stddev,         0.19

CBR_OFF_PATH_CORRECT_count,      31049965
CBR_OFF_PATH_CORRECT_pct,       96.698
CBR_OFF_PATH_CORRECT_total_count,      31049965
CBR_OFF_PATH_CORRECT_total_pct,       96.698

CBR_OFF_PATH_MISPREDICT_count,       1060404
CBR_OFF_PATH_MISPREDICT_pct,        3.302
CBR_OFF_PATH_MISPREDICT_total_count,       1060404
CBR_OFF_PATH_MISPREDICT_total_pct,        3.302
CBR_OFF_PATH_MISPREDICT_sum_count,      32110369
CBR_OFF_PATH_MISPREDICT_sum_pct,      100.000
CBR_OFF_PATH_MISPREDICT_sum_total_count,      32110369
CBR_OFF_PATH_MISPREDICT_sum_total_pct,      100.000
CBR_OFF_PATH_MISPREDICT_mean,         0.03
CBR_OFF_PATH_MISPREDICT_stddev,         0.18
CBR_OFF_PATH_MISPREDICT_total_mean,         0.03
CBR_OFF_PATH_MISPREDICT_total_stddev,         0.18

CBR_ON_PATH_CORRECT_PER1000INST_count,      12756554
CBR_ON_PATH_CORRECT_PER1000INST_pct,      127.566
CBR_ON_PATH_CORRECT_PER1000INST_total_count,      12756554
CBR_ON_PATH_CORRECT_PER1000INST_total_pct,      127.566

CBR_ON_PATH_MISPREDICT_PER1000INST_count,        526053
CBR_ON_PATH_MISPREDICT_PER1000INST_pct,        5.261
CBR_ON_PATH_MISPREDICT_PER1000INST_total_count,        526053
CBR_ON_PATH_MISPREDICT_PER1000INST_total_pct,        5.261

PRED_TO_UPDATE_CYCLES_0_count,             0
PRED_TO_UPDATE_CYCLES_0_pct,         -nan
PRED_TO_UPDATE_CYCLES_0_total_count,             0
PRED_TO_UPDATE_CYCLES_0_total_pct,         -nan

PRED_TO_UPDATE_CYCLES_1_count,             0
PRED_TO_UPDATE_CYCLES_1_pct,         -nan
PRED_TO_UPDATE_CYCLES_1_total_count,             0
PRED_TO_UPDATE_CYCLES_1_total_pct,         -nan

PRED_TO_UPDATE_CYCLES_2_count,             0
PRED_TO_UPDATE_CYCLES_2_pct,         -nan
PRED_TO_UPDATE_CYCLES_2_total_count,             0
PRED_TO_UPDATE_CYCLES_2_total_pct,         -nan

PRED_TO_UPDATE_CYCLES_3_count,             0
PRED_TO_UPDATE_CYCLES_3_pct,         -nan
PRED_TO_UPDATE_CYCLES_3_total_count,             0
PRED_TO_UPDATE_CYCLES_3_total_pct,         -nan

PRED_TO_UPDATE_CYCLES_4_count,             0
PRED_TO_UPDATE_CYCLES_4_pct,         -nan
PRED_TO_UPDATE_CYCLES_4_total_count,             0
PRED_TO_UPDATE_CYCLES_4_total_pct,         -nan

PRED_TO_UPDATE_CYCLES_5_count,             0
PRED_TO_UPDATE_CYCLES_5_pct,         -nan
PRED_TO_UPDATE_CYCLES_5_total_count,             0
PRED_TO_UPDATE_CYCLES_5_total_pct,         -nan

PRED_TO_UPDATE_CYCLES_6_count,             0
PRED_TO_UPDATE_CYCLES_6_pct,         -nan
PRED_TO_UPDATE_CYCLES_6_total_count,             0
PRED_TO_UPDATE_CYCLES_6_total_pct,         -nan

PRED_TO_UPDATE_CYCLES_7_count,             0
PRED_TO_UPDATE_CYCLES_7_pct,         -nan
PRED_TO_UPDATE_CYCLES_7_total_count,             0
PRED_TO_UPDATE_CYCLES_7_total_pct,         -nan

PRED_TO_UPDATE_CYCLES_8_count,             0
PRED_TO_UPDATE_CYCLES_8_pct,         -nan
PRED_TO_UPDATE_CYCLES_8_total_count,             0
PRED_TO_UPDATE_CYCLES_8_total_pct,         -nan

PRED_TO_UPDATE_CYCLES_9_count,             0
PRED_TO_UPDATE_CYCLES_9_pct,         -nan
PRED_TO_UPDATE_CYCLES_9_total_count,             0
PRED_TO_UPDATE_CYCLES_9_total_pct,         -nan

PRED_TO_UPDATE_CYCLES_10_count,             0
PRED_TO_UPDATE_CYCLES_10_pct,         -nan
PRED_TO_UPDATE_CYCLES_10_total_count,             0
PRED_TO_UPDATE_CYCLES_10_total_pct,         -nan

PRED_TO_UPDATE_CYCLES_11_count,             0
PRED_TO_UPDATE_CYCLES_11_pct,         -nan
PRED_TO_UPDATE_CYCLES_11_total_count,             0
PRED_TO_UPDATE_CYCLES_11_total_pct,         -nan

PRED_TO_UPDATE_CYCLES_12_count,             0
PRED_TO_UPDATE_CYCLES_12_pct,         -nan
PRED_TO_UPDATE_CYCLES_12_total_count,             0
PRED_TO_UPDATE_CYCLES_12_total_pct,         -nan

PRED_TO_UPDATE_CYCLES_13_count,             0
PRED_TO_UPDATE_CYCLES_13_pct,         -nan
PRED_TO_UPDATE_CYCLES_13_total_count,             0
PRED_TO_UPDATE_CYCLES_13_total_pct,         -nan

PRED_TO_UPDATE_CYCLES_14_count,             0
PRED_TO_UPDATE_CYCLES_14_pct,         -nan
PRED_TO_UPDATE_CYCLES_14_total_count,             0
PRED_TO_UPDATE_CYCLES_14_total_pct,         -nan

PRED_TO_UPDATE_CYCLES_15_count,             0
PRED_TO_UPDATE_CYCLES_15_pct,         -nan
PRED_TO_UPDATE_CYCLES_15_total_count,             0
PRED_TO_UPDATE_CYCLES_15_total_pct,         -nan

PRED_TO_UPDATE_CYCLES_16_count,             0
PRED_TO_UPDATE_CYCLES_16_pct,         -nan
PRED_TO_UPDATE_CYCLES_16_total_count,             0
PRED_TO_UPDATE_CYCLES_16_total_pct,         -nan

PRED_TO_UPDATE_CYCLES_17_count,             0
PRED_TO_UPDATE_CYCLES_17_pct,         -nan
PRED_TO_UPDATE_CYCLES_17_total_count,             0
PRED_TO_UPDATE_CYCLES_17_total_pct,         -nan

PRED_TO_UPDATE_CYCLES_18_count,             0
PRED_TO_UPDATE_CYCLES_18_pct,         -nan
PRED_TO_UPDATE_CYCLES_18_total_count,             0
PRED_TO_UPDATE_CYCLES_18_total_pct,         -nan

PRED_TO_UPDATE_CYCLES_19_count,             0
PRED_TO_UPDATE_CYCLES_19_pct,         -nan
PRED_TO_UPDATE_CYCLES_19_total_count,             0
PRED_TO_UPDATE_CYCLES_19_total_pct,         -nan

PRED_TO_UPDATE_CYCLES_20_count,             0
PRED_TO_UPDATE_CYCLES_20_pct,         -nan
PRED_TO_UPDATE_CYCLES_20_total_count,             0
PRED_TO_UPDATE_CYCLES_20_total_pct,         -nan

PRED_TO_UPDATE_CYCLES_21_count,             0
PRED_TO_UPDATE_CYCLES_21_pct,         -nan
PRED_TO_UPDATE_CYCLES_21_total_count,             0
PRED_TO_UPDATE_CYCLES_21_total_pct,         -nan

PRED_TO_UPDATE_CYCLES_22_count,             0
PRED_TO_UPDATE_CYCLES_22_pct,         -nan
PRED_TO_UPDATE_CYCLES_22_total_count,             0
PRED_TO_UPDATE_CYCLES_22_total_pct,         -nan

PRED_TO_UPDATE_CYCLES_23_count,             0
PRED_TO_UPDATE_CYCLES_23_pct,         -nan
PRED_TO_UPDATE_CYCLES_23_total_count,             0
PRED_TO_UPDATE_CYCLES_23_total_pct,         -nan

PRED_TO_UPDATE_CYCLES_24_count,             0
PRED_TO_UPDATE_CYCLES_24_pct,         -nan
PRED_TO_UPDATE_CYCLES_24_total_count,             0
PRED_TO_UPDATE_CYCLES_24_total_pct,         -nan

PRED_TO_UPDATE_CYCLES_25_count,             0
PRED_TO_UPDATE_CYCLES_25_pct,         -nan
PRED_TO_UPDATE_CYCLES_25_total_count,             0
PRED_TO_UPDATE_CYCLES_25_total_pct,         -nan

PRED_TO_UPDATE_CYCLES_26_count,             0
PRED_TO_UPDATE_CYCLES_26_pct,         -nan
PRED_TO_UPDATE_CYCLES_26_total_count,             0
PRED_TO_UPDATE_CYCLES_26_total_pct,         -nan

PRED_TO_UPDATE_CYCLES_27_count,             0
PRED_TO_UPDATE_CYCLES_27_pct,         -nan
PRED_TO_UPDATE_CYCLES_27_total_count,             0
PRED_TO_UPDATE_CYCLES_27_total_pct,         -nan

PRED_TO_UPDATE_CYCLES_28_count,             0
PRED_TO_UPDATE_CYCLES_28_pct,         -nan
PRED_TO_UPDATE_CYCLES_28_total_count,             0
PRED_TO_UPDATE_CYCLES_28_total_pct,         -nan

PRED_TO_UPDATE_CYCLES_29_count,             0
PRED_TO_UPDATE_CYCLES_29_pct,         -nan
PRED_TO_UPDATE_CYCLES_29_total_count,             0
PRED_TO_UPDATE_CYCLES_29_total_pct,         -nan

PRED_TO_UPDATE_CYCLES_30_count,             0
PRED_TO_UPDATE_CYCLES_30_pct,         -nan
PRED_TO_UPDATE_CYCLES_30_total_count,             0
PRED_TO_UPDATE_CYCLES_30_total_pct,         -nan
PRED_TO_UPDATE_CYCLES_30_sum_count,             0
PRED_TO_UPDATE_CYCLES_30_sum_pct,         -nan
PRED_TO_UPDATE_CYCLES_30_sum_total_count,             0
PRED_TO_UPDATE_CYCLES_30_sum_total_pct,         -nan
PRED_TO_UPDATE_CYCLES_30_mean,         -nan
PRED_TO_UPDATE_CYCLES_30_stddev,         -nan
PRED_TO_UPDATE_CYCLES_30_total_mean,         -nan
PRED_TO_UPDATE_CYCLES_30_total_stddev,         -nan

BP_CORRECTED_count,             0
BP_CORRECTED_pct,         -nan
BP_CORRECTED_total_count,             0
BP_CORRECTED_total_pct,         -nan

BP_NOT_CORRECTED_count,             0
BP_NOT_CORRECTED_pct,         -nan
BP_NOT_CORRECTED_total_count,             0
BP_NOT_CORRECTED_total_pct,         -nan
BP_NOT_CORRECTED_sum_count,             0
BP_NOT_CORRECTED_sum_pct,         -nan
BP_NOT_CORRECTED_sum_total_count,             0
BP_NOT_CORRECTED_sum_total_pct,         -nan
BP_NOT_CORRECTED_mean,         -nan
BP_NOT_CORRECTED_stddev,         -nan
BP_NOT_CORRECTED_total_mean,         -nan
BP_NOT_CORRECTED_total_stddev,         -nan

TARG_CORRECTED_count,             0
TARG_CORRECTED_pct,         -nan
TARG_CORRECTED_total_count,             0
TARG_CORRECTED_total_pct,         -nan

TARG_NOT_CORRECTED_count,             0
TARG_NOT_CORRECTED_pct,         -nan
TARG_NOT_CORRECTED_total_count,             0
TARG_NOT_CORRECTED_total_pct,         -nan
TARG_NOT_CORRECTED_sum_count,             0
TARG_NOT_CORRECTED_sum_pct,         -nan
TARG_NOT_CORRECTED_sum_total_count,             0
TARG_NOT_CORRECTED_sum_total_pct,         -nan
TARG_NOT_CORRECTED_mean,         -nan
TARG_NOT_CORRECTED_stddev,         -nan
TARG_NOT_CORRECTED_total_mean,         -nan
TARG_NOT_CORRECTED_total_stddev,         -nan

BP_MISP_PENALTY_count,      16846607
BP_MISP_PENALTY_total_count,      16846607

BP_ON_PATH_CONF_MISPRED_count,             0
BP_ON_PATH_CONF_MISPRED_pct,         -nan
BP_ON_PATH_CONF_MISPRED_total_count,             0
BP_ON_PATH_CONF_MISPRED_total_pct,         -nan

BP_ON_PATH_CONF_CORRECT_count,             0
BP_ON_PATH_CONF_CORRECT_pct,         -nan
BP_ON_PATH_CONF_CORRECT_total_count,             0
BP_ON_PATH_CONF_CORRECT_total_pct,         -nan
BP_ON_PATH_CONF_CORRECT_sum_count,             0
BP_ON_PATH_CONF_CORRECT_sum_pct,         -nan
BP_ON_PATH_CONF_CORRECT_sum_total_count,             0
BP_ON_PATH_CONF_CORRECT_sum_total_pct,         -nan
BP_ON_PATH_CONF_CORRECT_mean,         -nan
BP_ON_PATH_CONF_CORRECT_stddev,         -nan
BP_ON_PATH_CONF_CORRECT_total_mean,         -nan
BP_ON_PATH_CONF_CORRECT_total_stddev,         -nan

BP_OFF_PATH_CONF_MISPRED_count,             0
BP_OFF_PATH_CONF_MISPRED_pct,         -nan
BP_OFF_PATH_CONF_MISPRED_total_count,             0
BP_OFF_PATH_CONF_MISPRED_total_pct,         -nan

BP_OFF_PATH_CONF_CORRECT_count,             0
BP_OFF_PATH_CONF_CORRECT_pct,         -nan
BP_OFF_PATH_CONF_CORRECT_total_count,             0
BP_OFF_PATH_CONF_CORRECT_total_pct,         -nan
BP_OFF_PATH_CONF_CORRECT_sum_count,             0
BP_OFF_PATH_CONF_CORRECT_sum_pct,         -nan
BP_OFF_PATH_CONF_CORRECT_sum_total_count,             0
BP_OFF_PATH_CONF_CORRECT_sum_total_pct,         -nan
BP_OFF_PATH_CONF_CORRECT_mean,         -nan
BP_OFF_PATH_CONF_CORRECT_stddev,         -nan
BP_OFF_PATH_CONF_CORRECT_total_mean,         -nan
BP_OFF_PATH_CONF_CORRECT_total_stddev,         -nan

BP_ON_PATH_PRED_MIS_CONF_MISPRED_count,             0
BP_ON_PATH_PRED_MIS_CONF_MISPRED_pct,         -nan
BP_ON_PATH_PRED_MIS_CONF_MISPRED_total_count,             0
BP_ON_PATH_PRED_MIS_CONF_MISPRED_total_pct,         -nan

BP_ON_PATH_PRED_MIS_CONF_CORRECT_count,             0
BP_ON_PATH_PRED_MIS_CONF_CORRECT_pct,         -nan
BP_ON_PATH_PRED_MIS_CONF_CORRECT_total_count,             0
BP_ON_PATH_PRED_MIS_CONF_CORRECT_total_pct,         -nan
BP_ON_PATH_PRED_MIS_CONF_CORRECT_sum_count,             0
BP_ON_PATH_PRED_MIS_CONF_CORRECT_sum_pct,         -nan
BP_ON_PATH_PRED_MIS_CONF_CORRECT_sum_total_count,             0
BP_ON_PATH_PRED_MIS_CONF_CORRECT_sum_total_pct,         -nan
BP_ON_PATH_PRED_MIS_CONF_CORRECT_mean,         -nan
BP_ON_PATH_PRED_MIS_CONF_CORRECT_stddev,         -nan
BP_ON_PATH_PRED_MIS_CONF_CORRECT_total_mean,         -nan
BP_ON_PATH_PRED_MIS_CONF_CORRECT_total_stddev,         -nan

BP_ON_PATH_PRED_COR_CONF_MISPRED_count,             0
BP_ON_PATH_PRED_COR_CONF_MISPRED_pct,         -nan
BP_ON_PATH_PRED_COR_CONF_MISPRED_total_count,             0
BP_ON_PATH_PRED_COR_CONF_MISPRED_total_pct,         -nan

BP_ON_PATH_PRED_COR_CONF_CORRECT_count,             0
BP_ON_PATH_PRED_COR_CONF_CORRECT_pct,         -nan
BP_ON_PATH_PRED_COR_CONF_CORRECT_total_count,             0
BP_ON_PATH_PRED_COR_CONF_CORRECT_total_pct,         -nan
BP_ON_PATH_PRED_COR_CONF_CORRECT_sum_count,             0
BP_ON_PATH_PRED_COR_CONF_CORRECT_sum_pct,         -nan
BP_ON_PATH_PRED_COR_CONF_CORRECT_sum_total_count,             0
BP_ON_PATH_PRED_COR_CONF_CORRECT_sum_total_pct,         -nan
BP_ON_PATH_PRED_COR_CONF_CORRECT_mean,         -nan
BP_ON_PATH_PRED_COR_CONF_CORRECT_stddev,         -nan
BP_ON_PATH_PRED_COR_CONF_CORRECT_total_mean,         -nan
BP_ON_PATH_PRED_COR_CONF_CORRECT_total_stddev,         -nan

BP_OFF_PATH_PRED_MIS_CONF_MISPRED_count,             0
BP_OFF_PATH_PRED_MIS_CONF_MISPRED_pct,         -nan
BP_OFF_PATH_PRED_MIS_CONF_MISPRED_total_count,             0
BP_OFF_PATH_PRED_MIS_CONF_MISPRED_total_pct,         -nan

BP_OFF_PATH_PRED_MIS_CONF_CORRECT_count,             0
BP_OFF_PATH_PRED_MIS_CONF_CORRECT_pct,         -nan
BP_OFF_PATH_PRED_MIS_CONF_CORRECT_total_count,             0
BP_OFF_PATH_PRED_MIS_CONF_CORRECT_total_pct,         -nan
BP_OFF_PATH_PRED_MIS_CONF_CORRECT_sum_count,             0
BP_OFF_PATH_PRED_MIS_CONF_CORRECT_sum_pct,         -nan
BP_OFF_PATH_PRED_MIS_CONF_CORRECT_sum_total_count,             0
BP_OFF_PATH_PRED_MIS_CONF_CORRECT_sum_total_pct,         -nan
BP_OFF_PATH_PRED_MIS_CONF_CORRECT_mean,         -nan
BP_OFF_PATH_PRED_MIS_CONF_CORRECT_stddev,         -nan
BP_OFF_PATH_PRED_MIS_CONF_CORRECT_total_mean,         -nan
BP_OFF_PATH_PRED_MIS_CONF_CORRECT_total_stddev,         -nan

BP_OFF_PATH_PRED_COR_CONF_MISPRED_count,             0
BP_OFF_PATH_PRED_COR_CONF_MISPRED_pct,         -nan
BP_OFF_PATH_PRED_COR_CONF_MISPRED_total_count,             0
BP_OFF_PATH_PRED_COR_CONF_MISPRED_total_pct,         -nan

BP_OFF_PATH_PRED_COR_CONF_CORRECT_count,             0
BP_OFF_PATH_PRED_COR_CONF_CORRECT_pct,         -nan
BP_OFF_PATH_PRED_COR_CONF_CORRECT_total_count,             0
BP_OFF_PATH_PRED_COR_CONF_CORRECT_total_pct,         -nan
BP_OFF_PATH_PRED_COR_CONF_CORRECT_sum_count,             0
BP_OFF_PATH_PRED_COR_CONF_CORRECT_sum_pct,         -nan
BP_OFF_PATH_PRED_COR_CONF_CORRECT_sum_total_count,             0
BP_OFF_PATH_PRED_COR_CONF_CORRECT_sum_total_pct,         -nan
BP_OFF_PATH_PRED_COR_CONF_CORRECT_mean,         -nan
BP_OFF_PATH_PRED_COR_CONF_CORRECT_stddev,         -nan
BP_OFF_PATH_PRED_COR_CONF_CORRECT_total_mean,         -nan
BP_OFF_PATH_PRED_COR_CONF_CORRECT_total_stddev,         -nan

ONPATH_CONF_MISPRED_count,             0
ONPATH_CONF_MISPRED_pct,         -nan
ONPATH_CONF_MISPRED_total_count,             0
ONPATH_CONF_MISPRED_total_pct,         -nan

ONPATH_CONF_CORRECT_count,             0
ONPATH_CONF_CORRECT_pct,         -nan
ONPATH_CONF_CORRECT_total_count,             0
ONPATH_CONF_CORRECT_total_pct,         -nan
ONPATH_CONF_CORRECT_sum_count,             0
ONPATH_CONF_CORRECT_sum_pct,         -nan
ONPATH_CONF_CORRECT_sum_total_count,             0
ONPATH_CONF_CORRECT_sum_total_pct,         -nan
ONPATH_CONF_CORRECT_mean,         -nan
ONPATH_CONF_CORRECT_stddev,         -nan
ONPATH_CONF_CORRECT_total_mean,         -nan
ONPATH_CONF_CORRECT_total_stddev,         -nan

ONPATH_ON_PATH_CONF_MISPRED_count,             0
ONPATH_ON_PATH_CONF_MISPRED_pct,         -nan
ONPATH_ON_PATH_CONF_MISPRED_total_count,             0
ONPATH_ON_PATH_CONF_MISPRED_total_pct,         -nan

ONPATH_ON_PATH_CONF_CORRECT_count,             0
ONPATH_ON_PATH_CONF_CORRECT_pct,         -nan
ONPATH_ON_PATH_CONF_CORRECT_total_count,             0
ONPATH_ON_PATH_CONF_CORRECT_total_pct,         -nan
ONPATH_ON_PATH_CONF_CORRECT_sum_count,             0
ONPATH_ON_PATH_CONF_CORRECT_sum_pct,         -nan
ONPATH_ON_PATH_CONF_CORRECT_sum_total_count,             0
ONPATH_ON_PATH_CONF_CORRECT_sum_total_pct,         -nan
ONPATH_ON_PATH_CONF_CORRECT_mean,         -nan
ONPATH_ON_PATH_CONF_CORRECT_stddev,         -nan
ONPATH_ON_PATH_CONF_CORRECT_total_mean,         -nan
ONPATH_ON_PATH_CONF_CORRECT_total_stddev,         -nan

ONPATH_OFF_PATH_CONF_MISPRED_count,             0
ONPATH_OFF_PATH_CONF_MISPRED_pct,         -nan
ONPATH_OFF_PATH_CONF_MISPRED_total_count,             0
ONPATH_OFF_PATH_CONF_MISPRED_total_pct,         -nan

ONPATH_OFF_PATH_CONF_CORRECT_count,             0
ONPATH_OFF_PATH_CONF_CORRECT_pct,         -nan
ONPATH_OFF_PATH_CONF_CORRECT_total_count,             0
ONPATH_OFF_PATH_CONF_CORRECT_total_pct,         -nan
ONPATH_OFF_PATH_CONF_CORRECT_sum_count,             0
ONPATH_OFF_PATH_CONF_CORRECT_sum_pct,         -nan
ONPATH_OFF_PATH_CONF_CORRECT_sum_total_count,             0
ONPATH_OFF_PATH_CONF_CORRECT_sum_total_pct,         -nan
ONPATH_OFF_PATH_CONF_CORRECT_mean,         -nan
ONPATH_OFF_PATH_CONF_CORRECT_stddev,         -nan
ONPATH_OFF_PATH_CONF_CORRECT_total_mean,         -nan
ONPATH_OFF_PATH_CONF_CORRECT_total_stddev,         -nan

PRED_ONPATH_CONF_MISPRED_count,             0
PRED_ONPATH_CONF_MISPRED_pct,         -nan
PRED_ONPATH_CONF_MISPRED_total_count,             0
PRED_ONPATH_CONF_MISPRED_total_pct,         -nan

PRED_ONPATH_CONF_CORRECT_count,             0
PRED_ONPATH_CONF_CORRECT_pct,         -nan
PRED_ONPATH_CONF_CORRECT_total_count,             0
PRED_ONPATH_CONF_CORRECT_total_pct,         -nan
PRED_ONPATH_CONF_CORRECT_sum_count,             0
PRED_ONPATH_CONF_CORRECT_sum_pct,         -nan
PRED_ONPATH_CONF_CORRECT_sum_total_count,             0
PRED_ONPATH_CONF_CORRECT_sum_total_pct,         -nan
PRED_ONPATH_CONF_CORRECT_mean,         -nan
PRED_ONPATH_CONF_CORRECT_stddev,         -nan
PRED_ONPATH_CONF_CORRECT_total_mean,         -nan
PRED_ONPATH_CONF_CORRECT_total_stddev,         -nan

PRED_OFFPATH_CONF_MISPRED_count,             0
PRED_OFFPATH_CONF_MISPRED_pct,         -nan
PRED_OFFPATH_CONF_MISPRED_total_count,             0
PRED_OFFPATH_CONF_MISPRED_total_pct,         -nan

PRED_OFFPATH_CONF_CORRECT_count,             0
PRED_OFFPATH_CONF_CORRECT_pct,         -nan
PRED_OFFPATH_CONF_CORRECT_total_count,             0
PRED_OFFPATH_CONF_CORRECT_total_pct,         -nan
PRED_OFFPATH_CONF_CORRECT_sum_count,             0
PRED_OFFPATH_CONF_CORRECT_sum_pct,         -nan
PRED_OFFPATH_CONF_CORRECT_sum_total_count,             0
PRED_OFFPATH_CONF_CORRECT_sum_total_pct,         -nan
PRED_OFFPATH_CONF_CORRECT_mean,         -nan
PRED_OFFPATH_CONF_CORRECT_stddev,         -nan
PRED_OFFPATH_CONF_CORRECT_total_mean,         -nan
PRED_OFFPATH_CONF_CORRECT_total_stddev,         -nan

LONG_OVWT_MIS_count,             0
LONG_OVWT_MIS_pct,         -nan
LONG_OVWT_MIS_total_count,             0
LONG_OVWT_MIS_total_pct,         -nan

LONG_OVWT_COR_count,             0
LONG_OVWT_COR_pct,         -nan
LONG_OVWT_COR_total_count,             0
LONG_OVWT_COR_total_pct,         -nan
LONG_OVWT_COR_sum_count,             0
LONG_OVWT_COR_sum_pct,         -nan
LONG_OVWT_COR_sum_total_count,             0
LONG_OVWT_COR_sum_total_pct,         -nan
LONG_OVWT_COR_mean,         -nan
LONG_OVWT_COR_stddev,         -nan
LONG_OVWT_COR_total_mean,         -nan
LONG_OVWT_COR_total_stddev,         -nan

OPC_LENGTH_0_7_MIS_count,             0
OPC_LENGTH_0_7_MIS_pct,         -nan
OPC_LENGTH_0_7_MIS_total_count,             0
OPC_LENGTH_0_7_MIS_total_pct,         -nan

OPC_LENGTH_0_7_COR_count,             0
OPC_LENGTH_0_7_COR_pct,         -nan
OPC_LENGTH_0_7_COR_total_count,             0
OPC_LENGTH_0_7_COR_total_pct,         -nan
OPC_LENGTH_0_7_COR_sum_count,             0
OPC_LENGTH_0_7_COR_sum_pct,         -nan
OPC_LENGTH_0_7_COR_sum_total_count,             0
OPC_LENGTH_0_7_COR_sum_total_pct,         -nan
OPC_LENGTH_0_7_COR_mean,         -nan
OPC_LENGTH_0_7_COR_stddev,         -nan
OPC_LENGTH_0_7_COR_total_mean,         -nan
OPC_LENGTH_0_7_COR_total_stddev,         -nan

OPC_LENGTH_8_15_MIS_count,             0
OPC_LENGTH_8_15_MIS_pct,         -nan
OPC_LENGTH_8_15_MIS_total_count,             0
OPC_LENGTH_8_15_MIS_total_pct,         -nan

OPC_LENGTH_8_15_COR_count,             0
OPC_LENGTH_8_15_COR_pct,         -nan
OPC_LENGTH_8_15_COR_total_count,             0
OPC_LENGTH_8_15_COR_total_pct,         -nan
OPC_LENGTH_8_15_COR_sum_count,             0
OPC_LENGTH_8_15_COR_sum_pct,         -nan
OPC_LENGTH_8_15_COR_sum_total_count,             0
OPC_LENGTH_8_15_COR_sum_total_pct,         -nan
OPC_LENGTH_8_15_COR_mean,         -nan
OPC_LENGTH_8_15_COR_stddev,         -nan
OPC_LENGTH_8_15_COR_total_mean,         -nan
OPC_LENGTH_8_15_COR_total_stddev,         -nan

OPC_LENGTH_16_23_MIS_count,             0
OPC_LENGTH_16_23_MIS_pct,         -nan
OPC_LENGTH_16_23_MIS_total_count,             0
OPC_LENGTH_16_23_MIS_total_pct,         -nan

OPC_LENGTH_16_23_COR_count,             0
OPC_LENGTH_16_23_COR_pct,         -nan
OPC_LENGTH_16_23_COR_total_count,             0
OPC_LENGTH_16_23_COR_total_pct,         -nan
OPC_LENGTH_16_23_COR_sum_count,             0
OPC_LENGTH_16_23_COR_sum_pct,         -nan
OPC_LENGTH_16_23_COR_sum_total_count,             0
OPC_LENGTH_16_23_COR_sum_total_pct,         -nan
OPC_LENGTH_16_23_COR_mean,         -nan
OPC_LENGTH_16_23_COR_stddev,         -nan
OPC_LENGTH_16_23_COR_total_mean,         -nan
OPC_LENGTH_16_23_COR_total_stddev,         -nan

OPC_LENGTH_24_31_MIS_count,             0
OPC_LENGTH_24_31_MIS_pct,         -nan
OPC_LENGTH_24_31_MIS_total_count,             0
OPC_LENGTH_24_31_MIS_total_pct,         -nan

OPC_LENGTH_24_31_COR_count,             0
OPC_LENGTH_24_31_COR_pct,         -nan
OPC_LENGTH_24_31_COR_total_count,             0
OPC_LENGTH_24_31_COR_total_pct,         -nan
OPC_LENGTH_24_31_COR_sum_count,             0
OPC_LENGTH_24_31_COR_sum_pct,         -nan
OPC_LENGTH_24_31_COR_sum_total_count,             0
OPC_LENGTH_24_31_COR_sum_total_pct,         -nan
OPC_LENGTH_24_31_COR_mean,         -nan
OPC_LENGTH_24_31_COR_stddev,         -nan
OPC_LENGTH_24_31_COR_total_mean,         -nan
OPC_LENGTH_24_31_COR_total_stddev,         -nan

OPC_LENGTH_32_39_MIS_count,             0
OPC_LENGTH_32_39_MIS_pct,         -nan
OPC_LENGTH_32_39_MIS_total_count,             0
OPC_LENGTH_32_39_MIS_total_pct,         -nan

OPC_LENGTH_32_39_COR_count,             0
OPC_LENGTH_32_39_COR_pct,         -nan
OPC_LENGTH_32_39_COR_total_count,             0
OPC_LENGTH_32_39_COR_total_pct,         -nan
OPC_LENGTH_32_39_COR_sum_count,             0
OPC_LENGTH_32_39_COR_sum_pct,         -nan
OPC_LENGTH_32_39_COR_sum_total_count,             0
OPC_LENGTH_32_39_COR_sum_total_pct,         -nan
OPC_LENGTH_32_39_COR_mean,         -nan
OPC_LENGTH_32_39_COR_stddev,         -nan
OPC_LENGTH_32_39_COR_total_mean,         -nan
OPC_LENGTH_32_39_COR_total_stddev,         -nan

OPC_LENGTH_40_47_MIS_count,             0
OPC_LENGTH_40_47_MIS_pct,         -nan
OPC_LENGTH_40_47_MIS_total_count,             0
OPC_LENGTH_40_47_MIS_total_pct,         -nan

OPC_LENGTH_40_47_COR_count,             0
OPC_LENGTH_40_47_COR_pct,         -nan
OPC_LENGTH_40_47_COR_total_count,             0
OPC_LENGTH_40_47_COR_total_pct,         -nan
OPC_LENGTH_40_47_COR_sum_count,             0
OPC_LENGTH_40_47_COR_sum_pct,         -nan
OPC_LENGTH_40_47_COR_sum_total_count,             0
OPC_LENGTH_40_47_COR_sum_total_pct,         -nan
OPC_LENGTH_40_47_COR_mean,         -nan
OPC_LENGTH_40_47_COR_stddev,         -nan
OPC_LENGTH_40_47_COR_total_mean,         -nan
OPC_LENGTH_40_47_COR_total_stddev,         -nan

OPC_LENGTH_48_55_MIS_count,             0
OPC_LENGTH_48_55_MIS_pct,         -nan
OPC_LENGTH_48_55_MIS_total_count,             0
OPC_LENGTH_48_55_MIS_total_pct,         -nan

OPC_LENGTH_48_55_COR_count,             0
OPC_LENGTH_48_55_COR_pct,         -nan
OPC_LENGTH_48_55_COR_total_count,             0
OPC_LENGTH_48_55_COR_total_pct,         -nan
OPC_LENGTH_48_55_COR_sum_count,             0
OPC_LENGTH_48_55_COR_sum_pct,         -nan
OPC_LENGTH_48_55_COR_sum_total_count,             0
OPC_LENGTH_48_55_COR_sum_total_pct,         -nan
OPC_LENGTH_48_55_COR_mean,         -nan
OPC_LENGTH_48_55_COR_stddev,         -nan
OPC_LENGTH_48_55_COR_total_mean,         -nan
OPC_LENGTH_48_55_COR_total_stddev,         -nan

OPC_LENGTH_56_63_MIS_count,             0
OPC_LENGTH_56_63_MIS_pct,         -nan
OPC_LENGTH_56_63_MIS_total_count,             0
OPC_LENGTH_56_63_MIS_total_pct,         -nan

OPC_LENGTH_56_63_COR_count,             0
OPC_LENGTH_56_63_COR_pct,         -nan
OPC_LENGTH_56_63_COR_total_count,             0
OPC_LENGTH_56_63_COR_total_pct,         -nan
OPC_LENGTH_56_63_COR_sum_count,             0
OPC_LENGTH_56_63_COR_sum_pct,         -nan
OPC_LENGTH_56_63_COR_sum_total_count,             0
OPC_LENGTH_56_63_COR_sum_total_pct,         -nan
OPC_LENGTH_56_63_COR_mean,         -nan
OPC_LENGTH_56_63_COR_stddev,         -nan
OPC_LENGTH_56_63_COR_total_mean,         -nan
OPC_LENGTH_56_63_COR_total_stddev,         -nan

OPC_LENGTH_64_71_MIS_count,             0
OPC_LENGTH_64_71_MIS_pct,         -nan
OPC_LENGTH_64_71_MIS_total_count,             0
OPC_LENGTH_64_71_MIS_total_pct,         -nan

OPC_LENGTH_64_71_COR_count,             0
OPC_LENGTH_64_71_COR_pct,         -nan
OPC_LENGTH_64_71_COR_total_count,             0
OPC_LENGTH_64_71_COR_total_pct,         -nan
OPC_LENGTH_64_71_COR_sum_count,             0
OPC_LENGTH_64_71_COR_sum_pct,         -nan
OPC_LENGTH_64_71_COR_sum_total_count,             0
OPC_LENGTH_64_71_COR_sum_total_pct,         -nan
OPC_LENGTH_64_71_COR_mean,         -nan
OPC_LENGTH_64_71_COR_stddev,         -nan
OPC_LENGTH_64_71_COR_total_mean,         -nan
OPC_LENGTH_64_71_COR_total_stddev,         -nan

OPC_LENGTH_72_79_MIS_count,             0
OPC_LENGTH_72_79_MIS_pct,         -nan
OPC_LENGTH_72_79_MIS_total_count,             0
OPC_LENGTH_72_79_MIS_total_pct,         -nan

OPC_LENGTH_72_79_COR_count,             0
OPC_LENGTH_72_79_COR_pct,         -nan
OPC_LENGTH_72_79_COR_total_count,             0
OPC_LENGTH_72_79_COR_total_pct,         -nan
OPC_LENGTH_72_79_COR_sum_count,             0
OPC_LENGTH_72_79_COR_sum_pct,         -nan
OPC_LENGTH_72_79_COR_sum_total_count,             0
OPC_LENGTH_72_79_COR_sum_total_pct,         -nan
OPC_LENGTH_72_79_COR_mean,         -nan
OPC_LENGTH_72_79_COR_stddev,         -nan
OPC_LENGTH_72_79_COR_total_mean,         -nan
OPC_LENGTH_72_79_COR_total_stddev,         -nan

OPC_LENGTH_80_MIS_count,             0
OPC_LENGTH_80_MIS_pct,         -nan
OPC_LENGTH_80_MIS_total_count,             0
OPC_LENGTH_80_MIS_total_pct,         -nan

OPC_LENGTH_80_COR_count,             0
OPC_LENGTH_80_COR_pct,         -nan
OPC_LENGTH_80_COR_total_count,             0
OPC_LENGTH_80_COR_total_pct,         -nan
OPC_LENGTH_80_COR_sum_count,             0
OPC_LENGTH_80_COR_sum_pct,         -nan
OPC_LENGTH_80_COR_sum_total_count,             0
OPC_LENGTH_80_COR_sum_total_pct,         -nan
OPC_LENGTH_80_COR_mean,         -nan
OPC_LENGTH_80_COR_stddev,         -nan
OPC_LENGTH_80_COR_total_mean,         -nan
OPC_LENGTH_80_COR_total_stddev,         -nan

ALL_ONES_MIS_count,             0
ALL_ONES_MIS_pct,         -nan
ALL_ONES_MIS_total_count,             0
ALL_ONES_MIS_total_pct,         -nan

ALL_ONES_COR_count,             0
ALL_ONES_COR_pct,         -nan
ALL_ONES_COR_total_count,             0
ALL_ONES_COR_total_pct,         -nan
ALL_ONES_COR_sum_count,             0
ALL_ONES_COR_sum_pct,         -nan
ALL_ONES_COR_sum_total_count,             0
ALL_ONES_COR_sum_total_pct,         -nan
ALL_ONES_COR_mean,         -nan
ALL_ONES_COR_stddev,         -nan
ALL_ONES_COR_total_mean,         -nan
ALL_ONES_COR_total_stddev,         -nan

FIRST_ONE_MIS_count,             0
FIRST_ONE_MIS_pct,         -nan
FIRST_ONE_MIS_total_count,             0
FIRST_ONE_MIS_total_pct,         -nan

FIRST_ONE_COR_count,             0
FIRST_ONE_COR_pct,         -nan
FIRST_ONE_COR_total_count,             0
FIRST_ONE_COR_total_pct,         -nan
FIRST_ONE_COR_sum_count,             0
FIRST_ONE_COR_sum_pct,         -nan
FIRST_ONE_COR_sum_total_count,             0
FIRST_ONE_COR_sum_total_pct,         -nan
FIRST_ONE_COR_mean,         -nan
FIRST_ONE_COR_stddev,         -nan
FIRST_ONE_COR_total_mean,         -nan
FIRST_ONE_COR_total_stddev,         -nan

ZEROS_0_1_MIS_count,             0
ZEROS_0_1_MIS_pct,         -nan
ZEROS_0_1_MIS_total_count,             0
ZEROS_0_1_MIS_total_pct,         -nan

ZEROS_0_1_COR_count,             0
ZEROS_0_1_COR_pct,         -nan
ZEROS_0_1_COR_total_count,             0
ZEROS_0_1_COR_total_pct,         -nan
ZEROS_0_1_COR_sum_count,             0
ZEROS_0_1_COR_sum_pct,         -nan
ZEROS_0_1_COR_sum_total_count,             0
ZEROS_0_1_COR_sum_total_pct,         -nan
ZEROS_0_1_COR_mean,         -nan
ZEROS_0_1_COR_stddev,         -nan
ZEROS_0_1_COR_total_mean,         -nan
ZEROS_0_1_COR_total_stddev,         -nan

ZEROS_2_3_MIS_count,             0
ZEROS_2_3_MIS_pct,         -nan
ZEROS_2_3_MIS_total_count,             0
ZEROS_2_3_MIS_total_pct,         -nan

ZEROS_2_3_COR_count,             0
ZEROS_2_3_COR_pct,         -nan
ZEROS_2_3_COR_total_count,             0
ZEROS_2_3_COR_total_pct,         -nan
ZEROS_2_3_COR_sum_count,             0
ZEROS_2_3_COR_sum_pct,         -nan
ZEROS_2_3_COR_sum_total_count,             0
ZEROS_2_3_COR_sum_total_pct,         -nan
ZEROS_2_3_COR_mean,         -nan
ZEROS_2_3_COR_stddev,         -nan
ZEROS_2_3_COR_total_mean,         -nan
ZEROS_2_3_COR_total_stddev,         -nan

ZEROS_4_5_MIS_count,             0
ZEROS_4_5_MIS_pct,         -nan
ZEROS_4_5_MIS_total_count,             0
ZEROS_4_5_MIS_total_pct,         -nan

ZEROS_4_5_COR_count,             0
ZEROS_4_5_COR_pct,         -nan
ZEROS_4_5_COR_total_count,             0
ZEROS_4_5_COR_total_pct,         -nan
ZEROS_4_5_COR_sum_count,             0
ZEROS_4_5_COR_sum_pct,         -nan
ZEROS_4_5_COR_sum_total_count,             0
ZEROS_4_5_COR_sum_total_pct,         -nan
ZEROS_4_5_COR_mean,         -nan
ZEROS_4_5_COR_stddev,         -nan
ZEROS_4_5_COR_total_mean,         -nan
ZEROS_4_5_COR_total_stddev,         -nan

ZEROS_6_7_MIS_count,             0
ZEROS_6_7_MIS_pct,         -nan
ZEROS_6_7_MIS_total_count,             0
ZEROS_6_7_MIS_total_pct,         -nan

ZEROS_6_7_COR_count,             0
ZEROS_6_7_COR_pct,         -nan
ZEROS_6_7_COR_total_count,             0
ZEROS_6_7_COR_total_pct,         -nan
ZEROS_6_7_COR_sum_count,             0
ZEROS_6_7_COR_sum_pct,         -nan
ZEROS_6_7_COR_sum_total_count,             0
ZEROS_6_7_COR_sum_total_pct,         -nan
ZEROS_6_7_COR_mean,         -nan
ZEROS_6_7_COR_stddev,         -nan
ZEROS_6_7_COR_total_mean,         -nan
ZEROS_6_7_COR_total_stddev,         -nan

ZEROS_8_9_MIS_count,             0
ZEROS_8_9_MIS_pct,         -nan
ZEROS_8_9_MIS_total_count,             0
ZEROS_8_9_MIS_total_pct,         -nan

ZEROS_8_9_COR_count,             0
ZEROS_8_9_COR_pct,         -nan
ZEROS_8_9_COR_total_count,             0
ZEROS_8_9_COR_total_pct,         -nan
ZEROS_8_9_COR_sum_count,             0
ZEROS_8_9_COR_sum_pct,         -nan
ZEROS_8_9_COR_sum_total_count,             0
ZEROS_8_9_COR_sum_total_pct,         -nan
ZEROS_8_9_COR_mean,         -nan
ZEROS_8_9_COR_stddev,         -nan
ZEROS_8_9_COR_total_mean,         -nan
ZEROS_8_9_COR_total_stddev,         -nan

ZEROS_10_11_MIS_count,             0
ZEROS_10_11_MIS_pct,         -nan
ZEROS_10_11_MIS_total_count,             0
ZEROS_10_11_MIS_total_pct,         -nan

ZEROS_10_11_COR_count,             0
ZEROS_10_11_COR_pct,         -nan
ZEROS_10_11_COR_total_count,             0
ZEROS_10_11_COR_total_pct,         -nan
ZEROS_10_11_COR_sum_count,             0
ZEROS_10_11_COR_sum_pct,         -nan
ZEROS_10_11_COR_sum_total_count,             0
ZEROS_10_11_COR_sum_total_pct,         -nan
ZEROS_10_11_COR_mean,         -nan
ZEROS_10_11_COR_stddev,         -nan
ZEROS_10_11_COR_total_mean,         -nan
ZEROS_10_11_COR_total_stddev,         -nan

ZEROS_12_13_MIS_count,             0
ZEROS_12_13_MIS_pct,         -nan
ZEROS_12_13_MIS_total_count,             0
ZEROS_12_13_MIS_total_pct,         -nan

ZEROS_12_13_COR_count,             0
ZEROS_12_13_COR_pct,         -nan
ZEROS_12_13_COR_total_count,             0
ZEROS_12_13_COR_total_pct,         -nan
ZEROS_12_13_COR_sum_count,             0
ZEROS_12_13_COR_sum_pct,         -nan
ZEROS_12_13_COR_sum_total_count,             0
ZEROS_12_13_COR_sum_total_pct,         -nan
ZEROS_12_13_COR_mean,         -nan
ZEROS_12_13_COR_stddev,         -nan
ZEROS_12_13_COR_total_mean,         -nan
ZEROS_12_13_COR_total_stddev,         -nan

ZEROS_14_15_MIS_count,             0
ZEROS_14_15_MIS_pct,         -nan
ZEROS_14_15_MIS_total_count,             0
ZEROS_14_15_MIS_total_pct,         -nan

ZEROS_14_15_COR_count,             0
ZEROS_14_15_COR_pct,         -nan
ZEROS_14_15_COR_total_count,             0
ZEROS_14_15_COR_total_pct,         -nan
ZEROS_14_15_COR_sum_count,             0
ZEROS_14_15_COR_sum_pct,         -nan
ZEROS_14_15_COR_sum_total_count,             0
ZEROS_14_15_COR_sum_total_pct,         -nan
ZEROS_14_15_COR_mean,         -nan
ZEROS_14_15_COR_stddev,         -nan
ZEROS_14_15_COR_total_mean,         -nan
ZEROS_14_15_COR_total_stddev,         -nan

ZEROS_16_MIS_count,             0
ZEROS_16_MIS_pct,         -nan
ZEROS_16_MIS_total_count,             0
ZEROS_16_MIS_total_pct,         -nan

ZEROS_16_COR_count,             0
ZEROS_16_COR_pct,         -nan
ZEROS_16_COR_total_count,             0
ZEROS_16_COR_total_pct,         -nan
ZEROS_16_COR_sum_count,             0
ZEROS_16_COR_sum_pct,         -nan
ZEROS_16_COR_sum_total_count,             0
ZEROS_16_COR_sum_total_pct,         -nan
ZEROS_16_COR_mean,         -nan
ZEROS_16_COR_stddev,         -nan
ZEROS_16_COR_total_mean,         -nan
ZEROS_16_COR_total_stddev,         -nan

GS2BC_GSHARE_count,             0
GS2BC_GSHARE_pct,         -nan
GS2BC_GSHARE_total_count,             0
GS2BC_GSHARE_total_pct,         -nan

GS2BC_2BC_count,             0
GS2BC_2BC_pct,         -nan
GS2BC_2BC_total_count,             0
GS2BC_2BC_total_pct,         -nan
GS2BC_2BC_sum_count,             0
GS2BC_2BC_sum_pct,         -nan
GS2BC_2BC_sum_total_count,             0
GS2BC_2BC_sum_total_pct,         -nan
GS2BC_2BC_mean,         -nan
GS2BC_2BC_stddev,         -nan
GS2BC_2BC_total_mean,         -nan
GS2BC_2BC_total_stddev,         -nan

GSKEW2BC_VOTE_count,             0
GSKEW2BC_VOTE_pct,         -nan
GSKEW2BC_VOTE_total_count,             0
GSKEW2BC_VOTE_total_pct,         -nan

GSKEW2BC_2BC_count,             0
GSKEW2BC_2BC_pct,         -nan
GSKEW2BC_2BC_total_count,             0
GSKEW2BC_2BC_total_pct,         -nan
GSKEW2BC_2BC_sum_count,             0
GSKEW2BC_2BC_sum_pct,         -nan
GSKEW2BC_2BC_sum_total_count,             0
GSKEW2BC_2BC_sum_total_pct,         -nan
GSKEW2BC_2BC_mean,         -nan
GSKEW2BC_2BC_stddev,         -nan
GSKEW2BC_2BC_total_mean,         -nan
GSKEW2BC_2BC_total_stddev,         -nan

FUTGSHARE_INIT_ON_PATH_CORRECT_count,             0
FUTGSHARE_INIT_ON_PATH_CORRECT_pct,         -nan
FUTGSHARE_INIT_ON_PATH_CORRECT_total_count,             0
FUTGSHARE_INIT_ON_PATH_CORRECT_total_pct,         -nan

FUTGSHARE_INIT_ON_PATH_MISPREDICT_count,             0
FUTGSHARE_INIT_ON_PATH_MISPREDICT_pct,         -nan
FUTGSHARE_INIT_ON_PATH_MISPREDICT_total_count,             0
FUTGSHARE_INIT_ON_PATH_MISPREDICT_total_pct,         -nan
FUTGSHARE_INIT_ON_PATH_MISPREDICT_sum_count,             0
FUTGSHARE_INIT_ON_PATH_MISPREDICT_sum_pct,         -nan
FUTGSHARE_INIT_ON_PATH_MISPREDICT_sum_total_count,             0
FUTGSHARE_INIT_ON_PATH_MISPREDICT_sum_total_pct,         -nan
FUTGSHARE_INIT_ON_PATH_MISPREDICT_mean,         -nan
FUTGSHARE_INIT_ON_PATH_MISPREDICT_stddev,         -nan
FUTGSHARE_INIT_ON_PATH_MISPREDICT_total_mean,         -nan
FUTGSHARE_INIT_ON_PATH_MISPREDICT_total_stddev,         -nan

FUTGSHARE_INIT_OFF_PATH_CORRECT_count,             0
FUTGSHARE_INIT_OFF_PATH_CORRECT_pct,         -nan
FUTGSHARE_INIT_OFF_PATH_CORRECT_total_count,             0
FUTGSHARE_INIT_OFF_PATH_CORRECT_total_pct,         -nan

FUTGSHARE_INIT_OFF_PATH_MISPREDICT_count,             0
FUTGSHARE_INIT_OFF_PATH_MISPREDICT_pct,         -nan
FUTGSHARE_INIT_OFF_PATH_MISPREDICT_total_count,             0
FUTGSHARE_INIT_OFF_PATH_MISPREDICT_total_pct,         -nan
FUTGSHARE_INIT_OFF_PATH_MISPREDICT_sum_count,             0
FUTGSHARE_INIT_OFF_PATH_MISPREDICT_sum_pct,         -nan
FUTGSHARE_INIT_OFF_PATH_MISPREDICT_sum_total_count,             0
FUTGSHARE_INIT_OFF_PATH_MISPREDICT_sum_total_pct,         -nan
FUTGSHARE_INIT_OFF_PATH_MISPREDICT_mean,         -nan
FUTGSHARE_INIT_OFF_PATH_MISPREDICT_stddev,         -nan
FUTGSHARE_INIT_OFF_PATH_MISPREDICT_total_mean,         -nan
FUTGSHARE_INIT_OFF_PATH_MISPREDICT_total_stddev,         -nan

FUTGSHARE_CHANGED_CORRECTED_ON_PATH_count,             0
FUTGSHARE_CHANGED_CORRECTED_ON_PATH_pct,         -nan
FUTGSHARE_CHANGED_CORRECTED_ON_PATH_total_count,             0
FUTGSHARE_CHANGED_CORRECTED_ON_PATH_total_pct,         -nan

FUTGSHARE_CHANGED_SCREWED_ON_PATH_count,             0
FUTGSHARE_CHANGED_SCREWED_ON_PATH_pct,         -nan
FUTGSHARE_CHANGED_SCREWED_ON_PATH_total_count,             0
FUTGSHARE_CHANGED_SCREWED_ON_PATH_total_pct,         -nan
FUTGSHARE_CHANGED_SCREWED_ON_PATH_sum_count,             0
FUTGSHARE_CHANGED_SCREWED_ON_PATH_sum_pct,         -nan
FUTGSHARE_CHANGED_SCREWED_ON_PATH_sum_total_count,             0
FUTGSHARE_CHANGED_SCREWED_ON_PATH_sum_total_pct,         -nan
FUTGSHARE_CHANGED_SCREWED_ON_PATH_mean,         -nan
FUTGSHARE_CHANGED_SCREWED_ON_PATH_stddev,         -nan
FUTGSHARE_CHANGED_SCREWED_ON_PATH_total_mean,         -nan
FUTGSHARE_CHANGED_SCREWED_ON_PATH_total_stddev,         -nan

FUTGSHARE_CHANGED_CORRECTED_OFF_PATH_count,             0
FUTGSHARE_CHANGED_CORRECTED_OFF_PATH_pct,         -nan
FUTGSHARE_CHANGED_CORRECTED_OFF_PATH_total_count,             0
FUTGSHARE_CHANGED_CORRECTED_OFF_PATH_total_pct,         -nan

FUTGSHARE_CHANGED_SCREWED_OFF_PATH_count,             0
FUTGSHARE_CHANGED_SCREWED_OFF_PATH_pct,         -nan
FUTGSHARE_CHANGED_SCREWED_OFF_PATH_total_count,             0
FUTGSHARE_CHANGED_SCREWED_OFF_PATH_total_pct,         -nan
FUTGSHARE_CHANGED_SCREWED_OFF_PATH_sum_count,             0
FUTGSHARE_CHANGED_SCREWED_OFF_PATH_sum_pct,         -nan
FUTGSHARE_CHANGED_SCREWED_OFF_PATH_sum_total_count,             0
FUTGSHARE_CHANGED_SCREWED_OFF_PATH_sum_total_pct,         -nan
FUTGSHARE_CHANGED_SCREWED_OFF_PATH_mean,         -nan
FUTGSHARE_CHANGED_SCREWED_OFF_PATH_stddev,         -nan
FUTGSHARE_CHANGED_SCREWED_OFF_PATH_total_mean,         -nan
FUTGSHARE_CHANGED_SCREWED_OFF_PATH_total_stddev,         -nan

FUTGSHARE_ORIG_CORRECT_FUT_CORRECT_ON_PATH_count,             0
FUTGSHARE_ORIG_CORRECT_FUT_CORRECT_ON_PATH_pct,         -nan
FUTGSHARE_ORIG_CORRECT_FUT_CORRECT_ON_PATH_total_count,             0
FUTGSHARE_ORIG_CORRECT_FUT_CORRECT_ON_PATH_total_pct,         -nan

FUTGSHARE_ORIG_MISPRED_FUT_CORRECT_ON_PATH_count,             0
FUTGSHARE_ORIG_MISPRED_FUT_CORRECT_ON_PATH_pct,         -nan
FUTGSHARE_ORIG_MISPRED_FUT_CORRECT_ON_PATH_total_count,             0
FUTGSHARE_ORIG_MISPRED_FUT_CORRECT_ON_PATH_total_pct,         -nan

FUTGSHARE_ORIG_CORRECT_FUT_MISPRED_ON_PATH_count,             0
FUTGSHARE_ORIG_CORRECT_FUT_MISPRED_ON_PATH_pct,         -nan
FUTGSHARE_ORIG_CORRECT_FUT_MISPRED_ON_PATH_total_count,             0
FUTGSHARE_ORIG_CORRECT_FUT_MISPRED_ON_PATH_total_pct,         -nan

FUTGSHARE_ORIG_MISPRED_FUT_MISPRED_ON_PATH_count,             0
FUTGSHARE_ORIG_MISPRED_FUT_MISPRED_ON_PATH_pct,         -nan
FUTGSHARE_ORIG_MISPRED_FUT_MISPRED_ON_PATH_total_count,             0
FUTGSHARE_ORIG_MISPRED_FUT_MISPRED_ON_PATH_total_pct,         -nan
FUTGSHARE_ORIG_MISPRED_FUT_MISPRED_ON_PATH_sum_count,             0
FUTGSHARE_ORIG_MISPRED_FUT_MISPRED_ON_PATH_sum_pct,         -nan
FUTGSHARE_ORIG_MISPRED_FUT_MISPRED_ON_PATH_sum_total_count,             0
FUTGSHARE_ORIG_MISPRED_FUT_MISPRED_ON_PATH_sum_total_pct,         -nan
FUTGSHARE_ORIG_MISPRED_FUT_MISPRED_ON_PATH_mean,         -nan
FUTGSHARE_ORIG_MISPRED_FUT_MISPRED_ON_PATH_stddev,         -nan
FUTGSHARE_ORIG_MISPRED_FUT_MISPRED_ON_PATH_total_mean,         -nan
FUTGSHARE_ORIG_MISPRED_FUT_MISPRED_ON_PATH_total_stddev,         -nan

FUTGSHARE_ORIG_CORRECT_FUT_CORRECT_OFF_PATH_count,             0
FUTGSHARE_ORIG_CORRECT_FUT_CORRECT_OFF_PATH_pct,         -nan
FUTGSHARE_ORIG_CORRECT_FUT_CORRECT_OFF_PATH_total_count,             0
FUTGSHARE_ORIG_CORRECT_FUT_CORRECT_OFF_PATH_total_pct,         -nan

FUTGSHARE_ORIG_MISPRED_FUT_CORRECT_OFF_PATH_count,             0
FUTGSHARE_ORIG_MISPRED_FUT_CORRECT_OFF_PATH_pct,         -nan
FUTGSHARE_ORIG_MISPRED_FUT_CORRECT_OFF_PATH_total_count,             0
FUTGSHARE_ORIG_MISPRED_FUT_CORRECT_OFF_PATH_total_pct,         -nan

FUTGSHARE_ORIG_CORRECT_FUT_MISPRED_OFF_PATH_count,             0
FUTGSHARE_ORIG_CORRECT_FUT_MISPRED_OFF_PATH_pct,         -nan
FUTGSHARE_ORIG_CORRECT_FUT_MISPRED_OFF_PATH_total_count,             0
FUTGSHARE_ORIG_CORRECT_FUT_MISPRED_OFF_PATH_total_pct,         -nan

FUTGSHARE_ORIG_MISPRED_FUT_MISPRED_OFF_PATH_count,             0
FUTGSHARE_ORIG_MISPRED_FUT_MISPRED_OFF_PATH_pct,         -nan
FUTGSHARE_ORIG_MISPRED_FUT_MISPRED_OFF_PATH_total_count,             0
FUTGSHARE_ORIG_MISPRED_FUT_MISPRED_OFF_PATH_total_pct,         -nan
FUTGSHARE_ORIG_MISPRED_FUT_MISPRED_OFF_PATH_sum_count,             0
FUTGSHARE_ORIG_MISPRED_FUT_MISPRED_OFF_PATH_sum_pct,         -nan
FUTGSHARE_ORIG_MISPRED_FUT_MISPRED_OFF_PATH_sum_total_count,             0
FUTGSHARE_ORIG_MISPRED_FUT_MISPRED_OFF_PATH_sum_total_pct,         -nan
FUTGSHARE_ORIG_MISPRED_FUT_MISPRED_OFF_PATH_mean,         -nan
FUTGSHARE_ORIG_MISPRED_FUT_MISPRED_OFF_PATH_stddev,         -nan
FUTGSHARE_ORIG_MISPRED_FUT_MISPRED_OFF_PATH_total_mean,         -nan
FUTGSHARE_ORIG_MISPRED_FUT_MISPRED_OFF_PATH_total_stddev,         -nan

FUTGSHARE_ON_PATH_CORRECT_0_count,             0
FUTGSHARE_ON_PATH_CORRECT_0_pct,         -nan
FUTGSHARE_ON_PATH_CORRECT_0_total_count,             0
FUTGSHARE_ON_PATH_CORRECT_0_total_pct,         -nan

FUTGSHARE_ON_PATH_MISPREDICT_0_count,             0
FUTGSHARE_ON_PATH_MISPREDICT_0_pct,         -nan
FUTGSHARE_ON_PATH_MISPREDICT_0_total_count,             0
FUTGSHARE_ON_PATH_MISPREDICT_0_total_pct,         -nan
FUTGSHARE_ON_PATH_MISPREDICT_0_sum_count,             0
FUTGSHARE_ON_PATH_MISPREDICT_0_sum_pct,         -nan
FUTGSHARE_ON_PATH_MISPREDICT_0_sum_total_count,             0
FUTGSHARE_ON_PATH_MISPREDICT_0_sum_total_pct,         -nan
FUTGSHARE_ON_PATH_MISPREDICT_0_mean,         -nan
FUTGSHARE_ON_PATH_MISPREDICT_0_stddev,         -nan
FUTGSHARE_ON_PATH_MISPREDICT_0_total_mean,         -nan
FUTGSHARE_ON_PATH_MISPREDICT_0_total_stddev,         -nan

FUTGSHARE_OFF_PATH_CORRECT_0_count,             0
FUTGSHARE_OFF_PATH_CORRECT_0_pct,         -nan
FUTGSHARE_OFF_PATH_CORRECT_0_total_count,             0
FUTGSHARE_OFF_PATH_CORRECT_0_total_pct,         -nan

FUTGSHARE_OFF_PATH_MISPREDICT_0_count,             0
FUTGSHARE_OFF_PATH_MISPREDICT_0_pct,         -nan
FUTGSHARE_OFF_PATH_MISPREDICT_0_total_count,             0
FUTGSHARE_OFF_PATH_MISPREDICT_0_total_pct,         -nan
FUTGSHARE_OFF_PATH_MISPREDICT_0_sum_count,             0
FUTGSHARE_OFF_PATH_MISPREDICT_0_sum_pct,         -nan
FUTGSHARE_OFF_PATH_MISPREDICT_0_sum_total_count,             0
FUTGSHARE_OFF_PATH_MISPREDICT_0_sum_total_pct,         -nan
FUTGSHARE_OFF_PATH_MISPREDICT_0_mean,         -nan
FUTGSHARE_OFF_PATH_MISPREDICT_0_stddev,         -nan
FUTGSHARE_OFF_PATH_MISPREDICT_0_total_mean,         -nan
FUTGSHARE_OFF_PATH_MISPREDICT_0_total_stddev,         -nan

FUTGSHARE_ON_PATH_CORRECT_1_count,             0
FUTGSHARE_ON_PATH_CORRECT_1_pct,         -nan
FUTGSHARE_ON_PATH_CORRECT_1_total_count,             0
FUTGSHARE_ON_PATH_CORRECT_1_total_pct,         -nan

FUTGSHARE_ON_PATH_MISPREDICT_1_count,             0
FUTGSHARE_ON_PATH_MISPREDICT_1_pct,         -nan
FUTGSHARE_ON_PATH_MISPREDICT_1_total_count,             0
FUTGSHARE_ON_PATH_MISPREDICT_1_total_pct,         -nan
FUTGSHARE_ON_PATH_MISPREDICT_1_sum_count,             0
FUTGSHARE_ON_PATH_MISPREDICT_1_sum_pct,         -nan
FUTGSHARE_ON_PATH_MISPREDICT_1_sum_total_count,             0
FUTGSHARE_ON_PATH_MISPREDICT_1_sum_total_pct,         -nan
FUTGSHARE_ON_PATH_MISPREDICT_1_mean,         -nan
FUTGSHARE_ON_PATH_MISPREDICT_1_stddev,         -nan
FUTGSHARE_ON_PATH_MISPREDICT_1_total_mean,         -nan
FUTGSHARE_ON_PATH_MISPREDICT_1_total_stddev,         -nan

FUTGSHARE_OFF_PATH_CORRECT_1_count,             0
FUTGSHARE_OFF_PATH_CORRECT_1_pct,         -nan
FUTGSHARE_OFF_PATH_CORRECT_1_total_count,             0
FUTGSHARE_OFF_PATH_CORRECT_1_total_pct,         -nan

FUTGSHARE_OFF_PATH_MISPREDICT_1_count,             0
FUTGSHARE_OFF_PATH_MISPREDICT_1_pct,         -nan
FUTGSHARE_OFF_PATH_MISPREDICT_1_total_count,             0
FUTGSHARE_OFF_PATH_MISPREDICT_1_total_pct,         -nan
FUTGSHARE_OFF_PATH_MISPREDICT_1_sum_count,             0
FUTGSHARE_OFF_PATH_MISPREDICT_1_sum_pct,         -nan
FUTGSHARE_OFF_PATH_MISPREDICT_1_sum_total_count,             0
FUTGSHARE_OFF_PATH_MISPREDICT_1_sum_total_pct,         -nan
FUTGSHARE_OFF_PATH_MISPREDICT_1_mean,         -nan
FUTGSHARE_OFF_PATH_MISPREDICT_1_stddev,         -nan
FUTGSHARE_OFF_PATH_MISPREDICT_1_total_mean,         -nan
FUTGSHARE_OFF_PATH_MISPREDICT_1_total_stddev,         -nan

FUTGSHARE_ON_PATH_CORRECT_2_count,             0
FUTGSHARE_ON_PATH_CORRECT_2_pct,         -nan
FUTGSHARE_ON_PATH_CORRECT_2_total_count,             0
FUTGSHARE_ON_PATH_CORRECT_2_total_pct,         -nan

FUTGSHARE_ON_PATH_MISPREDICT_2_count,             0
FUTGSHARE_ON_PATH_MISPREDICT_2_pct,         -nan
FUTGSHARE_ON_PATH_MISPREDICT_2_total_count,             0
FUTGSHARE_ON_PATH_MISPREDICT_2_total_pct,         -nan
FUTGSHARE_ON_PATH_MISPREDICT_2_sum_count,             0
FUTGSHARE_ON_PATH_MISPREDICT_2_sum_pct,         -nan
FUTGSHARE_ON_PATH_MISPREDICT_2_sum_total_count,             0
FUTGSHARE_ON_PATH_MISPREDICT_2_sum_total_pct,         -nan
FUTGSHARE_ON_PATH_MISPREDICT_2_mean,         -nan
FUTGSHARE_ON_PATH_MISPREDICT_2_stddev,         -nan
FUTGSHARE_ON_PATH_MISPREDICT_2_total_mean,         -nan
FUTGSHARE_ON_PATH_MISPREDICT_2_total_stddev,         -nan

FUTGSHARE_OFF_PATH_CORRECT_2_count,             0
FUTGSHARE_OFF_PATH_CORRECT_2_pct,         -nan
FUTGSHARE_OFF_PATH_CORRECT_2_total_count,             0
FUTGSHARE_OFF_PATH_CORRECT_2_total_pct,         -nan

FUTGSHARE_OFF_PATH_MISPREDICT_2_count,             0
FUTGSHARE_OFF_PATH_MISPREDICT_2_pct,         -nan
FUTGSHARE_OFF_PATH_MISPREDICT_2_total_count,             0
FUTGSHARE_OFF_PATH_MISPREDICT_2_total_pct,         -nan
FUTGSHARE_OFF_PATH_MISPREDICT_2_sum_count,             0
FUTGSHARE_OFF_PATH_MISPREDICT_2_sum_pct,         -nan
FUTGSHARE_OFF_PATH_MISPREDICT_2_sum_total_count,             0
FUTGSHARE_OFF_PATH_MISPREDICT_2_sum_total_pct,         -nan
FUTGSHARE_OFF_PATH_MISPREDICT_2_mean,         -nan
FUTGSHARE_OFF_PATH_MISPREDICT_2_stddev,         -nan
FUTGSHARE_OFF_PATH_MISPREDICT_2_total_mean,         -nan
FUTGSHARE_OFF_PATH_MISPREDICT_2_total_stddev,         -nan

FUTGSHARE_ON_PATH_CORRECT_3_count,             0
FUTGSHARE_ON_PATH_CORRECT_3_pct,         -nan
FUTGSHARE_ON_PATH_CORRECT_3_total_count,             0
FUTGSHARE_ON_PATH_CORRECT_3_total_pct,         -nan

FUTGSHARE_ON_PATH_MISPREDICT_3_count,             0
FUTGSHARE_ON_PATH_MISPREDICT_3_pct,         -nan
FUTGSHARE_ON_PATH_MISPREDICT_3_total_count,             0
FUTGSHARE_ON_PATH_MISPREDICT_3_total_pct,         -nan
FUTGSHARE_ON_PATH_MISPREDICT_3_sum_count,             0
FUTGSHARE_ON_PATH_MISPREDICT_3_sum_pct,         -nan
FUTGSHARE_ON_PATH_MISPREDICT_3_sum_total_count,             0
FUTGSHARE_ON_PATH_MISPREDICT_3_sum_total_pct,         -nan
FUTGSHARE_ON_PATH_MISPREDICT_3_mean,         -nan
FUTGSHARE_ON_PATH_MISPREDICT_3_stddev,         -nan
FUTGSHARE_ON_PATH_MISPREDICT_3_total_mean,         -nan
FUTGSHARE_ON_PATH_MISPREDICT_3_total_stddev,         -nan

FUTGSHARE_OFF_PATH_CORRECT_3_count,             0
FUTGSHARE_OFF_PATH_CORRECT_3_pct,         -nan
FUTGSHARE_OFF_PATH_CORRECT_3_total_count,             0
FUTGSHARE_OFF_PATH_CORRECT_3_total_pct,         -nan

FUTGSHARE_OFF_PATH_MISPREDICT_3_count,             0
FUTGSHARE_OFF_PATH_MISPREDICT_3_pct,         -nan
FUTGSHARE_OFF_PATH_MISPREDICT_3_total_count,             0
FUTGSHARE_OFF_PATH_MISPREDICT_3_total_pct,         -nan
FUTGSHARE_OFF_PATH_MISPREDICT_3_sum_count,             0
FUTGSHARE_OFF_PATH_MISPREDICT_3_sum_pct,         -nan
FUTGSHARE_OFF_PATH_MISPREDICT_3_sum_total_count,             0
FUTGSHARE_OFF_PATH_MISPREDICT_3_sum_total_pct,         -nan
FUTGSHARE_OFF_PATH_MISPREDICT_3_mean,         -nan
FUTGSHARE_OFF_PATH_MISPREDICT_3_stddev,         -nan
FUTGSHARE_OFF_PATH_MISPREDICT_3_total_mean,         -nan
FUTGSHARE_OFF_PATH_MISPREDICT_3_total_stddev,         -nan

FUTGSHARE_ON_PATH_CORRECT_4_count,             0
FUTGSHARE_ON_PATH_CORRECT_4_pct,         -nan
FUTGSHARE_ON_PATH_CORRECT_4_total_count,             0
FUTGSHARE_ON_PATH_CORRECT_4_total_pct,         -nan

FUTGSHARE_ON_PATH_MISPREDICT_4_count,             0
FUTGSHARE_ON_PATH_MISPREDICT_4_pct,         -nan
FUTGSHARE_ON_PATH_MISPREDICT_4_total_count,             0
FUTGSHARE_ON_PATH_MISPREDICT_4_total_pct,         -nan
FUTGSHARE_ON_PATH_MISPREDICT_4_sum_count,             0
FUTGSHARE_ON_PATH_MISPREDICT_4_sum_pct,         -nan
FUTGSHARE_ON_PATH_MISPREDICT_4_sum_total_count,             0
FUTGSHARE_ON_PATH_MISPREDICT_4_sum_total_pct,         -nan
FUTGSHARE_ON_PATH_MISPREDICT_4_mean,         -nan
FUTGSHARE_ON_PATH_MISPREDICT_4_stddev,         -nan
FUTGSHARE_ON_PATH_MISPREDICT_4_total_mean,         -nan
FUTGSHARE_ON_PATH_MISPREDICT_4_total_stddev,         -nan

FUTGSHARE_OFF_PATH_CORRECT_4_count,             0
FUTGSHARE_OFF_PATH_CORRECT_4_pct,         -nan
FUTGSHARE_OFF_PATH_CORRECT_4_total_count,             0
FUTGSHARE_OFF_PATH_CORRECT_4_total_pct,         -nan

FUTGSHARE_OFF_PATH_MISPREDICT_4_count,             0
FUTGSHARE_OFF_PATH_MISPREDICT_4_pct,         -nan
FUTGSHARE_OFF_PATH_MISPREDICT_4_total_count,             0
FUTGSHARE_OFF_PATH_MISPREDICT_4_total_pct,         -nan
FUTGSHARE_OFF_PATH_MISPREDICT_4_sum_count,             0
FUTGSHARE_OFF_PATH_MISPREDICT_4_sum_pct,         -nan
FUTGSHARE_OFF_PATH_MISPREDICT_4_sum_total_count,             0
FUTGSHARE_OFF_PATH_MISPREDICT_4_sum_total_pct,         -nan
FUTGSHARE_OFF_PATH_MISPREDICT_4_mean,         -nan
FUTGSHARE_OFF_PATH_MISPREDICT_4_stddev,         -nan
FUTGSHARE_OFF_PATH_MISPREDICT_4_total_mean,         -nan
FUTGSHARE_OFF_PATH_MISPREDICT_4_total_stddev,         -nan

FUTGSHARE_ON_PATH_CORRECT_5_count,             0
FUTGSHARE_ON_PATH_CORRECT_5_pct,         -nan
FUTGSHARE_ON_PATH_CORRECT_5_total_count,             0
FUTGSHARE_ON_PATH_CORRECT_5_total_pct,         -nan

FUTGSHARE_ON_PATH_MISPREDICT_5_count,             0
FUTGSHARE_ON_PATH_MISPREDICT_5_pct,         -nan
FUTGSHARE_ON_PATH_MISPREDICT_5_total_count,             0
FUTGSHARE_ON_PATH_MISPREDICT_5_total_pct,         -nan
FUTGSHARE_ON_PATH_MISPREDICT_5_sum_count,             0
FUTGSHARE_ON_PATH_MISPREDICT_5_sum_pct,         -nan
FUTGSHARE_ON_PATH_MISPREDICT_5_sum_total_count,             0
FUTGSHARE_ON_PATH_MISPREDICT_5_sum_total_pct,         -nan
FUTGSHARE_ON_PATH_MISPREDICT_5_mean,         -nan
FUTGSHARE_ON_PATH_MISPREDICT_5_stddev,         -nan
FUTGSHARE_ON_PATH_MISPREDICT_5_total_mean,         -nan
FUTGSHARE_ON_PATH_MISPREDICT_5_total_stddev,         -nan

FUTGSHARE_OFF_PATH_CORRECT_5_count,             0
FUTGSHARE_OFF_PATH_CORRECT_5_pct,         -nan
FUTGSHARE_OFF_PATH_CORRECT_5_total_count,             0
FUTGSHARE_OFF_PATH_CORRECT_5_total_pct,         -nan

FUTGSHARE_OFF_PATH_MISPREDICT_5_count,             0
FUTGSHARE_OFF_PATH_MISPREDICT_5_pct,         -nan
FUTGSHARE_OFF_PATH_MISPREDICT_5_total_count,             0
FUTGSHARE_OFF_PATH_MISPREDICT_5_total_pct,         -nan
FUTGSHARE_OFF_PATH_MISPREDICT_5_sum_count,             0
FUTGSHARE_OFF_PATH_MISPREDICT_5_sum_pct,         -nan
FUTGSHARE_OFF_PATH_MISPREDICT_5_sum_total_count,             0
FUTGSHARE_OFF_PATH_MISPREDICT_5_sum_total_pct,         -nan
FUTGSHARE_OFF_PATH_MISPREDICT_5_mean,         -nan
FUTGSHARE_OFF_PATH_MISPREDICT_5_stddev,         -nan
FUTGSHARE_OFF_PATH_MISPREDICT_5_total_mean,         -nan
FUTGSHARE_OFF_PATH_MISPREDICT_5_total_stddev,         -nan

FUTGSHARE_ON_PATH_CORRECT_6_count,             0
FUTGSHARE_ON_PATH_CORRECT_6_pct,         -nan
FUTGSHARE_ON_PATH_CORRECT_6_total_count,             0
FUTGSHARE_ON_PATH_CORRECT_6_total_pct,         -nan

FUTGSHARE_ON_PATH_MISPREDICT_6_count,             0
FUTGSHARE_ON_PATH_MISPREDICT_6_pct,         -nan
FUTGSHARE_ON_PATH_MISPREDICT_6_total_count,             0
FUTGSHARE_ON_PATH_MISPREDICT_6_total_pct,         -nan
FUTGSHARE_ON_PATH_MISPREDICT_6_sum_count,             0
FUTGSHARE_ON_PATH_MISPREDICT_6_sum_pct,         -nan
FUTGSHARE_ON_PATH_MISPREDICT_6_sum_total_count,             0
FUTGSHARE_ON_PATH_MISPREDICT_6_sum_total_pct,         -nan
FUTGSHARE_ON_PATH_MISPREDICT_6_mean,         -nan
FUTGSHARE_ON_PATH_MISPREDICT_6_stddev,         -nan
FUTGSHARE_ON_PATH_MISPREDICT_6_total_mean,         -nan
FUTGSHARE_ON_PATH_MISPREDICT_6_total_stddev,         -nan

FUTGSHARE_OFF_PATH_CORRECT_6_count,             0
FUTGSHARE_OFF_PATH_CORRECT_6_pct,         -nan
FUTGSHARE_OFF_PATH_CORRECT_6_total_count,             0
FUTGSHARE_OFF_PATH_CORRECT_6_total_pct,         -nan

FUTGSHARE_OFF_PATH_MISPREDICT_6_count,             0
FUTGSHARE_OFF_PATH_MISPREDICT_6_pct,         -nan
FUTGSHARE_OFF_PATH_MISPREDICT_6_total_count,             0
FUTGSHARE_OFF_PATH_MISPREDICT_6_total_pct,         -nan
FUTGSHARE_OFF_PATH_MISPREDICT_6_sum_count,             0
FUTGSHARE_OFF_PATH_MISPREDICT_6_sum_pct,         -nan
FUTGSHARE_OFF_PATH_MISPREDICT_6_sum_total_count,             0
FUTGSHARE_OFF_PATH_MISPREDICT_6_sum_total_pct,         -nan
FUTGSHARE_OFF_PATH_MISPREDICT_6_mean,         -nan
FUTGSHARE_OFF_PATH_MISPREDICT_6_stddev,         -nan
FUTGSHARE_OFF_PATH_MISPREDICT_6_total_mean,         -nan
FUTGSHARE_OFF_PATH_MISPREDICT_6_total_stddev,         -nan

FUTGSHARE_ON_PATH_CORRECT_7_count,             0
FUTGSHARE_ON_PATH_CORRECT_7_pct,         -nan
FUTGSHARE_ON_PATH_CORRECT_7_total_count,             0
FUTGSHARE_ON_PATH_CORRECT_7_total_pct,         -nan

FUTGSHARE_ON_PATH_MISPREDICT_7_count,             0
FUTGSHARE_ON_PATH_MISPREDICT_7_pct,         -nan
FUTGSHARE_ON_PATH_MISPREDICT_7_total_count,             0
FUTGSHARE_ON_PATH_MISPREDICT_7_total_pct,         -nan
FUTGSHARE_ON_PATH_MISPREDICT_7_sum_count,             0
FUTGSHARE_ON_PATH_MISPREDICT_7_sum_pct,         -nan
FUTGSHARE_ON_PATH_MISPREDICT_7_sum_total_count,             0
FUTGSHARE_ON_PATH_MISPREDICT_7_sum_total_pct,         -nan
FUTGSHARE_ON_PATH_MISPREDICT_7_mean,         -nan
FUTGSHARE_ON_PATH_MISPREDICT_7_stddev,         -nan
FUTGSHARE_ON_PATH_MISPREDICT_7_total_mean,         -nan
FUTGSHARE_ON_PATH_MISPREDICT_7_total_stddev,         -nan

FUTGSHARE_OFF_PATH_CORRECT_7_count,             0
FUTGSHARE_OFF_PATH_CORRECT_7_pct,         -nan
FUTGSHARE_OFF_PATH_CORRECT_7_total_count,             0
FUTGSHARE_OFF_PATH_CORRECT_7_total_pct,         -nan

FUTGSHARE_OFF_PATH_MISPREDICT_7_count,             0
FUTGSHARE_OFF_PATH_MISPREDICT_7_pct,         -nan
FUTGSHARE_OFF_PATH_MISPREDICT_7_total_count,             0
FUTGSHARE_OFF_PATH_MISPREDICT_7_total_pct,         -nan
FUTGSHARE_OFF_PATH_MISPREDICT_7_sum_count,             0
FUTGSHARE_OFF_PATH_MISPREDICT_7_sum_pct,         -nan
FUTGSHARE_OFF_PATH_MISPREDICT_7_sum_total_count,             0
FUTGSHARE_OFF_PATH_MISPREDICT_7_sum_total_pct,         -nan
FUTGSHARE_OFF_PATH_MISPREDICT_7_mean,         -nan
FUTGSHARE_OFF_PATH_MISPREDICT_7_stddev,         -nan
FUTGSHARE_OFF_PATH_MISPREDICT_7_total_mean,         -nan
FUTGSHARE_OFF_PATH_MISPREDICT_7_total_stddev,         -nan

FUTGSHARE_ON_PATH_CORRECT_8_count,             0
FUTGSHARE_ON_PATH_CORRECT_8_pct,         -nan
FUTGSHARE_ON_PATH_CORRECT_8_total_count,             0
FUTGSHARE_ON_PATH_CORRECT_8_total_pct,         -nan

FUTGSHARE_ON_PATH_MISPREDICT_8_count,             0
FUTGSHARE_ON_PATH_MISPREDICT_8_pct,         -nan
FUTGSHARE_ON_PATH_MISPREDICT_8_total_count,             0
FUTGSHARE_ON_PATH_MISPREDICT_8_total_pct,         -nan
FUTGSHARE_ON_PATH_MISPREDICT_8_sum_count,             0
FUTGSHARE_ON_PATH_MISPREDICT_8_sum_pct,         -nan
FUTGSHARE_ON_PATH_MISPREDICT_8_sum_total_count,             0
FUTGSHARE_ON_PATH_MISPREDICT_8_sum_total_pct,         -nan
FUTGSHARE_ON_PATH_MISPREDICT_8_mean,         -nan
FUTGSHARE_ON_PATH_MISPREDICT_8_stddev,         -nan
FUTGSHARE_ON_PATH_MISPREDICT_8_total_mean,         -nan
FUTGSHARE_ON_PATH_MISPREDICT_8_total_stddev,         -nan

FUTGSHARE_OFF_PATH_CORRECT_8_count,             0
FUTGSHARE_OFF_PATH_CORRECT_8_pct,         -nan
FUTGSHARE_OFF_PATH_CORRECT_8_total_count,             0
FUTGSHARE_OFF_PATH_CORRECT_8_total_pct,         -nan

FUTGSHARE_OFF_PATH_MISPREDICT_8_count,             0
FUTGSHARE_OFF_PATH_MISPREDICT_8_pct,         -nan
FUTGSHARE_OFF_PATH_MISPREDICT_8_total_count,             0
FUTGSHARE_OFF_PATH_MISPREDICT_8_total_pct,         -nan
FUTGSHARE_OFF_PATH_MISPREDICT_8_sum_count,             0
FUTGSHARE_OFF_PATH_MISPREDICT_8_sum_pct,         -nan
FUTGSHARE_OFF_PATH_MISPREDICT_8_sum_total_count,             0
FUTGSHARE_OFF_PATH_MISPREDICT_8_sum_total_pct,         -nan
FUTGSHARE_OFF_PATH_MISPREDICT_8_mean,         -nan
FUTGSHARE_OFF_PATH_MISPREDICT_8_stddev,         -nan
FUTGSHARE_OFF_PATH_MISPREDICT_8_total_mean,         -nan
FUTGSHARE_OFF_PATH_MISPREDICT_8_total_stddev,         -nan

FUTGSHARE_ON_PATH_CORRECT_9_count,             0
FUTGSHARE_ON_PATH_CORRECT_9_pct,         -nan
FUTGSHARE_ON_PATH_CORRECT_9_total_count,             0
FUTGSHARE_ON_PATH_CORRECT_9_total_pct,         -nan

FUTGSHARE_ON_PATH_MISPREDICT_9_count,             0
FUTGSHARE_ON_PATH_MISPREDICT_9_pct,         -nan
FUTGSHARE_ON_PATH_MISPREDICT_9_total_count,             0
FUTGSHARE_ON_PATH_MISPREDICT_9_total_pct,         -nan
FUTGSHARE_ON_PATH_MISPREDICT_9_sum_count,             0
FUTGSHARE_ON_PATH_MISPREDICT_9_sum_pct,         -nan
FUTGSHARE_ON_PATH_MISPREDICT_9_sum_total_count,             0
FUTGSHARE_ON_PATH_MISPREDICT_9_sum_total_pct,         -nan
FUTGSHARE_ON_PATH_MISPREDICT_9_mean,         -nan
FUTGSHARE_ON_PATH_MISPREDICT_9_stddev,         -nan
FUTGSHARE_ON_PATH_MISPREDICT_9_total_mean,         -nan
FUTGSHARE_ON_PATH_MISPREDICT_9_total_stddev,         -nan

FUTGSHARE_OFF_PATH_CORRECT_9_count,             0
FUTGSHARE_OFF_PATH_CORRECT_9_pct,         -nan
FUTGSHARE_OFF_PATH_CORRECT_9_total_count,             0
FUTGSHARE_OFF_PATH_CORRECT_9_total_pct,         -nan

FUTGSHARE_OFF_PATH_MISPREDICT_9_count,             0
FUTGSHARE_OFF_PATH_MISPREDICT_9_pct,         -nan
FUTGSHARE_OFF_PATH_MISPREDICT_9_total_count,             0
FUTGSHARE_OFF_PATH_MISPREDICT_9_total_pct,         -nan
FUTGSHARE_OFF_PATH_MISPREDICT_9_sum_count,             0
FUTGSHARE_OFF_PATH_MISPREDICT_9_sum_pct,         -nan
FUTGSHARE_OFF_PATH_MISPREDICT_9_sum_total_count,             0
FUTGSHARE_OFF_PATH_MISPREDICT_9_sum_total_pct,         -nan
FUTGSHARE_OFF_PATH_MISPREDICT_9_mean,         -nan
FUTGSHARE_OFF_PATH_MISPREDICT_9_stddev,         -nan
FUTGSHARE_OFF_PATH_MISPREDICT_9_total_mean,         -nan
FUTGSHARE_OFF_PATH_MISPREDICT_9_total_stddev,         -nan

FUTGSHARE_ON_PATH_CORRECT_10_count,             0
FUTGSHARE_ON_PATH_CORRECT_10_pct,         -nan
FUTGSHARE_ON_PATH_CORRECT_10_total_count,             0
FUTGSHARE_ON_PATH_CORRECT_10_total_pct,         -nan

FUTGSHARE_ON_PATH_MISPREDICT_10_count,             0
FUTGSHARE_ON_PATH_MISPREDICT_10_pct,         -nan
FUTGSHARE_ON_PATH_MISPREDICT_10_total_count,             0
FUTGSHARE_ON_PATH_MISPREDICT_10_total_pct,         -nan
FUTGSHARE_ON_PATH_MISPREDICT_10_sum_count,             0
FUTGSHARE_ON_PATH_MISPREDICT_10_sum_pct,         -nan
FUTGSHARE_ON_PATH_MISPREDICT_10_sum_total_count,             0
FUTGSHARE_ON_PATH_MISPREDICT_10_sum_total_pct,         -nan
FUTGSHARE_ON_PATH_MISPREDICT_10_mean,         -nan
FUTGSHARE_ON_PATH_MISPREDICT_10_stddev,         -nan
FUTGSHARE_ON_PATH_MISPREDICT_10_total_mean,         -nan
FUTGSHARE_ON_PATH_MISPREDICT_10_total_stddev,         -nan

FUTGSHARE_OFF_PATH_CORRECT_10_count,             0
FUTGSHARE_OFF_PATH_CORRECT_10_pct,         -nan
FUTGSHARE_OFF_PATH_CORRECT_10_total_count,             0
FUTGSHARE_OFF_PATH_CORRECT_10_total_pct,         -nan

FUTGSHARE_OFF_PATH_MISPREDICT_10_count,             0
FUTGSHARE_OFF_PATH_MISPREDICT_10_pct,         -nan
FUTGSHARE_OFF_PATH_MISPREDICT_10_total_count,             0
FUTGSHARE_OFF_PATH_MISPREDICT_10_total_pct,         -nan
FUTGSHARE_OFF_PATH_MISPREDICT_10_sum_count,             0
FUTGSHARE_OFF_PATH_MISPREDICT_10_sum_pct,         -nan
FUTGSHARE_OFF_PATH_MISPREDICT_10_sum_total_count,             0
FUTGSHARE_OFF_PATH_MISPREDICT_10_sum_total_pct,         -nan
FUTGSHARE_OFF_PATH_MISPREDICT_10_mean,         -nan
FUTGSHARE_OFF_PATH_MISPREDICT_10_stddev,         -nan
FUTGSHARE_OFF_PATH_MISPREDICT_10_total_mean,         -nan
FUTGSHARE_OFF_PATH_MISPREDICT_10_total_stddev,         -nan

FUTGSHARE_ON_PATH_CORRECT_11_count,             0
FUTGSHARE_ON_PATH_CORRECT_11_pct,         -nan
FUTGSHARE_ON_PATH_CORRECT_11_total_count,             0
FUTGSHARE_ON_PATH_CORRECT_11_total_pct,         -nan

FUTGSHARE_ON_PATH_MISPREDICT_11_count,             0
FUTGSHARE_ON_PATH_MISPREDICT_11_pct,         -nan
FUTGSHARE_ON_PATH_MISPREDICT_11_total_count,             0
FUTGSHARE_ON_PATH_MISPREDICT_11_total_pct,         -nan
FUTGSHARE_ON_PATH_MISPREDICT_11_sum_count,             0
FUTGSHARE_ON_PATH_MISPREDICT_11_sum_pct,         -nan
FUTGSHARE_ON_PATH_MISPREDICT_11_sum_total_count,             0
FUTGSHARE_ON_PATH_MISPREDICT_11_sum_total_pct,         -nan
FUTGSHARE_ON_PATH_MISPREDICT_11_mean,         -nan
FUTGSHARE_ON_PATH_MISPREDICT_11_stddev,         -nan
FUTGSHARE_ON_PATH_MISPREDICT_11_total_mean,         -nan
FUTGSHARE_ON_PATH_MISPREDICT_11_total_stddev,         -nan

FUTGSHARE_OFF_PATH_CORRECT_11_count,             0
FUTGSHARE_OFF_PATH_CORRECT_11_pct,         -nan
FUTGSHARE_OFF_PATH_CORRECT_11_total_count,             0
FUTGSHARE_OFF_PATH_CORRECT_11_total_pct,         -nan

FUTGSHARE_OFF_PATH_MISPREDICT_11_count,             0
FUTGSHARE_OFF_PATH_MISPREDICT_11_pct,         -nan
FUTGSHARE_OFF_PATH_MISPREDICT_11_total_count,             0
FUTGSHARE_OFF_PATH_MISPREDICT_11_total_pct,         -nan
FUTGSHARE_OFF_PATH_MISPREDICT_11_sum_count,             0
FUTGSHARE_OFF_PATH_MISPREDICT_11_sum_pct,         -nan
FUTGSHARE_OFF_PATH_MISPREDICT_11_sum_total_count,             0
FUTGSHARE_OFF_PATH_MISPREDICT_11_sum_total_pct,         -nan
FUTGSHARE_OFF_PATH_MISPREDICT_11_mean,         -nan
FUTGSHARE_OFF_PATH_MISPREDICT_11_stddev,         -nan
FUTGSHARE_OFF_PATH_MISPREDICT_11_total_mean,         -nan
FUTGSHARE_OFF_PATH_MISPREDICT_11_total_stddev,         -nan

FUTGSHARE_ON_PATH_CORRECT_12_count,             0
FUTGSHARE_ON_PATH_CORRECT_12_pct,         -nan
FUTGSHARE_ON_PATH_CORRECT_12_total_count,             0
FUTGSHARE_ON_PATH_CORRECT_12_total_pct,         -nan

FUTGSHARE_ON_PATH_MISPREDICT_12_count,             0
FUTGSHARE_ON_PATH_MISPREDICT_12_pct,         -nan
FUTGSHARE_ON_PATH_MISPREDICT_12_total_count,             0
FUTGSHARE_ON_PATH_MISPREDICT_12_total_pct,         -nan
FUTGSHARE_ON_PATH_MISPREDICT_12_sum_count,             0
FUTGSHARE_ON_PATH_MISPREDICT_12_sum_pct,         -nan
FUTGSHARE_ON_PATH_MISPREDICT_12_sum_total_count,             0
FUTGSHARE_ON_PATH_MISPREDICT_12_sum_total_pct,         -nan
FUTGSHARE_ON_PATH_MISPREDICT_12_mean,         -nan
FUTGSHARE_ON_PATH_MISPREDICT_12_stddev,         -nan
FUTGSHARE_ON_PATH_MISPREDICT_12_total_mean,         -nan
FUTGSHARE_ON_PATH_MISPREDICT_12_total_stddev,         -nan

FUTGSHARE_OFF_PATH_CORRECT_12_count,             0
FUTGSHARE_OFF_PATH_CORRECT_12_pct,         -nan
FUTGSHARE_OFF_PATH_CORRECT_12_total_count,             0
FUTGSHARE_OFF_PATH_CORRECT_12_total_pct,         -nan

FUTGSHARE_OFF_PATH_MISPREDICT_12_count,             0
FUTGSHARE_OFF_PATH_MISPREDICT_12_pct,         -nan
FUTGSHARE_OFF_PATH_MISPREDICT_12_total_count,             0
FUTGSHARE_OFF_PATH_MISPREDICT_12_total_pct,         -nan
FUTGSHARE_OFF_PATH_MISPREDICT_12_sum_count,             0
FUTGSHARE_OFF_PATH_MISPREDICT_12_sum_pct,         -nan
FUTGSHARE_OFF_PATH_MISPREDICT_12_sum_total_count,             0
FUTGSHARE_OFF_PATH_MISPREDICT_12_sum_total_pct,         -nan
FUTGSHARE_OFF_PATH_MISPREDICT_12_mean,         -nan
FUTGSHARE_OFF_PATH_MISPREDICT_12_stddev,         -nan
FUTGSHARE_OFF_PATH_MISPREDICT_12_total_mean,         -nan
FUTGSHARE_OFF_PATH_MISPREDICT_12_total_stddev,         -nan

FUTGSHARE_ON_PATH_CORRECT_13_count,             0
FUTGSHARE_ON_PATH_CORRECT_13_pct,         -nan
FUTGSHARE_ON_PATH_CORRECT_13_total_count,             0
FUTGSHARE_ON_PATH_CORRECT_13_total_pct,         -nan

FUTGSHARE_ON_PATH_MISPREDICT_13_count,             0
FUTGSHARE_ON_PATH_MISPREDICT_13_pct,         -nan
FUTGSHARE_ON_PATH_MISPREDICT_13_total_count,             0
FUTGSHARE_ON_PATH_MISPREDICT_13_total_pct,         -nan
FUTGSHARE_ON_PATH_MISPREDICT_13_sum_count,             0
FUTGSHARE_ON_PATH_MISPREDICT_13_sum_pct,         -nan
FUTGSHARE_ON_PATH_MISPREDICT_13_sum_total_count,             0
FUTGSHARE_ON_PATH_MISPREDICT_13_sum_total_pct,         -nan
FUTGSHARE_ON_PATH_MISPREDICT_13_mean,         -nan
FUTGSHARE_ON_PATH_MISPREDICT_13_stddev,         -nan
FUTGSHARE_ON_PATH_MISPREDICT_13_total_mean,         -nan
FUTGSHARE_ON_PATH_MISPREDICT_13_total_stddev,         -nan

FUTGSHARE_OFF_PATH_CORRECT_13_count,             0
FUTGSHARE_OFF_PATH_CORRECT_13_pct,         -nan
FUTGSHARE_OFF_PATH_CORRECT_13_total_count,             0
FUTGSHARE_OFF_PATH_CORRECT_13_total_pct,         -nan

FUTGSHARE_OFF_PATH_MISPREDICT_13_count,             0
FUTGSHARE_OFF_PATH_MISPREDICT_13_pct,         -nan
FUTGSHARE_OFF_PATH_MISPREDICT_13_total_count,             0
FUTGSHARE_OFF_PATH_MISPREDICT_13_total_pct,         -nan
FUTGSHARE_OFF_PATH_MISPREDICT_13_sum_count,             0
FUTGSHARE_OFF_PATH_MISPREDICT_13_sum_pct,         -nan
FUTGSHARE_OFF_PATH_MISPREDICT_13_sum_total_count,             0
FUTGSHARE_OFF_PATH_MISPREDICT_13_sum_total_pct,         -nan
FUTGSHARE_OFF_PATH_MISPREDICT_13_mean,         -nan
FUTGSHARE_OFF_PATH_MISPREDICT_13_stddev,         -nan
FUTGSHARE_OFF_PATH_MISPREDICT_13_total_mean,         -nan
FUTGSHARE_OFF_PATH_MISPREDICT_13_total_stddev,         -nan

FUTGSHARE_ON_PATH_CORRECT_14_count,             0
FUTGSHARE_ON_PATH_CORRECT_14_pct,         -nan
FUTGSHARE_ON_PATH_CORRECT_14_total_count,             0
FUTGSHARE_ON_PATH_CORRECT_14_total_pct,         -nan

FUTGSHARE_ON_PATH_MISPREDICT_14_count,             0
FUTGSHARE_ON_PATH_MISPREDICT_14_pct,         -nan
FUTGSHARE_ON_PATH_MISPREDICT_14_total_count,             0
FUTGSHARE_ON_PATH_MISPREDICT_14_total_pct,         -nan
FUTGSHARE_ON_PATH_MISPREDICT_14_sum_count,             0
FUTGSHARE_ON_PATH_MISPREDICT_14_sum_pct,         -nan
FUTGSHARE_ON_PATH_MISPREDICT_14_sum_total_count,             0
FUTGSHARE_ON_PATH_MISPREDICT_14_sum_total_pct,         -nan
FUTGSHARE_ON_PATH_MISPREDICT_14_mean,         -nan
FUTGSHARE_ON_PATH_MISPREDICT_14_stddev,         -nan
FUTGSHARE_ON_PATH_MISPREDICT_14_total_mean,         -nan
FUTGSHARE_ON_PATH_MISPREDICT_14_total_stddev,         -nan

FUTGSHARE_OFF_PATH_CORRECT_14_count,             0
FUTGSHARE_OFF_PATH_CORRECT_14_pct,         -nan
FUTGSHARE_OFF_PATH_CORRECT_14_total_count,             0
FUTGSHARE_OFF_PATH_CORRECT_14_total_pct,         -nan

FUTGSHARE_OFF_PATH_MISPREDICT_14_count,             0
FUTGSHARE_OFF_PATH_MISPREDICT_14_pct,         -nan
FUTGSHARE_OFF_PATH_MISPREDICT_14_total_count,             0
FUTGSHARE_OFF_PATH_MISPREDICT_14_total_pct,         -nan
FUTGSHARE_OFF_PATH_MISPREDICT_14_sum_count,             0
FUTGSHARE_OFF_PATH_MISPREDICT_14_sum_pct,         -nan
FUTGSHARE_OFF_PATH_MISPREDICT_14_sum_total_count,             0
FUTGSHARE_OFF_PATH_MISPREDICT_14_sum_total_pct,         -nan
FUTGSHARE_OFF_PATH_MISPREDICT_14_mean,         -nan
FUTGSHARE_OFF_PATH_MISPREDICT_14_stddev,         -nan
FUTGSHARE_OFF_PATH_MISPREDICT_14_total_mean,         -nan
FUTGSHARE_OFF_PATH_MISPREDICT_14_total_stddev,         -nan

FUTGSHARE_ON_PATH_CORRECT_15_count,             0
FUTGSHARE_ON_PATH_CORRECT_15_pct,         -nan
FUTGSHARE_ON_PATH_CORRECT_15_total_count,             0
FUTGSHARE_ON_PATH_CORRECT_15_total_pct,         -nan

FUTGSHARE_ON_PATH_MISPREDICT_15_count,             0
FUTGSHARE_ON_PATH_MISPREDICT_15_pct,         -nan
FUTGSHARE_ON_PATH_MISPREDICT_15_total_count,             0
FUTGSHARE_ON_PATH_MISPREDICT_15_total_pct,         -nan
FUTGSHARE_ON_PATH_MISPREDICT_15_sum_count,             0
FUTGSHARE_ON_PATH_MISPREDICT_15_sum_pct,         -nan
FUTGSHARE_ON_PATH_MISPREDICT_15_sum_total_count,             0
FUTGSHARE_ON_PATH_MISPREDICT_15_sum_total_pct,         -nan
FUTGSHARE_ON_PATH_MISPREDICT_15_mean,         -nan
FUTGSHARE_ON_PATH_MISPREDICT_15_stddev,         -nan
FUTGSHARE_ON_PATH_MISPREDICT_15_total_mean,         -nan
FUTGSHARE_ON_PATH_MISPREDICT_15_total_stddev,         -nan

FUTGSHARE_OFF_PATH_CORRECT_15_count,             0
FUTGSHARE_OFF_PATH_CORRECT_15_pct,         -nan
FUTGSHARE_OFF_PATH_CORRECT_15_total_count,             0
FUTGSHARE_OFF_PATH_CORRECT_15_total_pct,         -nan

FUTGSHARE_OFF_PATH_MISPREDICT_15_count,             0
FUTGSHARE_OFF_PATH_MISPREDICT_15_pct,         -nan
FUTGSHARE_OFF_PATH_MISPREDICT_15_total_count,             0
FUTGSHARE_OFF_PATH_MISPREDICT_15_total_pct,         -nan
FUTGSHARE_OFF_PATH_MISPREDICT_15_sum_count,             0
FUTGSHARE_OFF_PATH_MISPREDICT_15_sum_pct,         -nan
FUTGSHARE_OFF_PATH_MISPREDICT_15_sum_total_count,             0
FUTGSHARE_OFF_PATH_MISPREDICT_15_sum_total_pct,         -nan
FUTGSHARE_OFF_PATH_MISPREDICT_15_mean,         -nan
FUTGSHARE_OFF_PATH_MISPREDICT_15_stddev,         -nan
FUTGSHARE_OFF_PATH_MISPREDICT_15_total_mean,         -nan
FUTGSHARE_OFF_PATH_MISPREDICT_15_total_stddev,         -nan

FUTGSHARE_CHANGED_CORRECTED_ON_PATH_0_count,             0
FUTGSHARE_CHANGED_CORRECTED_ON_PATH_0_pct,         -nan
FUTGSHARE_CHANGED_CORRECTED_ON_PATH_0_total_count,             0
FUTGSHARE_CHANGED_CORRECTED_ON_PATH_0_total_pct,         -nan

FUTGSHARE_CHANGED_SCREWED_ON_PATH_0_count,             0
FUTGSHARE_CHANGED_SCREWED_ON_PATH_0_pct,         -nan
FUTGSHARE_CHANGED_SCREWED_ON_PATH_0_total_count,             0
FUTGSHARE_CHANGED_SCREWED_ON_PATH_0_total_pct,         -nan
FUTGSHARE_CHANGED_SCREWED_ON_PATH_0_sum_count,             0
FUTGSHARE_CHANGED_SCREWED_ON_PATH_0_sum_pct,         -nan
FUTGSHARE_CHANGED_SCREWED_ON_PATH_0_sum_total_count,             0
FUTGSHARE_CHANGED_SCREWED_ON_PATH_0_sum_total_pct,         -nan
FUTGSHARE_CHANGED_SCREWED_ON_PATH_0_mean,         -nan
FUTGSHARE_CHANGED_SCREWED_ON_PATH_0_stddev,         -nan
FUTGSHARE_CHANGED_SCREWED_ON_PATH_0_total_mean,         -nan
FUTGSHARE_CHANGED_SCREWED_ON_PATH_0_total_stddev,         -nan

FUTGSHARE_CHANGED_CORRECTED_OFF_PATH_0_count,             0
FUTGSHARE_CHANGED_CORRECTED_OFF_PATH_0_pct,         -nan
FUTGSHARE_CHANGED_CORRECTED_OFF_PATH_0_total_count,             0
FUTGSHARE_CHANGED_CORRECTED_OFF_PATH_0_total_pct,         -nan

FUTGSHARE_CHANGED_SCREWED_OFF_PATH_0_count,             0
FUTGSHARE_CHANGED_SCREWED_OFF_PATH_0_pct,         -nan
FUTGSHARE_CHANGED_SCREWED_OFF_PATH_0_total_count,             0
FUTGSHARE_CHANGED_SCREWED_OFF_PATH_0_total_pct,         -nan
FUTGSHARE_CHANGED_SCREWED_OFF_PATH_0_sum_count,             0
FUTGSHARE_CHANGED_SCREWED_OFF_PATH_0_sum_pct,         -nan
FUTGSHARE_CHANGED_SCREWED_OFF_PATH_0_sum_total_count,             0
FUTGSHARE_CHANGED_SCREWED_OFF_PATH_0_sum_total_pct,         -nan
FUTGSHARE_CHANGED_SCREWED_OFF_PATH_0_mean,         -nan
FUTGSHARE_CHANGED_SCREWED_OFF_PATH_0_stddev,         -nan
FUTGSHARE_CHANGED_SCREWED_OFF_PATH_0_total_mean,         -nan
FUTGSHARE_CHANGED_SCREWED_OFF_PATH_0_total_stddev,         -nan

FUTGSHARE_CHANGED_CORRECTED_ON_PATH_1_count,             0
FUTGSHARE_CHANGED_CORRECTED_ON_PATH_1_pct,         -nan
FUTGSHARE_CHANGED_CORRECTED_ON_PATH_1_total_count,             0
FUTGSHARE_CHANGED_CORRECTED_ON_PATH_1_total_pct,         -nan

FUTGSHARE_CHANGED_SCREWED_ON_PATH_1_count,             0
FUTGSHARE_CHANGED_SCREWED_ON_PATH_1_pct,         -nan
FUTGSHARE_CHANGED_SCREWED_ON_PATH_1_total_count,             0
FUTGSHARE_CHANGED_SCREWED_ON_PATH_1_total_pct,         -nan
FUTGSHARE_CHANGED_SCREWED_ON_PATH_1_sum_count,             0
FUTGSHARE_CHANGED_SCREWED_ON_PATH_1_sum_pct,         -nan
FUTGSHARE_CHANGED_SCREWED_ON_PATH_1_sum_total_count,             0
FUTGSHARE_CHANGED_SCREWED_ON_PATH_1_sum_total_pct,         -nan
FUTGSHARE_CHANGED_SCREWED_ON_PATH_1_mean,         -nan
FUTGSHARE_CHANGED_SCREWED_ON_PATH_1_stddev,         -nan
FUTGSHARE_CHANGED_SCREWED_ON_PATH_1_total_mean,         -nan
FUTGSHARE_CHANGED_SCREWED_ON_PATH_1_total_stddev,         -nan

FUTGSHARE_CHANGED_CORRECTED_OFF_PATH_1_count,             0
FUTGSHARE_CHANGED_CORRECTED_OFF_PATH_1_pct,         -nan
FUTGSHARE_CHANGED_CORRECTED_OFF_PATH_1_total_count,             0
FUTGSHARE_CHANGED_CORRECTED_OFF_PATH_1_total_pct,         -nan

FUTGSHARE_CHANGED_SCREWED_OFF_PATH_1_count,             0
FUTGSHARE_CHANGED_SCREWED_OFF_PATH_1_pct,         -nan
FUTGSHARE_CHANGED_SCREWED_OFF_PATH_1_total_count,             0
FUTGSHARE_CHANGED_SCREWED_OFF_PATH_1_total_pct,         -nan
FUTGSHARE_CHANGED_SCREWED_OFF_PATH_1_sum_count,             0
FUTGSHARE_CHANGED_SCREWED_OFF_PATH_1_sum_pct,         -nan
FUTGSHARE_CHANGED_SCREWED_OFF_PATH_1_sum_total_count,             0
FUTGSHARE_CHANGED_SCREWED_OFF_PATH_1_sum_total_pct,         -nan
FUTGSHARE_CHANGED_SCREWED_OFF_PATH_1_mean,         -nan
FUTGSHARE_CHANGED_SCREWED_OFF_PATH_1_stddev,         -nan
FUTGSHARE_CHANGED_SCREWED_OFF_PATH_1_total_mean,         -nan
FUTGSHARE_CHANGED_SCREWED_OFF_PATH_1_total_stddev,         -nan

FUTGSHARE_CHANGED_CORRECTED_ON_PATH_2_count,             0
FUTGSHARE_CHANGED_CORRECTED_ON_PATH_2_pct,         -nan
FUTGSHARE_CHANGED_CORRECTED_ON_PATH_2_total_count,             0
FUTGSHARE_CHANGED_CORRECTED_ON_PATH_2_total_pct,         -nan

FUTGSHARE_CHANGED_SCREWED_ON_PATH_2_count,             0
FUTGSHARE_CHANGED_SCREWED_ON_PATH_2_pct,         -nan
FUTGSHARE_CHANGED_SCREWED_ON_PATH_2_total_count,             0
FUTGSHARE_CHANGED_SCREWED_ON_PATH_2_total_pct,         -nan
FUTGSHARE_CHANGED_SCREWED_ON_PATH_2_sum_count,             0
FUTGSHARE_CHANGED_SCREWED_ON_PATH_2_sum_pct,         -nan
FUTGSHARE_CHANGED_SCREWED_ON_PATH_2_sum_total_count,             0
FUTGSHARE_CHANGED_SCREWED_ON_PATH_2_sum_total_pct,         -nan
FUTGSHARE_CHANGED_SCREWED_ON_PATH_2_mean,         -nan
FUTGSHARE_CHANGED_SCREWED_ON_PATH_2_stddev,         -nan
FUTGSHARE_CHANGED_SCREWED_ON_PATH_2_total_mean,         -nan
FUTGSHARE_CHANGED_SCREWED_ON_PATH_2_total_stddev,         -nan

FUTGSHARE_CHANGED_CORRECTED_OFF_PATH_2_count,             0
FUTGSHARE_CHANGED_CORRECTED_OFF_PATH_2_pct,         -nan
FUTGSHARE_CHANGED_CORRECTED_OFF_PATH_2_total_count,             0
FUTGSHARE_CHANGED_CORRECTED_OFF_PATH_2_total_pct,         -nan

FUTGSHARE_CHANGED_SCREWED_OFF_PATH_2_count,             0
FUTGSHARE_CHANGED_SCREWED_OFF_PATH_2_pct,         -nan
FUTGSHARE_CHANGED_SCREWED_OFF_PATH_2_total_count,             0
FUTGSHARE_CHANGED_SCREWED_OFF_PATH_2_total_pct,         -nan
FUTGSHARE_CHANGED_SCREWED_OFF_PATH_2_sum_count,             0
FUTGSHARE_CHANGED_SCREWED_OFF_PATH_2_sum_pct,         -nan
FUTGSHARE_CHANGED_SCREWED_OFF_PATH_2_sum_total_count,             0
FUTGSHARE_CHANGED_SCREWED_OFF_PATH_2_sum_total_pct,         -nan
FUTGSHARE_CHANGED_SCREWED_OFF_PATH_2_mean,         -nan
FUTGSHARE_CHANGED_SCREWED_OFF_PATH_2_stddev,         -nan
FUTGSHARE_CHANGED_SCREWED_OFF_PATH_2_total_mean,         -nan
FUTGSHARE_CHANGED_SCREWED_OFF_PATH_2_total_stddev,         -nan

FUTGSHARE_CHANGED_CORRECTED_ON_PATH_3_count,             0
FUTGSHARE_CHANGED_CORRECTED_ON_PATH_3_pct,         -nan
FUTGSHARE_CHANGED_CORRECTED_ON_PATH_3_total_count,             0
FUTGSHARE_CHANGED_CORRECTED_ON_PATH_3_total_pct,         -nan

FUTGSHARE_CHANGED_SCREWED_ON_PATH_3_count,             0
FUTGSHARE_CHANGED_SCREWED_ON_PATH_3_pct,         -nan
FUTGSHARE_CHANGED_SCREWED_ON_PATH_3_total_count,             0
FUTGSHARE_CHANGED_SCREWED_ON_PATH_3_total_pct,         -nan
FUTGSHARE_CHANGED_SCREWED_ON_PATH_3_sum_count,             0
FUTGSHARE_CHANGED_SCREWED_ON_PATH_3_sum_pct,         -nan
FUTGSHARE_CHANGED_SCREWED_ON_PATH_3_sum_total_count,             0
FUTGSHARE_CHANGED_SCREWED_ON_PATH_3_sum_total_pct,         -nan
FUTGSHARE_CHANGED_SCREWED_ON_PATH_3_mean,         -nan
FUTGSHARE_CHANGED_SCREWED_ON_PATH_3_stddev,         -nan
FUTGSHARE_CHANGED_SCREWED_ON_PATH_3_total_mean,         -nan
FUTGSHARE_CHANGED_SCREWED_ON_PATH_3_total_stddev,         -nan

FUTGSHARE_CHANGED_CORRECTED_OFF_PATH_3_count,             0
FUTGSHARE_CHANGED_CORRECTED_OFF_PATH_3_pct,         -nan
FUTGSHARE_CHANGED_CORRECTED_OFF_PATH_3_total_count,             0
FUTGSHARE_CHANGED_CORRECTED_OFF_PATH_3_total_pct,         -nan

FUTGSHARE_CHANGED_SCREWED_OFF_PATH_3_count,             0
FUTGSHARE_CHANGED_SCREWED_OFF_PATH_3_pct,         -nan
FUTGSHARE_CHANGED_SCREWED_OFF_PATH_3_total_count,             0
FUTGSHARE_CHANGED_SCREWED_OFF_PATH_3_total_pct,         -nan
FUTGSHARE_CHANGED_SCREWED_OFF_PATH_3_sum_count,             0
FUTGSHARE_CHANGED_SCREWED_OFF_PATH_3_sum_pct,         -nan
FUTGSHARE_CHANGED_SCREWED_OFF_PATH_3_sum_total_count,             0
FUTGSHARE_CHANGED_SCREWED_OFF_PATH_3_sum_total_pct,         -nan
FUTGSHARE_CHANGED_SCREWED_OFF_PATH_3_mean,         -nan
FUTGSHARE_CHANGED_SCREWED_OFF_PATH_3_stddev,         -nan
FUTGSHARE_CHANGED_SCREWED_OFF_PATH_3_total_mean,         -nan
FUTGSHARE_CHANGED_SCREWED_OFF_PATH_3_total_stddev,         -nan

FUTGSHARE_CHANGED_CORRECTED_ON_PATH_4_count,             0
FUTGSHARE_CHANGED_CORRECTED_ON_PATH_4_pct,         -nan
FUTGSHARE_CHANGED_CORRECTED_ON_PATH_4_total_count,             0
FUTGSHARE_CHANGED_CORRECTED_ON_PATH_4_total_pct,         -nan

FUTGSHARE_CHANGED_SCREWED_ON_PATH_4_count,             0
FUTGSHARE_CHANGED_SCREWED_ON_PATH_4_pct,         -nan
FUTGSHARE_CHANGED_SCREWED_ON_PATH_4_total_count,             0
FUTGSHARE_CHANGED_SCREWED_ON_PATH_4_total_pct,         -nan
FUTGSHARE_CHANGED_SCREWED_ON_PATH_4_sum_count,             0
FUTGSHARE_CHANGED_SCREWED_ON_PATH_4_sum_pct,         -nan
FUTGSHARE_CHANGED_SCREWED_ON_PATH_4_sum_total_count,             0
FUTGSHARE_CHANGED_SCREWED_ON_PATH_4_sum_total_pct,         -nan
FUTGSHARE_CHANGED_SCREWED_ON_PATH_4_mean,         -nan
FUTGSHARE_CHANGED_SCREWED_ON_PATH_4_stddev,         -nan
FUTGSHARE_CHANGED_SCREWED_ON_PATH_4_total_mean,         -nan
FUTGSHARE_CHANGED_SCREWED_ON_PATH_4_total_stddev,         -nan

FUTGSHARE_CHANGED_CORRECTED_OFF_PATH_4_count,             0
FUTGSHARE_CHANGED_CORRECTED_OFF_PATH_4_pct,         -nan
FUTGSHARE_CHANGED_CORRECTED_OFF_PATH_4_total_count,             0
FUTGSHARE_CHANGED_CORRECTED_OFF_PATH_4_total_pct,         -nan

FUTGSHARE_CHANGED_SCREWED_OFF_PATH_4_count,             0
FUTGSHARE_CHANGED_SCREWED_OFF_PATH_4_pct,         -nan
FUTGSHARE_CHANGED_SCREWED_OFF_PATH_4_total_count,             0
FUTGSHARE_CHANGED_SCREWED_OFF_PATH_4_total_pct,         -nan
FUTGSHARE_CHANGED_SCREWED_OFF_PATH_4_sum_count,             0
FUTGSHARE_CHANGED_SCREWED_OFF_PATH_4_sum_pct,         -nan
FUTGSHARE_CHANGED_SCREWED_OFF_PATH_4_sum_total_count,             0
FUTGSHARE_CHANGED_SCREWED_OFF_PATH_4_sum_total_pct,         -nan
FUTGSHARE_CHANGED_SCREWED_OFF_PATH_4_mean,         -nan
FUTGSHARE_CHANGED_SCREWED_OFF_PATH_4_stddev,         -nan
FUTGSHARE_CHANGED_SCREWED_OFF_PATH_4_total_mean,         -nan
FUTGSHARE_CHANGED_SCREWED_OFF_PATH_4_total_stddev,         -nan

FUTGSHARE_CHANGED_CORRECTED_ON_PATH_5_count,             0
FUTGSHARE_CHANGED_CORRECTED_ON_PATH_5_pct,         -nan
FUTGSHARE_CHANGED_CORRECTED_ON_PATH_5_total_count,             0
FUTGSHARE_CHANGED_CORRECTED_ON_PATH_5_total_pct,         -nan

FUTGSHARE_CHANGED_SCREWED_ON_PATH_5_count,             0
FUTGSHARE_CHANGED_SCREWED_ON_PATH_5_pct,         -nan
FUTGSHARE_CHANGED_SCREWED_ON_PATH_5_total_count,             0
FUTGSHARE_CHANGED_SCREWED_ON_PATH_5_total_pct,         -nan
FUTGSHARE_CHANGED_SCREWED_ON_PATH_5_sum_count,             0
FUTGSHARE_CHANGED_SCREWED_ON_PATH_5_sum_pct,         -nan
FUTGSHARE_CHANGED_SCREWED_ON_PATH_5_sum_total_count,             0
FUTGSHARE_CHANGED_SCREWED_ON_PATH_5_sum_total_pct,         -nan
FUTGSHARE_CHANGED_SCREWED_ON_PATH_5_mean,         -nan
FUTGSHARE_CHANGED_SCREWED_ON_PATH_5_stddev,         -nan
FUTGSHARE_CHANGED_SCREWED_ON_PATH_5_total_mean,         -nan
FUTGSHARE_CHANGED_SCREWED_ON_PATH_5_total_stddev,         -nan

FUTGSHARE_CHANGED_CORRECTED_OFF_PATH_5_count,             0
FUTGSHARE_CHANGED_CORRECTED_OFF_PATH_5_pct,         -nan
FUTGSHARE_CHANGED_CORRECTED_OFF_PATH_5_total_count,             0
FUTGSHARE_CHANGED_CORRECTED_OFF_PATH_5_total_pct,         -nan

FUTGSHARE_CHANGED_SCREWED_OFF_PATH_5_count,             0
FUTGSHARE_CHANGED_SCREWED_OFF_PATH_5_pct,         -nan
FUTGSHARE_CHANGED_SCREWED_OFF_PATH_5_total_count,             0
FUTGSHARE_CHANGED_SCREWED_OFF_PATH_5_total_pct,         -nan
FUTGSHARE_CHANGED_SCREWED_OFF_PATH_5_sum_count,             0
FUTGSHARE_CHANGED_SCREWED_OFF_PATH_5_sum_pct,         -nan
FUTGSHARE_CHANGED_SCREWED_OFF_PATH_5_sum_total_count,             0
FUTGSHARE_CHANGED_SCREWED_OFF_PATH_5_sum_total_pct,         -nan
FUTGSHARE_CHANGED_SCREWED_OFF_PATH_5_mean,         -nan
FUTGSHARE_CHANGED_SCREWED_OFF_PATH_5_stddev,         -nan
FUTGSHARE_CHANGED_SCREWED_OFF_PATH_5_total_mean,         -nan
FUTGSHARE_CHANGED_SCREWED_OFF_PATH_5_total_stddev,         -nan

FUTGSHARE_CHANGED_CORRECTED_ON_PATH_6_count,             0
FUTGSHARE_CHANGED_CORRECTED_ON_PATH_6_pct,         -nan
FUTGSHARE_CHANGED_CORRECTED_ON_PATH_6_total_count,             0
FUTGSHARE_CHANGED_CORRECTED_ON_PATH_6_total_pct,         -nan

FUTGSHARE_CHANGED_SCREWED_ON_PATH_6_count,             0
FUTGSHARE_CHANGED_SCREWED_ON_PATH_6_pct,         -nan
FUTGSHARE_CHANGED_SCREWED_ON_PATH_6_total_count,             0
FUTGSHARE_CHANGED_SCREWED_ON_PATH_6_total_pct,         -nan
FUTGSHARE_CHANGED_SCREWED_ON_PATH_6_sum_count,             0
FUTGSHARE_CHANGED_SCREWED_ON_PATH_6_sum_pct,         -nan
FUTGSHARE_CHANGED_SCREWED_ON_PATH_6_sum_total_count,             0
FUTGSHARE_CHANGED_SCREWED_ON_PATH_6_sum_total_pct,         -nan
FUTGSHARE_CHANGED_SCREWED_ON_PATH_6_mean,         -nan
FUTGSHARE_CHANGED_SCREWED_ON_PATH_6_stddev,         -nan
FUTGSHARE_CHANGED_SCREWED_ON_PATH_6_total_mean,         -nan
FUTGSHARE_CHANGED_SCREWED_ON_PATH_6_total_stddev,         -nan

FUTGSHARE_CHANGED_CORRECTED_OFF_PATH_6_count,             0
FUTGSHARE_CHANGED_CORRECTED_OFF_PATH_6_pct,         -nan
FUTGSHARE_CHANGED_CORRECTED_OFF_PATH_6_total_count,             0
FUTGSHARE_CHANGED_CORRECTED_OFF_PATH_6_total_pct,         -nan

FUTGSHARE_CHANGED_SCREWED_OFF_PATH_6_count,             0
FUTGSHARE_CHANGED_SCREWED_OFF_PATH_6_pct,         -nan
FUTGSHARE_CHANGED_SCREWED_OFF_PATH_6_total_count,             0
FUTGSHARE_CHANGED_SCREWED_OFF_PATH_6_total_pct,         -nan
FUTGSHARE_CHANGED_SCREWED_OFF_PATH_6_sum_count,             0
FUTGSHARE_CHANGED_SCREWED_OFF_PATH_6_sum_pct,         -nan
FUTGSHARE_CHANGED_SCREWED_OFF_PATH_6_sum_total_count,             0
FUTGSHARE_CHANGED_SCREWED_OFF_PATH_6_sum_total_pct,         -nan
FUTGSHARE_CHANGED_SCREWED_OFF_PATH_6_mean,         -nan
FUTGSHARE_CHANGED_SCREWED_OFF_PATH_6_stddev,         -nan
FUTGSHARE_CHANGED_SCREWED_OFF_PATH_6_total_mean,         -nan
FUTGSHARE_CHANGED_SCREWED_OFF_PATH_6_total_stddev,         -nan

FUTGSHARE_CHANGED_CORRECTED_ON_PATH_7_count,             0
FUTGSHARE_CHANGED_CORRECTED_ON_PATH_7_pct,         -nan
FUTGSHARE_CHANGED_CORRECTED_ON_PATH_7_total_count,             0
FUTGSHARE_CHANGED_CORRECTED_ON_PATH_7_total_pct,         -nan

FUTGSHARE_CHANGED_SCREWED_ON_PATH_7_count,             0
FUTGSHARE_CHANGED_SCREWED_ON_PATH_7_pct,         -nan
FUTGSHARE_CHANGED_SCREWED_ON_PATH_7_total_count,             0
FUTGSHARE_CHANGED_SCREWED_ON_PATH_7_total_pct,         -nan
FUTGSHARE_CHANGED_SCREWED_ON_PATH_7_sum_count,             0
FUTGSHARE_CHANGED_SCREWED_ON_PATH_7_sum_pct,         -nan
FUTGSHARE_CHANGED_SCREWED_ON_PATH_7_sum_total_count,             0
FUTGSHARE_CHANGED_SCREWED_ON_PATH_7_sum_total_pct,         -nan
FUTGSHARE_CHANGED_SCREWED_ON_PATH_7_mean,         -nan
FUTGSHARE_CHANGED_SCREWED_ON_PATH_7_stddev,         -nan
FUTGSHARE_CHANGED_SCREWED_ON_PATH_7_total_mean,         -nan
FUTGSHARE_CHANGED_SCREWED_ON_PATH_7_total_stddev,         -nan

FUTGSHARE_CHANGED_CORRECTED_OFF_PATH_7_count,             0
FUTGSHARE_CHANGED_CORRECTED_OFF_PATH_7_pct,         -nan
FUTGSHARE_CHANGED_CORRECTED_OFF_PATH_7_total_count,             0
FUTGSHARE_CHANGED_CORRECTED_OFF_PATH_7_total_pct,         -nan

FUTGSHARE_CHANGED_SCREWED_OFF_PATH_7_count,             0
FUTGSHARE_CHANGED_SCREWED_OFF_PATH_7_pct,         -nan
FUTGSHARE_CHANGED_SCREWED_OFF_PATH_7_total_count,             0
FUTGSHARE_CHANGED_SCREWED_OFF_PATH_7_total_pct,         -nan
FUTGSHARE_CHANGED_SCREWED_OFF_PATH_7_sum_count,             0
FUTGSHARE_CHANGED_SCREWED_OFF_PATH_7_sum_pct,         -nan
FUTGSHARE_CHANGED_SCREWED_OFF_PATH_7_sum_total_count,             0
FUTGSHARE_CHANGED_SCREWED_OFF_PATH_7_sum_total_pct,         -nan
FUTGSHARE_CHANGED_SCREWED_OFF_PATH_7_mean,         -nan
FUTGSHARE_CHANGED_SCREWED_OFF_PATH_7_stddev,         -nan
FUTGSHARE_CHANGED_SCREWED_OFF_PATH_7_total_mean,         -nan
FUTGSHARE_CHANGED_SCREWED_OFF_PATH_7_total_stddev,         -nan

FUTGSHARE_CHANGED_CORRECTED_ON_PATH_8_count,             0
FUTGSHARE_CHANGED_CORRECTED_ON_PATH_8_pct,         -nan
FUTGSHARE_CHANGED_CORRECTED_ON_PATH_8_total_count,             0
FUTGSHARE_CHANGED_CORRECTED_ON_PATH_8_total_pct,         -nan

FUTGSHARE_CHANGED_SCREWED_ON_PATH_8_count,             0
FUTGSHARE_CHANGED_SCREWED_ON_PATH_8_pct,         -nan
FUTGSHARE_CHANGED_SCREWED_ON_PATH_8_total_count,             0
FUTGSHARE_CHANGED_SCREWED_ON_PATH_8_total_pct,         -nan
FUTGSHARE_CHANGED_SCREWED_ON_PATH_8_sum_count,             0
FUTGSHARE_CHANGED_SCREWED_ON_PATH_8_sum_pct,         -nan
FUTGSHARE_CHANGED_SCREWED_ON_PATH_8_sum_total_count,             0
FUTGSHARE_CHANGED_SCREWED_ON_PATH_8_sum_total_pct,         -nan
FUTGSHARE_CHANGED_SCREWED_ON_PATH_8_mean,         -nan
FUTGSHARE_CHANGED_SCREWED_ON_PATH_8_stddev,         -nan
FUTGSHARE_CHANGED_SCREWED_ON_PATH_8_total_mean,         -nan
FUTGSHARE_CHANGED_SCREWED_ON_PATH_8_total_stddev,         -nan

FUTGSHARE_CHANGED_CORRECTED_OFF_PATH_8_count,             0
FUTGSHARE_CHANGED_CORRECTED_OFF_PATH_8_pct,         -nan
FUTGSHARE_CHANGED_CORRECTED_OFF_PATH_8_total_count,             0
FUTGSHARE_CHANGED_CORRECTED_OFF_PATH_8_total_pct,         -nan

FUTGSHARE_CHANGED_SCREWED_OFF_PATH_8_count,             0
FUTGSHARE_CHANGED_SCREWED_OFF_PATH_8_pct,         -nan
FUTGSHARE_CHANGED_SCREWED_OFF_PATH_8_total_count,             0
FUTGSHARE_CHANGED_SCREWED_OFF_PATH_8_total_pct,         -nan
FUTGSHARE_CHANGED_SCREWED_OFF_PATH_8_sum_count,             0
FUTGSHARE_CHANGED_SCREWED_OFF_PATH_8_sum_pct,         -nan
FUTGSHARE_CHANGED_SCREWED_OFF_PATH_8_sum_total_count,             0
FUTGSHARE_CHANGED_SCREWED_OFF_PATH_8_sum_total_pct,         -nan
FUTGSHARE_CHANGED_SCREWED_OFF_PATH_8_mean,         -nan
FUTGSHARE_CHANGED_SCREWED_OFF_PATH_8_stddev,         -nan
FUTGSHARE_CHANGED_SCREWED_OFF_PATH_8_total_mean,         -nan
FUTGSHARE_CHANGED_SCREWED_OFF_PATH_8_total_stddev,         -nan

FUTGSHARE_CHANGED_CORRECTED_ON_PATH_9_count,             0
FUTGSHARE_CHANGED_CORRECTED_ON_PATH_9_pct,         -nan
FUTGSHARE_CHANGED_CORRECTED_ON_PATH_9_total_count,             0
FUTGSHARE_CHANGED_CORRECTED_ON_PATH_9_total_pct,         -nan

FUTGSHARE_CHANGED_SCREWED_ON_PATH_9_count,             0
FUTGSHARE_CHANGED_SCREWED_ON_PATH_9_pct,         -nan
FUTGSHARE_CHANGED_SCREWED_ON_PATH_9_total_count,             0
FUTGSHARE_CHANGED_SCREWED_ON_PATH_9_total_pct,         -nan
FUTGSHARE_CHANGED_SCREWED_ON_PATH_9_sum_count,             0
FUTGSHARE_CHANGED_SCREWED_ON_PATH_9_sum_pct,         -nan
FUTGSHARE_CHANGED_SCREWED_ON_PATH_9_sum_total_count,             0
FUTGSHARE_CHANGED_SCREWED_ON_PATH_9_sum_total_pct,         -nan
FUTGSHARE_CHANGED_SCREWED_ON_PATH_9_mean,         -nan
FUTGSHARE_CHANGED_SCREWED_ON_PATH_9_stddev,         -nan
FUTGSHARE_CHANGED_SCREWED_ON_PATH_9_total_mean,         -nan
FUTGSHARE_CHANGED_SCREWED_ON_PATH_9_total_stddev,         -nan

FUTGSHARE_CHANGED_CORRECTED_OFF_PATH_9_count,             0
FUTGSHARE_CHANGED_CORRECTED_OFF_PATH_9_pct,         -nan
FUTGSHARE_CHANGED_CORRECTED_OFF_PATH_9_total_count,             0
FUTGSHARE_CHANGED_CORRECTED_OFF_PATH_9_total_pct,         -nan

FUTGSHARE_CHANGED_SCREWED_OFF_PATH_9_count,             0
FUTGSHARE_CHANGED_SCREWED_OFF_PATH_9_pct,         -nan
FUTGSHARE_CHANGED_SCREWED_OFF_PATH_9_total_count,             0
FUTGSHARE_CHANGED_SCREWED_OFF_PATH_9_total_pct,         -nan
FUTGSHARE_CHANGED_SCREWED_OFF_PATH_9_sum_count,             0
FUTGSHARE_CHANGED_SCREWED_OFF_PATH_9_sum_pct,         -nan
FUTGSHARE_CHANGED_SCREWED_OFF_PATH_9_sum_total_count,             0
FUTGSHARE_CHANGED_SCREWED_OFF_PATH_9_sum_total_pct,         -nan
FUTGSHARE_CHANGED_SCREWED_OFF_PATH_9_mean,         -nan
FUTGSHARE_CHANGED_SCREWED_OFF_PATH_9_stddev,         -nan
FUTGSHARE_CHANGED_SCREWED_OFF_PATH_9_total_mean,         -nan
FUTGSHARE_CHANGED_SCREWED_OFF_PATH_9_total_stddev,         -nan

FUTGSHARE_CHANGED_CORRECTED_ON_PATH_10_count,             0
FUTGSHARE_CHANGED_CORRECTED_ON_PATH_10_pct,         -nan
FUTGSHARE_CHANGED_CORRECTED_ON_PATH_10_total_count,             0
FUTGSHARE_CHANGED_CORRECTED_ON_PATH_10_total_pct,         -nan

FUTGSHARE_CHANGED_SCREWED_ON_PATH_10_count,             0
FUTGSHARE_CHANGED_SCREWED_ON_PATH_10_pct,         -nan
FUTGSHARE_CHANGED_SCREWED_ON_PATH_10_total_count,             0
FUTGSHARE_CHANGED_SCREWED_ON_PATH_10_total_pct,         -nan
FUTGSHARE_CHANGED_SCREWED_ON_PATH_10_sum_count,             0
FUTGSHARE_CHANGED_SCREWED_ON_PATH_10_sum_pct,         -nan
FUTGSHARE_CHANGED_SCREWED_ON_PATH_10_sum_total_count,             0
FUTGSHARE_CHANGED_SCREWED_ON_PATH_10_sum_total_pct,         -nan
FUTGSHARE_CHANGED_SCREWED_ON_PATH_10_mean,         -nan
FUTGSHARE_CHANGED_SCREWED_ON_PATH_10_stddev,         -nan
FUTGSHARE_CHANGED_SCREWED_ON_PATH_10_total_mean,         -nan
FUTGSHARE_CHANGED_SCREWED_ON_PATH_10_total_stddev,         -nan

FUTGSHARE_CHANGED_CORRECTED_OFF_PATH_10_count,             0
FUTGSHARE_CHANGED_CORRECTED_OFF_PATH_10_pct,         -nan
FUTGSHARE_CHANGED_CORRECTED_OFF_PATH_10_total_count,             0
FUTGSHARE_CHANGED_CORRECTED_OFF_PATH_10_total_pct,         -nan

FUTGSHARE_CHANGED_SCREWED_OFF_PATH_10_count,             0
FUTGSHARE_CHANGED_SCREWED_OFF_PATH_10_pct,         -nan
FUTGSHARE_CHANGED_SCREWED_OFF_PATH_10_total_count,             0
FUTGSHARE_CHANGED_SCREWED_OFF_PATH_10_total_pct,         -nan
FUTGSHARE_CHANGED_SCREWED_OFF_PATH_10_sum_count,             0
FUTGSHARE_CHANGED_SCREWED_OFF_PATH_10_sum_pct,         -nan
FUTGSHARE_CHANGED_SCREWED_OFF_PATH_10_sum_total_count,             0
FUTGSHARE_CHANGED_SCREWED_OFF_PATH_10_sum_total_pct,         -nan
FUTGSHARE_CHANGED_SCREWED_OFF_PATH_10_mean,         -nan
FUTGSHARE_CHANGED_SCREWED_OFF_PATH_10_stddev,         -nan
FUTGSHARE_CHANGED_SCREWED_OFF_PATH_10_total_mean,         -nan
FUTGSHARE_CHANGED_SCREWED_OFF_PATH_10_total_stddev,         -nan

FUTGSHARE_CHANGED_CORRECTED_ON_PATH_11_count,             0
FUTGSHARE_CHANGED_CORRECTED_ON_PATH_11_pct,         -nan
FUTGSHARE_CHANGED_CORRECTED_ON_PATH_11_total_count,             0
FUTGSHARE_CHANGED_CORRECTED_ON_PATH_11_total_pct,         -nan

FUTGSHARE_CHANGED_SCREWED_ON_PATH_11_count,             0
FUTGSHARE_CHANGED_SCREWED_ON_PATH_11_pct,         -nan
FUTGSHARE_CHANGED_SCREWED_ON_PATH_11_total_count,             0
FUTGSHARE_CHANGED_SCREWED_ON_PATH_11_total_pct,         -nan
FUTGSHARE_CHANGED_SCREWED_ON_PATH_11_sum_count,             0
FUTGSHARE_CHANGED_SCREWED_ON_PATH_11_sum_pct,         -nan
FUTGSHARE_CHANGED_SCREWED_ON_PATH_11_sum_total_count,             0
FUTGSHARE_CHANGED_SCREWED_ON_PATH_11_sum_total_pct,         -nan
FUTGSHARE_CHANGED_SCREWED_ON_PATH_11_mean,         -nan
FUTGSHARE_CHANGED_SCREWED_ON_PATH_11_stddev,         -nan
FUTGSHARE_CHANGED_SCREWED_ON_PATH_11_total_mean,         -nan
FUTGSHARE_CHANGED_SCREWED_ON_PATH_11_total_stddev,         -nan

FUTGSHARE_CHANGED_CORRECTED_OFF_PATH_11_count,             0
FUTGSHARE_CHANGED_CORRECTED_OFF_PATH_11_pct,         -nan
FUTGSHARE_CHANGED_CORRECTED_OFF_PATH_11_total_count,             0
FUTGSHARE_CHANGED_CORRECTED_OFF_PATH_11_total_pct,         -nan

FUTGSHARE_CHANGED_SCREWED_OFF_PATH_11_count,             0
FUTGSHARE_CHANGED_SCREWED_OFF_PATH_11_pct,         -nan
FUTGSHARE_CHANGED_SCREWED_OFF_PATH_11_total_count,             0
FUTGSHARE_CHANGED_SCREWED_OFF_PATH_11_total_pct,         -nan
FUTGSHARE_CHANGED_SCREWED_OFF_PATH_11_sum_count,             0
FUTGSHARE_CHANGED_SCREWED_OFF_PATH_11_sum_pct,         -nan
FUTGSHARE_CHANGED_SCREWED_OFF_PATH_11_sum_total_count,             0
FUTGSHARE_CHANGED_SCREWED_OFF_PATH_11_sum_total_pct,         -nan
FUTGSHARE_CHANGED_SCREWED_OFF_PATH_11_mean,         -nan
FUTGSHARE_CHANGED_SCREWED_OFF_PATH_11_stddev,         -nan
FUTGSHARE_CHANGED_SCREWED_OFF_PATH_11_total_mean,         -nan
FUTGSHARE_CHANGED_SCREWED_OFF_PATH_11_total_stddev,         -nan

FUTGSHARE_CHANGED_CORRECTED_ON_PATH_12_count,             0
FUTGSHARE_CHANGED_CORRECTED_ON_PATH_12_pct,         -nan
FUTGSHARE_CHANGED_CORRECTED_ON_PATH_12_total_count,             0
FUTGSHARE_CHANGED_CORRECTED_ON_PATH_12_total_pct,         -nan

FUTGSHARE_CHANGED_SCREWED_ON_PATH_12_count,             0
FUTGSHARE_CHANGED_SCREWED_ON_PATH_12_pct,         -nan
FUTGSHARE_CHANGED_SCREWED_ON_PATH_12_total_count,             0
FUTGSHARE_CHANGED_SCREWED_ON_PATH_12_total_pct,         -nan
FUTGSHARE_CHANGED_SCREWED_ON_PATH_12_sum_count,             0
FUTGSHARE_CHANGED_SCREWED_ON_PATH_12_sum_pct,         -nan
FUTGSHARE_CHANGED_SCREWED_ON_PATH_12_sum_total_count,             0
FUTGSHARE_CHANGED_SCREWED_ON_PATH_12_sum_total_pct,         -nan
FUTGSHARE_CHANGED_SCREWED_ON_PATH_12_mean,         -nan
FUTGSHARE_CHANGED_SCREWED_ON_PATH_12_stddev,         -nan
FUTGSHARE_CHANGED_SCREWED_ON_PATH_12_total_mean,         -nan
FUTGSHARE_CHANGED_SCREWED_ON_PATH_12_total_stddev,         -nan

FUTGSHARE_CHANGED_CORRECTED_OFF_PATH_12_count,             0
FUTGSHARE_CHANGED_CORRECTED_OFF_PATH_12_pct,         -nan
FUTGSHARE_CHANGED_CORRECTED_OFF_PATH_12_total_count,             0
FUTGSHARE_CHANGED_CORRECTED_OFF_PATH_12_total_pct,         -nan

FUTGSHARE_CHANGED_SCREWED_OFF_PATH_12_count,             0
FUTGSHARE_CHANGED_SCREWED_OFF_PATH_12_pct,         -nan
FUTGSHARE_CHANGED_SCREWED_OFF_PATH_12_total_count,             0
FUTGSHARE_CHANGED_SCREWED_OFF_PATH_12_total_pct,         -nan
FUTGSHARE_CHANGED_SCREWED_OFF_PATH_12_sum_count,             0
FUTGSHARE_CHANGED_SCREWED_OFF_PATH_12_sum_pct,         -nan
FUTGSHARE_CHANGED_SCREWED_OFF_PATH_12_sum_total_count,             0
FUTGSHARE_CHANGED_SCREWED_OFF_PATH_12_sum_total_pct,         -nan
FUTGSHARE_CHANGED_SCREWED_OFF_PATH_12_mean,         -nan
FUTGSHARE_CHANGED_SCREWED_OFF_PATH_12_stddev,         -nan
FUTGSHARE_CHANGED_SCREWED_OFF_PATH_12_total_mean,         -nan
FUTGSHARE_CHANGED_SCREWED_OFF_PATH_12_total_stddev,         -nan

FUTGSHARE_CHANGED_CORRECTED_ON_PATH_13_count,             0
FUTGSHARE_CHANGED_CORRECTED_ON_PATH_13_pct,         -nan
FUTGSHARE_CHANGED_CORRECTED_ON_PATH_13_total_count,             0
FUTGSHARE_CHANGED_CORRECTED_ON_PATH_13_total_pct,         -nan

FUTGSHARE_CHANGED_SCREWED_ON_PATH_13_count,             0
FUTGSHARE_CHANGED_SCREWED_ON_PATH_13_pct,         -nan
FUTGSHARE_CHANGED_SCREWED_ON_PATH_13_total_count,             0
FUTGSHARE_CHANGED_SCREWED_ON_PATH_13_total_pct,         -nan
FUTGSHARE_CHANGED_SCREWED_ON_PATH_13_sum_count,             0
FUTGSHARE_CHANGED_SCREWED_ON_PATH_13_sum_pct,         -nan
FUTGSHARE_CHANGED_SCREWED_ON_PATH_13_sum_total_count,             0
FUTGSHARE_CHANGED_SCREWED_ON_PATH_13_sum_total_pct,         -nan
FUTGSHARE_CHANGED_SCREWED_ON_PATH_13_mean,         -nan
FUTGSHARE_CHANGED_SCREWED_ON_PATH_13_stddev,         -nan
FUTGSHARE_CHANGED_SCREWED_ON_PATH_13_total_mean,         -nan
FUTGSHARE_CHANGED_SCREWED_ON_PATH_13_total_stddev,         -nan

FUTGSHARE_CHANGED_CORRECTED_OFF_PATH_13_count,             0
FUTGSHARE_CHANGED_CORRECTED_OFF_PATH_13_pct,         -nan
FUTGSHARE_CHANGED_CORRECTED_OFF_PATH_13_total_count,             0
FUTGSHARE_CHANGED_CORRECTED_OFF_PATH_13_total_pct,         -nan

FUTGSHARE_CHANGED_SCREWED_OFF_PATH_13_count,             0
FUTGSHARE_CHANGED_SCREWED_OFF_PATH_13_pct,         -nan
FUTGSHARE_CHANGED_SCREWED_OFF_PATH_13_total_count,             0
FUTGSHARE_CHANGED_SCREWED_OFF_PATH_13_total_pct,         -nan
FUTGSHARE_CHANGED_SCREWED_OFF_PATH_13_sum_count,             0
FUTGSHARE_CHANGED_SCREWED_OFF_PATH_13_sum_pct,         -nan
FUTGSHARE_CHANGED_SCREWED_OFF_PATH_13_sum_total_count,             0
FUTGSHARE_CHANGED_SCREWED_OFF_PATH_13_sum_total_pct,         -nan
FUTGSHARE_CHANGED_SCREWED_OFF_PATH_13_mean,         -nan
FUTGSHARE_CHANGED_SCREWED_OFF_PATH_13_stddev,         -nan
FUTGSHARE_CHANGED_SCREWED_OFF_PATH_13_total_mean,         -nan
FUTGSHARE_CHANGED_SCREWED_OFF_PATH_13_total_stddev,         -nan

FUTGSHARE_CHANGED_CORRECTED_ON_PATH_14_count,             0
FUTGSHARE_CHANGED_CORRECTED_ON_PATH_14_pct,         -nan
FUTGSHARE_CHANGED_CORRECTED_ON_PATH_14_total_count,             0
FUTGSHARE_CHANGED_CORRECTED_ON_PATH_14_total_pct,         -nan

FUTGSHARE_CHANGED_SCREWED_ON_PATH_14_count,             0
FUTGSHARE_CHANGED_SCREWED_ON_PATH_14_pct,         -nan
FUTGSHARE_CHANGED_SCREWED_ON_PATH_14_total_count,             0
FUTGSHARE_CHANGED_SCREWED_ON_PATH_14_total_pct,         -nan
FUTGSHARE_CHANGED_SCREWED_ON_PATH_14_sum_count,             0
FUTGSHARE_CHANGED_SCREWED_ON_PATH_14_sum_pct,         -nan
FUTGSHARE_CHANGED_SCREWED_ON_PATH_14_sum_total_count,             0
FUTGSHARE_CHANGED_SCREWED_ON_PATH_14_sum_total_pct,         -nan
FUTGSHARE_CHANGED_SCREWED_ON_PATH_14_mean,         -nan
FUTGSHARE_CHANGED_SCREWED_ON_PATH_14_stddev,         -nan
FUTGSHARE_CHANGED_SCREWED_ON_PATH_14_total_mean,         -nan
FUTGSHARE_CHANGED_SCREWED_ON_PATH_14_total_stddev,         -nan

FUTGSHARE_CHANGED_CORRECTED_OFF_PATH_14_count,             0
FUTGSHARE_CHANGED_CORRECTED_OFF_PATH_14_pct,         -nan
FUTGSHARE_CHANGED_CORRECTED_OFF_PATH_14_total_count,             0
FUTGSHARE_CHANGED_CORRECTED_OFF_PATH_14_total_pct,         -nan

FUTGSHARE_CHANGED_SCREWED_OFF_PATH_14_count,             0
FUTGSHARE_CHANGED_SCREWED_OFF_PATH_14_pct,         -nan
FUTGSHARE_CHANGED_SCREWED_OFF_PATH_14_total_count,             0
FUTGSHARE_CHANGED_SCREWED_OFF_PATH_14_total_pct,         -nan
FUTGSHARE_CHANGED_SCREWED_OFF_PATH_14_sum_count,             0
FUTGSHARE_CHANGED_SCREWED_OFF_PATH_14_sum_pct,         -nan
FUTGSHARE_CHANGED_SCREWED_OFF_PATH_14_sum_total_count,             0
FUTGSHARE_CHANGED_SCREWED_OFF_PATH_14_sum_total_pct,         -nan
FUTGSHARE_CHANGED_SCREWED_OFF_PATH_14_mean,         -nan
FUTGSHARE_CHANGED_SCREWED_OFF_PATH_14_stddev,         -nan
FUTGSHARE_CHANGED_SCREWED_OFF_PATH_14_total_mean,         -nan
FUTGSHARE_CHANGED_SCREWED_OFF_PATH_14_total_stddev,         -nan

FUTGSHARE_CHANGED_CORRECTED_ON_PATH_15_count,             0
FUTGSHARE_CHANGED_CORRECTED_ON_PATH_15_pct,         -nan
FUTGSHARE_CHANGED_CORRECTED_ON_PATH_15_total_count,             0
FUTGSHARE_CHANGED_CORRECTED_ON_PATH_15_total_pct,         -nan

FUTGSHARE_CHANGED_SCREWED_ON_PATH_15_count,             0
FUTGSHARE_CHANGED_SCREWED_ON_PATH_15_pct,         -nan
FUTGSHARE_CHANGED_SCREWED_ON_PATH_15_total_count,             0
FUTGSHARE_CHANGED_SCREWED_ON_PATH_15_total_pct,         -nan
FUTGSHARE_CHANGED_SCREWED_ON_PATH_15_sum_count,             0
FUTGSHARE_CHANGED_SCREWED_ON_PATH_15_sum_pct,         -nan
FUTGSHARE_CHANGED_SCREWED_ON_PATH_15_sum_total_count,             0
FUTGSHARE_CHANGED_SCREWED_ON_PATH_15_sum_total_pct,         -nan
FUTGSHARE_CHANGED_SCREWED_ON_PATH_15_mean,         -nan
FUTGSHARE_CHANGED_SCREWED_ON_PATH_15_stddev,         -nan
FUTGSHARE_CHANGED_SCREWED_ON_PATH_15_total_mean,         -nan
FUTGSHARE_CHANGED_SCREWED_ON_PATH_15_total_stddev,         -nan

FUTGSHARE_CHANGED_CORRECTED_OFF_PATH_15_count,             0
FUTGSHARE_CHANGED_CORRECTED_OFF_PATH_15_pct,         -nan
FUTGSHARE_CHANGED_CORRECTED_OFF_PATH_15_total_count,             0
FUTGSHARE_CHANGED_CORRECTED_OFF_PATH_15_total_pct,         -nan

FUTGSHARE_CHANGED_SCREWED_OFF_PATH_15_count,             0
FUTGSHARE_CHANGED_SCREWED_OFF_PATH_15_pct,         -nan
FUTGSHARE_CHANGED_SCREWED_OFF_PATH_15_total_count,             0
FUTGSHARE_CHANGED_SCREWED_OFF_PATH_15_total_pct,         -nan
FUTGSHARE_CHANGED_SCREWED_OFF_PATH_15_sum_count,             0
FUTGSHARE_CHANGED_SCREWED_OFF_PATH_15_sum_pct,         -nan
FUTGSHARE_CHANGED_SCREWED_OFF_PATH_15_sum_total_count,             0
FUTGSHARE_CHANGED_SCREWED_OFF_PATH_15_sum_total_pct,         -nan
FUTGSHARE_CHANGED_SCREWED_OFF_PATH_15_mean,         -nan
FUTGSHARE_CHANGED_SCREWED_OFF_PATH_15_stddev,         -nan
FUTGSHARE_CHANGED_SCREWED_OFF_PATH_15_total_mean,         -nan
FUTGSHARE_CHANGED_SCREWED_OFF_PATH_15_total_stddev,         -nan

FRAGHIST_BIN_0_count,             0
FRAGHIST_BIN_0_pct,         -nan
FRAGHIST_BIN_0_total_count,             0
FRAGHIST_BIN_0_total_pct,         -nan

FRAGHIST_BIN_1_count,             0
FRAGHIST_BIN_1_pct,         -nan
FRAGHIST_BIN_1_total_count,             0
FRAGHIST_BIN_1_total_pct,         -nan

FRAGHIST_BIN_2_count,             0
FRAGHIST_BIN_2_pct,         -nan
FRAGHIST_BIN_2_total_count,             0
FRAGHIST_BIN_2_total_pct,         -nan

FRAGHIST_BIN_3_count,             0
FRAGHIST_BIN_3_pct,         -nan
FRAGHIST_BIN_3_total_count,             0
FRAGHIST_BIN_3_total_pct,         -nan

FRAGHIST_BIN_4_count,             0
FRAGHIST_BIN_4_pct,         -nan
FRAGHIST_BIN_4_total_count,             0
FRAGHIST_BIN_4_total_pct,         -nan

FRAGHIST_BIN_5_count,             0
FRAGHIST_BIN_5_pct,         -nan
FRAGHIST_BIN_5_total_count,             0
FRAGHIST_BIN_5_total_pct,         -nan

FRAGHIST_BIN_6_count,             0
FRAGHIST_BIN_6_pct,         -nan
FRAGHIST_BIN_6_total_count,             0
FRAGHIST_BIN_6_total_pct,         -nan

FRAGHIST_BIN_7_count,             0
FRAGHIST_BIN_7_pct,         -nan
FRAGHIST_BIN_7_total_count,             0
FRAGHIST_BIN_7_total_pct,         -nan

FRAGHIST_BIN_8_count,             0
FRAGHIST_BIN_8_pct,         -nan
FRAGHIST_BIN_8_total_count,             0
FRAGHIST_BIN_8_total_pct,         -nan

FRAGHIST_BIN_9_count,             0
FRAGHIST_BIN_9_pct,         -nan
FRAGHIST_BIN_9_total_count,             0
FRAGHIST_BIN_9_total_pct,         -nan

FRAGHIST_BIN_10_count,             0
FRAGHIST_BIN_10_pct,         -nan
FRAGHIST_BIN_10_total_count,             0
FRAGHIST_BIN_10_total_pct,         -nan

FRAGHIST_BIN_11_count,             0
FRAGHIST_BIN_11_pct,         -nan
FRAGHIST_BIN_11_total_count,             0
FRAGHIST_BIN_11_total_pct,         -nan

FRAGHIST_BIN_12_count,             0
FRAGHIST_BIN_12_pct,         -nan
FRAGHIST_BIN_12_total_count,             0
FRAGHIST_BIN_12_total_pct,         -nan

FRAGHIST_BIN_13_count,             0
FRAGHIST_BIN_13_pct,         -nan
FRAGHIST_BIN_13_total_count,             0
FRAGHIST_BIN_13_total_pct,         -nan

FRAGHIST_BIN_14_count,             0
FRAGHIST_BIN_14_pct,         -nan
FRAGHIST_BIN_14_total_count,             0
FRAGHIST_BIN_14_total_pct,         -nan

FRAGHIST_BIN_15_count,             0
FRAGHIST_BIN_15_pct,         -nan
FRAGHIST_BIN_15_total_count,             0
FRAGHIST_BIN_15_total_pct,         -nan

FRAGHIST_BIN_16_count,             0
FRAGHIST_BIN_16_pct,         -nan
FRAGHIST_BIN_16_total_count,             0
FRAGHIST_BIN_16_total_pct,         -nan

FRAGHIST_BIN_17_count,             0
FRAGHIST_BIN_17_pct,         -nan
FRAGHIST_BIN_17_total_count,             0
FRAGHIST_BIN_17_total_pct,         -nan

FRAGHIST_BIN_18_count,             0
FRAGHIST_BIN_18_pct,         -nan
FRAGHIST_BIN_18_total_count,             0
FRAGHIST_BIN_18_total_pct,         -nan

FRAGHIST_BIN_19_count,             0
FRAGHIST_BIN_19_pct,         -nan
FRAGHIST_BIN_19_total_count,             0
FRAGHIST_BIN_19_total_pct,         -nan

FRAGHIST_BIN_20_count,             0
FRAGHIST_BIN_20_pct,         -nan
FRAGHIST_BIN_20_total_count,             0
FRAGHIST_BIN_20_total_pct,         -nan

FRAGHIST_BIN_21_count,             0
FRAGHIST_BIN_21_pct,         -nan
FRAGHIST_BIN_21_total_count,             0
FRAGHIST_BIN_21_total_pct,         -nan

FRAGHIST_BIN_22_count,             0
FRAGHIST_BIN_22_pct,         -nan
FRAGHIST_BIN_22_total_count,             0
FRAGHIST_BIN_22_total_pct,         -nan

FRAGHIST_BIN_23_count,             0
FRAGHIST_BIN_23_pct,         -nan
FRAGHIST_BIN_23_total_count,             0
FRAGHIST_BIN_23_total_pct,         -nan

FRAGHIST_BIN_24_count,             0
FRAGHIST_BIN_24_pct,         -nan
FRAGHIST_BIN_24_total_count,             0
FRAGHIST_BIN_24_total_pct,         -nan

FRAGHIST_BIN_25_count,             0
FRAGHIST_BIN_25_pct,         -nan
FRAGHIST_BIN_25_total_count,             0
FRAGHIST_BIN_25_total_pct,         -nan

FRAGHIST_BIN_26_count,             0
FRAGHIST_BIN_26_pct,         -nan
FRAGHIST_BIN_26_total_count,             0
FRAGHIST_BIN_26_total_pct,         -nan

FRAGHIST_BIN_27_count,             0
FRAGHIST_BIN_27_pct,         -nan
FRAGHIST_BIN_27_total_count,             0
FRAGHIST_BIN_27_total_pct,         -nan

FRAGHIST_BIN_28_count,             0
FRAGHIST_BIN_28_pct,         -nan
FRAGHIST_BIN_28_total_count,             0
FRAGHIST_BIN_28_total_pct,         -nan

FRAGHIST_BIN_29_count,             0
FRAGHIST_BIN_29_pct,         -nan
FRAGHIST_BIN_29_total_count,             0
FRAGHIST_BIN_29_total_pct,         -nan

FRAGHIST_BIN_30_count,             0
FRAGHIST_BIN_30_pct,         -nan
FRAGHIST_BIN_30_total_count,             0
FRAGHIST_BIN_30_total_pct,         -nan

FRAGHIST_BIN_31_count,             0
FRAGHIST_BIN_31_pct,         -nan
FRAGHIST_BIN_31_total_count,             0
FRAGHIST_BIN_31_total_pct,         -nan

FRAGHIST_BIN_32_count,             0
FRAGHIST_BIN_32_pct,         -nan
FRAGHIST_BIN_32_total_count,             0
FRAGHIST_BIN_32_total_pct,         -nan
FRAGHIST_BIN_32_sum_count,             0
FRAGHIST_BIN_32_sum_pct,         -nan
FRAGHIST_BIN_32_sum_total_count,             0
FRAGHIST_BIN_32_sum_total_pct,         -nan
FRAGHIST_BIN_32_mean,         -nan
FRAGHIST_BIN_32_stddev,         -nan
FRAGHIST_BIN_32_total_mean,         -nan
FRAGHIST_BIN_32_total_stddev,         -nan

CF_BR_USED_TARGET_CORRECT_count,       1098993
CF_BR_USED_TARGET_CORRECT_pct,        9.056
CF_BR_USED_TARGET_CORRECT_total_count,       1098993
CF_BR_USED_TARGET_CORRECT_total_pct,        9.056

CF_BR_USED_TARGET_INCORRECT_count,         41096
CF_BR_USED_TARGET_INCORRECT_pct,        0.339
CF_BR_USED_TARGET_INCORRECT_total_count,         41096
CF_BR_USED_TARGET_INCORRECT_total_pct,        0.339

CF_CBR_USED_TARGET_CORRECT_count,       5478214
CF_CBR_USED_TARGET_CORRECT_pct,       45.140
CF_CBR_USED_TARGET_CORRECT_total_count,       5478214
CF_CBR_USED_TARGET_CORRECT_total_pct,       45.140

CF_CBR_USED_TARGET_INCORRECT_count,        310992
CF_CBR_USED_TARGET_INCORRECT_pct,        2.563
CF_CBR_USED_TARGET_INCORRECT_total_count,        310992
CF_CBR_USED_TARGET_INCORRECT_total_pct,        2.563

CF_CALL_USED_TARGET_CORRECT_count,       1753755
CF_CALL_USED_TARGET_CORRECT_pct,       14.451
CF_CALL_USED_TARGET_CORRECT_total_count,       1753755
CF_CALL_USED_TARGET_CORRECT_total_pct,       14.451

CF_CALL_USED_TARGET_INCORRECT_count,        105663
CF_CALL_USED_TARGET_INCORRECT_pct,        0.871
CF_CALL_USED_TARGET_INCORRECT_total_count,        105663
CF_CALL_USED_TARGET_INCORRECT_total_pct,        0.871

CF_IBR_USED_TARGET_CORRECT_count,        507074
CF_IBR_USED_TARGET_CORRECT_pct,        4.178
CF_IBR_USED_TARGET_CORRECT_total_count,        507074
CF_IBR_USED_TARGET_CORRECT_total_pct,        4.178

CF_IBR_USED_TARGET_INCORRECT_count,         86844
CF_IBR_USED_TARGET_INCORRECT_pct,        0.716
CF_IBR_USED_TARGET_INCORRECT_total_count,         86844
CF_IBR_USED_TARGET_INCORRECT_total_pct,        0.716

CF_ICALL_USED_TARGET_CORRECT_count,        349516
CF_ICALL_USED_TARGET_CORRECT_pct,        2.880
CF_ICALL_USED_TARGET_CORRECT_total_count,        349516
CF_ICALL_USED_TARGET_CORRECT_total_pct,        2.880

CF_ICALL_USED_TARGET_INCORRECT_count,         97894
CF_ICALL_USED_TARGET_INCORRECT_pct,        0.807
CF_ICALL_USED_TARGET_INCORRECT_total_count,         97894
CF_ICALL_USED_TARGET_INCORRECT_total_pct,        0.807

CF_ICO_USED_TARGET_CORRECT_count,             0
CF_ICO_USED_TARGET_CORRECT_pct,        0.000
CF_ICO_USED_TARGET_CORRECT_total_count,             0
CF_ICO_USED_TARGET_CORRECT_total_pct,        0.000

CF_ICO_USED_TARGET_INCORRECT_count,             0
CF_ICO_USED_TARGET_INCORRECT_pct,        0.000
CF_ICO_USED_TARGET_INCORRECT_total_count,             0
CF_ICO_USED_TARGET_INCORRECT_total_pct,        0.000

CF_RET_USED_TARGET_CORRECT_count,       2292728
CF_RET_USED_TARGET_CORRECT_pct,       18.892
CF_RET_USED_TARGET_CORRECT_total_count,       2292728
CF_RET_USED_TARGET_CORRECT_total_pct,       18.892

CF_RET_USED_TARGET_INCORRECT_count,         13289
CF_RET_USED_TARGET_INCORRECT_pct,        0.110
CF_RET_USED_TARGET_INCORRECT_total_count,         13289
CF_RET_USED_TARGET_INCORRECT_total_pct,        0.110

CF_DEFAULT_USED_TARGET_CORRECT_count,             0
CF_DEFAULT_USED_TARGET_CORRECT_pct,        0.000
CF_DEFAULT_USED_TARGET_CORRECT_total_count,             0
CF_DEFAULT_USED_TARGET_CORRECT_total_pct,        0.000

CF_DEFAULT_USED_TARGET_INCORRECT_count,             0
CF_DEFAULT_USED_TARGET_INCORRECT_pct,        0.000
CF_DEFAULT_USED_TARGET_INCORRECT_total_count,             0
CF_DEFAULT_USED_TARGET_INCORRECT_total_pct,        0.000
CF_DEFAULT_USED_TARGET_INCORRECT_sum_count,      12136058
CF_DEFAULT_USED_TARGET_INCORRECT_sum_pct,      100.000
CF_DEFAULT_USED_TARGET_INCORRECT_sum_total_count,      12136058
CF_DEFAULT_USED_TARGET_INCORRECT_sum_total_pct,      100.000
CF_DEFAULT_USED_TARGET_INCORRECT_mean,         4.49
CF_DEFAULT_USED_TARGET_INCORRECT_stddev,         3.79
CF_DEFAULT_USED_TARGET_INCORRECT_total_mean,         4.49
CF_DEFAULT_USED_TARGET_INCORRECT_total_stddev,         3.79

BTB_UPDATE_BTB_MISS_count,        562757
BTB_UPDATE_BTB_MISS_pct,      100.000
BTB_UPDATE_BTB_MISS_total_count,        562757
BTB_UPDATE_BTB_MISS_total_pct,      100.000

BTB_UPDATE_BTB_HIT_TAKEN_count,             0
BTB_UPDATE_BTB_HIT_TAKEN_pct,        0.000
BTB_UPDATE_BTB_HIT_TAKEN_total_count,             0
BTB_UPDATE_BTB_HIT_TAKEN_total_pct,        0.000
BTB_UPDATE_BTB_HIT_TAKEN_sum_count,        562757
BTB_UPDATE_BTB_HIT_TAKEN_sum_pct,      100.000
BTB_UPDATE_BTB_HIT_TAKEN_sum_total_count,        562757
BTB_UPDATE_BTB_HIT_TAKEN_sum_total_pct,      100.000
BTB_UPDATE_BTB_HIT_TAKEN_mean,         0.00
BTB_UPDATE_BTB_HIT_TAKEN_stddev,         0.00
BTB_UPDATE_BTB_HIT_TAKEN_total_mean,         0.00
BTB_UPDATE_BTB_HIT_TAKEN_total_stddev,         0.00

BTB_UPDATE_BTB_HIT_JITTED_NOT_CF_count,             0
BTB_UPDATE_BTB_HIT_JITTED_NOT_CF_pct,        0.000
BTB_UPDATE_BTB_HIT_JITTED_NOT_CF_total_count,             0
BTB_UPDATE_BTB_HIT_JITTED_NOT_CF_total_pct,        0.000

BTB_UPDATE_BTB_HIT_JITTED_CF_BR_count,           492
BTB_UPDATE_BTB_HIT_JITTED_CF_BR_pct,        0.037
BTB_UPDATE_BTB_HIT_JITTED_CF_BR_total_count,           492
BTB_UPDATE_BTB_HIT_JITTED_CF_BR_total_pct,        0.037

BTB_UPDATE_BTB_HIT_JITTED_CF_CBR_count,            29
BTB_UPDATE_BTB_HIT_JITTED_CF_CBR_pct,        0.002
BTB_UPDATE_BTB_HIT_JITTED_CF_CBR_total_count,            29
BTB_UPDATE_BTB_HIT_JITTED_CF_CBR_total_pct,        0.002

BTB_UPDATE_BTB_HIT_JITTED_CF_CALL_count,            14
BTB_UPDATE_BTB_HIT_JITTED_CF_CALL_pct,        0.001
BTB_UPDATE_BTB_HIT_JITTED_CF_CALL_total_count,            14
BTB_UPDATE_BTB_HIT_JITTED_CF_CALL_total_pct,        0.001

BTB_UPDATE_BTB_HIT_JITTED_CF_IBR_count,        111101
BTB_UPDATE_BTB_HIT_JITTED_CF_IBR_pct,        8.408
BTB_UPDATE_BTB_HIT_JITTED_CF_IBR_total_count,        111101
BTB_UPDATE_BTB_HIT_JITTED_CF_IBR_total_pct,        8.408

BTB_UPDATE_BTB_HIT_JITTED_CF_ICALL_count,        131200
BTB_UPDATE_BTB_HIT_JITTED_CF_ICALL_pct,        9.930
BTB_UPDATE_BTB_HIT_JITTED_CF_ICALL_total_count,        131200
BTB_UPDATE_BTB_HIT_JITTED_CF_ICALL_total_pct,        9.930

BTB_UPDATE_BTB_HIT_JITTED_CF_ICO_count,             0
BTB_UPDATE_BTB_HIT_JITTED_CF_ICO_pct,        0.000
BTB_UPDATE_BTB_HIT_JITTED_CF_ICO_total_count,             0
BTB_UPDATE_BTB_HIT_JITTED_CF_ICO_total_pct,        0.000

BTB_UPDATE_BTB_HIT_JITTED_CF_RET_count,       1078462
BTB_UPDATE_BTB_HIT_JITTED_CF_RET_pct,       81.621
BTB_UPDATE_BTB_HIT_JITTED_CF_RET_total_count,       1078462
BTB_UPDATE_BTB_HIT_JITTED_CF_RET_total_pct,       81.621
BTB_UPDATE_BTB_HIT_JITTED_CF_RET_sum_count,       1321298
BTB_UPDATE_BTB_HIT_JITTED_CF_RET_sum_pct,      100.000
BTB_UPDATE_BTB_HIT_JITTED_CF_RET_sum_total_count,       1321298
BTB_UPDATE_BTB_HIT_JITTED_CF_RET_sum_total_pct,      100.000
BTB_UPDATE_BTB_HIT_JITTED_CF_RET_mean,         6.55
BTB_UPDATE_BTB_HIT_JITTED_CF_RET_stddev,         6.00
BTB_UPDATE_BTB_HIT_JITTED_CF_RET_total_mean,         6.55
BTB_UPDATE_BTB_HIT_JITTED_CF_RET_total_stddev,         6.00

RESTEER_BTB_MISS_NOT_CF_count,             0
RESTEER_BTB_MISS_NOT_CF_pct,        0.000
RESTEER_BTB_MISS_NOT_CF_total_count,             0
RESTEER_BTB_MISS_NOT_CF_total_pct,        0.000

RESTEER_BTB_MISS_CF_BR_count,             0
RESTEER_BTB_MISS_CF_BR_pct,        0.000
RESTEER_BTB_MISS_CF_BR_total_count,             0
RESTEER_BTB_MISS_CF_BR_total_pct,        0.000

RESTEER_BTB_MISS_CF_CBR_count,         41096
RESTEER_BTB_MISS_CF_CBR_pct,        4.608
RESTEER_BTB_MISS_CF_CBR_total_count,         41096
RESTEER_BTB_MISS_CF_CBR_total_pct,        4.608

RESTEER_BTB_MISS_CF_CALL_count,        108908
RESTEER_BTB_MISS_CF_CALL_pct,       12.212
RESTEER_BTB_MISS_CF_CALL_total_count,        108908
RESTEER_BTB_MISS_CF_CALL_total_pct,       12.212

RESTEER_BTB_MISS_CF_IBR_count,        105663
RESTEER_BTB_MISS_CF_IBR_pct,       11.848
RESTEER_BTB_MISS_CF_IBR_total_count,        105663
RESTEER_BTB_MISS_CF_IBR_total_pct,       11.848

RESTEER_BTB_MISS_CF_ICALL_count,             0
RESTEER_BTB_MISS_CF_ICALL_pct,        0.000
RESTEER_BTB_MISS_CF_ICALL_total_count,             0
RESTEER_BTB_MISS_CF_ICALL_total_pct,        0.000

RESTEER_BTB_MISS_CF_ICO_count,             0
RESTEER_BTB_MISS_CF_ICO_pct,        0.000
RESTEER_BTB_MISS_CF_ICO_total_count,             0
RESTEER_BTB_MISS_CF_ICO_total_pct,        0.000

RESTEER_BTB_MISS_CF_RET_count,             0
RESTEER_BTB_MISS_CF_RET_pct,        0.000
RESTEER_BTB_MISS_CF_RET_total_count,             0
RESTEER_BTB_MISS_CF_RET_total_pct,        0.000

RESTEER_MISPRED_NOT_CF_count,             0
RESTEER_MISPRED_NOT_CF_pct,        0.000
RESTEER_MISPRED_NOT_CF_total_count,             0
RESTEER_MISPRED_NOT_CF_total_pct,        0.000

RESTEER_MISPRED_CF_BR_count,             0
RESTEER_MISPRED_CF_BR_pct,        0.000
RESTEER_MISPRED_CF_BR_total_count,             0
RESTEER_MISPRED_CF_BR_total_pct,        0.000

RESTEER_MISPRED_CF_CBR_count,        417166
RESTEER_MISPRED_CF_CBR_pct,       46.777
RESTEER_MISPRED_CF_CBR_total_count,        417166
RESTEER_MISPRED_CF_CBR_total_pct,       46.777

RESTEER_MISPRED_CF_CALL_count,             0
RESTEER_MISPRED_CF_CALL_pct,        0.000
RESTEER_MISPRED_CF_CALL_total_count,             0
RESTEER_MISPRED_CF_CALL_total_pct,        0.000

RESTEER_MISPRED_CF_IBR_count,          6077
RESTEER_MISPRED_CF_IBR_pct,        0.681
RESTEER_MISPRED_CF_IBR_total_count,          6077
RESTEER_MISPRED_CF_IBR_total_pct,        0.681

RESTEER_MISPRED_CF_ICALL_count,         12197
RESTEER_MISPRED_CF_ICALL_pct,        1.368
RESTEER_MISPRED_CF_ICALL_total_count,         12197
RESTEER_MISPRED_CF_ICALL_total_pct,        1.368

RESTEER_MISPRED_CF_ICO_count,             0
RESTEER_MISPRED_CF_ICO_pct,        0.000
RESTEER_MISPRED_CF_ICO_total_count,             0
RESTEER_MISPRED_CF_ICO_total_pct,        0.000

RESTEER_MISPRED_CF_RET_count,             0
RESTEER_MISPRED_CF_RET_pct,        0.000
RESTEER_MISPRED_CF_RET_total_count,             0
RESTEER_MISPRED_CF_RET_total_pct,        0.000

RESTEER_MISFETCH_NOT_CF_count,             0
RESTEER_MISFETCH_NOT_CF_pct,        0.000
RESTEER_MISFETCH_NOT_CF_total_count,             0
RESTEER_MISFETCH_NOT_CF_total_pct,        0.000

RESTEER_MISFETCH_CF_BR_count,             0
RESTEER_MISFETCH_CF_BR_pct,        0.000
RESTEER_MISFETCH_CF_BR_total_count,             0
RESTEER_MISFETCH_CF_BR_total_pct,        0.000

RESTEER_MISFETCH_CF_CBR_count,         20955
RESTEER_MISFETCH_CF_CBR_pct,        2.350
RESTEER_MISFETCH_CF_CBR_total_count,         20955
RESTEER_MISFETCH_CF_CBR_total_pct,        2.350

RESTEER_MISFETCH_CF_CALL_count,             0
RESTEER_MISFETCH_CF_CALL_pct,        0.000
RESTEER_MISFETCH_CF_CALL_total_count,             0
RESTEER_MISFETCH_CF_CALL_total_pct,        0.000

RESTEER_MISFETCH_CF_IBR_count,         80767
RESTEER_MISFETCH_CF_IBR_pct,        9.056
RESTEER_MISFETCH_CF_IBR_total_count,         80767
RESTEER_MISFETCH_CF_IBR_total_pct,        9.056

RESTEER_MISFETCH_CF_ICALL_count,         85697
RESTEER_MISFETCH_CF_ICALL_pct,        9.609
RESTEER_MISFETCH_CF_ICALL_total_count,         85697
RESTEER_MISFETCH_CF_ICALL_total_pct,        9.609

RESTEER_MISFETCH_CF_ICO_count,             0
RESTEER_MISFETCH_CF_ICO_pct,        0.000
RESTEER_MISFETCH_CF_ICO_total_count,             0
RESTEER_MISFETCH_CF_ICO_total_pct,        0.000

RESTEER_MISFETCH_CF_RET_count,         13289
RESTEER_MISFETCH_CF_RET_pct,        1.490
RESTEER_MISFETCH_CF_RET_total_count,         13289
RESTEER_MISFETCH_CF_RET_total_pct,        1.490

RESTEER_NO_TARGET_CF_IBR_count,             0
RESTEER_NO_TARGET_CF_IBR_pct,        0.000
RESTEER_NO_TARGET_CF_IBR_total_count,             0
RESTEER_NO_TARGET_CF_IBR_total_pct,        0.000

RESTEER_NO_TARGET_CF_ICALL_count,             0
RESTEER_NO_TARGET_CF_ICALL_pct,        0.000
RESTEER_NO_TARGET_CF_ICALL_total_count,             0
RESTEER_NO_TARGET_CF_ICALL_total_pct,        0.000

RESTEER_NO_TARGET_CF_ICO_count,             0
RESTEER_NO_TARGET_CF_ICO_pct,        0.000
RESTEER_NO_TARGET_CF_ICO_total_count,             0
RESTEER_NO_TARGET_CF_ICO_total_pct,        0.000

RESTEER_NO_TARGET_CF_RET_count,             0
RESTEER_NO_TARGET_CF_RET_pct,        0.000
RESTEER_NO_TARGET_CF_RET_total_count,             0
RESTEER_NO_TARGET_CF_RET_total_pct,        0.000
RESTEER_NO_TARGET_CF_RET_sum_count,        891815
RESTEER_NO_TARGET_CF_RET_sum_pct,      100.000
RESTEER_NO_TARGET_CF_RET_sum_total_count,        891815
RESTEER_NO_TARGET_CF_RET_sum_total_pct,      100.000
RESTEER_NO_TARGET_CF_RET_mean,        10.46
RESTEER_NO_TARGET_CF_RET_stddev,         6.15
RESTEER_NO_TARGET_CF_RET_total_mean,        10.46
RESTEER_NO_TARGET_CF_RET_total_stddev,         6.15

CBR_CORRECT_count,       8776631
CBR_CORRECT_pct,       66.076
CBR_CORRECT_total_count,       8776631
CBR_CORRECT_total_pct,       66.076

CBR_CORRECT_BTB_MISS_NT_NT_count,       3958947
CBR_CORRECT_BTB_MISS_NT_NT_pct,       29.805
CBR_CORRECT_BTB_MISS_NT_NT_total_count,       3958947
CBR_CORRECT_BTB_MISS_NT_NT_total_pct,       29.805

CBR_RECOVER_MISPREDICT_count,        393469
CBR_RECOVER_MISPREDICT_pct,        2.962
CBR_RECOVER_MISPREDICT_total_count,        393469
CBR_RECOVER_MISPREDICT_total_pct,        2.962

CBR_RECOVER_MISFETCH_count,            21
CBR_RECOVER_MISFETCH_pct,        0.000
CBR_RECOVER_MISFETCH_total_count,            21
CBR_RECOVER_MISFETCH_total_pct,        0.000

CBR_RECOVER_BTB_MISS_T_T_count,        108887
CBR_RECOVER_BTB_MISS_T_T_pct,        0.820
CBR_RECOVER_BTB_MISS_T_T_total_count,        108887
CBR_RECOVER_BTB_MISS_T_T_total_pct,        0.820

CBR_RECOVER_BTB_MISS_T_NT_count,         20955
CBR_RECOVER_BTB_MISS_T_NT_pct,        0.158
CBR_RECOVER_BTB_MISS_T_NT_total_count,         20955
CBR_RECOVER_BTB_MISS_T_NT_total_pct,        0.158

CBR_RECOVER_BTB_MISS_NT_T_count,         23697
CBR_RECOVER_BTB_MISS_NT_T_pct,        0.178
CBR_RECOVER_BTB_MISS_NT_T_total_count,         23697
CBR_RECOVER_BTB_MISS_NT_T_total_pct,        0.178
CBR_RECOVER_BTB_MISS_NT_T_sum_count,      13282607
CBR_RECOVER_BTB_MISS_NT_T_sum_pct,      100.000
CBR_RECOVER_BTB_MISS_NT_T_sum_total_count,      13282607
CBR_RECOVER_BTB_MISS_NT_T_sum_total_pct,      100.000
CBR_RECOVER_BTB_MISS_NT_T_mean,         0.41
CBR_RECOVER_BTB_MISS_NT_T_stddev,         0.61
CBR_RECOVER_BTB_MISS_NT_T_total_mean,         0.41
CBR_RECOVER_BTB_MISS_NT_T_total_stddev,         0.61

BR_CORRECT_count,       1098993
BR_CORRECT_pct,       96.395
BR_CORRECT_total_count,       1098993
BR_CORRECT_total_pct,       96.395

BR_RECOVER_count,         41096
BR_RECOVER_pct,        3.605
BR_RECOVER_total_count,         41096
BR_RECOVER_total_pct,        3.605
BR_RECOVER_sum_count,       1140089
BR_RECOVER_sum_pct,      100.000
BR_RECOVER_sum_total_count,       1140089
BR_RECOVER_sum_total_pct,      100.000
BR_RECOVER_mean,         0.04
BR_RECOVER_stddev,         0.18
BR_RECOVER_total_mean,         0.04
BR_RECOVER_total_stddev,         0.18

ICALL_CORRECT_IBTB_count,        213323
ICALL_CORRECT_IBTB_pct,       47.680
ICALL_CORRECT_IBTB_total_count,        213323
ICALL_CORRECT_IBTB_total_pct,       47.680

ICALL_CORRECT_BTB_count,        136193
ICALL_CORRECT_BTB_pct,       30.440
ICALL_CORRECT_BTB_total_count,        136193
ICALL_CORRECT_BTB_total_pct,       30.440

ICALL_RECOVER_IBTB_MISFETCH_count,         21804
ICALL_RECOVER_IBTB_MISFETCH_pct,        4.873
ICALL_RECOVER_IBTB_MISFETCH_total_count,         21804
ICALL_RECOVER_IBTB_MISFETCH_total_pct,        4.873

ICALL_RECOVER_BTB_MISFETCH_count,         63893
ICALL_RECOVER_BTB_MISFETCH_pct,       14.281
ICALL_RECOVER_BTB_MISFETCH_total_count,         63893
ICALL_RECOVER_BTB_MISFETCH_total_pct,       14.281

ICALL_RECOVER_XBTB_MISS_count,         12197
ICALL_RECOVER_XBTB_MISS_pct,        2.726
ICALL_RECOVER_XBTB_MISS_total_count,         12197
ICALL_RECOVER_XBTB_MISS_total_pct,        2.726
ICALL_RECOVER_XBTB_MISS_sum_count,        447410
ICALL_RECOVER_XBTB_MISS_sum_pct,      100.000
ICALL_RECOVER_XBTB_MISS_sum_total_count,        447410
ICALL_RECOVER_XBTB_MISS_sum_total_pct,      100.000
ICALL_RECOVER_XBTB_MISS_mean,         0.94
ICALL_RECOVER_XBTB_MISS_stddev,         0.97
ICALL_RECOVER_XBTB_MISS_total_mean,         0.94
ICALL_RECOVER_XBTB_MISS_total_stddev,         0.97

IBR_CORRECT_IBTB_count,        280529
IBR_CORRECT_IBTB_pct,       47.234
IBR_CORRECT_IBTB_total_count,        280529
IBR_CORRECT_IBTB_total_pct,       47.234

IBR_CORRECT_BTB_count,        226545
IBR_CORRECT_BTB_pct,       38.144
IBR_CORRECT_BTB_total_count,        226545
IBR_CORRECT_BTB_total_pct,       38.144

IBR_RECOVER_IBTB_MISFETCH_count,         34499
IBR_RECOVER_IBTB_MISFETCH_pct,        5.809
IBR_RECOVER_IBTB_MISFETCH_total_count,         34499
IBR_RECOVER_IBTB_MISFETCH_total_pct,        5.809

IBR_RECOVER_BTB_MISFETCH_count,         46268
IBR_RECOVER_BTB_MISFETCH_pct,        7.790
IBR_RECOVER_BTB_MISFETCH_total_count,         46268
IBR_RECOVER_BTB_MISFETCH_total_pct,        7.790

IBR_RECOVER_XBTB_MISS_count,          6077
IBR_RECOVER_XBTB_MISS_pct,        1.023
IBR_RECOVER_XBTB_MISS_total_count,          6077
IBR_RECOVER_XBTB_MISS_total_pct,        1.023
IBR_RECOVER_XBTB_MISS_sum_count,        593918
IBR_RECOVER_XBTB_MISS_sum_pct,      100.000
IBR_RECOVER_XBTB_MISS_sum_total_count,        593918
IBR_RECOVER_XBTB_MISS_sum_total_pct,      100.000
IBR_RECOVER_XBTB_MISS_mean,         0.77
IBR_RECOVER_XBTB_MISS_stddev,         0.78
IBR_RECOVER_XBTB_MISS_total_mean,         0.77
IBR_RECOVER_XBTB_MISS_total_stddev,         0.78

ICO_CORRECT_count,             0
ICO_CORRECT_pct,         -nan
ICO_CORRECT_total_count,             0
ICO_CORRECT_total_pct,         -nan

ICO_RECOVER_count,             0
ICO_RECOVER_pct,         -nan
ICO_RECOVER_total_count,             0
ICO_RECOVER_total_pct,         -nan
ICO_RECOVER_sum_count,             0
ICO_RECOVER_sum_pct,         -nan
ICO_RECOVER_sum_total_count,             0
ICO_RECOVER_sum_total_pct,         -nan
ICO_RECOVER_mean,         -nan
ICO_RECOVER_stddev,         -nan
ICO_RECOVER_total_mean,         -nan
ICO_RECOVER_total_stddev,         -nan

RET_CORRECT_count,       2292728
RET_CORRECT_pct,       99.424
RET_CORRECT_total_count,       2292728
RET_CORRECT_total_pct,       99.424

RET_RECOVER_count,         13289
RET_RECOVER_pct,        0.576
RET_RECOVER_total_count,         13289
RET_RECOVER_total_pct,        0.576

RET_RECOVER_UFLOW_count,             0
RET_RECOVER_UFLOW_pct,        0.000
RET_RECOVER_UFLOW_total_count,             0
RET_RECOVER_UFLOW_total_pct,        0.000
RET_RECOVER_UFLOW_sum_count,       2306017
RET_RECOVER_UFLOW_sum_pct,      100.000
RET_RECOVER_UFLOW_sum_total_count,       2306017
RET_RECOVER_UFLOW_sum_total_pct,      100.000
RET_RECOVER_UFLOW_mean,         0.01
RET_RECOVER_UFLOW_stddev,         0.08
RET_RECOVER_UFLOW_total_mean,         0.01
RET_RECOVER_UFLOW_total_stddev,         0.08

CALL_CORRECT_count,       1753755
CALL_CORRECT_pct,       94.317
CALL_CORRECT_total_count,       1753755
CALL_CORRECT_total_pct,       94.317

CALL_RECOVER_count,        105663
CALL_RECOVER_pct,        5.683
CALL_RECOVER_total_count,        105663
CALL_RECOVER_total_pct,        5.683
CALL_RECOVER_sum_count,       1859418
CALL_RECOVER_sum_pct,      100.000
CALL_RECOVER_sum_total_count,       1859418
CALL_RECOVER_sum_total_pct,      100.000
CALL_RECOVER_mean,         0.06
CALL_RECOVER_stddev,         0.23
CALL_RECOVER_total_mean,         0.06
CALL_RECOVER_total_stddev,         0.23

BTB_CORRECT_count,      13042860
BTB_CORRECT_pct,       75.290
BTB_CORRECT_total_count,      13042860
BTB_CORRECT_total_pct,       75.290

BTB_INCORRECT_BUT_TARGET_CORRECT_count,            39
BTB_INCORRECT_BUT_TARGET_CORRECT_pct,        0.000
BTB_INCORRECT_BUT_TARGET_CORRECT_total_count,            39
BTB_INCORRECT_BUT_TARGET_CORRECT_total_pct,        0.000

BTB_INCORRECT_count,       4280582
BTB_INCORRECT_pct,       24.710
BTB_INCORRECT_total_count,       4280582
BTB_INCORRECT_total_pct,       24.710
BTB_INCORRECT_sum_count,      17323481
BTB_INCORRECT_sum_pct,      100.000
BTB_INCORRECT_sum_total_count,      17323481
BTB_INCORRECT_sum_total_pct,      100.000
BTB_INCORRECT_mean,         0.49
BTB_INCORRECT_stddev,         0.79
BTB_INCORRECT_total_mean,         0.49
BTB_INCORRECT_total_stddev,         0.79

IBTB_CORRECT_count,        550155
IBTB_CORRECT_pct,       52.832
IBTB_CORRECT_total_count,        550155
IBTB_CORRECT_total_pct,       52.832

IBTB_INCORRECT_count,        491173
IBTB_INCORRECT_pct,       47.168
IBTB_INCORRECT_total_count,        491173
IBTB_INCORRECT_total_pct,       47.168
IBTB_INCORRECT_sum_count,       1041328
IBTB_INCORRECT_sum_pct,      100.000
IBTB_INCORRECT_sum_total_count,       1041328
IBTB_INCORRECT_sum_total_pct,      100.000
IBTB_INCORRECT_mean,         0.47
IBTB_INCORRECT_stddev,         0.49
IBTB_INCORRECT_total_mean,         0.47
IBTB_INCORRECT_total_stddev,         0.49

CBR_CORRECT_OFF_PATH_count,      20786484
CBR_CORRECT_OFF_PATH_pct,       64.734
CBR_CORRECT_OFF_PATH_total_count,      20786484
CBR_CORRECT_OFF_PATH_total_pct,       64.734

CBR_CORRECT_BTB_MISS_NT_NT_OFF_PATH_count,      10263445
CBR_CORRECT_BTB_MISS_NT_NT_OFF_PATH_pct,       31.963
CBR_CORRECT_BTB_MISS_NT_NT_OFF_PATH_total_count,      10263445
CBR_CORRECT_BTB_MISS_NT_NT_OFF_PATH_total_pct,       31.963

CBR_RECOVER_MISPREDICT_OFF_PATH_count,             0
CBR_RECOVER_MISPREDICT_OFF_PATH_pct,        0.000
CBR_RECOVER_MISPREDICT_OFF_PATH_total_count,             0
CBR_RECOVER_MISPREDICT_OFF_PATH_total_pct,        0.000

CBR_RECOVER_MISFETCH_OFF_PATH_count,            36
CBR_RECOVER_MISFETCH_OFF_PATH_pct,        0.000
CBR_RECOVER_MISFETCH_OFF_PATH_total_count,            36
CBR_RECOVER_MISFETCH_OFF_PATH_total_pct,        0.000

CBR_RECOVER_BTB_MISS_T_T_OFF_PATH_count,       1060404
CBR_RECOVER_BTB_MISS_T_T_OFF_PATH_pct,        3.302
CBR_RECOVER_BTB_MISS_T_T_OFF_PATH_total_count,       1060404
CBR_RECOVER_BTB_MISS_T_T_OFF_PATH_total_pct,        3.302

CBR_RECOVER_BTB_MISS_T_NT_OFF_PATH_count,             0
CBR_RECOVER_BTB_MISS_T_NT_OFF_PATH_pct,        0.000
CBR_RECOVER_BTB_MISS_T_NT_OFF_PATH_total_count,             0
CBR_RECOVER_BTB_MISS_T_NT_OFF_PATH_total_pct,        0.000

CBR_RECOVER_BTB_MISS_NT_T_OFF_PATH_count,             0
CBR_RECOVER_BTB_MISS_NT_T_OFF_PATH_pct,        0.000
CBR_RECOVER_BTB_MISS_NT_T_OFF_PATH_total_count,             0
CBR_RECOVER_BTB_MISS_NT_T_OFF_PATH_total_pct,        0.000
CBR_RECOVER_BTB_MISS_NT_T_OFF_PATH_sum_count,      32110369
CBR_RECOVER_BTB_MISS_NT_T_OFF_PATH_sum_pct,      100.000
CBR_RECOVER_BTB_MISS_NT_T_OFF_PATH_sum_total_count,      32110369
CBR_RECOVER_BTB_MISS_NT_T_OFF_PATH_sum_total_pct,      100.000
CBR_RECOVER_BTB_MISS_NT_T_OFF_PATH_mean,         0.45
CBR_RECOVER_BTB_MISS_NT_T_OFF_PATH_stddev,         0.72
CBR_RECOVER_BTB_MISS_NT_T_OFF_PATH_total_mean,         0.45
CBR_RECOVER_BTB_MISS_NT_T_OFF_PATH_total_stddev,         0.72

BR_CORRECT_OFF_PATH_count,       2903486
BR_CORRECT_OFF_PATH_pct,       89.121
BR_CORRECT_OFF_PATH_total_count,       2903486
BR_CORRECT_OFF_PATH_total_pct,       89.121

BR_RECOVER_OFF_PATH_count,        354422
BR_RECOVER_OFF_PATH_pct,       10.879
BR_RECOVER_OFF_PATH_total_count,        354422
BR_RECOVER_OFF_PATH_total_pct,       10.879
BR_RECOVER_OFF_PATH_sum_count,       3257908
BR_RECOVER_OFF_PATH_sum_pct,      100.000
BR_RECOVER_OFF_PATH_sum_total_count,       3257908
BR_RECOVER_OFF_PATH_sum_total_pct,      100.000
BR_RECOVER_OFF_PATH_mean,         0.11
BR_RECOVER_OFF_PATH_stddev,         0.30
BR_RECOVER_OFF_PATH_total_mean,         0.11
BR_RECOVER_OFF_PATH_total_stddev,         0.30

ICALL_CORRECT_IBTB_OFF_PATH_count,        109871
ICALL_CORRECT_IBTB_OFF_PATH_pct,        7.324
ICALL_CORRECT_IBTB_OFF_PATH_total_count,        109871
ICALL_CORRECT_IBTB_OFF_PATH_total_pct,        7.324

ICALL_CORRECT_BTB_OFF_PATH_count,       1109293
ICALL_CORRECT_BTB_OFF_PATH_pct,       73.945
ICALL_CORRECT_BTB_OFF_PATH_total_count,       1109293
ICALL_CORRECT_BTB_OFF_PATH_total_pct,       73.945

ICALL_RECOVER_IBTB_MISFETCH_OFF_PATH_count,         39146
ICALL_RECOVER_IBTB_MISFETCH_OFF_PATH_pct,        2.609
ICALL_RECOVER_IBTB_MISFETCH_OFF_PATH_total_count,         39146
ICALL_RECOVER_IBTB_MISFETCH_OFF_PATH_total_pct,        2.609

ICALL_RECOVER_BTB_MISFETCH_OFF_PATH_count,        153034
ICALL_RECOVER_BTB_MISFETCH_OFF_PATH_pct,       10.201
ICALL_RECOVER_BTB_MISFETCH_OFF_PATH_total_count,        153034
ICALL_RECOVER_BTB_MISFETCH_OFF_PATH_total_pct,       10.201

ICALL_RECOVER_XBTB_MISS_OFF_PATH_count,         88815
ICALL_RECOVER_XBTB_MISS_OFF_PATH_pct,        5.920
ICALL_RECOVER_XBTB_MISS_OFF_PATH_total_count,         88815
ICALL_RECOVER_XBTB_MISS_OFF_PATH_total_pct,        5.920
ICALL_RECOVER_XBTB_MISS_OFF_PATH_sum_count,       1500159
ICALL_RECOVER_XBTB_MISS_OFF_PATH_sum_pct,      100.000
ICALL_RECOVER_XBTB_MISS_OFF_PATH_sum_total_count,       1500159
ICALL_RECOVER_XBTB_MISS_OFF_PATH_sum_total_pct,      100.000
ICALL_RECOVER_XBTB_MISS_OFF_PATH_mean,         1.33
ICALL_RECOVER_XBTB_MISS_OFF_PATH_stddev,         0.95
ICALL_RECOVER_XBTB_MISS_OFF_PATH_total_mean,         1.33
ICALL_RECOVER_XBTB_MISS_OFF_PATH_total_stddev,         0.95

IBR_CORRECT_IBTB_OFF_PATH_count,        171298
IBR_CORRECT_IBTB_OFF_PATH_pct,       11.195
IBR_CORRECT_IBTB_OFF_PATH_total_count,        171298
IBR_CORRECT_IBTB_OFF_PATH_total_pct,       11.195

IBR_CORRECT_BTB_OFF_PATH_count,       1116172
IBR_CORRECT_BTB_OFF_PATH_pct,       72.945
IBR_CORRECT_BTB_OFF_PATH_total_count,       1116172
IBR_CORRECT_BTB_OFF_PATH_total_pct,       72.945

IBR_RECOVER_IBTB_MISFETCH_OFF_PATH_count,         97883
IBR_RECOVER_IBTB_MISFETCH_OFF_PATH_pct,        6.397
IBR_RECOVER_IBTB_MISFETCH_OFF_PATH_total_count,         97883
IBR_RECOVER_IBTB_MISFETCH_OFF_PATH_total_pct,        6.397

IBR_RECOVER_BTB_MISFETCH_OFF_PATH_count,        116531
IBR_RECOVER_BTB_MISFETCH_OFF_PATH_pct,        7.616
IBR_RECOVER_BTB_MISFETCH_OFF_PATH_total_count,        116531
IBR_RECOVER_BTB_MISFETCH_OFF_PATH_total_pct,        7.616

IBR_RECOVER_XBTB_MISS_OFF_PATH_count,         28279
IBR_RECOVER_XBTB_MISS_OFF_PATH_pct,        1.848
IBR_RECOVER_XBTB_MISS_OFF_PATH_total_count,         28279
IBR_RECOVER_XBTB_MISS_OFF_PATH_total_pct,        1.848
IBR_RECOVER_XBTB_MISS_OFF_PATH_sum_count,       1530163
IBR_RECOVER_XBTB_MISS_OFF_PATH_sum_pct,      100.000
IBR_RECOVER_XBTB_MISS_OFF_PATH_sum_total_count,       1530163
IBR_RECOVER_XBTB_MISS_OFF_PATH_sum_total_pct,      100.000
IBR_RECOVER_XBTB_MISS_OFF_PATH_mean,         1.16
IBR_RECOVER_XBTB_MISS_OFF_PATH_stddev,         0.70
IBR_RECOVER_XBTB_MISS_OFF_PATH_total_mean,         1.16
IBR_RECOVER_XBTB_MISS_OFF_PATH_total_stddev,         0.70

ICO_CORRECT_OFF_PATH_count,             0
ICO_CORRECT_OFF_PATH_pct,         -nan
ICO_CORRECT_OFF_PATH_total_count,             0
ICO_CORRECT_OFF_PATH_total_pct,         -nan

ICO_RECOVER_OFF_PATH_count,             0
ICO_RECOVER_OFF_PATH_pct,         -nan
ICO_RECOVER_OFF_PATH_total_count,             0
ICO_RECOVER_OFF_PATH_total_pct,         -nan
ICO_RECOVER_OFF_PATH_sum_count,             0
ICO_RECOVER_OFF_PATH_sum_pct,         -nan
ICO_RECOVER_OFF_PATH_sum_total_count,             0
ICO_RECOVER_OFF_PATH_sum_total_pct,         -nan
ICO_RECOVER_OFF_PATH_mean,         -nan
ICO_RECOVER_OFF_PATH_stddev,         -nan
ICO_RECOVER_OFF_PATH_total_mean,         -nan
ICO_RECOVER_OFF_PATH_total_stddev,         -nan

RET_CORRECT_OFF_PATH_count,       3425299
RET_CORRECT_OFF_PATH_pct,       56.801
RET_CORRECT_OFF_PATH_total_count,       3425299
RET_CORRECT_OFF_PATH_total_pct,       56.801

RET_RECOVER_OFF_PATH_count,       2604993
RET_RECOVER_OFF_PATH_pct,       43.198
RET_RECOVER_OFF_PATH_total_count,       2604993
RET_RECOVER_OFF_PATH_total_pct,       43.198

RET_RECOVER_UFLOW_OFF_PATH_count,            35
RET_RECOVER_UFLOW_OFF_PATH_pct,        0.001
RET_RECOVER_UFLOW_OFF_PATH_total_count,            35
RET_RECOVER_UFLOW_OFF_PATH_total_pct,        0.001
RET_RECOVER_UFLOW_OFF_PATH_sum_count,       6030327
RET_RECOVER_UFLOW_OFF_PATH_sum_pct,      100.000
RET_RECOVER_UFLOW_OFF_PATH_sum_total_count,       6030327
RET_RECOVER_UFLOW_OFF_PATH_sum_total_pct,      100.000
RET_RECOVER_UFLOW_OFF_PATH_mean,         0.43
RET_RECOVER_UFLOW_OFF_PATH_stddev,         0.37
RET_RECOVER_UFLOW_OFF_PATH_total_mean,         0.43
RET_RECOVER_UFLOW_OFF_PATH_total_stddev,         0.37

CALL_CORRECT_OFF_PATH_count,       4155314
CALL_CORRECT_OFF_PATH_pct,       84.320
CALL_CORRECT_OFF_PATH_total_count,       4155314
CALL_CORRECT_OFF_PATH_total_pct,       84.320

CALL_RECOVER_OFF_PATH_count,        772695
CALL_RECOVER_OFF_PATH_pct,       15.680
CALL_RECOVER_OFF_PATH_total_count,        772695
CALL_RECOVER_OFF_PATH_total_pct,       15.680
CALL_RECOVER_OFF_PATH_sum_count,       4928009
CALL_RECOVER_OFF_PATH_sum_pct,      100.000
CALL_RECOVER_OFF_PATH_sum_total_count,       4928009
CALL_RECOVER_OFF_PATH_sum_total_pct,      100.000
CALL_RECOVER_OFF_PATH_mean,         0.16
CALL_RECOVER_OFF_PATH_stddev,         0.34
CALL_RECOVER_OFF_PATH_total_mean,         0.16
CALL_RECOVER_OFF_PATH_total_stddev,         0.34

BTB_CORRECT_OFF_PATH_count,      30756303
BTB_CORRECT_OFF_PATH_pct,       70.986
BTB_CORRECT_OFF_PATH_total_count,      30756303
BTB_CORRECT_OFF_PATH_total_pct,       70.986

BTB_INCORRECT_BUT_TARGET_CORRECT_OFF_PATH_count,           920
BTB_INCORRECT_BUT_TARGET_CORRECT_OFF_PATH_pct,        0.002
BTB_INCORRECT_BUT_TARGET_CORRECT_OFF_PATH_total_count,           920
BTB_INCORRECT_BUT_TARGET_CORRECT_OFF_PATH_total_pct,        0.002

BTB_INCORRECT_OFF_PATH_count,      12570305
BTB_INCORRECT_OFF_PATH_pct,       29.012
BTB_INCORRECT_OFF_PATH_total_count,      12570305
BTB_INCORRECT_OFF_PATH_total_pct,       29.012
BTB_INCORRECT_OFF_PATH_sum_count,      43327528
BTB_INCORRECT_OFF_PATH_sum_pct,      100.000
BTB_INCORRECT_OFF_PATH_sum_total_count,      43327528
BTB_INCORRECT_OFF_PATH_sum_total_pct,      100.000
BTB_INCORRECT_OFF_PATH_mean,         0.58
BTB_INCORRECT_OFF_PATH_stddev,         0.83
BTB_INCORRECT_OFF_PATH_total_mean,         0.58
BTB_INCORRECT_OFF_PATH_total_stddev,         0.83

IBTB_CORRECT_OFF_PATH_count,        418198
IBTB_CORRECT_OFF_PATH_pct,       13.800
IBTB_CORRECT_OFF_PATH_total_count,        418198
IBTB_CORRECT_OFF_PATH_total_pct,       13.800

IBTB_INCORRECT_OFF_PATH_count,       2612124
IBTB_INCORRECT_OFF_PATH_pct,       86.200
IBTB_INCORRECT_OFF_PATH_total_count,       2612124
IBTB_INCORRECT_OFF_PATH_total_pct,       86.200
IBTB_INCORRECT_OFF_PATH_sum_count,       3030322
IBTB_INCORRECT_OFF_PATH_sum_pct,      100.000
IBTB_INCORRECT_OFF_PATH_sum_total_count,       3030322
IBTB_INCORRECT_OFF_PATH_sum_total_pct,      100.000
IBTB_INCORRECT_OFF_PATH_mean,         0.86
IBTB_INCORRECT_OFF_PATH_stddev,         0.81
IBTB_INCORRECT_OFF_PATH_total_mean,         0.86
IBTB_INCORRECT_OFF_PATH_total_stddev,         0.81

BP_EXEC_RECOVERIES_count,        636148
BP_EXEC_RECOVERIES_pct,       71.332
BP_EXEC_RECOVERIES_total_count,        636148
BP_EXEC_RECOVERIES_total_pct,       71.332

BP_DECODE_RECOVERIES_count,        255667
BP_DECODE_RECOVERIES_pct,       28.668
BP_DECODE_RECOVERIES_total_count,        255667
BP_DECODE_RECOVERIES_total_pct,       28.668
BP_DECODE_RECOVERIES_sum_count,        891815
BP_DECODE_RECOVERIES_sum_pct,      100.000
BP_DECODE_RECOVERIES_sum_total_count,        891815
BP_DECODE_RECOVERIES_sum_total_pct,      100.000
BP_DECODE_RECOVERIES_mean,         0.29
BP_DECODE_RECOVERIES_stddev,         0.41
BP_DECODE_RECOVERIES_total_mean,         0.29
BP_DECODE_RECOVERIES_total_stddev,         0.41

SCHEDULED_EXEC_RECOVERIES_count,        636148
SCHEDULED_EXEC_RECOVERIES_pct,       71.332
SCHEDULED_EXEC_RECOVERIES_total_count,        636148
SCHEDULED_EXEC_RECOVERIES_total_pct,       71.332

SCHEDULED_DECODE_RECOVERIES_count,        255667
SCHEDULED_DECODE_RECOVERIES_pct,       28.668
SCHEDULED_DECODE_RECOVERIES_total_count,        255667
SCHEDULED_DECODE_RECOVERIES_total_pct,       28.668
SCHEDULED_DECODE_RECOVERIES_sum_count,        891815
SCHEDULED_DECODE_RECOVERIES_sum_pct,      100.000
SCHEDULED_DECODE_RECOVERIES_sum_total_count,        891815
SCHEDULED_DECODE_RECOVERIES_sum_total_pct,      100.000
SCHEDULED_DECODE_RECOVERIES_mean,         0.29
SCHEDULED_DECODE_RECOVERIES_stddev,         0.41
SCHEDULED_DECODE_RECOVERIES_total_mean,         0.29
SCHEDULED_DECODE_RECOVERIES_total_stddev,         0.41

PERFORMED_EXEC_RECOVERIES_count,        891815
PERFORMED_EXEC_RECOVERIES_pct,      100.000
PERFORMED_EXEC_RECOVERIES_total_count,        891815
PERFORMED_EXEC_RECOVERIES_total_pct,      100.000

PERFORMED_DECODE_RECOVERIES_count,             0
PERFORMED_DECODE_RECOVERIES_pct,        0.000
PERFORMED_DECODE_RECOVERIES_total_count,             0
PERFORMED_DECODE_RECOVERIES_total_pct,        0.000
PERFORMED_DECODE_RECOVERIES_sum_count,        891815
PERFORMED_DECODE_RECOVERIES_sum_pct,      100.000
PERFORMED_DECODE_RECOVERIES_sum_total_count,        891815
PERFORMED_DECODE_RECOVERIES_sum_total_pct,      100.000
PERFORMED_DECODE_RECOVERIES_mean,         0.00
PERFORMED_DECODE_RECOVERIES_stddev,         0.00
PERFORMED_DECODE_RECOVERIES_total_mean,         0.00
PERFORMED_DECODE_RECOVERIES_total_stddev,         0.00

PERFORMED_RECOVERY_LAT_count,      43554952
PERFORMED_RECOVERY_LAT_total_count,      43554952

SCHEDULED_DECODE_LAT_count,       8485253
SCHEDULED_DECODE_LAT_total_count,       8485253

SCHEDULED_EXEC_LAT_count,      33541736
SCHEDULED_EXEC_LAT_total_count,      33541736



