cf_type,addr,target
5,7f91a7d589a7,7f91a7d8b420
2,7f91ad6d19a7,0
7,7f91a7d585aa,7f91a7e2f169
7,7f91ad6d05e3,7f91ad6d0b86
2,7f91a7d59df7,7f91a7d5a028
2,7f91ad6d19bb,0
2,7f91ad6d19f7,7f91ad6d1ad0
2,7f91ad6d19b1,0
2,7f91ad6d19cf,7f91ad6d19d9
2,7f91ad6d19de,7f91ad6d1af0
7,5647aaf65b97,0
2,7f91ad6f152a,7f91ad6f1560
2,7f91ad6f156a,0
2,7f91a7d59d2c,0
3,7f91ad6f157e,7f91ad5a9580
2,7f91ad6f1538,0
5,7f91a7d58530,7f91a7d8b420
1,7f91a7d5957f,7f91a7d58eb8
1,7f91ad6d1d0d,7f91ad6d1cc2
3,7f91ad6f1548,7f91ad5a9580
2,7f91a7d59541,7f91a7d59d50
2,7f91a7d5954a,0
1,7f91a7d59d4a,7f91a7d59aeb
3,5647aaf4c307,5647ab8d6440
2,7f91ad6f1543,0
2,5647aaf4c31c,0
2,7f91a7d59d5a,7f91a7d5a040
1,7f91a7d598a2,7f91a7d5953a
2,5647aaf4c2ef,0
1,5647ab76c6a7,5647ab98f4e0
2,7f91af479ca2,7f91af477ef0
7,7f91ad6d04e0,7f91ad6d0886
3,5647aaf4c2e4,5647ab8d6440
2,7f91ad6f14e3,0
2,5647aaf4c2fa,0
1,7f91a7d598f4,7f91a7d58eb8
2,7f91a7d598b3,7f91a7d5a3da
3,7f91ad6d1cb9,7f91ad6d1980
2,5647aaf4c2fc,0
2,7f91ad6d1cf6,0
1,7f91af479cb1,7f91af477adc
3,5647aaf4c2ca,0
2,7f91af479ccc,7f91af477e20
2,7f91af479c8b,0
2,7f91a7d598c0,0
2,7f91ad6d1cc5,0
2,5647aaf4c282,0
2,7f91ad6d1cc0,7f91ad6d1c90
2,7f91ad6d1c82,7f91ad6d1c98
3,5647aaf4c2db,0
3,7f91ad6d1cdf,7f91ad6ae0a0
2,5647aaf4c29d,0
2,5647aaf4c293,0
2,7f91ad6d1c96,7f91ad6d1d08
2,7f91a7d598da,0
2,7f91a7d59c26,7f91a7d5921b
2,7f91af479c6e,0
2,7f91a7d59021,7f91a7d5a0db
2,5647aaf4c263,0
2,7f91aded1827,7f91aded1831
2,7f91ad6f1866,0
7,7f91ad6d043d,7f91ad6d0a86
2,7f91ad6f187c,7f91ad6f1871
1,7f91ad6f187e,7f91ad6f1725
2,7f91a7d59430,0
2,7f91aded1835,7f91aded17ba
3,7f91ad6d1c77,0
7,5647ab74d677,5647aba09d77
2,5647aaf4c275,0
2,7f91a7d59006,0
2,5647ab76c60a,5647ab76c636
2,5647ab76c20a,5647ab76c217
7,7f91aded004e,5647ab94cf28
2,7f91aded1805,7f91aded1812
2,5647ab76c643,0
2,5647ab76c203,0
2,7f91a7d59c0c,0
2,5647ab76c205,0
2,7f91a7d59014,7f91a7d5a090
2,7f91aded181a,0
2,7f91a7d5985f,7f91a7d5ae08
3,5647aaf4c250,0
2,7f91a7d59fa3,0
2,7f91a7d59be0,0
1,7f91aded17e7,5647ab9d4010
2,5647ab76c1e0,5647ab76c1f2
7,7f91ad6d0be0,7f91ad6d1a1f
2,7f91a7d59bb6,7f91a7d59f00
2,7f91a7d59ff5,0
2,7f91aded17b8,7f91aded1800
7,7f91aded03f8,5647a91d38e5
2,7f91a7d59bbf,0
2,7f91aded17b4,0
2,5647ab76c1b2,0
2,5647ab76c1b7,5647ab76c1bc
2,7f91aded17ce,7f91aded17e6
2,7f91a7d59fc4,0
7,7f91ad6d03c9,7f91ad6d0431
7,5647a96eddd8,5647abac0a85
2,5647ab76c599,5647ab76c5f4
3,7f91aded17da,0
2,7f91a8759329,0
5,7f91a7d58b25,7f91a7d8b420
2,7f91a7d59f23,0
1,7f91a7d59f6b,7f91a7d58ed7
3,7f91ad6f1762,7f91ad6ecb00
2,7f91a875937c,0
2,7f91a7d59f30,0
1,7f91ad6d1b36,0
3,7f91ad6f1776,7f91ad7400d0
4,5647a96edd74,5647a96ee118
3,7f91a8759309,7f91a872d660
3,7f91ad6d1b0c,7f91ad5a95b0
2,7f91af479b0d,7f91af480e68
2,7f91ad6f1708,7f91ad6f1840
2,7f91a7d59f4d,0
7,7f91aecd8b45,7f91aecdc57c
2,7f91a7d59b4c,7f91a7d59bb1
2,7f91ad6d1b00,0
2,7f91ad6d1b1d,0
1,7f91a7d59f56,7f91a7d59bbc
2,7f91a7d59b55,7f91a7d59bb1
2,7f91a7d59b14,7f91a7d59dfd
3,7f91a875935c,7f91a872d660
7,7f91ad6d0359,7f91ad6d0a5e
4,7f91a7d58711,7f91a7d59298
3,7f91a7d59f1b,7f91a7d7d260
1,7f91ad6d1aeb,7f91ad6d19fd
2,7f91af479afe,0
2,7f91af479af5,0
2,7f91a7d59afa,7f91a7d59df0
2,7f91ad6f16f2,0
2,7f91a7d592ce,0
2,7f91ad6d1ad7,0
2,7f91a7d59ad9,7f91a7d59aeb
7,7f91aded8629,5647ab9c820f
1,7f91a7d59222,7f91a7d58930
2,7f91ad6d1a21,0
1,5647a96cc025,0
2,7f91a7d59e05,7f91a7d5a167
3,5647a96cc00b,0
2,7f91ad6d1a00,0
1,5647a96cc010,5647a96cbdc0
3,7f91ad6d05af,7f91ad69e790
2,7f91a7d585ed,0
2,7f91a7d589ad,0
3,7f91ad6d09a3,7f91ad69ea80
2,7f91ad6d05bd,7f91ad6d05e8
2,7f91a7d585b3,7f91a7d583e4
2,7f91ad6d05f8,7f91ad6d060e
2,5647a96edff2,5647a96ee020
2,7f91ad6d05b6,0
2,7f91a7d585fb,0
1,7f91ad6d09b0,7f91ad6d05c1
3,7f91aded85f0,7f91aded7000
2,7f91ad6d05f3,0
2,7f91ad6d05cf,0
2,5647aaf65b89,0
2,5647a96edfcd,5647a96ee668
2,7f91aded85c8,7f91aded85e0
2,7f91a7d589c0,0
2,7f91a7d585cf,0
2,7f91ad6d0584,0
2,7f91a7d5898b,0
2,7f91ad6d0981,7f91ad6d0a4f
2,7f91a7d58596,0
2,7f91a7d589d3,7f91a7d5864a
2,5647a96edfdf,0
2,7f91a7d585df,0
7,7f91ad6f1590,5647ab9d8b17
1,7f91a7d589d9,7f91a7d58543
2,7f91a7d58565,7f91a7d58586
2,5647aaf65b68,0
3,5647a96edf6a,5647ab8fc580
2,7f91ad6d0969,0
2,7f91ad6d092b,0
7,5647aaf4c326,7f91a7e8b590
2,7f91a7d5896a,0
2,7f91ad6d0920,0
2,7f91a7d58537,7f91a7d585c8
2,7f91ad6d0939,0
2,7f91a7d5893f,0
1,5647a96edf71,5647a96eddb4
2,7f91ad6d0975,0
1,7f91ad6d0573,7f91ad6d0581
2,7f91ad6d0505,0
7,7f91ad6d1d04,5647a93f7806
7,7f91ad6f1941,5647ab9d8b05
2,7f91a7d5854a,7f91a7d5855d
2,7f91a7d58517,0
7,7f91ad6f155d,5647ab9d8b25
2,7f91ad6d095e,0
3,7f91ad6d0919,7f91ad69e790
1,7f91af478556,7f91af477adc
3,7f91ad6d0957,7f91ad69e790
1,7f91ad6d0516,7f91ad6d046c
3,7f91a7d58958,7f91a7d1e040
3,7f91ad6d08e9,7f91ad69e790
2,5647ab74d6ac,0
2,7f91aded00a5,0
3,5647ab74d6a4,5647aba09560
3,7f91ad6d04fe,7f91ad6d03d0
2,7f91ad6d04b9,0
2,7f91ad6d08fb,0
3,7f91ad6d08ba,7f91ad69ea80
2,5647ab74d6b2,5647ab74d658
2,7f91ad6d08f0,0
1,7f91aded00b3,7f91aded0036
3,7f91ad6d04f3,7f91ad5a9580
2,7f91ad6d0888,0
3,7f91ad6d04cb,7f91ad5a9580
2,7f91aded0087,7f91aded009f
3,7f91ad6d0881,7f91ad6d0440
2,7f91ad6d08c1,0
2,7f91ad6d0898,7f91ad6d0a68
2,7f91aded006c,0
3,7f91ad6d042c,7f91ad6d0360
3,7f91a7d5842d,7f91a7d1e040
1,7f91ad6d0c27,7f91ad6d0ae6
2,7f91ad6d0466,7f91ad6d04e8
2,5647ab74d665,0
4,7f91a7d59468,7f91a7d598b0
2,7f91aded007a,0
1,7f91ad6d0c3a,7f91ad6d0b66
3,7f91ad6d0c35,7f91ad5a9580
7,7f91ad6f1837,5647ab9d8b30
2,7f91aded0030,0
2,7f91ad6d0470,7f91ad6d04b0
2,7f91a7d58406,0
2,7f91ad6d084e,7f91ad6d0872
7,5647ab76c64f,5647ab9cf72d
1,7f91aded004a,7f91aded17a0
3,7f91ad6d040a,7f91ad6d0360
2,7f91ad6d0c01,0
2,7f91a7d5844a,7f91a7d584ec
2,7f91ad6d041d,0
7,5647ab76c219,5647ab7758aa
2,7f91aded005e,0
3,7f91aded001e,7f91aded70f0
2,7f91ad6d081e,7f91ad6d0848
2,7f91ad6d0458,0
1,5647a96ede50,0
2,7f91ad6d0411,0
2,7f91aded0012,7f91aded002a
2,7f91ad6d0812,7f91ad6d0a16
5,7f91a7d59fe7,7f91a7d8b420
2,7f91ad6d03ef,7f91ad6d0400
2,7f91ad6d03a9,0
3,7f91ad6d03e8,7f91ad6d0360
2,7f91a7d58fa1,7f91a7d58fea
7,7f91aded17ea,5647ab94d1a5
3,7f91ad6d0baa,7f91ad69e790
2,5647ab74d5a1,0
2,7f91a7d583eb,0
2,7f91aded03e0,0
3,7f91ad6d03a2,7f91ad69e790
2,7f91ad6d07a2,7f91ad6d0a30
2,7f91a7d583f4,0
5,5647ab76c5fe,5647ab9d0a80
3,7f91ad6d0bf8,7f91ad6d0520
2,7f91ad6d0bb8,7f91ad6d0c2c
7,5647ab76c1be,5647ab775893
5,7f91a7d59bfe,7f91a7d8b420
7,5647ab76c1f2,5647ab762a46
1,7f91aded03f6,7f91aded17a0
2,5647ab74d5b0,5647ab74d698
2,7f91ad6d0bb1,0
2,7f91ad6f07cd,7f91ad6f12f9
2,7f91a7d58b86,7f91a7d58930
2,7f91ad6d038f,7f91ad6d0380
2,7f91ad6d078e,0
2,5647a96eddc1,0
2,7f91af478b85,7f91af478550
7,7f91a8759382,5647ab9b2310
3,7f91ad6d0b81,7f91ad6d0520
2,7f91ad6d03c3,0
2,7f91a7d58f95,0
2,7f91a7d583d4,7f91a7d585b0
1,7f91ad6d0b90,7f91ad6d0bc2
2,7f91ad6d0bd0,0
2,7f91af478b6f,0
2,7f91ad6d032c,0
2,7f91ad6d0b2c,0
3,7f91aecd8b2d,7f91aecd3c80
1,7f91aecd8b6b,7f91aecd8b08
2,7f91ad6d0768,0
7,7f91a875932f,5647aba2df67
2,7f91a7d58b6f,7f91a7d58b7e
2,7f91ad6d0327,7f91ad6d0318
3,7f91ad6d0761,7f91ad6d0360
2,7f91ad6d073c,0
2,7f91a7d58f34,0
2,7f91a7d58b33,0
2,7f91ad6d0b39,0
2,7f91af478b77,7f91af478b82
3,7f91ad6d0735,7f91ad6d0360
2,7f91a7d58f3e,7f91a7d58f8e
2,7f91ad6d0776,0
2,5647ab74d50b,5647ab74d59a
2,7f91aecd8b0b,7f91aecd8a20
3,7f91ad6d070b,7f91ad6d0360
4,7f91a7d59300,7f91a7d59840
2,7f91af478b08,7f91af478b6d
2,7f91ad6d074a,0
3,7f91a7d58f09,7f91a7d557b0
2,7f91af478b00,0
2,5647a96edd5d,0
2,7f91aecd8b1b,0
1,7f91ad6d0b1b,7f91ad6d0b29
2,7f91a7d58b5e,0
2,7f91aecd8b14,0
2,7f91ad6d0357,7f91ad6d0348
2,5647a96edd55,5647a96ee3a0
2,7f91ad6d0311,0
7,7f91ad6f1313,7f91ad6f1767
2,7f91ad6d0712,0
2,7f91af478aeb,0
2,7f91a7d58ab1,7f91a7d59fa0
2,7f91af478af4,0
2,7f91a7d58afb,0
2,7f91a7d58eba,7f91a7d59f60
2,7f91ad6d0acf,0
2,7f91ad6d0a88,7f91ad6d089e
2,7f91ad6d0685,0
2,7f91a7d58acd,0
3,7f91ad6d0a81,7f91ad6d03d0
2,7f91ad6d06c0,0
2,7f91af478adf,0
2,7f91a7d58ad1,0
1,5647aaf65cd2,0
2,7f91ad6d0ad7,7f91ad6d0be1
2,7f91ad6d0697,0
2,7f91af478ad3,0
2,7f91a7d58ada,0
2,7f91aecd8a2e,7f91aecd8b68
2,7f91a7d58a27,0
2,7f91ad6d066c,0
2,7f91ad6d062f,0
2,7f91aded0268,0
3,7f91ad6d0628,7f91ad69e790
2,7f91a7d58661,0
3,7f91ad6d0665,7f91ad69e790
2,7f91ad6d0a25,7f91ad6d0818
5,5647a96cc022,0
2,7f91aded027e,7f91aded03d0
7,7f91ad6d1a3e,7f91ad6d1cbe
1,7f91ad6d0a39,7f91ad6d07ad
1,7f91ad6d0638,7f91ad6d0649
2,7f91ad6d0677,0
2,7f91ad6d0636,0
3,7f91ad6d0a76,7f91ad5a8e20
2,7f91aded0270,0
1,7f91ad6f0232,7f91ad6f0240
2,7f91ad6d064d,7f91ad6d0640
2,7f91aded860d,0
2,7f91a7d58a41,0
1,7f91ad6d0a4a,7f91ad6d079c
1,7f91aded8605,3ffffffc078a8b7
2,7f91ad6d0647,0
2,7f91aecd8a02,0
2,7f91a7d58a4b,0
2,7f91a7d58609,0
5,7f91ad6d1a1c,7f91ad6d0aa0
2,7f91aded025f,0
2,7f91a7d58a54,0
3,7f91ad6d0a1e,7f91ad6d0440
1,7f91ad6d0a5e,7f91ad6d0987
3,7f91ad6d0a59,7f91ad6d0300
2,7f91a7d58a5d,7f91a7d5a4b6
1,5647aafe5450,5647ab2388b0
3,7f91aded8617,7f91aded7060
2,7f91aded0256,0
2,7f91aded0251,0
1,5647ab76d857,5647ab98efb0
2,7f91aecd8a11,0
1,5647a96ee3ab,5647a96edd5b
2,7f91aded31a6,7f91aded3250
1,5647ab76e3a7,5647aba010e0
2,5647a96c67e6,0
2,7f91aded31ba,7f91aded3200
3,5647a96c67b3,0
2,7f91aded31c9,0
7,7f91aded21c8,5647ab99f2f0
2,7f91aded31c3,0
2,5647a96c67c7,0
2,5647a96c679d,0
2,5647a96c67d5,0
2,7f91aded31d2,7f91aded31f4
7,7f91aded21d2,5647ab934539
3,7f91aecdb904,7f91aecdb880
2,5647a96c6b03,5647a96c6805
3,7f91aecd3cab,7f91aecc6910
3,7f91ad6d38a8,7f91ad6d2a30
7,7f91ad6d28a4,7f91ad6d2908
7,5647a9def2a2,5647a9f62999
2,5647a96c6aa5,0
2,7f91aecd3ca0,0
2,5647aaf4e6bb,0
7,7f91ad6d28f8,7f91ad6d1c7c
2,7f91ad6d38bb,0
7,7f91ad6d28ba,7f91ad6d2913
2,5647a96c6ab0,0
7,5647a8fef2b3,0
7,7f91adeda0f0,5647aba2a2f9
2,5647a96c6af6,0
3,7f91aecdbc8c,7f91aecc0360
2,7f91aecd3c88,0
7,7f91ad6d24ca,7f91ad6d2530
3,7f91ad6d388a,7f91ad73fed0
2,7f91aecdb884,0
3,7f91ad6d3881,7f91ad711980
3,7f91aecdbc80,7f91aecc0e70
2,7f91aecdb89d,7f91aecdb8a1
2,7f91ad6d3894,0
1,7f91aecdbc95,7f91aecdbaec
2,7f91aecdb893,0
2,5647a96c6ad7,0
1,5647a96ee22a,5647a96edf62
2,7f91aecdbc2a,0
2,5647a96ee670,5647a96edfd3
7,7f91aded2877,7f91ad711889
3,7f91aecdbc0d,7f91aecd3e80
2,7f91aecdbc4b,0
2,7f91aded3404,0
2,5647a96ee205,5647a96ee220
2,5647a96c6a06,0
2,5647a96c6a46,0
7,5647ab66f61b,5647aaa13232
3,7f91aecdbc5d,7f91aecc1f60
2,7f91aded341b,7f91aded3481
2,7f91aecdbc14,0
2,5647a96c6a55,0
2,5647a96c6a17,0
3,7f91aecdbbaf,7f91aec67930
2,7f91aaf5b7ab,7f91aaf5b778
3,5647a96ee1e8,5647ab8e94a0
7,7f91ad6d27ec,7f91ad6d28d5
2,5647aaf66dee,0
2,5647a96c69a2,0
2,7f91aecdbbbc,0
3,5647a96ee1f1,5647ab8cf6b0
2,7f91aaf5b7b0,0
2,7f91aaf5b7cb,0
2,7f91aecdbb8d,0
2,7f91aaf5b78d,7f91aaf5b7a4
3,7f91aecdbb85,7f91aecc18f0
2,5647a96c6987,0
3,5647aaf66dd9,5647ab8d6440
2,7f91aecdbb96,0
2,5647a96c6994,0
2,7f91aded33d2,7f91aded33e6
2,7f91aecdbb2d,0
7,7f91ad6d2f64,7f91ad6d3220
2,7f91aaf5b766,0
2,7f91aecdbb3c,0
7,5647a96cf571,0
2,7f91aecdbb37,0
7,7f91aaf5a749,7f91aaf5aeca
7,7f91aded2308,5647aba20a74
2,7f91aecdbb46,7f91aecdbb70
2,7f91aaf5b742,0
2,7f91aecdbb41,0
2,5647a96ee11f,5647a96ee1c8
2,7f91aecd3ead,0
2,7f91aecdbaea,7f91aecdbb18
7,7f91aaf5aea0,7f91aaf3d4b8
3,7f91aecd3ea1,7f91aecc3af0
2,7f91aecdbafd,0
4,7f91a7d5aef9,7f91a7d598b0
7,7f91ad6d2a8d,7f91ad6d38ad
2,7f91aded3289,0
2,7f91aecd3ecb,0
2,7f91aecd3edc,7f91aecd3f20
2,7f91aded3295,7f91aded31f4
2,7f91aecd3e95,0
2,5647a96c6894,0
2,7f91aded3290,0
2,5647a96c686b,0
2,7f91aded326b,0
2,7f91ad6d3227,0
2,5647a96ee43b,0
2,5647a96c687a,5647a96c6980
2,5647a96c680d,5647a96c681c
2,5647a96c684d,0
1,5647a96ee046,0
3,7f91ad6d321b,7f91ad6d2f10
7,7f91aded2251,5647ab99f2fd
1,7f91aded3212,7f91aded31bc
2,7f91aaf5a5a8,0
3,7f91aaf5a5ed,7f91aaf861c6
7,7f91aded31fc,7f91ad7118a9
2,7f91aaf5a5f6,7f91aaf5a981
1,7f91aaf5a996,7f91aaf5a6b1
3,7f91ad6d252b,7f91ad6d2490
2,7f91a7d5a16f,7f91a7d59b44
1,7f91aaf5a97c,7f91aaf5a708
1,7f91af47a975,7f91af477b67
2,7f91ad6d2533,0
1,7f91a7d5a905,7f91a7d598d7
3,7f91ad6d290e,7f91ad6d28b0
1,5647a9d4730e,5647a9e483b0
1,7f91ad6d2544,7f91ad6d1c40
2,5647a9d47305,0
3,7f91ad6d2903,7f91ad6d28a0
7,7f91aecdb91d,7f91aece05ad
1,7f91ad6d2917,7f91ad6d28e9
1,7f91a7d5a11b,7f91a7d59ad2
3,7f91ad6d28ec,7f91ad6d2830
2,7f91a7d5a8e5,0
1,5647a9d472ef,0
7,7f91aecdb8a9,7f91aecdb909
1,5647a8fef2a0,0
2,7f91a7d5a8ee,0
2,7f91ad6d28e7,7f91ad6d2900
2,5647a8fef2a2,0
2,7f91ad6d24a6,0
3,7f91ad6d28e0,7f91ad6d3860
1,7f91a7d5a0a9,7f91a7d59d24
2,5647a9d472f8,0
3,7f91ad6d24b9,7f91ad711930
2,5647a9d472f1,0
2,7f91a7d5a0fd,0
2,7f91ad6d24b0,0
1,7f91a7d5a085,7f91a7d58eb8
7,5647aaf4e6ce,0
3,7f91a7d5a4ce,7f91a7d1e100
2,7f91ad6d24c4,0
7,7f91ad6d38c3,7f91ad6d28e5
7,7f91aded3483,5647ab9336d1
3,7f91ad6d249f,7f91ad7118f0
2,5647a9d472da,5647a9d472e8
1,7f91a7d5a4d3,7f91a7d58a83
2,7f91ad6d28d8,0
5,5647aaf4e69f,0
7,7f91aecd3cd3,7f91aecd8b32
3,7f91ad6d28d0,0
1,5647a9d472d7,0
2,5647ab66f62b,0
1,5647ab66f66b,5647ab66f5ff
2,7f91aded282c,0
2,5647ab66f669,5647ab66f650
2,7f91af47a86c,7f91af483293
2,7f91a7d5a02b,0
1,7f91ad6d2861,7f91ad6accf0
1,5647ab66f666,5647ab66f653
2,7f91aaf5ac24,7f91aaf5aec0
1,7f91a7d5a034,7f91a7d59b11
5,5647aaf4e672,0
2,7f91aded2836,7f91aded285b
2,7f91ad6d2833,0
2,5647ab66f634,0
3,7f91ad6d284c,7f91ad6ae0a0
2,7f91aded280f,0
2,5647ab66f60d,0
7,7f91a875b84f,5647aba22489
2,5647ab66f641,0
2,5647ab66f646,0
5,7f91aecdbc41,7f91aecdc560
2,7f91a7d5a048,0
5,5647aaf4e645,0
2,5647a9def219,0
2,7f91a7d5a015,0
5,5647aaf4e618,0
2,7f91aded281e,0
2,7f91a7d5a051,0
1,7f91a7d5a01e,7f91a7d58930
2,5647a9def253,0
2,7f91a7d5a3e6,7f91a7d5a8db
7,7f91aded33e9,5647ab99eea2
7,7f91aaf5b7e2,7f91aaf45d62
3,7f91ad6d27a4,0
2,5647ab66f5f8,5647ab66f628
7,5647aaf66dfc,7f91a7d2d8d0
2,5647ab66f5f3,0
2,7f91ad6d27b5,0
2,5647a9def1f7,0
3,7f91ad6d27ce,0
2,5647ab66f5df,0
2,7f91ad6d27d9,0
2,5647ab66f5d6,0
7,7f91aecd3f2d,7f91aecdbc12
3,5647a96cf52a,5647ab9fc8d0
2,7f91ad6d2f2b,0
3,7f91ad6d2f24,7f91ad7118f0
2,5647a96cf567,0
3,7f91ad6d2f3e,7f91ad711880
1,5647a96cf57a,5647a96cf522
2,7f91aaf5ab3c,0
2,7f91aaf5a732,0
2,7f91ad6d2f35,0
3,5647a96cf535,0
2,7f91ad6d2f4d,0
2,7f91aaf5a70b,0
2,5647a96cf507,0
3,7f91aaf5a719,7f91aaf2d260
2,7f91aaf5ab52,7f91aaf5ac20
7,7f91aecdbb14,7f91aece0647
3,7f91ad6d2f56,7f91ad7118a0
2,5647a96cf512,0
2,5647a96cf514,0
7,5647a96c68a8,5647aba9ec98
1,7f91af47aaed,7f91af477a98
1,5647a96cf4ea,0
2,7f91aded22e9,0
2,5647a96cf4ed,0
2,7f91a7d5aeaf,0
2,7f91aaf5a6e7,7f91aaf5a977
2,7f91aaf5a6b9,0
2,7f91aded22f1,0
2,7f91aded22cf,0
2,7f91aaf5ae89,0
2,7f91a7d5aec3,0
2,7f91aaf5a6ce,7f91aaf5a6c0
1,7f91aaf5aecd,7f91aaf5ae78
3,7f91aaf5aec5,7f91aaf5a570
2,7f91aded22d9,0
1,7f91af47aa6d,7f91af477adc
2,7f91a7d5ae23,7f91a7d5aeab
2,7f91aded2238,0
5,5647a96ee03e,5647ab8f0d00
4,7f91ad6d3234,0
3,7f91ad6d2a70,7f91ad5a9580
2,7f91ad6d2a49,0
8,7f91aded8605,7f91aded8607
2,7f91a7d5ae16,0
2,7f91ad6d2a57,0
8,7f91aded79ac,7f91aded79ae
1,5647a9d68beb,5647ab8f3f20
8,7f91aded71a8,7f91aded71aa
1,7f91af47d5a8,7f91af477b67
2,5647a9d68be5,0
2,5647a9e483e4,0
2,5647a9e483f9,0
1,5647a9e483b3,0
2,5647a9e483b6,0
7,7f91aecdc580,7f91aecdbc43
2,5647a9d68338,5647a9d68280
8,7f91aded750c,7f91aded750e
2,5647a9d6834c,0
1,5647a9d6835c,5647a9d68280
7,5647a96c1b1f,5647ab8ebdde
1,3ffffffc075b172,0
3,3ffffffc075b16d,3ffffffc075b172
1,5647a9d68afd,5647a9d68ab6
2,3ffffffc075b128,0
2,5647a9d6828d,0
2,5647a9d68a8d,0
2,5647a9d68ac3,0
2,5647a9d68a98,0
1,5647a9d6829c,5647ab8e9650
2,7f91aded58d4,0
8,7f91aded782c,7f91aded782e
1,7f91aded5068,7f91afb543e0
2,7f91aded5068,0
1,5647a96c0a23,5647a96c0a5d
2,5647a96c0a66,5647a96c0a28
2,7f91a7d55875,7f91a7d55850
2,7f91aded5033,0
2,5647a96c0a41,0
8,7f91aded7445,7f91aded7447
2,5647a96c0a46,0
2,5647a96c0a57,5647a96c097f
2,7f91aded5052,0
2,5647a96c09bb,0
3,5647a96c09f5,5647ab8d6490
2,7f91a7d557c7,7f91a7d55840
3,5647a96c09c0,5647ab8d6f50
8,7f91aded7382,7f91aded7384
2,7f91a7d7d392,0
2,5647a9e48591,5647a9e483f6
2,5647a96c096c,0
2,7f91a7d7d36e,0
8,7f91aded7775,7f91aded7777
2,5647a96c0975,5647a96c09e0
2,7f91a7d7d34b,0
8,7f91aded72b5,7f91aded72b7
2,7f91a7d7d28e,0
1,5647a9d68c80,5647a9d68bd8
2,7f91a7d7d2cd,7f91a7d7d340
1,7f91af47d69e,7f91af477b67
2,5647a9e48492,5647a9e4843b
2,7f91a7d7d29a,7f91a7d7d2c6
2,5647a9e4846a,5647a9e4843b
2,5647a9e4842e,5647a9e4843b
3,5647a9d68c7b,5647a9d68a40
1,5647a9e48448,7f91a7e8b590
3,5647a9e4840e,5647ab8d1850
2,5647a9e4845b,5647a9e4843b
2,5647a9e48416,0
2,5647a9f61fea,0
3,5647a9f617a2,5647ab95aa20
2,5647a9f61ba4,0
2,5647a9f61fbe,0
2,5647a9f61ff3,0
4,5647a9e483f4,5647a9e48450
2,5647a9f617cf,0
2,5647a9f61b87,5647a9f61b08
2,5647a9f61b98,0
3,5647a9f61fdd,5647aa0c7c20
5,5647a9d6832d,5647ab968840
2,5647a9f61b2e,0
3,5647a9f61b21,5647aa0c7c20
3,7f91aecdc577,7f91aecd89d0
2,5647a9f61b37,0
5,5647a9d68357,5647ab8d7360
4,5647a9d68aac,5647a9d68af8
2,5647a9f61afc,0
3,7f91af47c8cc,7f91af477a40
7,5647a9d68aca,5647a9d68c80
2,7f91af47c885,0
3,5647a9f61a82,5647ab8f74a0
2,5647a9f61a9b,5647a9f61fb0
2,7f91af47c89c,7f91af47aaea
7,5647a9d6829d,7f91a7e8bf50
7,7f91aded58d8,7f91ad7118f9
2,7f91af47c8d9,7f91af477b67
2,5647a9f61ad3,0
2,7f91af47c893,7f91af47aa6a
1,5647a9f61a2b,5647a9f618d3
2,7f91af47c86c,7f91af47c88b
3,5647a96c1a2d,5647ab8d6490
2,5647a96c1a6f,5647a96c1b09
7,7f91aded506a,7f91ad6d24be
5,5647a9d68a62,5647ab8e9650
2,5647a9f61e22,0
2,5647a96c1a3b,0
2,7f91af47c875,0
7,7f91a7d5587a,7f91a7d58f0e
1,5647a9f61a36,5647a9f6194c
1,5647a9f61e49,0
3,5647a9f61a0c,5647a8809510
3,5647a9f61a4e,5647ab8f5f50
2,5647a9f61a03,5647a9f61a18
2,5647a96c1a5a,0
7,7f91a7d7d3a2,7f91a7d59f20
2,5647a9f619af,5647a9f61a00
2,5647a9f619ee,5647a9f619c0
2,5647a9f619c3,0
5,5647a96c099c,5647ab8df0f0
7,5647a96c09d6,5647aba9874a
2,5647a9f6193f,5647a9f626a2
2,5647a9f61932,5647a9f61a30
2,5647a9f61974,0
5,7f91a7d7d379,7f91a7d8b420
3,5647a9f6190b,5647aa0c7c20
3,5647a9f6194f,5647a8809560
2,5647a9f61918,5647a9f61890
2,5647a9f61ca8,0
2,5647a9f618ea,5647a9f61a40
1,7f91af47c2ab,7f91af477b67
2,7f91af47cea7,7f91af47c88b
3,7f91af47c2a0,7f91af477a40
2,5647a96c18b4,5647a96c1a00
2,7f91af47ceb0,7f91af47c85d
2,5647a9f61881,5647a9f618f0
2,7f91af47cec1,0
1,7f91af47ced9,7f91af47c88b
2,7f91af47ced7,7f91af47ce98
2,7f91af47ce96,7f91af47cec8
2,5647a9f61893,0
1,7f91af47c667,7f91af477f0e
1,5647a9f6187f,0
7,5647a9e48449,7f91af489986
2,5647a9f61c42,0
2,5647a9f61858,0
7,5647a94e081c,5647aba3d20d
1,7f91aded79ac,3ffffffc06279d8
2,7f91af477dab,7f91af477cb9
2,5647ab762baf,0
3,7f91aded79bd,7f91aded7060
3,5647ab762bb8,5647a8809510
7,5647ab74b3b3,5647ab77ad19
2,7f91aded79b4,0
2,7f91a875fdf4,7f91a875fed8
3,5647ab762b8b,5647a8809510
1,5647a9f623c8,0
3,7f91aded798f,7f91aded7000
2,7f91af477d8d,0
3,5647ab762bc9,5647a8809510
2,5647a9f6238b,0
2,5647ab762b82,0
2,5647ab762bc0,0
2,5647ab762bdb,0
2,5647ab762b98,0
2,7f91aded7528,0
7,5647ab74b764,5647ab9b77cc
5,5647ab74b73b,5647a95b5490
3,5647ab762b7a,5647a8809510
2,7f91aded753b,7f91aded7507
7,5647aaeeb73d,7f91a7e8b590
4,5647ab74bb33,5647ab90e7b0
2,5647ab762b71,0
2,5647a9f62335,0
1,7f91aded710b,0
3,7f91af477d44,7f91af477a40
2,7f91aded7103,7f91aded710d
2,5647ab762b5a,0
2,7f91af477d5c,0
7,5647a95e3f5c,5647abab0d43
7,5647aaf4bb5f,0
2,7f91aded795b,7f91aded7978
2,7f91aded7514,0
5,5647ab74b352,5647ab8f46c0
2,7f91af477d54,0
5,5647ab74b750,5647ab7592a0
2,7f91aded7113,7f91aded7105
2,5647aad42ea9,0
2,5647a9f626af,0
2,5647a9f622a0,0
2,5647a9f626b8,5647a9f626d7
3,5647a9f622b8,5647a8809560
2,7f91aded74fb,7f91aded7538
1,5647aad42ebc,5647a9e48450
2,7f91af477cb3,0
2,7f91af477cf0,7f91af47e13f
2,7f91aded708d,0
2,5647aad42e86,0
2,7f91aded7082,0
2,7f91af477cc0,0
1,5647a9f626db,5647a9f6194c
2,5647a9f622dc,0
2,5647aad42e93,0
2,7f91af477cd0,0
2,7f91aded7029,0
2,5647a9f6222e,0
2,7f91aded7066,0
3,7f91aded783d,7f91aded7060
1,5647a9f62279,0
2,5647ab762a3a,0
1,7f91aded787f,7f91aded7836
7,5647a96cbe3d,0
2,5647aad42e7c,0
2,7f91aded7834,7f91aded786c
3,7f91aded7437,7f91aded7000
2,7f91aded744d,0
3,7f91aded780f,7f91aded7000
2,5647ab762a48,5647ab7631bf
2,5647a9f62203,0
2,5647a9f62243,0
7,5647aaf4b645,0
2,7f91aded701f,0
7,5647a956b61a,5647a956bd47
2,7f91aded7418,7f91aded7430
3,7f91aded7455,7f91aded7060
3,5647a9f62253,5647a8809510
2,7f91aded7012,0
1,7f91a875ffa9,7f91a875ff60
2,7f91a875ffa7,0
2,7f91a875fff4,0
2,5647a9f621b5,0
2,7f91a875ffb7,7f91a8760080
2,5647a9f621f6,0
1,7f91af477b8f,5647ab8e30e0
2,7f91a875ffcd,0
2,7f91aded738a,0
3,5647ab762983,5647a8809560
3,7f91aded7786,7f91aded7060
1,7f91aded77c3,7f91aded777f
7,5647a956bd98,5647aaf3c219
3,5647ab76299f,5647a8809560
2,5647a9f6299c,0
2,7f91aded77db,7f91aded77f8
2,7f91a875ffdf,7f91a875fff0
3,7f91aded7394,7f91aded7060
3,5647a9f62994,0
2,5647ab76292c,0
2,5647ab762962,0
3,7f91aded7760,7f91aded7000
2,7f91aded777d,0
1,7f91af477b3c,7f91af477adc
2,7f91aded7738,7f91aded7750
2,7f91af477b7a,7f91af486478
1,7f91af477b78,7f91a7e87420
3,5647ab76293c,5647a8809560
3,7f91aded7370,7f91aded7000
3,5647ab76290b,5647a8809560
2,5647ab76294b,0
2,7f91af477b4b,7f91af47c288
2,7f91aded7348,7f91aded7360
1,7f91af477b04,7ffd0b153d40
2,5647a9f62146,0
2,7f91a875ff1a,7f91a875ff70
2,7f91af477f18,7f91af477e38
2,7f91af477aef,7f91af47a970
2,5647a9f620ea,0
2,5647a9f620a3,5647a9f62426
3,7f91aded72a0,7f91aded7000
2,7f91aded72bd,0
2,7f91af477abc,7f91af47d5a3
1,7f91af477ab9,7f91a7d42110
2,7f91a875febe,0
2,5647a9f620be,5647a9f62136
2,5647a9f620b3,0
2,5647a9f620f3,0
1,7f91af477ef2,7f91af477b67
2,7f91af477acd,7f91af47d699
1,7f91af477a8a,0
3,7f91aded72c7,7f91aded7060
2,5647a9f62082,5647a9f62060
2,7f91a875fe85,0
1,5647a9f62887,5647a9f627de
3,5647a9f620dd,5647aa0c7c20
2,7f91af477ada,7f91af477b10
1,5647a9f628dc,5647a9f6286d
2,5647a9f628d2,5647a9f628d9
1,7f91af477ad3,0
2,7f91af477a92,7f91af477b40
2,5647a9f62096,0
2,5647a9f6206b,5647a9f620a0
2,7f91af477e2c,0
1,5647ab76a024,5647ab9b6040
1,7f91af477e3e,7f91af477adc
3,5647a9f6287b,5647aa528d40
2,7f91aded7278,7f91aded7290
2,7f91a875fe30,7f91a875fe10
1,5647a9f62431,5647a9f620a9
3,5647a9f62070,5647a98053f0
2,7f91a875fe35,7f91a875fe20
2,7f91af477e72,7f91af47c662
2,7f91a875fe48,0
1,7f91a875fe0e,7f91a875fe23
2,5647a9f62805,0
2,5647a9f62047,0
1,5647a9f6205b,5647a9f6207a
2,7f91af477e5d,0
2,7f91a875fe1e,0
2,7f91a875fe51,7f91a875fe59
7,5647aaeebc16,0
2,7f91af477e52,0
7,7f91aded71ac,7f91aded17df
1,5647ab74b3e8,5647ab74b2a8
2,5647ab74b3bf,0
7,5647ab762bf2,5647ab77587c
2,5647aaeeb78d,0
2,5647aaeeb79a,5647aaeeb720
2,5647ab74b39f,0
7,7f91aded79d3,5647ab92ed42
3,5647ab74b32f,5647ab9d0ab0
2,5647aaf4bb2e,0
2,5647ab74bb2e,0
2,5647aaeeb72d,0
2,5647ab74b733,0
3,5647ab74b337,5647ab9d0ab0
7,7f91aded7532,5647ab92d67d
1,7f91af47e14c,7f91af477a98
2,5647ab74b748,0
2,5647aaf4bb40,5647aaf4bb47
2,5647ab74b346,0
2,5647a95e3f47,0
3,5647aaf4bb1b,0
7,7f91aded7118,0
2,5647ab74b35e,5647ab74b392
2,5647a95e3f50,0
3,5647ab74b357,5647ab9d0e70
2,5647aaf4bb57,0
7,7f91aded708f,7f91aded7399
3,5647aaf4b628,5647ab8d6440
2,5647a96cbe2d,0
7,7f91aded702b,7f91aded7375
2,5647ab74b26c,5647ab74b3b8
7,7f91aded7463,5647aba2a4ec
1,5647a96cbe3c,0
2,5647aaf4b63d,0
3,5647ab74b24b,5647ab9d0220
2,5647ab74b208,0
2,5647aaf4b609,0
5,5647ab762a43,5647ab76c1d0
2,5647a956b606,0
1,5647aaf4b65b,5647aaf4b624
7,7f91aded7853,5647ab932ee2
2,5647ab74b214,0
3,5647ab74b1e9,5647ab9d0220
7,7f91aded73a6,5647aba58d4a
3,5647aad431a5,5647a93b21d0
2,5647a96cbdf9,0
2,5647a96cbdf3,0
2,5647aad431b1,5647aad43014
1,5647ab7631f7,5647ab762b52
2,5647a96cbdc8,0
2,5647a956bd8a,0
2,5647a96cbdd9,5647a96cbde0
2,5647aad43198,0
2,5647aad43193,0
7,7f91aded7797,5647ab9dda76
2,5647a96cbdd3,0
7,7f91af477b91,7f91af48a0a1
2,5647ab74b195,0
3,5647a956bd29,5647aba563d0
7,7f91a875ff69,7f91a8760060
1,5647aad43102,5647aad43014
4,7f91af477b07,7f91af479af0
3,5647a956bd42,5647a956b470
3,5647a956bd05,5647ab9a1ff0
2,5647a956bd18,5647a956bd1f
7,5647a9f6215d,5647ab975276
2,5647a956bd53,5647a956bd7d
3,5647ab74b117,5647ab2e3880
3,5647aad430eb,5647ab8d6440
2,5647aad430af,0
3,5647aad430e2,5647ab8d4840
2,5647a956b4a3,5647a956b5f9
2,5647aad430a7,0
2,5647aad430b8,0
2,5647aad430f8,0
1,5647aad43088,5647aad42ff0
2,5647aad430cf,5647aad430d6
2,5647aad430c5,0
2,5647aad43099,5647aad43190
3,5647ab74b0d8,5647ab9d0df0
7,7f91aded72d9,5647aba1d678
2,5647aad4309f,0
7,7f91a875fed0,7f91a8760060
1,5647aad43068,5647aad42ff0
2,5647aad43036,5647aad42e79
2,5647aad4300c,5647aad43090
2,5647aad43004,0
3,5647aad4301a,5647ab9ddc80
7,5647a9f62816,0
1,7f91a87c91ea,7f91a87c9196
3,5647aa57c7ac,5647ab8d6440
2,5647aa57c7ed,5647aa57c708
2,5647aa57c7a0,0
3,5647aa57cfa1,0
2,5647aa57c7e4,0
2,7f91aece19f9,0
2,7f91aece19f4,0
2,5647aa57cfb6,0
3,5647aa57c78a,5647ab8d6440
7,7f91a87489cd,5647aba46ef3
2,7f91a87c918f,7f91a87c91e0
2,5647aa57c7c5,0
2,5647aa57c79a,0
2,7f91a87c9199,7f91a87c91a0
2,5647aa57cf9f,0
2,5647aa57c792,0
1,7f91a87c91d5,7f91a87c9122
2,5647aa57cf2a,5647aa57cf31
2,5647aa57cf6b,5647aa57cf08
2,7f91aecc192c,0
2,7f91a87c992e,7f91a87c9948
2,7f91a87c912e,7f91a87c9170
3,5647aa57cf2c,5647a8809510
2,7f91aecc1927,0
3,5647aa57cf63,5647a8809510
1,7f91a87c9963,7f91a87353e0
2,7f91aecc1923,0
2,7f91a87c9125,0
2,7f91a87c9138,7f91a87c9163
3,7f91a87c9178,7f91a872ecd0
1,7f91aecc197f,7f91aecc1942
2,5647aa57cf38,0
3,5647aa57c77e,5647ab8f0d00
3,5647aa57cf7f,0
7,5647a95d5b71,5647aba46675
2,7f91aecc1934,7f91aecc1978
2,7f91a87c9133,0
2,7f91a87c9934,0
7,7f91a87c8d36,7f91a87c9a4b
2,7f91a87c9976,7f91a87c98f8
2,7f91a87c9909,0
7,5647ab775b0a,5647aba09f6c
3,5647aa57c74f,5647ab8e2d20
2,5647aa57cf03,0
1,7f91a7de154d,0
3,7f91a87c9943,7f91a8730100
2,5647aa57cf41,0
1,5647a97f4f02,0
2,7f91a87c9104,7f91a87c910e
3,5647aa57cf46,5647a8809510
2,7f91a87c9118,7f91a87c91d0
7,7f91ad74011f,7f91ad6ae11b
3,7f91a87c991c,7f91a872efd0
2,5647aa57c71e,0
3,5647aa57c712,5647ab8e2d20
7,7f91a7e4051c,7f91af489986
2,7f91aecc1912,0
2,5647aa57cf56,5647aa57cf5d
2,5647aa57cf17,0
2,7f91a87c98a8,0
7,7f91ad7400eb,7f91ad6f177b
4,7f91af4604e0,5647ab8d7940
4,7f91af4604a0,5647ab8d1410
7,7f91a87c88b8,7f91aecc0360
2,7f91a87c98fb,7f91a87c992b
1,5647aa57c6ff,0
7,7f91aecc04b8,7f91aecc20dc
7,5647a95d5af0,5647aba0966f
2,5647a97f4ef2,0
3,5647aa57c6b6,0
3,5647aa57cef7,0
2,7f91a87c98f6,7f91a87c9970
7,7f91a8760084,5647a93b979b
2,7f91a87c98c5,7f91a87c9a70
4,7f91af460480,5647ab8cff10
2,7f91a87c98d2,7f91a87c9a40
2,5647aa57c6d0,0
7,5647a95d5a97,5647aba3b345
4,7f91af460490,5647ab8e6b52
3,5647a97f4ed6,5647a97f4200
7,7f91a876006c,5647a93b979b
1,5647a97f4223,7f91a87c9880
2,5647a96d4e26,5647a96d4d8c
2,5647a96d4e0f,0
2,5647aa57ca41,0
2,5647a9754605,0
2,5647a96d4e18,0
1,5647a9754610,7f91a7e87ba0
4,7f91af460410,5647ab8cff10
3,5647a97545a9,5647ab915280
2,7f91aecc1fac,7f91aecc1fc8
2,5647a97545eb,5647a97545f8
2,5647a96d4da0,0
2,5647a96d4d8a,5647a96d4e08
1,7f91aecc1f8a,7f91aecce560
1,7f91aecc1fcb,7f91aecc1f82
2,5647a97545c0,0
2,7f91aecc1f9f,0
7,7f91a8748bde,7f91a87a8240
7,7f91a87c8b92,5647a9234422
2,7f91aecc1f6c,0
2,7f91aecc1f67,0
2,5647a96d4d60,5647a96d4d69
2,5647a96d4d7b,0
2,7f91aecc1f7b,7f91aecc1fa6
2,7f91aecc1f76,0
7,7f91aecc0336,7f91aecc0377
2,5647aaefc132,0
2,5647a96d4d34,0
2,7f91aecc1f71,7f91aecc1f98
2,5647aaefc948,0
3,5647a96d4d0d,5647a982ee80
2,5647a96d4d4d,0
2,5647a96d4d44,0
2,5647a96d4d5a,0
2,5647aaefc912,0
2,5647aaefc113,0
1,5647aaefc957,5647ab8d7360
7,7f91aecc0311,7f91aecc0349
2,5647aaefc8ea,0
5,5647ab7758a8,5647ab76c200
7,7f91aecc06ea,5647aa8d628c
2,5647aaefc0ef,0
7,5647a97f50a0,5647aa005f0d
2,5647aaefc0e3,0
2,5647aaefc8a6,5647aaefc897
2,5647aaefc8b0,5647aaefc890
2,5647a96d4cf3,0
1,5647aaefc886,5647aaefc8d0
2,5647aaefc884,5647aaefc8a0
1,5647aaefc09a,0
1,5647aaefc8d8,0
7,7f91aecc069d,7f91aecc06e1
2,5647aaefc89e,5647aaefc8d0
2,5647aaefc8de,0
2,5647aaefc09d,0
2,5647aaefc890,5647aaefc897
5,5647ab775891,5647ab76c1b0
2,5647aaefc86a,5647aaefc881
2,5647aaefc86f,0
7,7f91aece0625,5647aa892f02
2,5647aaefc876,0
7,7f91a8748274,5647aba46e4d
1,7f91a87c9a75,7f91a87c98cf
2,5647aa774008,0
1,7f91a87c9a4b,7f91a87c9948
2,5647aa774006,0
1,7f91aece1a43,7f91aecdb900
3,7f91a87c9a46,7f91a8730000
2,5647aa77401c,0
2,5647aaefc851,0
2,7f91aecc05ef,0
2,7f91aecc05ea,0
3,7f91aece05a8,7f91aece19f0
2,7f91a87489bc,0
2,7f91aece05b7,7f91aece0630
7,7f91a87c91b4,5647aba2ffdf
2,7f91a87489ca,0
7,5647aa57cfc6,0
1,7f91a8760187,7f91a8760036
7,7f91a87c916b,5647a92c8bb2
1,7f91a87c8d65,7f91a87c8c7a
7,7f91a87c9965,7f91a90e8dba
2,7f91a87c8d26,0
7,7f91aecc194f,7f91aecdbb8a
1,5647a8fd5309,0
1,5647a8fd530e,0
2,7f91a7e4050c,0
2,7f91a87c8d05,7f91a87c8d0c
1,5647a95d5b07,5647a95d5af0
1,7f91ad740103,7f91ad7400f0
3,7f91a87c8d07,7f91a872dd00
2,7f91ad74011d,7f91ad7400df
2,7f91ad740117,7f91ad740105
8,7f91a7de28e5,7f91a7de28e7
2,7f91a87c88aa,7f91a87c88b8
1,7f91a87c88aa,7f91a7e8bf50
2,7f91ad7400e9,7f91ad7400df
3,7f91a87c8cae,7f91a8730100
3,5647a8fd52ef,5647a93a94e0
1,7f91a87c88af,5647ab8d1410
2,7f91a87c8ce0,7f91a87c8d02
2,5647ab775ae4,0
1,7f91a87c88a7,7f91a7e87f80
2,7f91a87c8cba,0
2,7f91a87c8cbf,0
2,5647ab775af3,0
2,7f91ad7400f7,7f91ad740105
2,7f91a87c8cc9,0
2,7f91aecc048a,0
1,7f91a8760082,7f91a8735380
3,7f91aecc0482,7f91aec6b680
3,7f91a87c8c86,7f91a872ecd0
1,7f91a87c8c86,7f91a87c8830
1,7f91a87c8887,7f91a872d6d0
3,7f91a7e404d6,7f91a7d1e100
2,7f91a87c8c9e,0
2,5647ab775add,0
2,7f91a7e404df,7f91a7e40600
2,7f91ad7400d7,7f91ad7400f0
3,7f91a87c8894,7f91a872dbe0
1,7f91a87c8894,7f91a8737240
2,7f91a87c8c95,7f91a87c8cb7
3,7f91a87c8cd5,7f91a8730100
1,5647a8fd52d5,0
1,7f91a87c8864,7f91a872d6d0
2,7f91aecc0423,0
1,7f91a8760067,7f91a7e8bf50
2,7f91a87c883b,0
2,7f91a87c8c70,7f91a87c8d60
2,7f91a8760030,7f91a8760158
2,7f91aecc0434,7f91aecc0470
2,7f91a87c8836,7f91a87c888c
2,7f91a87c8848,7f91a87c8870
1,7f91a87c8c0a,7f91a87c8b69
2,7f91a87c8843,7f91a87c8860
2,7f91a8760046,0
3,7f91a876005b,7f91a872de90
1,7f91a87c8851,7f91a872d6d0
7,5647aa57ca54,5647aa57cefc
3,7f91a87c8ba8,7f91a8730100
2,5647a8fd51ee,0
2,7f91a87c8ba0,7f91a87c8c00
2,5647a8fd51e1,0
5,5647a97545e0,7f91a7e87ba0
2,7f91a87c8be5,0
1,7f91a87c8be7,7f91a87c8b98
1,5647a8fd51bb,5647ab8f3f20
1,7f91a87c8bb0,7f91a87c8b69
2,7f91a7d483ba,7f91a7d46dfc
1,7f91a87c8bf5,7f91a87c8b5f
7,5647a96d4db4,5647abab3e01
2,7f91a8748bb6,7f91a8748bda
7,7f91aecc1f8e,7f91aecdbc62
1,7f91a7d483c0,7f91a7d48390
2,7f91a87c8b80,0
3,7f91a87c8bc2,7f91a872ecd0
1,7f91a7d48389,7f91a7d483b1
2,7f91a7d48394,0
2,7f91a87c8bd0,7f91a87c8bd7
1,7f91a87c8b90,5647ab8d7470
3,5647a8fd51d5,0
1,7f91aecc0f24,7f91aecc0ebc
2,7f91a87c8b62,7f91a87c8bb8
1,5647a8fd5165,5647ab8d7940
2,7f91a87c8b67,7f91a87c8b98
1,7f91aecc037b,7f91aecc0290
7,5647aaefc13f,0
2,7f91a87c8b3f,0
2,7f91aecc0334,7f91aecc0340
3,7f91aecc0372,7f91aecc0330
2,7f91aecc034b,7f91aecc0350
1,7f91aecc0707,7f91aecc06c0
3,7f91aecc0344,7f91aecc0300
1,5647ab775d47,5647aba0a180
7,5647aaefc958,5647ab8d7663
1,7f91aecc0359,7f91aec6b740
2,5647a8fd5154,5647a8fd51b0
2,7f91a87c8b55,7f91a87c8bf0
2,7f91a7e406a6,0
2,7f91aecc0ead,0
1,7f91aecc06e9,7f91aecc0360
2,7f91aecc0ea6,0
2,7f91aecc0ea2,0
2,5647ab7758ba,5647ab775ad5
1,7f91aecc0ef8,7f91aecc7000
1,7f91a7e406b1,7f91a7e4063f
2,7f91aecc0eb6,7f91aecc0f20
2,7f91aecc0eb2,0
3,7f91aecc06cc,7f91aecc0330
2,7f91aecc0ecc,7f91aecc0ee9
3,5647a97f508c,5647ab8d1850
2,5647ab775883,0
2,7f91aecc0ec7,0
2,7f91aecc0ec3,0
1,7f91a7e40689,0
1,7f91aecc029e,7f91a7e87420
2,5647ab77589a,0
2,7f91a7e40696,0
3,7f91aecc06dc,7f91aecc05e0
2,5647a97f5094,5647a97f509a
2,7f91aecc0e91,7f91aecc0ea0
7,5647aa774028,5647aba2276a
2,7f91a7e40663,0
2,7f91a874826e,0
2,5647ab77582c,0
2,7f91a7e4062e,7f91a7e40690
1,7f91aece0623,7f91aecc1f60
2,7f91aecc0e7f,0
2,7f91a7e40636,0
2,7f91a7e40672,7f91a7e40644
1,7f91a8748270,7f91a8748260
3,5647ab775877,5647ab7628a0
2,7f91a7e4063b,0
2,7f91a7e40678,0
4,7f91aece1a0b,7f91aece1a40
2,7f91a7e40642,7f91a7e40674
2,5647ab77580c,0
1,7f91aece0647,7f91aece0607
2,7f91aecc0604,7f91aecc0670
3,7f91aece0642,7f91aecdbac0
2,7f91a7e40612,7f91a7e40644
2,7f91a7e40652,7f91a7e40620
2,7f91a7e4065d,0
2,7f91aece0615,0
5,7f91a7e62de3,7f91adecffa0
2,5647a8ffebe1,5647a8ffec28
2,5647a96f6ba2,5647a96f6bd0
7,7f91a7d421a9,5647aba24e26
1,5647a96f6fbc,5647a96f6c0b
2,5647aaefebfc,0
4,5647a96f7fb0,5647a96f80b8
2,5647aaefebf4,0
2,5647a96f6b8f,0
2,5647a96f6b86,0
7,7f91a87cad96,5647aba388dd
7,7f91aecc21d1,7f91aecc3b0e
7,7f91a87ca935,7f91a90e8af8
8,7f91a7de1545,7f91a7de1547
7,7f91a7de28e7,5647aba1d4c7
2,5647a96f6a85,0
7,7f91a874a498,5647aba46d5b
1,5647ab776297,5647ab99e5b0
3,5647a97fe22c,5647a9e32b20
3,5647aa7fe238,5647a880d7f0
1,5647aa7fe244,5647aa7fe0fc
2,5647a96f6a5a,0
3,5647aa7fe21d,5647aa7f3970
2,5647a96f6a52,5647a96f6de0
1,5647a96f6deb,5647a96f6a58
1,5647ab7769e7,5647ab995a00
7,5647a95d75a7,5647ab99f6b7
3,5647aa7fe1a5,5647aa7f2be0
2,5647aa7fe1b9,5647aa7fe212
2,5647a97fe1ff,5647a97fe209
7,7f91a874a3b2,7f91a874a409
3,5647aa7fe1b1,5647ab8d6440
2,5647aa7fe183,0
2,5647aa7fe190,0
2,5647aa7fe196,0
1,7f91aecc3b2f,7f91aece0570
2,7f91aecc3b29,7f91aecc3b2f
7,7f91a7d42b2d,7f91a7e3f8b5
2,5647a97fe123,0
2,5647aaefed65,0
5,7f91a7e62f35,7f91aded17a0
3,5647a97fe13d,0
1,7f91aec6b770,7f91aec67950
2,7f91aec6b74a,0
2,5647a97fe14d,0
2,5647aa7fe10c,0
3,7f91aecc3b09,7f91aecc2020
7,7f91a87ca706,5647a92c9cbf
5,7f91a7e62f08,7f91afd978f0
1,5647aa7fe11d,0
2,7f91aec6b756,7f91aec6b770
7,7f91a7e62f5f,7f91a8100b31
5,7f91a7e62f1e,7f91a80ff890
2,7f91aecc3b10,0
2,7f91aecc3af3,0
1,7f91aec6b6b0,7f91aec67980
2,7f91aec6b68f,7f91aec6b6b0
2,7f91aec6b683,0
2,5647aaefe8d6,0
7,7f91a87ca660,5647ab9a5da9
1,5647a8ffec36,5647a8ffec02
7,7f91a87ca648,5647ab98c381
1,5647a8ffec0a,5647ab8f0d00
2,5647a9d5e841,0
2,5647a96f6c05,5647a96f6fb4
7,7f91a87ca21d,5647a92c8bc3
1,5647a96f6c10,5647a96f6a78
2,5647aaefec14,0
1,7f91a7d421a7,7f91a7d2d4e0
2,7f91a7d421e5,0
2,7f91a7d429a5,0
2,7f91a87ca1eb,7f91a87ca240
2,7f91a7d429e0,7f91a7d42b40
2,7f91aecc21e6,0
2,7f91a7d421ef,0
2,7f91a7d429af,0
2,7f91a87ca5e1,0
7,7f91aec6b5a0,7f91aecdbc91
3,5647a96f7ba7,0
2,7f91a87ca5a7,0
2,7f91a87ca1f9,7f91a87ca20c
2,7f91aecc21fd,7f91aecc2202
2,7f91aecc21bd,0
2,7f91a87ca5f1,0
2,7f91a87ca1f4,7f91a87ca220
2,7f91a87ca5b7,7f91a87ca660
2,7f91a7d42184,0
2,7f91a7d421c4,7f91a7d421e2
2,7f91a7d42984,7f91a7d429a2
2,7f91a7d429c1,7f91a7d429cb
2,7f91a7d429cf,7f91a7d42bd0
2,7f91a7d42189,7f91a7d421b0
2,7f91a7d429d7,7f91a7d42b40
2,5647a96f7f99,0
2,7f91aecc21dc,0
5,5647a96f6bdb,5647ab8f3e90
1,7f91a87cad94,7f91a87ca6c0
2,7f91a87cad6c,7f91a87cad8c
3,7f91a87cad65,7f91a872f770
2,7f91a87ca926,7f91a87ca908
2,7f91a87cad7d,0
2,7f91a7d4217b,0
2,7f91a7d4293b,0
2,7f91a7d42944,0
1,7f91a7d4214d,7f91a7d42920
2,7f91aecc2144,0
2,7f91a7d42949,7f91a7d42970
3,7f91a87cad47,7f91a872e450
2,7f91a87cad5c,7f91a87cad6e
3,7f91a87ca91e,7f91a872d5f0
1,7f91aecc2159,0
2,7f91a87ca910,0
1,7f91a7d4211d,7f91a7d42160
1,7f91a7de28e5,0
2,7f91aecc20aa,0
2,7f91a87ca8e1,0
2,7f91aecc20e3,0
2,7f91a87ca8e6,0
2,7f91aecc20bd,0
2,7f91a7d424b3,7f91a7d4219b
1,7f91a87ca8ff,7f91a87ca912
2,7f91aecc20b3,0
2,7f91a874a488,0
2,7f91aecc20c6,0
2,7f91aecc2096,0
3,7f91aecc20d7,0
7,5647a96f6a95,5647ab95b87a
1,7f91a874a496,0
4,5647a96f6a6e,5647a96f6b78
2,7f91aecc2066,7f91aecc21d8
2,7f91a874a421,7f91a874a480
2,7f91a7d42436,7f91a7d424b0
2,7f91aecc207a,0
3,7f91a874a404,7f91a874a380
1,7f91a7d42c0a,7f91a7d429ef
2,7f91aecc205d,0
2,7f91a7d4245e,7f91a7d4221d
2,7f91aecc2051,0
2,7f91a874a3ac,0
2,7f91a7d42bec,0
2,7f91a7d42bf4,0
1,7f91a7d423b0,7f91a7d4224b
1,7f91a7d42ffd,7f91a7d46a30
1,5647a95d75b7,5647a95d75a0
2,7f91a874a388,0
2,7f91a7d42bd6,0
2,7f91a7d42393,0
3,7f91a874a39c,7f91a872e100
1,7f91a7e62f9f,7f91a7e62e76
1,7f91aecc2393,0
7,5647aaefed68,0
2,7f91a7e62f23,0
2,7f91aecc237e,0
7,7f91a876bf7b,5647ab73107e
2,7f91a7d4233b,0
7,7f91aecc3b30,7f91aecd3ea6
2,7f91a7d42b43,0
2,7f91a7d42340,7f91a7d42346
2,7f91a7d42b00,0
2,7f91a7e62f4f,0
1,7f91a87ca705,7f91a87cad30
2,7f91a7d42349,7f91a7d42430
2,7f91a7d42b09,0
1,7f91a7d42b56,7f91a7d429ef
7,5647aa7fe11e,7f91aaf3f420
3,7f91a87ca6eb,7f91a872d5f0
2,7f91a7d422a2,0
2,7f91a7d422ab,7f91a7d42338
1,7f91aecc22e3,0
2,7f91a7e62eff,0
2,7f91a7d422bd,0
2,7f91a7d42afb,0
2,7f91a7d422b8,7f91a7d422d4
2,7f91a7d422c5,7f91a7d42338
2,7f91a7d42a85,7f91a7d42af8
2,7f91a7e62e85,0
2,7f91a7d42280,7f91a7d42289
7,5647aaefe8de,0
1,7f91a7e62e90,7f91a7e62ea5
2,7f91a7d422df,7f91a7d42280
2,7f91a7d42a9f,7f91a7d42a40
2,7f91a87ca6d4,0
2,7f91a7d422da,7f91a7d42338
2,7f91a7d42a9a,0
2,7f91a7d42a62,7f91a7d42af8
3,7f91a87ca22e,7f91a8730000
2,7f91aecc2268,0
2,7f91a7d42220,7f91a7d42390
7,5647aaefec20,0
2,7f91a7d42a6b,0
2,7f91a7d42a7d,0
1,7f91a7d4227c,7f91a7d422b1
1,7f91a7d42a3c,7f91a7d42a71
1,7f91aecc2273,0
1,7f91a87ca236,7f91a87ca20c
2,7f91a7d42a78,7f91a7d42a94
2,7f91a7e62e07,7f91a7e62f9c
7,5647a9d5e849,0
1,7f91aecc220f,7f91aecc21af
2,7f91a87ca60b,7f91a87ca633
2,7f91a7d42201,7f91a7d4220b
2,7f91aecc2209,0
2,7f91a7d42a40,7f91a7d42a49
2,7f91a7d4220f,7f91a7d42458
3,7f91a87ca600,7f91a872d5f0
2,7f91a87ca202,7f91a87ca250
3,7f91a87ca204,7f91a8730100
1,7f91a87ca246,7f91a87ca1f1
1,7f91a87ca646,7f91a7e8b590
2,7f91a7d42217,0
1,7f91a87ca258,7f91a87ca20c
1,7f91a87ca21c,7f91a87ca1d0
2,7f91a7d42252,0
2,7f91a7d42a12,0
2,7f91a7d4225b,0
2,7f91a7d42a1b,0
2,7f91aaf45dab,7f91aaf45c68
2,5647a9d50bf9,0
1,5647a9d50bf6,0
2,5647a96f83ca,0
2,7f91aaf45d8d,0
2,5647a96f83c2,0
2,5647a9d50b61,0
1,7f91aeccd563,7f91aecc1f60
3,5647a96f8324,5647ab8cf6f0
2,7f91aaf45d7a,0
2,5647a96f8339,5647a96f81d8
2,5647a96f8333,0
2,7f91aaf45d0b,7f91aaf45ce0
2,7f91aaf45d46,7f91aaf45e7b
3,5647a96d8b07,5647a9274db0
3,7f91aeccd55e,7f91aecccca0
2,5647a96d8b19,5647a96d89c7
3,7f91aaf45d5d,7f91aaf5b710
3,5647a96f8310,5647ab900a80
2,5647a96d8b13,0
7,5647a96d1f16,5647ab8f5088
2,7f91aaf45ce9,0
2,7f91aaf45cae,0
3,5647a96d8aef,5647ab900a80
7,5647ab7592a0,5647ab77b477
2,7f91aaf45cf3,0
3,5647a96d86b0,5647ab8e3000
1,5647a96d86b5,5647a96d854b
2,7f91aaf45ccf,0
2,5647a9d50ac1,0
7,5647a96d1a81,5647aa5be3d7
1,7f91aaf45cd8,7f91aaf45ce3
7,5647a9d512dc,0
3,7f91aaf45c94,7f91aaf2d1f0
2,7f91aaf45c6b,0
2,7f91aaf45c23,0
1,7f91aeccdc22,7f91aecce058
2,7f91aeccdc20,7f91aeccdc40
2,7f91aeccdc3e,7f91aeccdbf0
2,7f91aaf45c7a,0
2,7f91aaf45c3b,7f91aaf45da8
2,7f91aaf45c76,0
1,7f91aaf45c02,7f91aaf45c0b
2,7f91aaf45c1d,0
2,5647a96d8613,5647a96d85a9
2,7f91aeccdc50,7f91aeccdc30
2,5647a96d8657,5647a96d8698
2,5647a96d85a9,5647a96d8500
2,5647a96f81e8,0
1,7f91a874dfa0,7f91a874df50
2,5647a96d85ff,5647a96d8500
1,7f91a874dfb0,7f91a874def0
3,7f91aaf45bf7,7f91aaf2d340
7,5647a97f1df7,5647aba9f05f
3,5647a96f81b6,5647ab8d0fc0
2,5647a96f81cb,5647a96f81d8
2,7f91a874df8b,7f91a874df80
2,7f91aeccdb8a,0
2,7f91aaf45bcd,7f91aaf45bf0
2,5647a96d85c3,0
2,5647a96f81c5,0
2,7f91aeccdb81,0
3,5647a96f819e,5647ab900a80
1,7f91a874df91,7f91a874e380
2,5647a96d89d4,0
2,5647a96d85d6,5647a96d8838
2,7f91a874df28,7f91a874df33
1,7f91a874df2a,7f91a874df45
2,7f91a874df6a,0
1,7f91a874df6a,7f91a874e380
2,7f91aeccdb29,0
3,5647a96f8560,5647ab900a80
1,5647a96d8560,5647a96d8500
2,7f91aeccdb64,0
3,5647a96f8523,5647ab900a80
2,7f91a874df78,7f91a874df83
7,7f91aecccf7f,7f91aeccd563
3,5647a96f8578,5647ab8d85e0
1,7f91a874df7a,7f91a874e380
2,5647a96f813b,0
3,5647a96f853b,5647a9275ba0
1,7f91a874df3b,7f91a874e090
2,7f91a874df3b,0
2,5647a96d897d,0
1,5647a96f857d,5647a96f81bb
7,7f91aaf44b73,7f91aaf45e88
2,5647a96f8133,5647a96f83c0
2,5647a96d8975,0
2,7f91aeccdb70,7f91aeccdb7d
2,7f91aeccdb31,0
2,7f91aeccdb0e,0
1,7f91a874df09,7f91a874df20
5,7f91aaf44b48,7f91aaf2d6d0
2,5647a96d850d,0
1,5647a96f8540,5647a96f81bb
2,7f91aeccdb44,0
2,5647a96f8143,0
1,7f91a874df45,7f91a874e090
2,7f91a874df07,0
1,7f91a874df59,7f91a874df70
3,5647a96d855b,5647ab8cf6b0
2,7f91aeccdb1a,7f91aeccdb25
3,5647a96d8552,5647ab98da70
2,7f91aeccdb51,0
2,7f91a874df57,7f91a874df63
7,5647aaef94ac,5647abac1e92
2,7f91aeccd2a7,0
2,5647a96d84a2,0
2,5647a96f80e4,0
3,7f91aeccd2bc,7f91aecc7000
2,7f91a874defe,0
2,7f91a874def4,7f91a874df00
1,7f91aaf45e8c,7f91aaf45d4c
2,7f91aeccde87,0
3,7f91aaf45e83,7f91aaf44b10
1,7f91aeccd2c4,7f91aecccf5d
2,5647a96d8499,0
2,5647a9d50cd8,0
2,5647a96f809d,0
2,5647a96f80dc,0
2,7f91aeccd297,7f91aeccd29f
7,7f91a7d4c69c,5647aaf083ce
2,5647a96f8095,0
3,7f91aeccde93,7f91aecc7050
2,7f91aeccd269,0
2,7f91aeccd222,7f91aeccd24b
2,7f91aeccd278,7f91aeccd258
2,7f91aeccde75,7f91aeccde7f
2,7f91aeccd235,0
2,7f91aeccd249,7f91aeccd21f
2,5647a96d8840,5647a96d85dc
2,7f91aeccd21d,7f91aeccd24b
2,7f91aeccd256,7f91aeccd280
3,7f91a7d4c5ee,7f91a7d1e230
7,7f91aaf45da1,5647aa7f2cbb
2,5647aaef93e6,0
1,5647ab7793a7,5647ab779390
2,5647ab779fbf,5647ab77acae
2,7f91aecccdf1,7f91aecccdd0
1,7f91aecccdc7,7f91aeccd205
2,7f91aecccdc5,7f91aecccddf
1,5647ab779387,5647ab9bf790
2,7f91aecccd81,0
2,7f91aecccddd,7f91aecccda3
4,5647a96f83de,5647a96f8548
2,5647aaef93dd,0
1,5647ab779395,5647ab9aaef0
2,7f91aecccd2d,0
7,7f91aeccd567,7f91af489986
2,7f91a7d4c56e,7f91a7d4c578
2,7f91a7d4c52c,0
1,5647a96d1b38,5647a96d19df
2,7f91a7d4c534,7f91a7d4c6a8
2,7f91aecccd3a,0
2,7f91a7d4c57f,7f91a7d4c5e8
7,5647a9d50b70,0
3,5647a96d1b33,5647ab8d6f50
2,7f91aecccd4d,0
2,7f91a7d4c543,7f91a7d4c643
2,7f91aecccd0b,0
2,5647a96d1f00,0
2,5647a96d1b05,5647a96d1af7
2,7f91a7d4c517,0
2,7f91a7d4c553,0
2,7f91aecccd5b,7f91aecccd63
2,7f91aecccd17,0
2,5647a96d1b10,5647a96d1af0
2,7f91a7d4c55d,7f91a7d4c569
1,5647a96d1f12,5647ab91d5d0
1,5647a96d1aea,5647a96d1b00
2,7f91aeccccea,0
2,7f91a7d4c4e2,0
1,5647a96d1eac,7f91a7e0c775
1,5647a9d512e1,5647ab972500
2,7f91a7d4c4ad,0
2,5647a96d1aa7,0
2,7f91aeccccfc,7f91aecccd07
2,5647a96d1afe,5647a96d1b30
2,5647a96d1ab1,5647a96d1ac0
2,5647a96d1af0,0
2,7f91a7d4c4b9,0
5,5647a9d50ab7,5647ab94f710
2,7f91a7d4c4cb,0
2,5647a9d512d9,5647a9d512e0
2,5647a96d1ad8,0
7,5647a9d50ad0,7f91a7e87420
2,7f91a7d4c49d,0
2,5647a96d1e94,0
1,5647a96d1e69,5647a96d1edf
2,5647a96d1e62,5647a96d1edf
2,5647a96d1a25,0
2,5647a96d1e67,5647a96d1e85
1,5647a97f1e7a,5647a97f1de7
2,5647a96d1a30,5647a96d1a10
1,5647ab779237,5647ab9b39c0
1,5647a96d1a08,5647a96d1a20
2,5647a96d1a5b,5647a96d1a73
1,5647a96d1e5f,7f91a7d2d4c0
2,5647a96d1a1e,5647a96d1a50
2,5647a96d1a10,0
7,5647a96d89e8,5647abaac8e2
2,5647a96d19e3,0
2,5647a97f1db8,0
7,5647a96f81ff,5647abab1de7
5,5647a96d85f4,5647ab8e3160
2,5647a97f1dcb,5647a97f1e78
2,5647a96d19d9,0
4,5647a96d8991,5647a96d8ae0
7,7f91a874df95,5647a9273d7e
7,7f91a874df96,5647aba2c3d8
2,7f91aaf44b29,0
7,7f91a874df6c,5647aba2d844
2,7f91aecccf6b,0
2,7f91ad6ecb25,0
2,7f91aaf44b64,7f91aaf44b6d
2,7f91ad6ecb39,7f91ad6ef9f0
7,7f91a874df3d,7f91af489986
7,7f91a874df48,5647ab8f5344
2,5647aaef950c,0
2,7f91ad6ecb1c,0
7,5647a96d851d,5647abaaad64
4,5647a96f8157,5647a96f850b
2,7f91a7d4c6a2,7f91a7d4c540
7,7f91aeccdea9,7f91aecce573
7,5647a9d50ce7,7f91a875ffb0
4,5647a96d84b9,5647a96d85c0
4,5647a96f80f8,5647a96f817f
2,7f91a7d4c6b2,7f91a7d4c6a0
4,5647a96f80b1,5647a96f82f8
2,7f91a7d4c6fe,7f91a7d4c510
5,5647a9d50cce,0
1,5647aaef94c2,0
2,7f91a7d4c688,0
2,5647aaef9498,0
1,5647aaef94d4,5647aaef945a
3,5647aaef946a,5647ab8f8c10
2,7f91a7d4c666,0
2,7f91a7d4c625,0
2,7f91a7d4c66b,0
2,7f91a7d4c634,7f91a7d4c6fb
2,5647aaef9472,0
2,7f91a7d4c60f,0
2,7f91a7d4c64b,0
3,7f91a7d4c608,7f91a7e0c800
2,7f91a7d4c652,7f91a7d4c658
2,5647aaef945d,0
2,5647a96d27ad,5647a96d2888
2,5647a96d27ba,5647a96d2850
3,5647ab77affc,5647ab9d0250
3,5647ab77af89,5647ab9d0250
5,5647ab77b38f,5647ab8eb780
2,7f91a8747dd9,7f91a8747e38
7,7f91adeced99,7f91ad6d3886
2,5647a96d279e,0
2,5647ab77af2c,5647ab77af00
7,7f91a874e120,5647aba2fd65
7,7f91aecc6927,7f91aecd3cb0
2,5647a96d2762,5647a96d2820
2,5647a9752f24,0
1,5647aa7f2b24,5647a880d7f0
3,5647a96d2726,5647ab8eb900
7,5647a95d3b78,5647ab9ff6b7
2,5647a96d277a,0
7,7f91aecce577,5647aa8d637b
3,5647ab77af49,5647ab9ac900
2,5647a96d274f,0
2,5647a96d270e,5647a96d2920
2,7f91adecf945,0
2,5647a96d2703,0
2,5647ab77af06,5647ab77af22
2,5647a9752f44,5647a9752d09
2,5647a96d2759,5647a96d2790
2,7f91adecf951,0
2,5647a96d2714,0
2,5647aa7f2b14,5647aa7f2b20
1,7f91a7d474a0,7f91a7d46ca0
2,5647ab77aee2,5647ab77aed8
2,5647a96d26f9,0
2,5647a96d26b9,0
3,5647a96d26b1,5647ab8eb730
3,5647a96d26f0,0
3,5647ab77ae8f,5647ab9d0e70
3,5647a96d26c1,0
5,5647ab77b281,5647ab8f4740
7,7f91a874e487,5647a9273d90
2,5647ab77ae9a,5647ab77b4fb
2,5647aa7f2a94,0
1,7f91ad6efc2f,7f91ad6efc40
2,7f91aecc706a,7f91aecc7080
2,7f91aecc702a,7f91aecc7011
3,5647ab77ae60,5647ab9d0310
2,7f91adecf866,0
3,5647ab77ae7b,5647ab9d0310
7,7f91aaf4607d,5647aa7f3890
2,7f91aecc7076,7f91aecc7061
2,7f91aecc700f,7f91aecc7018
2,7f91adecf80c,7f91adecf846
2,7f91adecf84c,7f91adecf855
2,7f91aecc700b,0
1,7f91ad6efc0b,7f91ad6efc20
2,7f91adecf804,0
2,7f91aecc7005,0
7,5647aa7f3a04,5647aa7fe222
2,7f91aecc705f,7f91aecc7068
2,7f91aecc701a,7f91aecc7038
2,7f91aecc705b,0
2,7f91aecc7055,0
2,7f91adecffaf,0
2,7f91adecf7ee,7f91adecf7f3
1,5647ab7729e7,5647ab9c3640
2,7f91adecf7b1,7f91adecf7cb
1,5647ab7729f7,5647aba02590
2,7f91adecffcf,7f91aded0000
5,5647aa7f39c8,5647a9836290
7,7f91a7d46b8b,5647ab1ed22c
2,7f91adecffc1,7f91aded0058
2,7f91adecf79e,0
7,5647aa7f359c,5647aa7f3810
3,5647aa7f2d6f,5647ab8eea20
2,5647ab77ad22,5647ab77ad2a
1,5647a96d2932,5647a96d271b
2,5647aa7f2d76,5647aa7f2c9d
2,5647a9752d0d,0
7,7f91a874e342,5647ab9abf86
2,5647a9752d03,5647a9752f40
2,5647a9752d1d,5647a9752f10
2,5647a9752d13,0
3,5647ab77ad14,5647ab74b0a0
5,5647ab77b4a9,5647ab949ca0
2,5647aa7f2cef,0
2,5647aa7f2cad,0
2,5647a9752ce3,0
2,5647aa7f2cbe,0
2,5647a9752cf2,5647a9752d00
3,5647aa7f2cb6,5647a880d820
2,5647a96d288f,5647a96d275b
1,7f91a8747ec2,7f91a7e87420
3,5647aa7f2cdb,5647ab8d6440
1,7f91a8747eda,0
2,5647a9752cdc,0
2,5647aa7f2cd0,5647aa7f2cd7
2,5647aa7f2c97,5647aa7f2d6b
7,5647ab77b4d4,5647ab9cf621
2,5647aa7f2c28,0
2,5647a96d282c,5647a96d2768
2,5647aa7f2c62,0
7,7f91a874e678,5647aba32818
2,7f91a8747e3b,7f91a8747e59
3,5647aa7f2c7c,5647a8809530
7,5647aa7f3872,7f91aaf38820
5,5647ab77b474,5647ab7592a0
2,5647aa7f2c0a,0
3,5647aa7f2c48,5647ab8eea20
2,5647aa7f2c4f,0
2,5647aa7f2c1a,0
5,5647ab77b45b,5647a95b5410
3,5647aa7f2c5b,5647ab8eea20
7,7f91a874e61c,5647a9273d90
7,5647a95d385f,5647ab9ff57d
2,5647a96d2850,5647a96d2888
3,5647aa773fa8,5647ab952c20
2,5647ab77b3ee,5647ab77b412
2,7f91a874e1af,0
2,7f91a874e5e0,7f91a874e5e6
2,7f91a7d46dad,7f91a7d48383
2,7f91a874e5a3,7f91a874e7a8
2,7f91a874e1a7,7f91a874e1d0
2,7f91a874e5b9,7f91a874e508
2,5647aa773ffb,0
2,7f91a874e5fc,7f91a874e860
2,5647a95d37fd,5647a95d3819
3,5647aa773fbd,5647ab8d66a0
2,7f91a7d46dff,0
2,7f91a874e5b0,7f91a874e508
2,7f91a874e1f1,7f91a874e1f7
2,7f91a874e5f2,7f91a874e848
2,5647aa773fb0,0
3,5647aa773ff0,5647ab8cf6b0
2,5647a95d37f4,0
2,5647aa773f88,0
1,5647a95d3bcb,5647a95d3b58
7,5647a96d278e,5647ab8eb6ed
2,5647aa773f82,0
2,7f91a874e181,7f91a874e290
2,5647ab77b3c0,0
2,5647aa773fc6,0
4,7f91aec67980,7f91afb53610
1,7f91a874e1c7,7f91a874e0d0
3,5647a95d3bc6,5647aba098b0
2,7f91a7d46d97,0
2,5647aa773fd9,0
2,7f91a874e59d,7f91a874e5a9
2,5647ab77b3dd,5647ab77b590
3,5647ab77b39c,5647ab9d17e0
2,5647aa773fd3,0
2,7f91a874e1d4,7f91a874e2a0
1,7f91adeced90,7ffd0b153d40
1,5647aa5dbfd4,0
1,7f91a874e197,7f91a874e0d0
3,7f91aecce56e,7f91aeccdae0
2,5647aa773f28,0
2,7f91a874e52b,7f91a874e615
2,5647a95d3b6a,0
3,5647aa773f6c,5647ab8cf6b0
2,5647ab77b322,0
2,7f91a874e561,0
3,5647aa773f20,5647ab952c20
2,7f91a7d46d6b,0
2,7f91a874e165,7f91a874e16b
2,7f91a874e525,7f91a874e531
2,7f91a874e538,7f91a874e490
7,5647a9752f38,0
2,7f91a7d46d34,0
2,5647aa773f3e,0
2,7f91a7d46d71,0
2,7f91a874e130,7f91a874e0c6
2,7f91a7d46d3e,0
1,7f91a7d46d7c,7f91a7d46d8f
2,5647ab77b370,0
2,7f91a874e573,7f91a874e650
1,7f91aecce573,7f91aecc0360
2,5647aa773f77,0
4,7f91aec67930,7f91a87353e0
1,7f91a874e136,7f91a874e0c6
2,7f91a874e177,7f91a874e280
3,5647aa773f35,5647ab8d66a0
2,7f91a7d46d47,0
2,7f91a874e54c,7f91a874e59a
2,5647aa773f4f,0
2,5647ab77b30d,0
2,5647ab77b343,5647ab77b349
2,5647aa773f00,0
2,7f91a874e144,7f91a874e230
3,7f91aecc691e,7f91aec67850
1,7f91a874e119,5647ab94f710
7,7f91adecf95c,5647ab9336da
2,7f91a874e51c,7f91a874e610
2,7f91a7d46d50,7f91a7d46d5d
2,5647ab77b350,5647ab77b369
2,7f91aecc6912,0
4,7f91aec67950,7f91afb51f60
2,7f91a874e117,7f91a874e0d5
2,5647aa773f55,0
2,7f91a7d46ca7,0
2,7f91a874e4e9,7f91a874e4f5
3,5647aa7f36e9,5647a880d800
2,7f91a874e0ec,7f91a874e1a0
1,5647aa7f36ee,5647aa7f367c
2,7f91a874e0ad,7f91a874e128
2,5647aa773eef,0
3,5647aa773ead,5647ab8d66a0
3,5647ab77b2a3,5647a8809560
2,5647aa7f36e0,0
2,5647aa773ea0,0
2,5647a95d3aa5,5647a95d3ac1
3,5647aa773ee4,5647ab8cf6b0
2,5647aa773efa,0
2,7f91a7d46cf6,7f91a7d46d20
2,7f91a874e4fc,7f91a874e508
2,7f91a874e0fd,0
2,7f91a7d46cf0,0
2,5647aa773eb6,0
2,7f91a874e0f5,7f91a874e140
2,7f91a874e0b6,7f91a874e330
2,7f91a7d46cb8,7f91a7d46cc0
2,7f91a7d46cc7,0
7,7f91aecc708f,7f91aeccde98
5,5647ab77ae8a,5647ab8f46c0
2,5647aa7f368e,0
2,7f91a7d46cc2,0
2,5647aa773ecd,0
2,7f91a874e0c0,7f91a874e348
1,7f91a874e481,7f91a874dfa0
2,7f91a874e481,7f91a874e518
2,5647aa7f3683,0
2,5647aa773ec7,0
7,5647aa7f2a9a,5647a98363a1
2,7f91a874e498,7f91a874e4e6
3,5647aa773e98,5647ab952c20
1,7f91a7d46cd3,7f91a7d46ce7
2,7f91a874e0df,7f91a874e119
2,5647a95d3ade,5647a95d3bc3
2,5647a95d3ad0,0
2,7f91a874e0d3,0
2,7f91aecce090,7f91aecce068
1,5647aa7f3695,5647aa7f357c
2,5647aa773e2e,0
2,7f91aecce06b,7f91aecce32b
1,7f91a874e82d,7f91a874e47f
2,7f91a874e42f,7f91a874e455
2,7f91aaf46061,0
2,5647aa7f3666,5647aa7f36d8
1,7f91a874e864,7f91a874e606
2,5647aa773e67,5647aa773e7f
7,7f91aecc7061,7f91aeccde98
2,7f91a874e467,7f91a874e680
3,5647aa773e25,5647ab8d66a0
2,7f91aecce07e,7f91aecce2ae
2,7f91aaf4603b,0
1,7f91a874e83a,7f91a874e3cd
1,7f91aaf46079,7f91aaf3d3d0
2,5647aa773e3f,0
1,7f91a874e87e,7f91a874e3a0
7,7f91adecf874,5647ab99f309
1,5647a95d3e34,5647ab9336f0
1,7f91a874e876,7f91a874e7f3
1,7f91a874e84c,7f91a874e606
2,5647aa7f364d,0
1,7f91a874e400,7f91a874e47f
7,7f91aecc7047,7f91aecdbc85
2,7f91aaf46041,0
2,5647aa7f3644,0
2,5647aa773e45,5647aa773e4c
1,5647aa7f3a1b,5647aa7f39f3
2,7f91a874e459,0
2,5647ab77b25a,5647ab77b277
2,5647aa773e18,0
2,7f91a874e41b,0
2,7f91aecce05b,7f91aecce084
3,5647aa7f365c,5647ab962a10
3,5647aa773e5c,5647ab8cf6b0
2,7f91a874e811,0
2,7f91a874e412,0
3,5647aa773e10,5647ab952c20
3,5647aa7f3a16,5647a880d800
2,7f91a874e854,7f91a874e7b5
4,7f91aec67850,5647ab8cff10
7,7f91aecc7011,7f91aeccd2c1
1,7f91a874e817,7f91a874e5cf
2,5647aa773dea,0
2,7f91a7d46ba6,7f91a7d47490
2,5647ab77b1ea,0
2,7f91a874e7e9,7f91a874e872
2,5647aa773da8,0
2,7f91a7d46fe4,0
2,7f91a874e3ab,7f91a874e6d8
1,5647a95d39ec,5647a95d3855
2,7f91a874e7af,7f91a874e851
1,5647ab77b5a3,5647ab77b3e8
2,7f91a874e3e1,7f91a874e3f3
3,5647ab77b1e2,5647a8809560
2,7f91a7d46fec,7f91a7d46ec8
1,7f91a874e3e3,7f91a874e825
2,5647aa7f39e4,5647aa7f3a08
2,5647aa7f39a5,0
2,7f91a874e3b9,7f91a874e66c
2,7f91a874e3fa,0
2,5647aa773db9,0
2,5647aa773dbf,0
2,5647aa7f39b2,0
1,7f91aecce3b4,7f91aeccde69
2,5647aa773df0,0
3,5647aa773d8a,5647ab952c20
2,7f91a874e7cd,7f91a874e7d3
2,7f91a874e38e,7f91a874e690
2,5647aa7f358c,0
2,5647aa7f39c3,0
2,5647a95d3982,5647a95d39c0
3,5647a95d39c4,5647a8809510
2,7f91a874e3c7,7f91a874e6a8
2,7f91a7d46b97,0
1,5647aa7f359b,7f91aaf46030
2,7f91a7d46fd5,0
2,7f91a874e39a,7f91a874e40b
3,5647aa773d9f,5647ab8d66a0
2,5647aa773ddf,0
2,7f91a874e7df,0
2,5647aa773d92,0
2,7f91a874e3d3,7f91a874e47f
2,5647aa7f3991,0
1,7f91a7d46fdb,7f91a7d46f2e
3,5647ab77b597,5647a8809560
2,5647aa7f39d4,0
3,5647aa773dd4,5647ab8cf6b0
2,7f91a7d46b27,0
1,5647aa7f392b,5647aa7f3850
1,7f91a874e369,7f91a874e2d5
2,5647a95d3968,5647a95d397a
5,5647a96d292e,5647ab8eb720
2,5647a95d3923,5647a95d3960
2,7f91a874e363,0
1,7f91a874e324,7f91a874e264
3,5647aa7f3926,5647ab8d6440
2,7f91a7d46b74,0
1,7f91a874e33b,5647ab8d1410
2,7f91aecce33a,7f91aecce34b
2,7f91a7d46f31,0
2,7f91a7d46b30,7f91a7d46b90
2,7f91a7d46f47,0
1,7f91a7d46b06,7f91a7d46b19
2,7f91a7d46f03,0
2,7f91aecce349,7f91aecce3b1
7,5647aa7f2d03,5647aa7fe1aa
1,7f91a7d46f4d,7f91a7d46b5f
2,7f91a7d46f0c,7f91a7d46fd0
1,5647ab77b500,5647ab77aea8
1,7f91a874e304,7f91a874e217
2,5647aa7f3907,0
1,7f91a874e350,7f91a874e0d0
2,7f91aecce357,7f91aecce340
1,7f91a874e2ea,7f91a874e1da
2,7f91a874e2ab,7f91a874e358
2,7f91a7d46aa1,0
2,7f91a7d46eef,7f91a7d46ee0
1,7f91a874e6a0,7f91a874e3a7
3,5647aa7f38a1,5647ab8dd250
2,5647aa7f38e1,0
2,7f91a7d46aea,0
2,5647aa7f38e7,0
2,7f91a7d46af7,0
3,5647ab77b4fb,5647ab9d0300
3,5647aa7f38fb,5647a880d7f0
2,7f91a7d46ef4,0
7,5647ab77acbf,5647ab9b74aa
3,5647aa7f38bf,5647a8809520
2,7f91a7d46aff,0
3,5647aa7f38f2,5647ab8d6440
2,7f91a874e6b0,7f91a874e6c3
2,5647ab77b4b1,0
1,7f91a874e6b2,7f91a874e832
1,7f91aecce2b3,7f91aeccde69
3,5647aa7f38b7,5647a880d860
1,7f91a7d46ab8,7f91a7d46ac3
2,5647ab77b48b,0
3,5647aa7f388b,5647a880d850
3,7f91a7d46a85,7f91a7d1e100
2,7f91a874e6ca,0
2,7f91a7d46ece,0
2,5647ab77b4c0,0
1,7f91a874e684,7f91a874e471
1,7f91a874e284,7f91a874e18b
7,7f91a8747ec6,5647aba0caf1
2,7f91a7d46ed6,0
2,7f91a7d46ad4,0
1,7f91a874e6dc,7f91a874e3c3
7,7f91a8747ede,5647aba2d844
1,7f91a874e6d0,7f91a874e3cd
1,7f91a874e294,7f91a874e18b
2,7f91a7d46ad9,0
2,7f91a874e697,7f91a874e87b
2,5647ab77b468,0
2,5647a95d3821,5647a95d3833
2,5647aa7f3860,0
1,7f91a874e223,7f91a874e0d0
2,7f91a7d46a69,0
2,5647a95d383b,5647a95d3850
2,7f91a874e23e,7f91a874e248
1,7f91a874e670,7f91a874e3c3
1,7f91a874e275,7f91a874e14a
2,7f91a874e20d,7f91a874e300
2,7f91a874e203,0
1,7f91a874e658,7f91a874e58b
7,7f91a8747e59,5647ab9c749b
2,7f91a874e25a,7f91a874e320
2,7f91a7d46e10,7f91a7d46fe0
2,7f91a874e250,0
2,5647ab77b453,0
2,5647aa7f3812,0
1,7f91a874e613,7f91a874dfa0
2,7f91a874e613,7f91a874e678
1,7f91a874e615,7f91afb51f60
2,5647ab77b415,5647ab77b42a
2,5647aaf8c3aa,0
2,5647aaf8c3ea,0
3,5647aaf8c3a2,5647ab8cff10
4,7f91a87301e0,0
2,5647aaf84be7,0
7,7f91a87381a5,7f91a87354d9
1,5647aaf84be4,0
2,5647aaf84bfa,0
3,5647aaf8c7fb,5647ab8cff10
7,7f91af4b09f8,7f91af489cf6
1,7f91ad5b9df3,7f91ad5b9e00
2,5647aaf8478a,5647aaf846ec
3,5647aaf84783,5647ab8d6440
5,7f91a8738981,7f91a87352b0
1,7f91ad711980,0
8,7f91a7e135d5,7f91a7e135d7
1,5647aaf84798,5647aaf846f3
3,5647aaf8c3de,5647ab8da330
7,5647aae0d36e,0
2,7f91ad5b9d24,7f91ad5b9dd0
3,5647a9d8cb60,5647a8809510
2,5647aaf84b27,0
2,5647aaf84765,5647aaf8476c
7,7f91a8738538,7f91a8735456
7,5647a9505f79,5647aba33f92
5,7f91a8738179,7f91a8738100
3,5647aaf84778,5647a93a8d30
2,5647aaf84739,0
2,5647aaf84b3d,5647aaf84b20
2,5647aaf84731,0
3,5647aaf84b35,5647a8809ac0
1,7f91ad711932,7f91ad5a8e10
2,5647aaf84749,0
4,7f91a8730100,5647ab8cff10
1,5647a9d8cb40,5647a9d8ca1c
2,5647aaf84700,0
1,5647a9d8cb45,7f91a7e87420
7,5647aaf85f5b,0
2,5647a9d8cb1d,5647a9d8cb45
2,5647aaf8471f,0
2,5647aaf8475f,0
1,5647aaf84b1d,0
2,5647a9d8cb5e,0
2,5647aaf84752,0
2,5647aaf84b11,0
2,5647aaf846ea,0
3,5647a9d8caef,5647aba23230
3,7f91ad7118a4,7f91ad5a9500
2,5647a9d8caa5,5647a9d8caac
2,5647aaf84aa7,0
3,5647a9d8caa7,5647a8809510
1,5647a9d8caa7,5647a9e48450
1,5647aaf84aa4,0
1,5647a9d8cab9,5647a9e48450
2,5647aaf84aba,0
2,5647aaf84afe,0
3,7f91ad7118f4,7f91ad5a93b0
2,5647a9d8cab7,5647a9d8cabe
2,5647aaf84aca,0
2,5647aaf846c8,0
2,5647aaf84ace,0
7,5647aad25ec3,5647aad3f558
3,7f91ad711884,7f91ad5a9440
1,5647aaf846c6,0
3,5647aaf846df,0
2,5647a9d8ca93,5647a9d8ca9a
1,5647a9d8ca95,5647ab8fbe80
1,7f91a7db909a,7f91a7d2d4a0
7,7f91a7db8426,5647ab9fce09
2,7f91a7db9025,0
2,7f91a7db9063,0
3,5647a9d8ca6e,5647a8c1afb0
4,7f91a8730060,7f91a8736b20
1,7f91a7db902b,7f91a7db9039
2,7f91a7db9068,0
1,7f91a7db9037,0
1,5647a9d8ca7d,5647ab8f3e90
1,7f91a7db9070,7f91a7db9086
4,7f91aaf38832,7f91aaf2d680
7,5647aad25e73,5647aad3e4c8
2,5647a9d8ca0a,0
4,7f91a8730000,7f91a87c8c20
2,7f91a7db904d,0
3,7f91a7e11c08,7f91a7e2d740
8,7f91a7e13015,7f91a7e13017
7,5647aaf85a10,0
3,7f91a7e11be1,7f91a7e2d6e0
3,5647a9d8c9e0,5647a93b3ba0
2,5647aaf8c5a1,0
1,7f91a7e11bf7,7f91a7e1ebb7
2,7f91a7e11bff,0
7,7f91a7e18bbf,7f91afb5fd7e
2,7f91a7e11bbb,7f91a7e11bd0
3,5647aaf8c56e,5647ab8d6440
2,5647aaf8c526,0
1,5647aaf8c578,5647aaf8c594
2,5647aaf8c539,0
7,7f91af4b0b74,7f91af489cf6
2,5647aaf8c548,5647aaf8c7f1
2,5647aaf8c51f,0
3,5647aaf8c513,5647a9396b30
3,5647aaf8c557,5647ab941fc0
2,5647aaf8c4ea,0
2,5647aaf8c4a7,0
2,5647aaf8c4fa,5647aaf8c508
2,5647aaf8c4f0,0
1,7f91ad5b9e80,7f91ad5b9e97
2,5647aaf8c4df,0
2,5647aaf8c4d2,0
2,7f91ad5b9a2e,0
2,5647aaf84c67,5647aaf84ca0
2,5647aaf84039,0
2,5647aaf84c3e,0
2,7f91ad5b9e39,7f91ad5b9e7b
1,7f91ad5b9e79,7f91ad5b9e00
2,5647aaf84c7d,5647aaf84c60
2,7f91ad5b9a37,0
5,5647aa5a5c30,5647ab8d4270
3,5647aaf84c75,5647a8809ac0
1,5647aaf8c80a,5647aaf8c560
2,5647aaf84c0a,0
2,5647aaf8c448,5647aaf8c4a0
2,5647aaf84c0e,5647aaf84c3a
7,5647aa58dc42,0
3,5647a9ea4404,5647a98cc740
3,5647a9ea4419,5647aae07170
7,5647aae0dc1a,0
2,5647aaf8c41b,0
7,7f91a8738a1c,7f91a8735164
1,5647aaf84c5d,5647aaf84c69
2,7f91ad5b9a5a,7f91ad5b9d10
2,5647aaf84c51,0
2,5647a9ea4417,0
2,7f91a87381ea,0
2,7f91a87389eb,0
1,7f91a87381ec,7f91a8738126
3,5647aae0dbef,0
2,7f91a87389ad,0
2,7f91a87389e0,0
1,5647aa5a5ba4,5647ab8d1410
2,7f91a87389a6,0
2,5647aae0dbbe,0
2,7f91a87389bd,0
1,7f91a87381b4,7f91a8738195
2,7f91a8738988,7f91a87388ff
2,7f91a873818e,7f91a8738140
2,7f91a8738181,7f91a87381b0
3,5647aae0db9a,0
2,7f91a87381d9,0
2,7f91a8738999,0
2,7f91a87389dc,0
3,7f91a87381df,7f91a872f3a0
2,7f91a87381d0,7f91a8738195
1,5647aae0dbd0,0
2,7f91a8738994,0
2,5647aa5a5b97,0
2,5647aae0db68,0
3,5647a9505f2d,5647ab8d6440
2,7f91a8738120,7f91a87381c0
2,7f91a8738962,7f91a873896c
2,5647a9505f22,0
2,7f91a8738524,0
2,5647a9505f65,0
3,5647aaf85f3e,0
2,5647aae0db73,0
1,7f91a8738134,7f91a873818b
3,5647a9505f36,5647ab8d6440
2,7f91a873894a,7f91a8738951
7,7f91ad711905,7f91ad6d24a4
2,7f91a8738146,0
3,5647a9505f47,5647a880abc0
2,7f91a8738906,0
3,5647a9505f06,5647aba35f30
2,5647aae0d35a,0
2,7f91a873815d,0
2,5647a9505f1c,0
2,5647aae0db5d,0
2,5647a9505f11,0
7,5647aaf84710,7f91a7d2d8d0
2,5647aaf85f50,0
2,5647a9505f52,0
2,7f91a8738956,0
7,5647aaf84b55,0
2,7f91a8738157,0
2,5647aad25ea9,0
3,5647aad25eae,5647ab0c0150
3,7f91a87388ac,7f91a872e330
3,5647a9505ee1,5647ab8da330
3,5647aad25ea1,5647ab92be50
2,5647a9505ea7,0
2,7f91a87384bc,0
3,5647a9505ebe,5647ab97cf00
7,7f91ad7118b5,7f91ad6d2f5b
2,7f91a87384f2,7f91a8738780
2,5647a9505ef4,0
2,7f91a87388b5,0
2,5647aae0daf5,0
3,5647a9505e8a,5647a8809b00
2,7f91a87388c4,7f91a8738aa0
2,7f91a87384c6,7f91a8738758
3,5647a9505ec6,5647a8809520
1,7f91a87388d8,7f91a8738903
2,5647a9505e9e,0
2,5647a9505e91,0
7,7f91ad711895,7f91ad6d2f43
2,5647a9505e95,0
3,5647a9505ed5,5647ab97cf00
1,7f91a7db8423,5647ab8d4270
1,5647a9505e78,5647a9505e84
2,7f91af4b0876,7f91af4b0a65
3,5647a9505e70,5647a8809fd0
1,7f91af4b0873,0
2,5647a9505e48,0
2,5647aaf85a08,0
2,7f91a7db8401,7f91a7db8419
7,7f91a7db904f,0
3,5647a9505e40,0
2,7f91a7db8409,7f91a7db8416
2,7f91af4b085e,7f91af4b0b72
2,5647aad25e59,0
3,5647aad25e5e,5647ab929be0
2,7f91a7db8411,7f91a7db83f0
2,5647aa5a5a5c,5647aa5a5c20
3,5647aad25e51,5647ab92be50
2,7f91af4b0852,0
7,7f91a7e11c19,5647ab932f31
3,5647aae0d5aa,5647a92b1fd0
2,7f91a7db83b4,0
2,7f91a7db83bf,7f91a7db83de
2,7f91a7e18bbd,0
1,5647aae0d5b1,5647aae0d4de
2,7f91a7db83f9,7f91a7db841c
7,5647aaf8c5b5,5647ab8e0bb0
2,7f91a873878b,7f91a8738511
2,7f91a7db83ca,0
2,7f91a7db83dc,7f91a7db83b0
2,5647aae0d596,0
2,7f91a8738762,0
2,7f91a8738770,0
1,7f91a8738776,7f91a87384e0
3,5647aae0d500,5647ab8db460
1,5647aae0d505,0
3,7f91a873875b,7f91a872f3a0
2,5647aa58dd1c,5647aa58dcb2
1,7f91a8738aa8,7f91a87388ca
2,5647aae0d4e4,5647aae0d4fc
1,7f91a8738ab8,0
2,5647aa58dcb8,0
7,5647aaf84cb6,7f91a7e87420
7,7f91ad5b9eb3,7f91ad68f608
5,5647aaf8c4c8,5647ab8d1410
3,5647aa58dc8c,5647ab8d6440
2,5647aa58dcc5,0
2,5647aa58dc9b,5647aa58dd18
1,5647aa58dcd3,5647aa58dc18
7,5647aaf84c95,0
2,5647aa58dc2b,0
7,5647a9ea442d,5647aba1defa
1,7f91af4b0a68,7f91af4b0a4c
2,7f91a8738261,7f91a87384b0
1,5647aa5a5c37,5647aa5a5b8a
2,7f91a8738a08,0
7,5647aaf8404d,0
2,5647aae0dc03,0
2,7f91af4b0a5f,0
2,7f91af4b0a57,7f91af4b09f4
2,7f91a8738250,0
3,5647a95067ee,5647ab8d6440
2,5647a95067a1,5647a9506a08
3,5647a95067e6,5647ab8d6440
7,7f91ad6925b4,7f91ad69e12b
3,5647a95067f6,5647ab8d6440
2,7f91a7db3584,7f91a7db3800
3,5647a950678e,5647ab8d66f0
3,5647a95067c0,5647ab8d6440
3,5647a95067da,5647aba3a6e0
7,5647aae0f7de,5647a91814f3
2,7f91a7e135dd,0
2,5647a9506b2b,0
2,5647a9506765,0
1,5647a9506739,5647a95068bd
2,7f91a7db3572,0
2,5647a9506709,0
2,5647a950674a,0
2,7f91a7db354e,7f91a7db3763
2,5647aae26747,0
2,5647a9506755,0
2,5647a9506b14,0
7,5647a942f6aa,5647aba2c3bf
2,5647a9506aba,5647a9506b11
1,7f91a7db38f8,7f91afb543e0
3,5647a9506a0f,5647ab8d6440
1,7f91a7e1301d,5647ab8f0d00
1,5647a9506a14,5647a9506901
7,5647ab727614,5647aba42545
7,5647a9e07da2,5647aa00679f
8,7f91a7e11bf7,7f91a7e11bf9
7,5647aaf0f1bb,7f91a7e87420
1,7f91a7d9bbb3,0
2,7f91a7db378c,7f91a7db37e0
7,5647aaf0f586,7f91a874e090
2,7f91a7d9bb88,0
7,5647a9e07ddd,5647aa017e63
3,7f91a7d9bb90,7f91a7d1e1b0
7,5647aae07196,5647a9ea441e
2,7f91a7d9bb9b,7f91a7d9bba4
7,5647ab72f527,5647aba045d1
1,5647a9506927,5647a95067c5
2,7f91a7d9bb75,0
2,7f91a7d9bb70,0
3,7f91a7d9bb7d,7f91a7d1e080
2,7f91a7db377b,7f91a7db37e8
7,7f91a7d9ab4a,5647ab987c14
7,7f91a7e1a716,7f91a7d2f3ff
2,5647a950691c,0
2,5647a9506912,0
3,5647aad264af,5647ab95e060
3,5647a95068ac,5647ab8d6440
3,5647a95068a0,5647ab8d6440
2,5647aad264bb,0
2,5647a95068fb,5647a9506740
3,5647aad264bd,5647aad30100
2,5647aad264f0,0
2,5647a95068f2,0
2,5647a95068b7,5647a9506aac
2,5647a950688c,0
3,5647a95068c7,5647ab8e2d20
3,5647a95068d9,5647aba3a5c0
2,5647aad264d8,0
2,5647aad264d0,0
2,5647a9506892,0
7,5647aae0f896,5647a91814f3
3,5647a9506821,5647ab8e2d20
2,5647a950687e,0
2,5647a9506830,0
3,5647a9506870,5647ab8eea50
2,5647a9506803,0
2,5647a9506811,0
1,7f91a7d9a9a9,7f91a7e8b590
3,7f91a7d9a9a9,7f91a7d1e100
3,7f91ad6925a2,7f91ad5b63e0
3,7f91a7d9a9b5,7f91a7d1e2c0
2,7f91a7d9a9bd,0
3,7f91a7d9a9f9,7f91a7d1e000
3,7f91ad69258e,7f91ad69f7e0
1,7f91a7d9a9ce,7f91a7d1e160
3,5647aae0f780,5647a8809db0
2,5647aae0f787,5647aae0f7c0
3,7f91ad692583,7f91ad69f7a0
7,5647a952e786,5647aba26c78
7,7f91a7e135df,5647aba1b5af
2,5647aae0f793,5647aae0f770
2,5647aae0f76b,0
2,7f91ad69257e,0
7,5647a9506b3f,5647aba36e87
3,7f91ad692574,7f91ad69f760
7,7f91a7db393e,5647ab9d975a
2,5647aae0f777,0
2,5647aae0f745,0
7,7f91a7db3916,5647ab9d9787
7,5647aae26750,5647a9275827
7,7f91a7db38e7,5647ab9d974a
2,5647a942f6a8,0
1,5647a942f6a8,0
2,5647aaf0f2ab,0
3,5647aaf0f2e3,0
2,5647aaf0f2bd,0
7,7f91a7db38fc,5647ab92dae0
1,5647aaf0f2b1,0
2,5647a942f697,0
1,5647a942f697,0
3,5647aaf0f2d4,5647a92d24a0
3,5647aaf0f228,5647a92d24a0
2,5647aaf0f269,5647aaf0f277
1,5647ab72766c,5647ab7275f3
1,5647aaf0f27a,5647a9e48450
3,5647aaf0f63d,5647ab92cf10
2,5647aaf0f234,5647aaf0f250
2,5647aaf0f649,0
3,5647aaf0f64e,5647ab975800
3,5647aaf0f600,5647a8809d50
2,5647ab727600,0
3,5647aaf0f201,5647ab987bc0
1,5647aaf0f244,5647aaf0f198
1,5647aaf0f65a,5647aaf0f568
1,5647aaf0f25a,5647ab94d709
1,5647aaf0f258,5647aaf0f236
2,5647ab72765f,0
3,5647aaf0f253,5647ab975800
4,7f91a7db381d,7f91a7db38f0
3,5647aaf0f611,5647ab987bc0
2,5647aaf0f1a8,5647aaf0f25a
7,7f91a7d9bbaf,5647a9505e45
1,5647aaf0f1e6,5647aaf0f198
2,5647a9e07db9,0
2,5647aaf0f5ba,5647aaf0f5c8
8,7f91a7e18bb5,7f91a7e18bb7
3,5647aaf0f1f0,5647a8809d50
4,7f91a7db37fb,7f91a7db3930
2,5647a9e07d89,0
7,7f91a7d9bbc5,5647a9505f4c
3,5647aaf0f1cf,0
2,5647a9e07dcf,0
3,5647aae07180,5647a880a670
2,5647a9e07dc5,0
2,5647aaf0f5de,5647aaf0f600
2,5647ab7275d3,5647ab727658
2,5647a9e07d95,0
2,5647aaf0f1d6,5647aaf0f1f0
3,5647aaf0f5d7,5647aba16010
3,7f91a7d9ab23,7f91a7d2dd70
2,5647aaf0f16d,5647aaf0f1c0
2,7f91a7d9ab36,0
2,5647aae07178,0
2,5647aaf0f575,0
2,7f91a7d9ab05,0
2,7f91a7e1a704,0
2,7f91a7d9ab15,0
7,5647aad264f8,5647aad395fb
2,7f91a7d9aaf9,0
2,7f91a7e1a6d3,7f91a7e1a6fd
2,5647aae0f868,5647aae0f878
1,7f91a7d9aa22,7f91a7d1e160
3,5647aae0f861,5647a8809db0
2,5647aae0f825,0
2,5647aae0f874,5647aae0f850
3,7f91a7d9aa05,7f91a7d1e2c0
2,7f91a7d9aa0d,0
2,5647aae0f847,0
2,5647aae0f858,0
2,5647aa528fab,0
2,5647aaf083ef,5647aaf083da
2,7f91a8735def,0
3,5647aa5a83e7,5647ab8d54a0
8,7f91a7e1f9a8,7f91a7e1f9aa
1,5647aa5a83fc,5647aa5a84d3
2,7f91a8735db3,7f91a8735dc0
2,5647aaf083b4,0
2,5647aa528f8b,0
3,5647aaf083c9,5647a880bba0
2,7f91a873518c,0
3,5647aa528f82,5647a880a480
2,5647aa528f80,0
3,5647aa528fc5,5647a8b88260
2,5647aa528f9a,5647aa528fc0
4,7f91a7db4dd6,7f91a7db4f80
2,5647aaf0839d,0
2,5647aa528fd1,5647aa528f9c
2,5647aaf083d1,0
3,5647aaf08395,5647a88097b0
2,7f91a8735dd7,7f91a8735de1
2,5647aaf0836a,0
1,5647aaf88b69,5647aaf88b44
3,5647aaf88729,5647ab8d6440
3,7f91a8735d6b,7f91a872e780
3,5647aa528f66,5647a880a480
2,5647aa528f64,0
2,7f91aaf3d524,0
2,5647aaf08325,0
1,7f91a8735927,0
1,7f91a8735978,0
2,5647aa5a8338,0
8,7f91a7e1f975,7f91a7e1f977
2,5647aaf88779,0
2,5647aaf0837c,0
2,7f91a8735170,7f91a873517e
2,5647aaf08330,0
7,5647aaf81f31,0
1,5647aaf88736,5647aaf8876c
2,5647aa528f77,0
1,7f91aaf3d537,7f91a7e8b590
3,5647aaf08348,5647ab968b30
3,7f91a8735d4b,7f91a872e780
2,5647aaf8870f,0
2,5647aaf0834f,0
2,5647aaf88b0c,0
2,5647aaf08340,0
7,5647ab729b5b,5647ab9a34fb
3,5647aaf0835f,5647ab94ac30
2,7f91a873595e,0
2,5647aa528f13,5647aa528f50
2,5647aaf88b11,0
2,7f91aaf3d4ea,0
2,5647aaf082a8,0
2,5647aa5a82a9,5647aa5a82c5
3,7f91a87358eb,7f91a872db30
1,7f91a87354ec,7f91a87354a2
1,5647aa528eac,5647aa528d69
2,7f91a87354e3,0
2,5647aa528efa,5647aa528f10
2,7f91aaf3d4bb,0
1,7f91a87354ba,5647ab949b80
2,5647aa528ef8,0
2,7f91a87354b0,0
3,7f91aaf3d4b3,7f91aaf5ab10
2,7f91aaf3d4f3,7f91aaf3d514
2,7f91a87358f3,0
1,5647aa528ef5,0
2,7f91a873548b,0
2,5647aa5a828d,5647aa5a83e0
2,7f91a873548f,0
2,7f91a8735483,0
2,7f91a87354c4,0
2,5647aa5a8287,0
3,5647aa5a82da,5647ab8cf6b0
2,5647aa5a829b,0
2,7f91aaf3d4db,7f91aaf3d4c8
1,5647aa5a82df,5647aa5a8325
3,7f91aaf3d49d,7f91aaf861c6
2,7f91a8735494,7f91a87354c0
2,5647aaf08294,0
2,7f91aaf3d46f,0
2,7f91a8735463,7f91a87354a0
2,5647aa5a827c,0
2,7f91aaf3d43d,7f91aaf3d44c
2,7f91a8735471,7f91a87354a2
2,7f91a8735432,0
3,5647aa5a8270,5647ab8cf6b0
2,7f91aaf3d431,0
2,7f91aaf3d40d,0
2,7f91aaf3d403,0
2,7f91aaf3d45b,0
2,5647aa528e58,0
2,5647aa528e1c,5647aa528e4b
2,7f91aaf3d417,0
1,7f91a8735c17,0
1,7f91ad69dfe9,7f91ad69df89
2,7f91a8735fad,0
2,7f91a8735baf,0
3,7f91a8735ba4,0
3,7f91ad69dfe0,7f91ad7400d0
2,5647aa528db5,5647aa528e18
2,7f91a8735f89,0
2,7f91a8735bca,0
2,5647aa528d89,5647aa528d9f
2,7f91a8735bcf,0
1,7f91a8735380,7f91a872e3f0
2,7f91ad69df87,7f91ad69dfe0
2,7f91a8735b82,0
2,7f91a8735bc3,0
3,7f91ad69df9e,7f91ad686440
7,7f91a7db4f90,7f91a7d2f51e
1,7f91a8735390,7f91a872dd00
3,7f91ad69df95,7f91ad6accf0
3,7f91a8735f96,7f91a8735e00
2,7f91ad69df6d,7f91ad69df75
3,7f91a873532c,7f91a872f3a0
2,5647aa528d6d,5647aa528daf
2,7f91a8735f6f,0
2,5647aa528d63,5647aa528ea0
2,7f91ad69df64,0
2,7f91a8735327,0
2,7f91a8735f78,0
2,7f91ad69df7c,0
2,7f91a8735339,0
2,7f91a8735f7a,0
3,5647aaf08532,5647ab8d6440
7,5647aaf81d30,7f91a7e87420
2,7f91a8735333,0
3,7f91a8735b34,0
1,5647aaf08537,5647aaf0831b
3,5647aaf0850a,5647ab9716b0
2,7f91a8735318,0
2,7f91ad69df58,0
1,5647aa528d5f,0
2,7f91a8735b51,0
3,5647aa5a84ee,5647ab8ff1d0
2,7f91a8735eac,7f91a8735e90
1,7f91a8735eae,7f91a8735e37
2,5647ab7284e7,0
2,5647aa5a84e4,5647aa5a8408
2,5647aa5a84fa,5647aa5a8293
3,5647aaf084f2,5647ab8d6440
1,5647aaf084f7,5647aaf08489
8,7f91a7e1fec5,7f91a7e1fec7
2,7f91a87352cc,0
3,7f91a87352ce,7f91a872f3a0
1,5647ab7284c1,5647ab7284d0
2,7f91a87352c5,7f91a87352d7
2,5647aa5a84db,0
8,7f91a7e1fe95,7f91a7e1fe97
7,7f91a7e1c695,5647aba3dcc3
2,5647aaf08499,0
3,5647ab7284df,5647a8809ac0
7,5647aaf81c9f,0
2,7f91a87352d5,7f91a87352ee
1,7f91a8735ed7,7f91a8735e37
2,5647aaf08429,0
2,5647aa5a8421,5647aa5a84ea
8,7f91a7e1fe68,7f91a7e1fe6a
2,7f91a8735e3a,7f91a8735e50
2,7f91a873520e,7f91a8735250
2,7f91a8735e4e,7f91a8735e78
2,7f91afd9da03,0
8,7f91a7e1f248,7f91a7e1f24a
2,7f91a8735e07,0
3,5647aaf0841a,5647ab8e2d20
3,5647aaf08452,5647ab8d6440
2,7f91afd9da14,0
1,5647aaf08457,5647aaf084eb
2,7f91a8735e15,0
2,7f91a8735257,7f91a8735290
5,7f91a8735dae,7f91a8737b40
7,7f91a8735df9,7f91a87366d7
7,5647aa528fbf,5647aa52b0db
7,5647aaf88783,0
5,7f91a8735dd2,7f91a8735300
7,7f91a8735193,7f91a8735dd5
2,5647aaf81f2e,0
5,7f91a8735161,7f91a8738880
7,7f91aaf3d538,5647aa7f38bc
7,7f91a8735d7a,7f91a8735b39
5,5647aaf08377,5647ab949b80
7,5647aa5a834c,7f91a875ffb0
7,7f91a8735d5a,7f91a8735ba9
7,5647aaf88b57,7f91a7e87420
3,5647aaf81f14,0
7,7f91a87354bc,5647aba160a0
1,5647aaf81ec7,5647aaf81e20
1,5647aaf81edd,0
5,7f91a87354d6,7f91a8738100
7,5647aa528e64,5647ab95abc9
7,7f91a8735c70,5647a91d2fb9
2,5647aaf81e30,0
2,5647aaf81e05,0
5,7f91a8735453,7f91a87379a0
3,5647aaf81da0,5647ab8d6440
1,5647aaf81da5,5647aaf81d10
8,7f91a7e1ebb5,7f91a7e1ebb7
7,7f91a8735fb3,7f91a87366bd
3,5647aaf81dcd,0
7,7f91ad69dfd4,7f91ad69eaf1
7,7f91a8735b94,5647ab8f3819
3,5647aaf81d6c,5647ab8e2d20
2,5647aaf81d60,0
2,5647aaf81d20,0
3,5647aaf81d79,5647a8813220
2,7f91a7db4b7f,7f91a7db4dc0
2,5647aaf81d5b,0
2,7f91a7db4b5b,0
4,7f91a8735355,7f91a8735120
7,5647aaf084ac,0
7,7f91a87352a0,7f91a8735456
7,7f91a87352f4,7f91a8738984
7,5647ab7284f4,5647ab999ab9
7,7f91a8735e82,7f91a8735f9b
2,5647aaf81c81,5647aaf81c70
4,7f91a8735e2c,7f91a8735e88
2,7f91a7e1c662,7f91a7e1c68e
2,7f91a7e1c63a,0
2,5647aaf81c49,0
3,7f91a7e1c649,0
2,7f91a7e1c656,0
7,7f91afd9da1a,7f91a8735d50
2,7f91a7e1c651,0
2,7f91a7e1c65c,0
5,5647aa5a8417,5647ab8d5400
2,5647aaf81c55,0
7,7f91a8735e57,7f91a87363e4
3,5647a9e22fe0,5647ab95b240
1,5647aaf22be1,0
2,7f91a7db7df7,0
2,7f91a7db7db5,0
2,7f91a7e1f9b0,0
4,7f91a7d1e1b0,7f91a7e87070
2,5647aaf22bbd,0
3,7f91a87379f1,7f91a872f3a0
2,7f91a87379cc,7f91a8737a48
7,7f91a873618d,7f91a8736313
2,7f91a7db7dc1,0
2,5647aaf22bc6,5647aaf22b40
2,7f91a87379d9,0
1,7f91a873719c,7f91a7e87ba0
3,5647aaf22bdc,0
2,7f91a873716a,7f91a8737158
1,7f91aaf3f569,7f91aaf45ba0
5,7f91ad69e128,7f91ad692560
4,7f91a7d1e160,7f91a7e8bad0
2,7f91a7e3f928,0
7,7f91ad5b693b,7f91ad6925a7
2,7f91a7e1f97d,0
1,5647aaf22b34,5647aaf22bb5
4,7f91ad69ed0d,7f91ad69ebd3
2,7f91afd9790f,0
2,7f91a873714b,7f91a873717d
1,7f91a7e3f942,7f91a7e3f8c7
7,5647aae0bb4f,5647aae12072
2,5647aaf22b0c,0
4,7f91a7d1e100,7f91a7e8b590
2,7f91a7e3f90c,0
2,7f91a8737146,7f91a8737120
2,5647aaf22b59,5647aaf22bcc
2,7f91a7e3f91e,0
2,7f91a8737114,0
7,5647aaf2bb57,5647a984b727
2,7f91a7e3f8a6,0
7,7f91ad69e0e0,7f91ad6d066a
7,5647aae0b2b9,5647aa697dad
2,7f91a7e3f8f3,7f91a7e3f909
2,7f91afd978fa,0
3,7f91a7e3f8b0,7f91a7d42140
2,7f91a7e3f8b8,7f91a7e3f870
2,7f91a7e3f885,0
4,7f91a7d1e080,7f91a7e87300
1,7f91aaf3f482,7f91aaf38820
2,7f91a7e3f88e,0
7,7f91a87360c2,7f91a87363d4
2,7f91a7e3f8d5,0
7,7f91a8736cd3,7f91a8736d05
5,7f91a8736c6d,0
7,7f91ad69ec25,7f91ad6d09a8
1,7f91a7e3f86e,7f91a7e3f8a8
2,7f91a7e3f87d,7f91a7e3f8f0
3,7f91aaf3f471,7f91aaf861c6
2,5647aaf22a35,0
3,5647aaf22a0b,0
4,7f91a7d1e040,7f91a7e8b1d0
4,7f91a7d1e000,0
2,7f91a7e3f856,0
7,7f91ad69e05c,7f91ad69e0fc
3,5647aaf22a1f,0
4,7f91a7d1e050,7f91a7db4b50
5,7f91ad69ebeb,7f91ad68f5b0
7,5647a9ea3db9,5647aba4f76e
7,5647a9e231ba,5647ab975313
2,5647aaf229fe,5647aaf22978
3,5647aaf229b2,5647a9390a30
2,5647aaf229f5,0
2,5647aaf8a189,0
2,7f91a7d3f783,7f91a7d3f746
2,5647aaf229cd,0
2,5647aae0a180,0
2,7f91a7d3f789,7f91a7d3f778
3,7f91a7d3f795,7f91a7d1e210
7,5647aae0b199,5647aa697dad
2,7f91a7d3f79c,7f91a7d3f778
2,5647aaf22991,5647aaf22a04
3,5647aaf22997,5647a9004490
7,7f91a7e1ebd9,7f91ae9df2c5
7,7f91a8736b2a,7f91a8736ca8
2,7f91a7d3f722,7f91a7d3f760
7,7f91a7e3ef68,7f91a7e052dd
2,7f91a7d3f770,7f91a7d3f785
2,5647aaf8a172,0
2,7f91a7d3f706,0
7,5647aa52b141,5647ab95abaa
1,7f91a7d3f755,7f91a7e8b590
2,7f91a7d3f713,0
2,7f91a7db7ea1,7f91a7db7e90
1,7f91a7db7ea1,7f91a7e87420
2,7f91a8737aa5,0
1,7f91a87372b8,7f91a875ffb0
3,7f91a8737abc,7f91a872f3a0
3,7f91a7d3f6f1,7f91a7d1e100
1,7f91a87372cd,0
4,7f91a7d1e2c0,7f91afb53610
2,7f91a7e1fecd,0
2,7f91a87372c3,0
4,7f91a7d1e2c8,7f91afb51f60
7,7f91a8736ada,7f91a8736cb1
7,7f91a87362dd,7f91a80fe613
2,7f91a8737a9f,0
2,7f91a8737ad1,7f91a8737a17
2,7f91a7e1fe9d,0
2,7f91a7db7e98,0
1,7f91a8737297,7f91adca2d40
2,7f91a8737268,7f91a873726e
1,7f91a8737268,7f91a7e87ba0
1,7f91a873726c,7f91a8737250
2,7f91a7db7e60,0
3,7f91a8737260,7f91a872db80
1,7f91a8737260,7f91af489430
2,7f91a7db7e6d,0
1,7f91a8737265,7f91a7e87f80
2,7f91a7db7e68,0
1,7f91a8737a78,0
1,7f91a7db7e71,7f91a7db7e9a
2,7f91a7e1fe70,0
4,7f91a7d1e230,7f91a7e8bab0
4,7f91a7d1e270,0
1,5647aaf22c3d,0
1,7f91a8737273,7f91adca2ba0
3,5647aaf22c34,0
2,7f91a8737a0c,0
4,7f91a7d1e200,7f91a7da6e70
2,7f91a873725b,7f91a8737260
2,7f91a7db7e54,0
1,7f91a873725d,7f91a8735380
2,7f91a7e1f250,0
4,7f91a7d1e210,0
2,7f91a8737a11,7f91a8737a98
3,7f91a8737253,7f91a872db30
1,7f91a8737253,7f91a7e87ba0
2,7f91a8737a54,0
2,7f91a87365e3,7f91a87365f2
7,7f91a7e1f9b2,5647ab9d8c60
2,7f91ad5b658c,7f91ad5b657e
1,7f91a87361cf,7f91a8736152
2,7f91a87365d9,0
2,7f91a87365de,0
7,7f91a873719f,5647aba24345
1,7f91ad5b6596,7f91ad5b6934
2,7f91ad69e12d,0
3,5647aae0bb2b,5647ab969340
2,7f91a873656c,0
7,7f91afd97926,7f91a7e62f0e
2,7f91a8736123,7f91a87361c7
5,5647aaf22b21,5647ab8d5480
2,5647aa52b365,5647aa52b441
2,7f91a8736578,7f91a8736769
2,7f91a873617a,0
1,7f91ad69e13b,7f91ad69e0d2
7,7f91a7e1f97f,5647ab9d0396
1,5647aae0b330,5647aae0b2e9
3,5647aaf2bb34,5647a9390a30
2,5647aa52b30b,0
2,7f91a8736149,0
2,5647aae0bb09,0
1,5647aa52b309,0
5,7f91aaf3f54f,7f91aaf2d690
5,5647aaf22b4f,5647ab8d5400
3,7f91a8736d00,0
2,5647aae0bb40,0
2,7f91ad69e106,0
3,5647aaf2bb45,5647ab8d66a0
2,7f91a873655b,0
2,5647aa52b31f,5647aa52b35f
2,5647aae0bb1d,0
2,7f91a8736110,0
3,7f91a8736d12,0
2,7f91a8736552,0
2,5647aae0bb17,0
2,5647aa52b315,0
2,7f91ad69e112,0
2,5647aae0b2ab,0
7,7f91a7e3f8e5,7f91a7e020f2
3,7f91a8736cac,7f91a872fb70
2,7f91ad69e0eb,0
3,7f91ad69eceb,7f91ad69f7b0
3,7f91a8736cee,7f91a872f190
2,5647aae0baed,0
1,7f91a87364a1,7f91a87362b5
2,7f91ad69e0a7,7f91ad69e0e8
3,7f91a8736ca3,7f91a8730060
2,5647a9e232a5,5647a9e232bf
2,5647aae0bae7,0
3,7f91ad69ece3,7f91ad69f790
2,7f91a87360f8,0
3,5647aae0bafb,5647ab8cf6b0
3,7f91a87360fa,7f91a872d2c0
2,7f91a87360ba,7f91a87360c0
2,7f91ad69e0fe,0
2,7f91ad5b64fe,7f91ad5b6570
2,7f91ad69ecf9,0
1,5647aae0b2fe,5647aae0b292
2,7f91a87360be,0
3,5647aae0b2f2,5647ab8cff10
3,7f91ad69e0f7,7f91ad69e030
2,7f91ad69ecb2,0
2,5647a9e232c9,5647a9e23158
3,5647aae0bacb,0
2,7f91a87364cb,7f91a8736542
2,7f91ad69e08b,7f91ad69e09b
2,5647aae0b28c,5647aae0b32d
2,5647aae0ba82,0
3,7f91ad69ecc4,7f91ad6ace50
2,5647aae0b281,0
2,5647aae0b287,0
7,7f91aaf3f484,7f91af489986
3,7f91ad69e082,7f91ad6a00f0
2,7f91a873649a,7f91a87364c0
2,5647aae0bad9,0
1,7f91ad69ecd9,7f91ad69eb4c
2,7f91a873609d,0
2,7f91ad69ec9b,0
2,7f91a873609f,7f91a87360b8
2,5647a9e23290,0
2,5647a9e23295,5647a9e23158
2,7f91a8736094,7f91a87360c0
3,7f91ad69ec90,7f91ad688c30
2,7f91ad69ecd0,0
2,7f91a8736c68,0
2,5647a9e23228,5647a9e23218
2,5647aae0b268,0
2,5647a9e2322d,0
2,7f91a873642f,7f91a8736378
5,7f91aaf3f461,7f91aaf2d690
2,5647aae0ba27,0
2,7f91a8736425,7f91a8736488
2,5647aae0ba64,0
2,5647a9e23239,5647a9e2324f
2,7f91ad69ec7e,7f91ad69eae0
1,7f91a873647b,0
2,7f91ad69ec75,0
3,5647aae0b271,5647a8809520
1,7f91a8736c73,0
3,5647aae0ba37,0
1,5647a9e23276,5647a9e23283
2,7f91a8736409,0
7,5647aaf22a49,7f91a7e87ba0
2,5647a9e2324d,0
2,7f91ad5b6409,7f91ad5b64f7
2,5647a9e2364f,5647a9e2306b
2,5647aae0ba43,0
3,5647aae0ba01,5647ab969490
2,5647a9e23259,0
2,5647aae0ba5a,0
2,7f91a873641b,0
2,7f91a8736c5b,0
3,5647aae0ba1f,5647ab952c20
1,5647a9e23210,5647a9e2321b
1,5647aae0b210,5647aae0b1c9
2,7f91a8736c54,0
2,5647aae0b254,0
2,7f91a8736457,0
2,5647a9e231eb,0
3,7f91a87363ab,7f91a8736090
3,7f91ad69eba5,7f91ad69f7b0
5,5647aaf229e2,5647ab8d5480
7,7f91ad69f7e4,7f91ad68f5c6
2,7f91ad5b63e4,0
2,5647a9e231a3,0
2,5647a9ea3da2,0
1,7f91ad69e7a0,7f91ad69e060
7,7f91ad69f7a3,7f91ad692588
2,7f91ad5b63fc,0
1,7f91a7e1ebb5,5647ab8dd2c6
3,7f91ad69ebbe,7f91ad69f790
3,7f91a87363bb,7f91a8735e00
2,5647a9e231ff,0
2,7f91ad69ebb5,0
7,7f91ad69f7b4,7f91ad68f5d9
2,7f91a7e1ebbd,0
2,7f91ad69ebf0,0
2,7f91ad69ebcd,7f91ad69ece0
2,5647aae0b18b,0
2,5647a9e231c8,0
3,7f91a7e1ebc6,7f91a7e2d740
2,7f91ad69eb89,7f91ad69eb94
3,5647a9e2318e,5647aa528d40
3,7f91a87363cf,7f91a8736090
3,7f91ad69ebc6,7f91ad69f7b0
1,7f91a8736783,7f91a8736588
7,5647aae0a187,5647a9180bf3
5,5647aaf22987,5647ab8d5400
3,7f91a8736386,7f91a8736090
3,7f91ad69eb9d,7f91ad69f790
1,5647aae0b1de,5647aae0b172
2,5647a9e231dd,0
2,7f91ad69ebd9,0
2,7f91ad69eb98,0
3,7f91a87363df,7f91a8735e00
3,5647aae0b1d2,5647ab8cff10
2,7f91ad69e795,7f91ad69e7a0
3,7f91a7e1eb9d,7f91a7e2d6e0
2,5647a9ea3d93,0
7,5647aaf8a191,0
2,5647a9e231d2,0
7,7f91ad69f793,7f91ad68f5d1
3,7f91a8736397,7f91a8735e00
2,5647aae0b16c,5647aae0b20d
2,5647aa52b12d,0
2,7f91a7e1eb6e,7f91a7e1eb88
3,7f91a8736321,7f91a8736090
2,5647aae0b161,0
7,7f91ad69f766,7f91ad692579
2,5647aae0b167,0
2,5647a9e2317f,0
2,7f91a8736771,7f91a8736777
3,5647a9e23172,5647aa52b050
2,5647aae0b134,0
3,7f91a8736336,7f91a872f100
2,5647aae0b148,0
3,7f91a873630e,7f91a87360e0
2,7f91a873634f,0
7,7f91a8737b42,7f91a8735db1
2,7f91ad69eb01,7f91ad69ec8d
2,7f91ad69eb5b,7f91ad69eb80
3,5647a9e2315e,5647ab95aa20
3,5647aae0b151,5647a8809520
2,5647a9e23156,5647a9e231c0
3,7f91ad69eaec,7f91ad69df50
1,7f91a87362aa,0
7,7f91a7db7ea3,5647ab98b673
2,5647aa52b0ad,0
2,5647a9e230a1,5647a9e23148
3,7f91a87362a0,0
3,7f91a87362e3,7f91a872e2b0
2,7f91ad69eaa1,0
2,5647aa52b0a4,0
7,7f91ad69fae3,7f91ad68f5f6
2,7f91ad69eabd,7f91ad69ec72
3,7f91a87366b8,7f91a8735f50
2,7f91a87362f0,0
2,7f91a87366f2,0
2,5647aa52b0ca,0
2,7f91a7e3eec3,0
2,5647aa52b0cf,0
7,7f91a87372ce,0
7,7f91a7e1fecf,5647ab9db5d1
2,7f91a87366c0,0
2,7f91a87366c5,0
3,7f91a8736285,0
2,5647aa52b0c4,0
2,7f91a87362c6,0
2,7f91a87366d9,7f91a873668e
3,5647a9e2309a,5647aa006760
7,7f91ad73fed9,7f91ad6d388f
1,7f91a873669c,7f91a87365b0
2,5647aa52b0dd,5647aa52b306
7,7f91a7e1fe9f,5647aba2a4d7
2,7f91a8736691,0
3,7f91a87366d2,7f91a8735d80
3,5647a9e23092,5647ab95aa20
3,5647aa52b0d6,5647aa528ed0
3,7f91a8736295,0
5,7f91a873726a,7f91a7e87ba0
2,5647a9e2302c,0
2,7f91a8736261,0
2,7f91a8736623,0
7,7f91a8737a7a,7f91a8735456
2,5647aa52b07e,0
7,7f91a7e1fe72,5647ab9d94e7
2,5647a9e2303f,0
2,5647a9e23075,5647a9e23090
2,7f91a8736635,0
2,7f91a8736637,7f91a87366b0
2,7f91a8736277,0
2,5647a9e23049,5647a9e23628
2,5647a9e23001,0
4,7f91a8737a43,7f91a87379a0
2,5647aa52b445,5647aa52b120
2,7f91a8736619,0
2,7f91a873621c,0
7,7f91a7e1f252,7f91ae9dee05
7,7f91a873725e,5647ab94a195
3,5647a9e2301f,5647a8b769e0
2,7f91a873661e,0
2,7f91a8736254,7f91a87362e0
2,7f91a7e895a3,7f91a7e895b0
2,7f91af4899eb,7f91af48a970
2,7f91af4899aa,7f91af48a804
1,7f91af4899e8,7f91a7e87420
7,5647aae15bad,5647aae15cf6
2,7f91af4899e6,7f91af4899f1
3,5647a96bc3e5,5647a982f4a0
1,7f91af4899a0,7f91af48952a
2,5647a96bc3b9,5647a96bc570
2,5647aaf3c3bb,5647aaf3c570
2,7f91af4895b9,7f91af4895c8
2,7f91af489db7,7f91af489d70
2,7f91af4899b5,7f91af4897ff
2,5647a96bc3f2,5647a96bc4d0
2,5647aaf3c3f6,0
2,7f91a7e89585,0
2,7f91a7e891c4,0
2,7f91af4895cb,0
2,7f91af489d85,0
1,7f91a7e895cc,5647aad394d0
2,7f91af4895c2,7f91af489cd9
1,7f91a7e895c9,7f91a7e87f80
3,7f91af489981,7f91af4ae260
2,5647aaf3c3c5,0
2,7f91af489d9f,7f91af489daf
2,7f91af4895de,7f91af489940
1,7f91a7e89595,7f91a7e87f80
2,7f91a7e89192,7f91a7e89598
2,7f91af489997,7f91af48a968
7,5647aa5bdb93,5647aa5be609
1,7f91af489992,5647aaefc87c
2,5647aaf3c3d5,5647aaf3c594
3,5647aaf3c363,5647a8809510
2,7f91af489564,0
2,5647aaf3c361,0
2,7f91a7e8952b,0
1,7f91af489921,7f91af48989b
2,7f91af48953e,7f91af48a986
1,7f91af48953b,7f91afb51f60
1,7f91af48993b,7f91af48989b
2,5647aaf3c37c,0
2,7f91a7e89570,7f91a7e895cc
2,7f91af489d76,7f91af489e10
3,5647aaf3c335,5647a8809890
3,5647aaf3c308,5647a8809510
2,5647aa5b474d,5647aa5b4690
2,7f91af489506,0
2,7f91af489945,0
2,5647aaf3c306,5647aaf3c30d
2,7f91af489d02,7f91af48a6e7
1,7f91af489902,7f91af4899dd
2,5647aaf3c31b,5647aaf3c2b5
3,5647aaf3c313,5647a8809510
2,7f91af489514,7f91af489560
1,7f91af489553,5647a9e48450
2,7f91af489952,7f91af4895e4
2,7f91af4894ef,0
7,5647aa5bdeab,7f91af489430
2,7f91af4894ad,0
2,5647aaf3c2e8,0
2,7f91af489ca7,7f91af489e10
2,5647aa5b46a2,0
2,7f91af4894e6,0
2,5647aaf3c2a7,5647aaf3c250
2,7f91af4894be,0
2,7f91af4898ba,7f91af4899a8
7,7f91ad6a00f5,7f91ad69e087
2,7f91af4894b6,0
2,7f91af489cb6,7f91af489c78
2,5647aaf3c2b3,0
7,5647aad3d6b0,5647ab8d292c
2,7f91af4898b4,7f91af48a804
2,5647aaf3c2f1,5647aaf3c2fb
1,7f91af4898b4,7f91a7d2d8b0
3,5647aaf3c2f6,5647a8809510
3,7f91af489cf1,7f91af4b0850
2,7f91af489c8c,7f91af489ca0
1,7f91af4898cb,5647ab8d7940
2,7f91af4894ca,7f91af4894db
2,7f91af489cc9,0
1,7f91af489887,7f91af4896c6
2,5647aaf3c283,5647aaf3c394
2,7f91af4898c5,7f91af48a614
3,7f91af489cc2,7f91af4aeba0
2,5647aaf3c2c4,5647aaf3c2ee
2,5647aaf3c2da,5647aaf3c2e1
2,7f91af4898db,7f91af4897ff
2,7f91af489c9a,0
3,5647aaf3c2dc,5647a8809510
1,7f91af489cd7,7f91af489ca0
5,5647aad3d6d2,5647aad394d0
2,7f91af4898d0,0
2,7f91af489c6e,7f91af489cad
2,7f91a7e89464,7f91a7e89510
1,7f91af489c6b,0
2,5647aaf3c262,5647aaf3c2a0
2,5647aaf3c223,0
2,7f91af489c65,7f91af489d73
1,3ffffffc06279b0,0
2,5647aaf3c27a,0
1,3ffffffc06279ef,0
2,7f91af48947c,7f91af4894a3
2,7f91a7e89432,7f91a7e89598
1,7f91af489879,7f91af489645
1,7f91af489479,0
7,7f91ad688471,7f91ad69ec95
4,7f91a7e88079,7f91a7e893f0
1,7f91af489c70,7f91af489e10
1,3ffffffc062799c,0
2,7f91af489c4b,7f91af489e10
2,7f91a7e89042,7f91a7e89598
1,7f91af489805,7f91af48952a
2,7f91af489faf,7f91af48952a
2,7f91a7e01fa5,0
1,7f91af4897ec,7f91a87353e0
2,7f91af489bab,7f91af48a390
1,7f91af489faa,7f91afb543e0
1,7f91af489ba8,7f91a87353e0
1,5647aaf3c5ad,5647aaf3c3db
2,7f91af4897e6,7f91af489890
7,5647aa69d1a6,5647aa69efe7
4,7f91ad5a8fa0,7f91afb53610
1,7f91af4897e1,5647ab8e6b52
1,7f91af489fbe,7f91a7e87420
1,7f91af489bbb,7f91a7e8bf50
2,7f91af4897f9,7f91af489907
2,7f91af489ff7,7f91af48a007
1,7f91af4897f7,0
1,7f91af489ff5,7f91afb543e0
2,7f91af4897f1,7f91af489930
1,7f91af489fce,5647ab94f710
2,7f91a7e01f83,0
3,5647aaf3c580,5647a88095e0
2,7f91af489fc4,7f91af48a00d
2,7f91af489f83,7f91af489fb5
2,7f91a7e01f8b,7f91a7e02b90
2,7f91af489bc2,7f91af48a636
3,5647aa5b4185,5647ab967290
2,7f91af489fda,7f91af48a007
2,5647aa5b419d,0
3,5647aaf3c59d,5647ab8cff10
1,7f91af489f96,5647ab911ad0
2,5647aad3456b,5647aad34421
2,5647aaf3c528,5647aaf3c2a0
1,7f91af489b6b,7f91a8737240
2,5647aad34560,0
2,7f91af489b20,7f91af489b39
2,5647a96bc526,5647a96bc52c
3,5647aa5b4179,5647ab8ff1d0
3,5647aad34539,5647aba29ba0
7,5647a95bd93c,5647ab9ff6a5
2,7f91a7e01f3f,0
1,5647a96bc572,5647a96bc3cf
1,5647a96bc534,5647a96bc427
2,7f91af489b72,7f91af48a71a
2,7f91af489b30,7f91af489b39
2,7f91a7e01f46,7f91a7e022a0
2,5647a96bc50f,5647a96bc52c
2,5647aa5b410c,5647aa5b3f16
2,5647aaf3c502,5647aaf3c509
2,7f91af489b5e,7f91af48a64d
2,5647aad34552,0
2,7f91af489b55,7f91af48a248
2,7f91af489b15,7f91af489b08
2,5647a96bc515,5647a96bc52c
1,7f91af489b12,5647ab8d6470
2,7f91a7e89759,7f91a7e8af3d
2,5647aad344e8,0
2,7f91a7e892e2,7f91a7e89598
2,7f91af489aea,7f91af489b17
2,7f91a7e896a2,7f91a7e8af50
2,7f91af489ea8,0
1,7f91af489ae7,5647ab8d5400
2,5647a96bc4e0,5647a96bc4ed
7,5647a95b54a0,5647ab99e696
2,7f91af4896a5,7f91af4896bd
3,5647aaf3c4e0,5647ab8d6440
2,7f91a7e896ac,7f91a7e8af71
2,5647aa5b40a7,0
2,7f91af489ee1,7f91af48a040
3,5647aaf3c4bb,5647ab8e3000
2,5647aad344fb,0
1,7f91af4896bd,7f91aecc0360
2,7f91af489eb9,7f91af48a040
3,5647aaf3c4f2,5647a8809510
2,5647aaf3c4f0,0
2,5647aad344f0,0
2,7f91af4896b3,7f91af4896bd
2,5647a96bc4b7,0
2,5647aa5b40b4,0
2,5647aa5b40f5,0
2,5647aaf3c4cb,0
2,5647a96bc4ca,5647a96bc47e
2,7f91af489ecb,7f91af48a040
2,7f91af48968a,7f91af4896a2
2,7f91af489e89,7f91af48a040
1,7f91af489e87,5647ab8e1110
1,7f91af489687,5647ab8f3e90
2,5647a96bc4c0,0
2,5647aaf3c4c3,0
7,5647a95b5480,5647ab9c0060
2,7f91af4896c0,7f91af489880
1,3ffffffc0627b0f,0
2,5647aa5b409b,0
2,7f91af489e9d,7f91af489eae
2,5647aad344d9,0
7,5647a9db549c,7f91a7e2de80
1,7f91af489ed9,7f91a875ffb0
2,7f91af489698,7f91af4896a2
2,7f91af489e97,7f91af489eae
2,7f91a7e896de,7f91a7e896e7
7,5647a95b5490,5647ab74b73e
2,5647a96bc492,0
2,7f91a7e896dc,7f91a7e89710
2,5647aaf3c4d1,0
1,5647aad344d6,0
1,7f91af489690,7f91a7e8b590
1,7f91af48962f,7f91a7e893f0
2,7f91af489a2b,7f91af48a350
2,5647a96bc46d,0
2,7f91af48966a,7f91af489678
3,5647aaf3c46f,5647ab8e2d20
7,5647aae1546c,5647aae1565e
2,5647a96bc42e,5647a96bc437
2,5647aa5b402d,0
2,7f91a7e89620,0
1,7f91af489a67,5647ab8e3160
2,7f91af489e27,7f91af48a2a0
1,7f91af489667,5647aba9a1a8
3,5647aaf3c422,5647a8809540
7,5647a95b5420,5647ab996d0b
1,7f91af489e25,5647a9e48450
2,3ffffffc0787ff4,0
1,7f91af489e63,7f91af489e80
4,7f91ad5a8e20,7f91a7e8bf50
2,7f91af489e61,7f91af489e74
1,3ffffffc0787ff1,0
2,7f91af489a3f,7f91af48a350
2,7f91af489e3c,7f91af48a6aa
2,7f91af48967b,7f91af489681
2,7f91af489a7b,7f91af48a97b
2,5647aaf3c47e,0
2,7f91af489e7b,0
2,5647a96bc47c,5647a96bc4b0
2,5647aaf3c43c,0
1,7f91af489678,7f91aaf2d690
2,7f91af489636,7f91af489870
7,5647a95b5430,5647ab98f0c8
7,5647a95b5470,5647ab9abed2
7,7f91a87a8271,5647ab731071
1,3ffffffc0787fe1,0
2,5647a96bc44d,0
3,5647aaf3c40f,5647a8809540
2,7f91af489648,7f91af489656
2,5647a96bc441,0
2,7f91af489e45,7f91af489e80
1,7f91af489645,5647a9e48450
2,7f91a7e8960d,7f91a7db9060
2,7f91a7e8920b,7f91a7e89570
3,3ffffffc0787fd0,3ffffffc0787fd5
2,7f91a7e89616,7f91a7e8af71
2,7f91a7e89655,7f91a7e896c0
2,5647aa5b4059,5647aa5b4088
2,7f91af489e1b,7f91af48a040
2,7f91af489659,7f91af489667
2,7f91a7e89650,7f91a7e896c0
2,5647aa5b4012,0
7,7f91a7e00e5f,5647ab94bc83
1,7f91af489656,5647ab8d6470
7,5647a95b5410,5647ab77b45e
7,5647a95b5450,5647ab9aafc3
2,5647a96bc453,5647a96bc45b
2,7f91af489e55,7f91af489e80
4,7f91ad5a8e10,0
7,7f91a7e20259,5647aba16787
2,7f91a7e88da2,7f91a7e89598
2,7f91a7e201ee,7f91a7e20208
1,5647aae15bbb,5647aae15b61
2,5647aae153fe,0
1,5647aa5bdbf0,5647aa5bdb63
3,5647aae153f6,5647ab8e30e0
4,7f91ad5a95b0,7ffd0b153f10
2,5647aae15b89,0
2,5647aae153cd,0
7,7f91a7e895ce,5647ab8f583a
7,7f91a7e895cb,5647ab9885c6
2,5647aae15b87,0
4,7f91ad5a9580,5647ab8cff10
7,7f91a7e89597,5647ab8eb5f0
1,5647aa5bdb9e,5647aa5bd9c8
2,5647aae15b9d,0
7,5647aaf3c393,7f91a7e87420
3,5647aa5bdb6b,5647a8809510
1,5647aae1576b,5647ab94f710
2,5647aae15729,5647aae15948
2,5647aae15769,0
2,5647aae15b2c,0
2,7f91a7e88160,7f91a7e895cc
3,5647aae15f6d,5647ab94fab0
2,5647aae15763,0
2,5647aae15b26,0
4,7f91acf81920,7f91aded5030
2,5647aa5bdb66,5647aa5bdb70
3,5647aae15b3c,5647ab8da330
2,5647aae15b7c,0
3,5647aae15b71,5647ab8e30e0
4,7f91acf81930,7f91adeced90
4,7f91ad5a9170,7f91adeced90
2,5647aae1570b,5647aae15930
4,7f91acf81908,7f91aded58d0
2,5647aa5bdb4f,5647aa5bdb56
2,5647aa5bdb42,0
2,5647aae15700,0
4,7f91ad5a9500,7f91aded3180
2,5647aae1575a,0
2,5647aae15f5e,0
2,5647aae1571e,0
2,5647aae15b5f,5647aae15bb0
2,5647aae15b1d,0
2,5647aa5bdb1d,0
2,5647aa5bdb5d,0
2,5647aae15b52,0
7,7f91af489555,5647aba2c3ea
2,7f91a7e8811d,7f91a7e88160
2,5647aae15751,0
2,5647aae15f56,5647aae16080
3,5647aae15b15,5647ab8e30e0
3,5647aae15eaf,5647ab8cf6b0
2,5647aae15aec,0
2,5647aad3d6a2,0
2,5647aa5bdaa3,0
2,5647aae156a0,0
2,5647aae15ea4,0
3,5647aae15eb8,0
7,5647aa5b46b4,7f91a7d2d890
2,5647aae156b5,0
3,5647aae156f5,5647ab8decf0
2,5647aad3d6ca,0
3,5647aae15e88,5647ab8cf6b0
2,7f91a7e88c84,0
2,5647aad3d68c,0
2,5647aa5bda8c,5647aa5bdbe8
2,5647aae15ecc,0
2,5647aae1568d,0
1,7f91ad6884ca,7f91ad688450
3,5647aad3d6c2,0
2,5647aae156c3,0
2,7f91a7e88ccb,7f91a7e89570
4,7f91ad5a9080,7f91afb51f60
2,7f91a7e880c9,7f91a7e89598
3,5647aad3d684,0
2,5647aae15e9e,0
2,5647aae15e93,0
2,5647aae156d6,0
1,5647aad3d6d4,5647aad3d692
2,5647aa5bde94,0
3,5647aae1566a,5647ab8d6440
2,5647aae15e2a,5647aae15e43
3,5647aae15629,5647a8809520
2,5647aae15e69,0
2,5647aae15620,0
2,7f91ad688461,0
2,5647aae15e24,0
2,5647aae15e7a,5647aae15e81
1,7f91a7e88075,5647aad394d0
1,7f91ad688c39,7f91ad6883c0
2,5647aae1567f,0
2,5647aa5bda3f,0
2,5647aa5bda72,0
3,5647aae15673,5647ab8d6440
3,5647aae15636,5647ab8e2d20
2,5647aae15e74,0
2,5647aae15e4b,5647aae15e63
2,5647aae15602,0
3,5647aae15e02,5647ab8decf0
2,7f91a7e8804e,7f91a7e88057
2,7f91a7e8804c,7f91a7e88080
3,5647aae15607,5647a8809520
4,7f91ad5a9440,7f91aded27f0
3,5647aae15644,5647ab8edb60
2,5647aae15e1b,0
3,5647aae15659,5647aae153b0
2,7f91a7e88c52,7f91a7e89598
2,5647aae15e5c,0
2,5647aae15e12,5647aae15f50
2,7f91a7e8801c,7f91a7e895b0
2,5647aae15e56,0
3,5647aae15614,5647ab8e2d20
2,5647aa5bd9e8,0
3,5647aae15dae,5647ab8e30e0
2,5647aa5bd9ae,0
2,5647aa5bd9bb,5647aa5bdbf5
2,5647aae15dbd,0
4,7f91ad5a93b0,7f91aded58d0
3,5647aae155f4,5647ab8e30e0
7,7f91a7e01fb9,7f91a7e04ce4
7,5647aa5b41b4,7f91a7e8bf50
3,5647aa5bd9cb,5647a8809560
2,5647aae15d8e,0
2,5647aae15dcf,0
2,5647aae155cd,0
1,5647a95bd981,5647a95bd906
3,5647aae15584,5647ab8edb60
3,5647aae155c4,5647ab8e30e0
2,5647aae15d85,0
2,5647aae155db,0
5,7f91af489f9e,5647ab8d7470
2,5647aa69d198,0
2,7f91ad6883de,7f91ad6884c8
2,5647aae15ddd,0
2,5647aae15597,0
2,5647aae15d94,0
2,5647aae155d5,0
3,5647aa69d168,5647a91ad850
2,7f91a7e88f24,0
2,5647a95bd92c,0
2,5647aae15d21,0
2,7f91a7e88f6b,7f91a7e89570
2,5647aa69d17c,0
3,5647aae15d7c,5647ab8e30e0
1,5647aae1593d,0
2,5647a95bd972,0
1,5647aae15937,5647ab94f710
2,5647aa69d174,0
2,7f91a7e88b02,7f91a7e89598
1,5647aae1594f,7f91a7e8b590
2,5647aa69d14d,0
2,5647a95bd900,0
3,5647aae15d40,5647ab8edb60
2,5647aae15d01,0
2,5647aa69d107,0
4,7f91a7e89709,7f91a7e8a2e0
2,7f91a7e88712,7f91a7e89598
2,5647aa69d15f,0
2,5647aae15d13,0
2,5647aae15d53,0
2,5647a95bd912,5647a95bd91f
2,5647aa69d115,0
1,5647aae15955,0
2,5647a95bd8ad,5647a95bd8f2
2,5647a95bd8a3,0
7,5647a96bc4a6,5647aba9ef05
5,5647aa5b40fb,5647ab8f0d00
2,5647a95bd8fb,5647a95bd96f
2,7f91a7e88ef2,7f91a7e89598
2,5647a95bd8f0,0
3,5647aae15cf1,5647aae15ac0
2,5647aae15cb6,0
1,7f91a7e20283,7f91a7e2023f
1,5647a9db548c,0
3,5647aae15ccf,5647ab8e2d20
3,5647aae15cc2,5647a8809520
2,5647a95bd8c5,5647a95bd8e1
3,5647aae15cdd,5647ab8edb60
2,5647a9db5495,0
7,5647aad3442a,7f91a8735380
3,5647a9db5468,5647aa0c1930
5,7f91af489a6b,5647ab9569d0
2,7f91a87a826e,0
3,7f91a87a8266,7f91a872f520
1,5647aa5bdc3b,5647aa5bd9c8
3,7f91a87a823b,7f91a872e010
3,5647a9db543d,5647aa0c7c20
2,7f91a7e2023d,7f91a7e20272
2,7f91af480e70,7f91af477ef0
2,5647aae1544a,0
3,7f91a7e20246,7f91a7e2d740
2,5647aa5bdc0b,0
2,7f91a87a824b,0
2,5647aae1540c,0
3,5647aae15442,0
2,5647aa5bdc02,0
2,5647aae15406,0
2,5647aae1541a,0
2,5647aae15453,0
3,7f91a7e2021d,7f91a7e2d6e0
2,7f91a7e00e5d,0
2,7f91a87a8254,0
2,5647aae15455,0
2,5647aa5be3ea,5647aa5be3f1
2,7f91a7e8b1e6,7f91a7e8b220
3,7f91af48b1eb,7f91af460480
2,5647aa69efae,0
1,7f91a7e8b5e2,5647ab8f9790
3,5647aa69efe2,5647aa69d0d0
2,7f91a7e8b5ab,7f91a7e8b690
3,5647aad3e3e7,5647ab8ef5b0
2,7f91af48b1a0,7f91af48b180
2,5647aa69efbb,0
2,5647aa5be3fe,0
2,5647aad3e3fc,0
2,5647aa69effc,5647aa69f010
7,7f91adca2df5,5647a91d38bb
7,7f91acf8adb4,5647aba22ded
2,7f91a7e8b5fe,7f91a7e8b690
2,7f91af48b1b5,0
1,7f91a7e8b5bc,7f91a7e8b5f4
1,7f91af48b1cf,7f91af48b204
2,5647aad3e388,5647aad3e420
2,5647aad3e3cf,0
3,5647aa69efcd,5647ab8f9240
2,5647aa69ef82,0
2,5647aa69efc2,0
2,5647aad3e380,0
7,5647a95b7bc2,5647ab9c9022
2,5647aad3e3c6,0
3,5647aa5be3c6,5647a93a6270
2,5647aad3e3d9,0
7,3ffffffc078480c,0
2,7f91a7e8b5d3,7f91a7e8b5f0
2,5647aa69ef9f,5647aa69f143
2,7f91a7e8b59f,7f91a7e8b5c0
7,7f91adca2d95,5647ab94bc75
3,5647aa5be3d2,5647a96d19b0
7,5647aa5b7bd6,7f91a875ffb0
2,5647aa69ef97,0
2,5647aa69ef2b,0
7,7f91adca2d60,5647ab94bc75
2,5647aa69ef64,0
2,7f91a7e8b937,0
2,5647aa69ef3e,0
2,7f91a7e8b53f,0
3,5647aad3e375,5647a9270790
2,5647aa69ef75,0
2,7f91a7e8b903,7f91a7e8b930
1,7f91a7e8b141,7f91a7e895f0
2,5647aa69ef0c,0
2,7f91a7d8b540,7f91a7d8b532
1,7f91a7d8b54c,7f91a7d8b469
2,7f91a7e8b917,0
2,7f91a7e8b516,0
2,5647aa69ef1e,0
2,5647aa69ef50,0
2,7f91af48b154,0
1,7f91af48b151,0
2,5647aa69ef15,0
2,5647aa5be2e9,5647aa5be5f9
2,7f91a7e8b8ed,7f91a7e8b910
2,7f91a7d8b4ab,0
4,5647aa697ebb,5647ab924ab0
2,7f91a7e8b4f2,7f91a7e8b510
2,7f91a7e8b8f2,0
2,7f91a7d8b4bb,7f91a7d8b460
1,5647aa5be6f4,5647aa5be1f5
2,7f91a7e834c7,0
3,7f91a7d8b4c7,7f91a7d1e230
2,7f91a7e8bcc3,7f91a7e8bc81
2,7f91a7e8b882,0
2,5647a9d3e282,0
1,7f91a7d8b4d7,7f91a7d8b469
1,7f91a7e834d4,7f91a87c8830
2,5647a9d3e293,5647a9d3e246
2,7f91a7e8b49a,7f91a7e8b4f0
1,7f91a7e8b027,7f91a7e895f0
2,7f91a7d8b423,7f91a7d8b528
2,7f91a7d8b463,7f91a7d8b530
1,7f91a7e8b421,7f91a7e8b480
2,7f91a7d8b46f,7f91a7d8b513
7,7f91adca2c20,5647ab94bc0e
1,7f91a7e8bc29,7f91a7e8bad0
2,5647a9d3e227,0
2,7f91a7e8bc36,0
2,7f91a7e8bc30,0
2,7f91a7e8bc7b,0
2,5647a9d3e234,5647a9d3e27b
3,5647aa5be237,5647ab8cf6b0
1,5647aa5be609,5647aa5be3ba
2,7f91a7e8b04c,7f91a7e8b130
1,7f91a7d8bc0b,7f91a7d8bbe0
3,5647aa5be604,0
2,5647aa5be205,0
2,5647aa5be25b,5647aa5be2d0
1,7f91a7d8b454,7f91a7d8b4a0
2,7f91a7e8b412,0
2,7f91a7e8b011,7f91a7e8b030
2,5647aa5be21c,0
2,5647aa5be213,0
2,5647a9d3e253,0
5,5647aa697dab,5647aae0b100
2,7f91a7e8bfe5,7f91a7e8bfa1
2,7f91a7e8bba3,7f91a7e8bbff
2,5647aa5be1ef,5647aa5be6f0
1,7f91a7e8bfa1,7f91a8735380
1,5647aa5be9a7,0
2,5647aa5be1ff,0
2,7f91a7e8b3f1,0
2,7f91a7e8b7ba,0
2,7f91a7e8bf81,7f91a7e8bf20
2,7f91a7e8b7cb,0
2,7f91a7e8bf8a,7f91a7e8bfa5
2,7f91a7e8bb89,0
7,5647aa697dc5,5647ab984e7b
2,7f91a7e8bb96,7f91a7e8bc2d
2,7f91a7e8b3d5,0
2,7f91a7e8b793,7f91a7e8b7b0
2,7f91a7e8b79c,0
3,7f91a7d8bb66,7f91a7d8baa0
2,7f91a7e8bb25,7f91a7e8bb3e
2,7f91a7e8b723,0
7,5647aa697d6e,0
2,7f91a7e8bf60,7f91a7e8c00a
1,7f91a7e8bb60,5647ab916b53
2,7f91a7e8bb2f,7f91a7e8bb64
1,7f91a7e8bf2f,5647ab94704b
5,5647aa5b7d22,5647ab8eb720
1,7f91a7e8bb6e,7f91a7d42110
2,7f91a7e8bf6a,7f91a7e8bf7a
2,7f91a7e8bb2a,7f91a7e8bb53
1,7f91a7e8bb36,5647ab94f710
2,7f91a7e8bb36,7f91a7e8bb3d
1,7f91a7e8bf76,7f91a87c8830
2,7f91a7d8bb75,7f91a7d8bc00
2,7f91a7e8bb34,7f91a7e8bb71
7,7f91a7e8af73,5647aba474e8
7,5647aa697d7e,7f91af48c7b0
7,7f91a7e8af70,5647ab94acf4
2,7f91a7d8bb3b,7f91a7d8bb4c
2,7f91a7e8b73b,7f91a7e8b780
2,7f91a7e8b747,7f91a7e8b910
2,7f91a7e8b702,7f91a7e8b6c0
1,7f91a7e8bb4c,7f91a7e8b590
5,5647aa69f146,5647ab9569d0
7,3ffffffc0784a8c,0
2,5647aa5be91f,0
1,7f91a7e03350,0
2,5647aa5be112,0
1,7f91a7e8b71c,7f91a87c9880
2,5647aad3e4ab,0
7,5647aa69f0a8,7f91a7e2f0c0
3,5647a95b6cec,5647ab9cad00
1,7f91a7e8b6ae,7f91a87c8830
1,5647aae160a6,0
2,7f91a7e8b6ea,7f91a7e8b690
2,5647aae160e4,5647aae160eb
2,5647aad3e4e5,0
1,7f91a7e8baf7,7f91a7e8bad0
2,7f91a7d8bab7,0
2,7f91a7e8b6f6,7f91a7e8b6a0
1,7f91a7e8bab6,7f91a7e8bad3
2,7f91a7d8b2b1,7f91a7d8b2b7
3,5647aae160f2,5647ab8cf6b0
2,5647aad3e4f3,5647aad3e3c1
2,5647aae160b5,0
2,5647aad3e4ce,0
2,7f91a7e8bac3,0
1,7f91a7e8b682,7f91a7e8b650
1,5647aae1608f,0
1,7f91a7e8b6ce,7f91a87c8830
2,5647aad3e483,0
3,5647aad3e4c3,5647aad25e40
2,5647aae160c0,0
2,5647aae160c6,0
3,5647aae16084,5647aba6db90
2,7f91a7e8bad7,7f91a7e8bb22
3,5647a95b6cd9,5647a8809560
2,5647aad3e4db,0
2,5647aad3e4d9,0
7,5647aad3f49e,5647ab8d2c64
2,5647aad3e49e,0
2,7f91af48329b,7f91af477ef0
2,5647aae160de,0
2,5647aae160d3,0
2,7f91a7e8badd,7f91a7e8bb82
2,5647aad3e491,0
1,7f91a7e8b69a,7f91a7e87420
2,5647aad3e42a,0
3,5647aa5be46a,5647a8809510
2,5647a973ec6b,0
1,5647aa5be46f,5647aa5bde84
2,7f91a7e8b620,7f91a7e8b6c0
3,5647aa5be422,5647a8809510
2,5647aad3e461,0
2,5647aa5be461,0
2,5647aaf1e426,0
2,5647aa5be438,0
2,5647aad3e479,0
2,7f91a7e8b631,7f91a7e8b70e
7,5647a96b707e,0
2,5647aaf1e433,0
2,5647a973ec70,0
2,5647aaf1e431,0
2,7f91a7e8b679,7f91a7e8b6e0
2,5647aaf1e44a,0
2,7f91af48b20d,7f91af48b1d8
3,5647aa5be449,5647a8809510
2,5647aa5be40f,5647aa5be400
2,7f91a7e8b241,0
2,7f91a7e8b200,7f91a7e8b360
2,7f91a7e8b60f,7f91a7e8b6a0
2,5647aad3e440,0
2,7f91af48b202,7f91af48b220
3,5647aa5be407,5647ab8cf6b0
2,5647aa5be447,0
1,5647aa5be81b,5647aa5be1e3
3,5647aad3e459,5647a88097b0
2,5647aa5be419,0
2,5647a973ec5d,0
2,5647a973ec52,0
3,5647aa5be816,0
2,5647aa5be455,0
2,3ffffffc078487f,0
2,3ffffffc078483e,0
7,7f91a7e8b5e5,7f91a7d3f6f6
2,7f91acf8adae,0
2,7f91af48a5ab,7f91af489e80
2,7f91a7e8ada2,7f91a7e8af3d
5,7f91af48b1a9,7f91afb53610
2,7f91adca2da5,7f91adca2db0
3,7f91acf8ada4,7f91ad025fa0
2,7f91a7e825ed,0
2,3ffffffc0784872,0
2,3ffffffc0784831,0
2,7f91adca2dbd,0
2,5647a95b7bb8,0
2,7f91af48a1bd,7f91af489f85
1,3ffffffc0784c6c,0
2,7f91a7e8adb4,0
2,7f91a7e8adf4,0
1,7f91af48a1bb,7f91afb51f60
2,7f91af48a1f8,7f91af48a0f1
2,3ffffffc0784865,0
2,7f91a7e8adbd,0
2,7f91af48a5b4,7f91af489e80
2,3ffffffc0784824,0
2,7f91a7e825fb,0
1,7f91adca2df0,7ffd0b153f10
2,7f91adca2dcc,7f91adca2df0
2,7f91af48a58d,0
2,3ffffffc0784c1c,0
3,5647a95b7b8c,5647ab9ff8d0
2,3ffffffc0784858,0
2,3ffffffc0784c57,0
1,7f91af48a986,7f91a7e87420
3,7f91af48a986,7f91af460410
1,7f91af48a1c3,7f91af489faa
2,5647aa5b7bc6,0
1,7f91af48a981,7f91af48952a
2,5647a95b7b98,5647a95b7bab
7,7f91a7e8b996,7f91a7d9a9fe
2,7f91af48a19d,7f91af48a3b0
1,7f91af48a5dc,7f91af489e80
2,3ffffffc0784c4c,0
2,7f91af48a1db,7f91af48a0f1
2,3ffffffc078484b,0
2,7f91af48a5da,0
1,7f91af48a996,7f91af48a1b7
2,7f91a7e8259c,7f91a7e825d0
1,7f91af48a593,7f91af489f69
1,7f91adca2d90,7f91a875ffb0
2,7f91af48a12f,0
7,7f91a7d8b524,7f91a7d59c02
1,7f91af48a96b,7f91af4895e4
7,7f91a7e8b922,5647ab9dd848
1,7f91af48a528,7f91af48a1e1
2,7f91af48a126,7f91af489f69
2,3ffffffc07848f5,0
7,7f91a7d8b52a,7f91a7d589aa
2,7f91af48a522,0
2,7f91a7e0216a,7f91a7e023c7
2,7f91af48a561,0
2,7f91a7e82568,0
1,7f91a7e02576,7f91a7e020e9
2,7f91a7e82535,0
2,7f91af48a57b,0
2,7f91af48a13a,7f91af48a14d
2,3ffffffc07848ea,0
1,7f91af48a578,5647ab8d1410
2,7f91a7e0217f,7f91a7e02430
2,7f91adca2d75,7f91adca2d90
1,7f91af48a976,7f91af48952a
2,7f91a7e8253a,0
2,7f91af48a572,0
2,3ffffffc07848de,0
7,7f91a7e8b144,5647aba35d8d
2,7f91af48a10a,7f91af48a550
2,7f91a7e02102,0
2,3ffffffc0784899,0
2,7f91adca2d4a,0
2,7f91af48a147,7f91af48a7be
1,7f91af48a545,7f91af48a0be
7,7f91a7e8b54c,7f91a7e1c64e
2,7f91af48a142,0
2,7f91adca2d5c,7f91adca2d68
1,7f91af48a15c,7f91af489c42
2,7f91a7e82513,0
2,7f91a7e8255e,0
2,7f91a7e8251d,0
2,7f91af48a113,7f91af48a7a0
2,7f91a7e8a4a2,7f91a7e8af3d
7,7f91a7e8bce0,7f91afb7711f
3,7f91a7e020ed,7f91a7e3f810
1,7f91af48a0be,5647ab8d7360
2,7f91a7e024b5,7f91a7e023a0
2,7f91a7e020f4,0
2,7f91af48a0b8,7f91af48a530
2,7f91af48a4f8,0
2,7f91af48a0f7,7f91af48a120
1,7f91af48a0b2,7f91a87c9880
2,7f91af48a0b0,7f91af48a0be
2,7f91af48a0c9,7f91af48a198
3,7f91a7e024c0,7f91a7d1e2c0
1,3ffffffc0784918,0
2,7f91af48a4c8,0
2,7f91a7e024cc,7f91a7e02450
2,7f91af48a0c3,7f91af48a1d0
2,3ffffffc0784912,0
2,7f91a7e02088,7f91a7e02568
7,7f91a7e834d6,5647ab970aed
3,7f91af48a09c,7f91af477a40
7,7f91a7e834d3,7f91a7d3f79a
2,5647aa697e9f,5647aa697eb8
2,7f91af48a0da,7f91af48a520
2,3ffffffc0784905,0
2,7f91af48a0d4,0
2,5647aa697e97,0
1,7f91af48a02f,7f91af48952a
2,7f91af48a42b,0
2,7f91af48a469,0
7,7f91a7e8bc2c,5647a9010ed1
7,7f91a7e8b02a,5647a9505e75
2,7f91af48a47d,0
2,7f91adca2c0d,7f91adca2c1a
1,7f91af48a00d,0
2,7f91a7e02443,7f91a7e024bb
2,7f91a7e0204d,0
1,7f91af48a444,5647a93a96c0
1,7f91adca2c1f,7f91adca2d40
2,7f91af48a01a,7f91af48952a
7,5647a9d3e25f,5647ab8d8579
1,7f91af48a814,7f91af4899cb
2,7f91af48a010,7f91af48952a
7,7f91a7e8bfa4,5647ab960d97
3,7f91af48a7ac,7f91af4aeba0
1,7f91af48a3ab,7f91af489be8
2,7f91af48a7ea,7f91af48a14d
2,3ffffffc0784a78,0
7,7f91a7e8b7ae,5647ab9dd848
2,7f91af48a3e5,0
2,7f91af48a7e0,0
2,5647aa697dba,0
1,3ffffffc0784a6f,0
2,7f91a7e8afb6,7f91a7e8aff0
7,7f91a7d8bbf5,7f91a7e2f12c
1,7f91af48a7b9,7f91af489f69
2,7f91a7e023b1,7f91a7e0334e
2,3ffffffc0784a65,0
2,7f91af48a3b5,0
2,7f91adca2bb6,7f91adca2bba
2,7f91af48a3f4,7f91af48a420
2,7f91af48a7b3,7f91af48a120
2,7f91a7e8a3bb,7f91a7e8af10
2,3ffffffc0784e23,0
1,5647a9737dc9,7f91af489430
2,7f91af48a7cd,0
1,7f91af48a38b,7f91af489b3c
7,7f91a7e8bb81,7f91a7d4c5f3
2,7f91adca2bc5,0
2,5647aad3f583,5647aad3f451
2,7f91a7e023cc,7f91a7e02170
2,5647a9737dc2,0
2,7f91af48a7c3,0
2,7f91af48a781,0
2,7f91a7e02b97,7f91a7e02303
3,5647a9737dd9,5647ab8f50b0
2,7f91a7e8afd0,7f91a7e8b130
1,5647a9737dde,5647a9737db5
2,3ffffffc0784646,0
1,7f91af48a793,7f91af48a33a
2,7f91af48a3d2,7f91af48a3df
2,7f91adca2bd3,7f91adca2c00
2,5647a9737d97,0
2,3ffffffc0784abf,0
2,5647aad3f56b,0
2,5647aad3f569,0
2,3ffffffc07846bc,0
2,5647aad3f52e,0
7,7f91a7e8bb63,5647ab22cca8
2,7f91a7e8a322,7f91a7e8af3d
1,7f91a7e8af6e,7f91a7d2d4a0
2,7f91af48a765,0
2,3ffffffc07846f5,0
2,5647aad3f521,0
1,5647aa697d66,5647aa697d70
2,3ffffffc07846b3,0
7,7f91a7e8b36a,7f91a7d5895d
2,7f91a7e8af2a,0
2,5647aa697d64,0
1,5647aa5b7d25,5647aa5b7c2b
1,7f91a7e8af68,7f91a7e1ebb7
2,5647aad3f53b,0
1,7f91af48a77e,0
2,7f91af48a37d,7f91af48a624
2,7f91a7e8a334,0
2,7f91a7e8a374,0
1,5647aa5b7d3e,5647aa5b7cf5
7,7f91a7e8bf32,5647ab8cec40
2,3ffffffc07846aa,0
1,7f91a7e8af71,7f91a8737240
7,7f91a7e8bb70,7f91a7d2f535
2,7f91af48a778,0
2,3ffffffc07846e8,0
1,3ffffffc0784aa7,0
2,3ffffffc0784ae7,0
1,7f91af48a735,7f91af489ba8
7,7f91a7e8bb3d,5647ab974a03
2,7f91a7e8a33d,0
1,5647aa697d76,7f91a7e8b590
1,7f91a7e8af3a,7f91a7e87420
7,7f91a7e8bf79,7f91ad6ace6e
2,5647aa697d74,0
2,7f91a7e02339,0
2,3ffffffc07846a1,0
2,5647aad3f575,0
3,7f91af48a74f,7f91af4aedd0
1,7f91a7e02345,7f91a7e02038
2,5647aad3f509,0
2,3ffffffc0784adc,0
1,7f91af48a34b,7f91af48a040
2,3ffffffc07846db,0
1,3ffffffc0784ada,0
2,3ffffffc0784699,0
1,5647aa69f14d,5647aa69efab
2,5647aa5b7d03,5647aa5b7d18
7,5647a95b6d00,5647ab9caae7
2,7f91af48a345,0
3,3ffffffc0784ad5,3ffffffc0784ada
7,7f91a7d8bb4c,7f91a7d8bb6b
2,7f91af48a303,7f91af48a2e0
2,5647aa5b7d47,5647aa5b7c89
2,7f91a7e8af48,7f91a7e8af50
2,7f91a7e8af57,7f91a7e8af71
2,3ffffffc07846ce,0
2,7f91a7e8af15,0
2,5647aad3f55e,0
7,7f91a7e8bb52,7f91a7d4c5f3
2,3ffffffc0784689,0
2,7f91a7e8af10,7f91a7e8af71
7,7f91a7e8b71f,5647ab92ce90
1,3ffffffc0784687,0
2,5647aad3f513,0
3,5647aad3f553,5647aad25e90
2,7f91af48a756,0
2,3ffffffc07846c5,0
1,7f91a7e022a7,7f91a7e022bf
2,7f91af48a6ad,7f91af489e80
3,5647aad3f4e9,5647a88097b0
2,3ffffffc078473c,0
2,3ffffffc078477c,0
1,7f91a7e022e3,7f91a7e01f7e
2,5647aa5b7cef,5647aa5b7d30
2,7f91a7e022e1,0
2,7f91af48a6e9,7f91af4895c8
3,3ffffffc0784b78,3ffffffc0784b7d
2,7f91af48a2a6,7f91af48a5a0
2,7f91af48a2e3,7f91af48a745
2,5647aa5b7ce4,0
2,5647aad3f4ba,0
2,7f91af48a2bf,7f91af489e80
2,5647aa5b7cf8,5647aa5b7c2b
2,3ffffffc078472d,0
2,3ffffffc078476c,0
1,3ffffffc0784b2a,0
7,7f91a7e8b6b1,5647a8b82edb
2,5647aad3f4f1,0
2,3ffffffc0784763,0
7,7f91a7e8bafa,5647aba3dcb8
3,3ffffffc0784b21,3ffffffc0784b26
2,5647aa5b7cca,0
2,3ffffffc0784b5e,0
2,7f91af48a28e,0
2,7f91af48a2cb,0
2,7f91a7e022c2,0
2,5647aad3f48c,0
2,7f91a7e022cf,0
2,3ffffffc0784756,0
2,3ffffffc0784b56,0
7,5647a973ec80,0
3,7f91a7e0228a,0
2,3ffffffc0784711,0
2,7f91a7e022d7,0
1,5647aa5b7c9a,5647aa5b7bb2
3,7f91a7e02296,7f91a7d1e2c8
7,7f91a7d8b2d3,7f91a7d8d365
7,7f91a7e8b6d1,5647aba35dbe
1,5647aad3f49d,7f91a7e2de80
2,3ffffffc0784747,0
2,3ffffffc0784b46,0
7,7f91a7e8b69d,7f91a7d3f6f6
2,5647aad3f4d0,0
1,7f91af48a695,7f91af489ba8
2,7f91af48a2d4,7f91af48a2fa
1,7f91af48a294,0
1,7f91a7e0229b,7f91a7e01f96
2,5647aa5b7cd7,0
2,5647aa69f094,0
3,5647aa5b7c95,5647ab8cf6b0
2,5647a96b702b,0
2,5647aad3f469,0
1,7f91af48a26c,7f91af489ba8
2,7f91af48a66b,0
2,7f91a7e8a622,7f91a7e8af3d
2,7f91a7e82660,0
2,5647aa5b7c62,5647aa5b7d40
2,5647aa69f060,0
2,5647aa69f021,0
2,7f91af48a661,0
2,7f91a7e82669,7f91a7e834d4
2,5647aa5b7c25,5647aa5b7cc0
2,5647aa69f07b,0
8,7f91a7e20235,7f91a7e20237
2,7f91af48a27b,0
2,7f91a7e82630,7f91a7e82660
2,5647aa69f032,0
2,5647aa69f073,0
2,7f91a7e0227d,0
2,5647aa5b7c31,5647aa5b7c49
2,7f91a7e8ae3b,7f91a7e8af10
3,5647aad3f477,5647ab8ef5b0
1,7f91af48a631,7f91af489ac3
2,7f91a7e82604,0
7,5647aad3e40e,5647a8b82e4b
3,5647aa69f04c,5647ab956270
1,7f91af48a648,7f91af489be8
2,3ffffffc0784b97,0
1,3ffffffc0784b95,0
2,3ffffffc0784793,0
7,7f91af48b241,7f91af489986
2,7f91af48a201,7f91af48a0f1
3,5647aad3f405,5647a9270790
3,3ffffffc0784b90,3ffffffc0784b95
1,7f91af48a61f,7f91af4899dd
2,5647aad3f418,5647aad3f4b0
2,5647aa69f058,0
8,7f91a7e00e55,7f91a7e00e57
2,3ffffffc078478b,0
2,5647aad3f45f,0
7,7f91a7e8b250,7f91a7d5895d
7,5647aaf1e452,0
2,5647aad3f410,0
2,5647aa5b7c50,0
2,5647a96b7052,0
2,5647aad3f456,0
2,5647aa69f016,0
1,7f91af48a213,7f91af48a0f1
2,7f91af48a653,0
2,3ffffffc0784782,0
2,7f91af48a211,0
7,5647a96b9fe8,0
2,5647ab730fed,5647ab730ff4
1,7f91a7d2d5b6,5647ab8e9cc0
2,5647a97383b0,0
2,5647ab730fb0,5647ab730fe6
7,7f91a7d2c122,5647aba12070
5,5647aae11362,0
5,5647aae1137a,5647ab8d7470
1,7f91a7d2d536,5647aba1174e
1,7f91a7d2dd7a,7f91a7d2f2b0
2,5647ab730f43,0
2,5647ab730f59,5647ab730fa9
2,5647ab730f50,0
1,7f91a7e050a4,7f91a7e04c88
3,7f91a7e058a3,7f91a7d1e2c8
2,5647ab730ee2,5647ab730ed0
2,5647ab730ea1,0
2,7f91a7e058ab,0
1,5647ab730ea6,5647ab730eb9
1,7f91a7d2d8b7,5647ab8f3e90
1,7f91a7d2d4b5,7f91a7d2d8d0
1,7f91a7d2d4f5,5647ab95e294
2,5647ab730ebe,0
2,5647aa6986b1,0
1,7f91a7d2d0ba,7f91a874dfa0
3,5647aa69868b,0
1,5647ab730eca,5647ab730ed9
2,7f91a7e05083,7f91a7e0509d
2,7f91a7e05883,0
2,5647aa698683,0
2,5647aa6986c0,0
2,5647ab730e86,0
1,7f91a7d2d8d7,5647ab8f0d00
1,7f91a7d2d897,7f91a7d2d8b0
1,7f91a7d2d4d6,7f91a7d2d4e0
2,5647aa69869b,5647aa6986ab
2,5647ab730ed7,5647ab730f38
3,7f91a7e05898,7f91a7d1e2c8
3,7f91a7e0506e,7f91a7d42140
7,7f91a7e8c02a,7f91af489986
1,5647aa69863b,0
2,7f91a7d2d075,0
7,7f91a7e8c038,5647ab96944d
3,5647aae30e48,5647ab8cf6b0
7,7f91a7e8c044,5647aba36f1f
2,7f91a7e05004,0
2,5647ab730e0e,5647ab731032
7,7f91a7e8c04e,7f91ad6d0a7b
2,5647ab730e42,0
2,5647ab730e47,5647ab730e78
7,7f91a7e8c009,7f91afb547f5
2,5647aa698644,0
2,5647aa698652,0
1,5647aae30e50,7f91a875ffb0
7,7f91a7e0c81d,7f91a7d4c60d
7,7f91a7e8c05a,7f91af4ae3a6
2,5647a9d18da4,0
2,7f91ad6adfbe,0
1,7f91a7d8d3b1,7f91a7d8d355
2,5647a9d18db0,5647a9d18dbd
3,5647ab730dcd,5647a8809ac0
2,7f91ad6adf98,0
7,7f91a7e0c791,5647aba16121
2,5647ab730ddc,0
1,7f91ad6adf9a,0
7,5647aad39569,5647a9005b8e
2,7f91a7e2d762,0
3,7f91a7d8d360,7f91a7d8b2a0
2,5647a9d18d2e,0
2,7f91a7e2d76d,0
3,5647ab730d27,5647a8809520
2,7f91a7d8d374,0
7,7f91a7e0c77d,5647aba16121
2,7f91a7e2d746,0
2,7f91a7d8d346,7f91a7d8d3a0
2,5647ab730d49,5647ab7310b0
2,5647a9d18d4e,5647a9d18d9c
2,7f91a7e2d709,0
2,5647aad30104,5647aad30110
3,5647a9d18d46,5647a92b1fd0
1,5647a9738512,5647a973838e
1,5647aad30114,5647ab0bb440
2,7f91a7e052e7,0
2,5647a97384aa,0
1,7f91aaf2d6ee,5647a9836290
2,7f91a7e2dea2,0
2,5647a97384ee,0
2,7f91a7e2deac,7f91a7e2dec5
2,5647a97384e5,0
2,7f91aaf2d6e7,0
1,7f91a7e052f7,7f91a7e04ff1
2,5647a97384f8,0
2,7f91a7e2d6f2,0
2,7f91a7e2d6ff,0
2,5647a97384b0,5647a97384b7
5,5647ab7310f6,7f91a876bf70
2,5647a97384c9,0
2,5647a973848e,0
1,7f91aaf2d680,7f91aaf2d190
1,7f91a7e2deca,5647ab95a5dc
2,5647a96b889d,0
1,7f91aaf2d69e,7f91a7d2d890
3,7f91aaf2d6df,7f91aaf2d2d0
2,5647a97384dc,0
2,7f91aaf2d69c,0
3,7f91aaf2d694,7f91aaf2d270
3,7f91a7e052d8,7f91a7e3eec0
1,7f91a7d2d623,5647ab8e3557
2,5647a96b8860,0
3,5647aa698064,5647ab8d6440
5,5647ab73107b,7f91a876bf70
7,5647aae1107b,0
2,5647aa698079,0
2,5647a973847a,0
7,7f91ad6ace75,7f91ad69ecc9
7,5647ab731031,5647ab994549
2,7f91a7d2d60f,0
2,7f91a7e0d24d,0
1,7f91a7e0d24d,7f91a7e0c760
2,3ffffffc078a07c,0
2,3ffffffc078a877,0
4,7f91a872dde0,0
2,3ffffffc078a476,0
2,5647a96b9fa3,0
2,5647a96b9fa5,0
2,3ffffffc078a032,0
4,7f91a872d5f0,7f91a7e87420
4,7f91aaf2d1f0,7f91a7e8b590
7,7f91a7d2d5b9,5647a9505e8f
7,7f91a7d2d1c6,7f91a7d2f4c3
2,3ffffffc078a858,0
2,3ffffffc078a016,0
7,5647a97383c7,0
2,3ffffffc078a810,0
2,5647a96b9f99,0
1,3ffffffc078a00a,0
2,5647a96b9fdc,0
4,7f91aaf2d190,7f91afb51f60
1,3ffffffc078a404,0
2,3ffffffc078a843,0
1,3ffffffc078a8be,0
2,3ffffffc078a4fc,0
2,7f91a7e04d21,0
2,7f91ad6acd2a,0
3,3ffffffc078a8f5,3ffffffc078a8fa
2,3ffffffc078a8b1,0
1,5647aae11365,5647aae11256
3,3ffffffc078a4ee,3ffffffc078a4f3
3,5647a96b9f7a,0
1,5647aae1137d,5647aae1122f
2,7f91a7e04d3b,0
7,7f91a7d2d539,5647aba10766
2,7f91ad6acd33,7f91ad6acd40
2,7f91ad6acd4d,7f91ad6acd59
2,3ffffffc078a89e,0
4,7f91a872dd00,7f91a8735380
1,3ffffffc078a096,0
2,7f91a7e04d0c,0
2,7f91a7d2c10b,0
2,7f91a7e04d4a,7f91a7e052d1
3,3ffffffc078a892,3ffffffc078a897
2,7f91ad6acd43,0
2,7f91ad6acd03,7f91ad6acd10
1,7f91ad6acd59,7f91ad5a8fa0
2,3ffffffc078a487,0
2,7f91a7d2c11b,0
1,7f91ad6acd10,7f91ad5a9080
2,3ffffffc078a8c0,0
2,3ffffffc078a53b,0
7,7f91a7d2d8e0,5647ab8d7e98
7,7f91a7d2d8a0,5647ab1f3ad1
1,7f91af48c8e7,7f91af48c866
2,7f91a7d2c0ed,7f91a7d2c100
2,7f91a7d2c0e8,0
3,3ffffffc078a570,3ffffffc078a575
2,7f91a7e04cf4,7f91a7e04cfb
7,7f91a7e058b3,5647ab9db71b
2,3ffffffc078a92b,0
2,3ffffffc078a528,0
2,7f91ad6accfa,0
7,7f91a7d2d0be,5647aba22cce
2,7f91af48c8b5,7f91af48c8bf
1,7f91af48c8f3,7f91af48c8c8
7,7f91a7d2d4b8,5647ab94ad2b
7,7f91a7d2d4f8,5647ab95f500
1,3ffffffc078a91f,0
1,7f91af48c8cc,5647ab8d7b30
3,7f91af48c8cc,7f91af4604a0
2,7f91a7e04c82,7f91a7e05058
1,3ffffffc078a51a,0
7,7f91a7d2d8c0,5647aba3a618
3,3ffffffc078a513,3ffffffc078a518
2,7f91af48c8c2,7f91af48c8ec
2,7f91af48c89d,7f91af48c80b
1,3ffffffc078a94c,0
2,3ffffffc078a90c,3ffffffc078af60
3,7f91a7e04cdf,7f91a7e01ee0
7,5647aa6986d2,7f91a7e8b590
2,7f91a7e04c9c,7f91a7e04ca7
1,7f91a7d2c0db,7f91a7d2c0e0
7,7f91a7d2d4d9,5647ab94d7ef
1,7f91af48c8d1,7f91af48c80b
2,7f91a7e04c23,0
2,7f91a7e8c023,0
2,7f91a7e8c021,7f91a7e8c04f
2,5647aae11222,0
2,7f91af48c860,7f91af48c8e0
1,7f91a7e8c035,7f91a7e87ba0
2,7f91af48c87c,7f91af48c80b
2,5647aae1123e,0
2,7f91a7e04c32,0
2,7f91af48c838,7f91af48c804
2,7f91a7e04c70,0
3,5647aae11233,5647ab8d6440
1,7f91af48c834,0
2,7f91af48c873,7f91af48c80b
2,7f91a7e04c7b,0
1,7f91a7e8c006,5647ab8efa90
2,7f91a7e0c806,0
2,7f91a7e8c004,7f91a7e8bfe7
2,7f91a7e04c44,0
1,3ffffffc078ad9c,0
2,5647aae11249,5647aae11358
2,7f91af48c809,7f91af48c878
1,7f91a7e8c041,5647ab8f3f20
2,7f91a7e8c00d,7f91a7e8c02b
1,7f91a7e8c04b,7f91af489430
2,7f91af48c802,7f91af48c840
2,7f91a7e04c0a,0
1,5647aad39604,5647aad39545
2,7f91a7e8c017,7f91a7e8c039
1,7f91a7e8c057,7f91af489430
1,5647aae1125b,5647aae1105c
2,7f91a7e04c13,0
2,7f91a7e8c01c,7f91a7e8c045
2,3ffffffc078a5c4,0
1,7f91af48c813,7f91afb51f60
2,7f91af48c853,7f91af48c85d
2,7f91a7e0c81b,0
2,7f91a7e04c1a,0
2,5647aae11217,0
7,7f91a7e05018,5647ab9db54f
2,3ffffffc078a63f,0
2,7f91af48c7ed,7f91af48c7f3
3,5647aad395a9,5647a9270790
2,5647aad395e9,0
1,7f91af48c7ab,5647aa0c7ef0
3,7f91af48c7ab,7f91af4604e0
1,7f91af48c7ea,5647ab8d7b30
4,7f91a872dbe0,7f91a8737240
2,3ffffffc078a635,0
3,5647aad395ff,5647ab8ef5b0
2,7f91a7e04bfe,0
3,5647aad395f6,5647aad26490
3,5647aad395b5,5647a93966e0
2,5647aad3958a,0
2,3ffffffc078a21f,0
3,5647aad395cf,5647a9270790
2,7f91af48c7ca,7f91af48c820
7,5647a9d18dcc,7f91af489430
7,7f91ad6adfc8,7f91ad6ae0c4
4,7f91a872db80,7f91a7e87f80
4,7f91a872d3c0,7f91a80fc720
1,7f91af48c7c6,0
7,7f91a7d8d397,7f91a7e2f15b
3,5647aad395db,5647a9395fe0
3,3ffffffc078a60a,3ffffffc078a60f
2,5647aad39595,0
2,7f91a7e0c766,0
1,5647aad39568,7f91a87353e0
7,7f91a7e2d76f,7f91a7e11c0d
2,3ffffffc078a2f5,3ffffffc0789efa
1,5647ab731120,5647ab730d5c
2,3ffffffc078aaf2,0
4,7f91a872db30,7f91afb53610
2,7f91a7e0c77b,7f91a7e0c780
1,7f91a7e0c77b,5647ab8f0d00
3,5647aad39508,5647a9270790
2,3ffffffc078a2d6,0
2,5647ab731102,5647ab7310e0
4,7f91aaf2d340,7f91a7d2d890
7,7f91a7e2d70b,7f91a7e11be6
2,5647aad3951d,5647aad39580
2,5647aad39513,0
2,3ffffffc078a683,0
2,5647aad39555,0
5,7f91a7e2dea4,7ffd0b153a30
3,3ffffffc078af7b,3ffffffc078af80
7,7f91aaf2d6ef,7f91aaf44b4a
2,5647ab7310a0,5647ab730e20
3,5647ab7310e7,5647a880ae60
2,3ffffffc078a771,0
3,3ffffffc078af69,3ffffffc078af6e
4,7f91a872d2b0,0
3,5647ab7310b7,5647a8809530
3,3ffffffc078af60,3ffffffc078af65
2,5647ab7310ca,0
2,5647ab73108d,5647ab731060
4,7f91a872d2c0,7f91a80fc7d0
7,5647aa698083,7f91afb51f60
7,7f91a7e2decb,5647ab983411
7,5647a96b88da,0
7,7f91aaf2d69f,7f91aaf3f463
4,7f91a872d6d0,7f91a8737240
4,7f91a872de90,7f91a875fdf0
4,7f91aaf2d2d0,7f91afb52a00
2,3ffffffc078ab43,0
2,5647aae11069,0
3,7f91ad6ace69,7f91ad5a8e20
3,5647ab73106c,5647a880ae60
4,7f91a872d660,7f91a7e2de80
4,7f91aaf2d260,5647ab8cff10
7,7f91a7d2d62a,5647ab94afef
7,7f91a7e0d269,5647ab970fa5
2,3ffffffc078a3b0,0
3,5647ab731039,5647a8809660
1,3ffffffc078a3a9,0
4,7f91aaf2d270,7f91afb53610
2,3ffffffc078a7e5,0
3,3ffffffc078a7d9,0
7,7f91a7e0d24f,5647ab971298
2,5647ab731004,5647ab73100b
2,5647ab73101a,0
2,7f91ad6ace5f,0
2,5647ab731053,0
3,7f91ad6ace54,7f91ad6acd20
1,3ffffffc078af83,3ffffffc078a8ff
2,3ffffffc078a3c2,0
2,7f91ad68f5ef,0
2,7f91a7e87da4,7f91a7e87cb0
1,7f91a7e87da4,5647a91814a0
2,5647a8c1afeb,5647a8c1b4d5
7,7f91af4ae5ab,7f91af489986
1,7f91a7e87de2,7f91a8735380
2,7f91a7e87de2,7f91a7e87cb0
1,7f91a7e2f1a1,7f91a7e8b590
2,7f91ad68f5ea,0
2,7f91a7e875ed,7f91a7e87610
2,7f91a7e875ac,7f91a7e87640
2,7f91a7e875b5,7f91a7e87680
2,7f91a7e871b3,0
2,7f91a7e875f2,7f91a7e87680
2,7f91a7e87dff,7f91a7e87cb0
4,7f91a872e5b0,0
2,7f91a7e871be,7f91a7e87280
3,7f91ad68f5f1,7f91ad69fae0
5,5647aa5b3fb4,5647ab9667a0
2,7f91a7e875c6,0
3,7f91ad68f5cc,7f91ad69f790
2,7f91a7e87dc1,7f91a7e87cb0
1,7f91a7e875ce,7f91af489430
3,7f91ad68f5c1,7f91ad69f7e0
2,7f91a7e8758a,7f91a7e87690
2,7f91a7d2f597,7f91a7d2f604
2,7f91a7e2f190,0
3,7f91ad68f5d4,7f91ad69f7b0
2,7f91a7e871dc,0
2,7f91a7e8759b,7f91a7e876a0
7,3ffffffc0788002,0
3,7f91a7e2f127,7f91a7d8bb50
2,7f91a7e87565,7f91a7e876c0
3,7f91a7e2f164,7f91a7d58390
2,7f91a7e87522,7f91a7e8757b
2,7f91a7d2f56e,0
1,5647a9e32b20,0
5,5647aa5b3f64,5647ab8d5400
2,7f91a7e87d68,7f91a7e87db0
1,7f91a7e87d28,7f91a7e87ba0
1,7f91a7e87d36,5647ab95c710
2,7f91a7d2f576,7f91a7d2f6e0
2,7f91a7e2f175,0
2,7f91a7e87132,7f91a7e87190
7,7f91ad6ae138,7f91ad6d2851
3,7f91a7d2f530,7f91a7d1e230
2,7f91a7e87d7f,7f91a7e87cb0
2,7f91a7e8757e,7f91a7e875e0
5,5647aa5b3f33,5647ab8d5480
3,7f91a7d2f53e,7f91a7d1e100
5,7f91af4ae573,5647ab98d680
2,7f91a7e87579,7f91a7e87540
2,7f91a7e2f105,0
2,7f91a7e2f143,0
2,7f91a7e87101,7f91a7e87138
4,7f91a872e100,7f91aded58d0
2,7f91a7e8750e,7f91a7e876de
2,7f91a7da710c,7f91a7da70f0
3,7f91a7e2f156,7f91a7d8d330
2,7f91a7e87d55,7f91a7e87d40
2,7f91a7e87154,7f91a7e87130
2,7f91a7e87d53,7f91a7e87d30
1,7f91a7da7110,5647ab9569d0
2,7f91a7e87d5f,7f91a7e87cd0
2,7f91a7e87d5a,7f91a7e87d10
3,7f91a7d2f519,7f91a7d1e050
3,3ffffffc0789c80,3ffffffc0789c85
2,7f91a7e2f0e7,0
2,7f91a7e2f0a3,0
3,7f91a7d2f4e0,7f91a7d1e100
2,7f91a7e874ec,7f91a7e876a0
1,7f91a7e87cac,7f91a8735380
7,7f91af4aece3,7f91af489cc7
2,7f91a7e870eb,0
2,7f91a7e87caa,7f91a7e87cb0
7,3ffffffc0788d71,0
1,7f91a7e874a8,7f91a7d2d4c0
2,7f91a7e870b7,0
2,7f91a7e87cf5,7f91a7e87d00
1,7f91a7e87cf5,7f91a87353e0
2,7f91a7da70f2,7f91a7da7110
3,7f91a7d2f4f2,7f91a7d1e100
2,3ffffffc0789d68,0
1,7f91a7e87cbe,7f91a7d42110
3,7f91a7d2f4be,7f91a7d2d1b0
2,7f91a7e874fd,7f91a7e876b0
2,7f91a7da70fc,7f91a7da6f25
2,7f91a7e874ba,7f91a7e87680
1,7f91a7e87cf9,7f91a7e87ba0
7,5647ab733eb4,5647ab99c503
2,7f91a7e870c7,0
7,7f91af4aec8d,7f91af48a7b1
5,5647aa69bacf,5647ab924ab0
3,7f91a7d2f481,7f91a7d1e200
7,7f91ad686487,7f91ad69dfa3
7,5647aa69bac1,7f91a87c8830
2,7f91a7e874cb,7f91a7e8757b
2,7f91a7d2f488,7f91a7d2f468
2,7f91a7d2f4d7,0
2,7f91a7e87493,7f91a7e874b0
3,7f91a7e2f090,7f91a7e2f0c0
4,7f91a872ecd0,7f91a87c8830
2,7f91a7e8749c,7f91a7e87680
2,7f91a7e874db,7f91a7e87690
1,7f91a7da7025,7f91adca2da0
2,7f91a7e87423,7f91a7e87683
2,3ffffffc0789db9,0
2,7f91a7e8746b,7f91a7e8757b
2,7f91a7d2f468,7f91a7d2f730
2,7f91a7d2f474,0
2,7f91a7e87073,0
7,7f91af4aec79,7f91af48a7b1
1,7f91a7e87471,7f91a7e874d1
2,7f91a7e8707e,0
2,7f91a7e8783d,7f91a7e87b00
2,7f91a7e8743a,7f91a7e87480
2,7f91a7d2f439,7f91a7d2f450
2,7f91a7e87446,7f91a7e87610
2,7f91a7e87450,7f91a7e87680
2,7f91a7d2f410,0
4,7f91a872e450,7f91a7e8b590
4,7f91a872e010,7f91a8748bb0
2,7f91a7e2f01e,7f91a7e2f057
2,7f91a7d2f45d,7f91a7d2f47a
2,3ffffffc0789dc4,0
3,3ffffffc0789d83,3ffffffc0789d88
2,7f91a7e2ffe7,0
2,3ffffffc078967f,0
2,7f91a7e87ba4,7f91a7e87d50
3,7f91a7d2f3af,7f91a7d2d1b0
5,7f91af4ae3a3,5647aa0c7e28
1,7f91a7e2ffe9,7f91a7d4c470
4,7f91a872e3f0,7f91afb51f60
3,7f91a7d2f3fa,7f91a7e1a6c0
2,7f91a7e87bb9,7f91a7e87cb0
5,7f91af4ae38d,5647ab8cfb70
2,7f91a7e87385,7f91a7e873ea
2,7f91a7e87bc3,7f91a7e87c91
1,3ffffffc0789e5a,0
2,3ffffffc0789e58,0
2,7f91a7e87fcf,7f91a7e88030
4,7f91a872e780,7f91afd9d9f0
2,7f91a7e873cd,0
1,7f91a7e87b8d,7f91a7d2d8d0
2,7f91a7e87fca,7f91a7e88030
2,7f91a7d2f3c9,0
3,3ffffffc0789610,3ffffffc0789615
2,7f91a7e873d7,0
2,3ffffffc0789e4f,0
7,7f91af4ae3dd,7f91af489986
2,7f91a7e87bd4,7f91a7e87df0
4,7f91a872efd0,7f91a7e8bad0
2,7f91a7e87f9d,7f91a7db9020
1,7f91a7e873dd,7f91a7db8390
2,3ffffffc0789641,0
2,7f91a7d2f363,0
2,3ffffffc0789ef4,0
2,7f91a7e87b69,7f91a7e87a50
4,7f91a872e330,7f91a87352b0
2,7f91a7e87b7e,7f91a7e87ac0
2,7f91a7d2f33a,0
2,7f91a7e87b38,7f91a7e87ac0
2,3ffffffc0789e9f,0
2,7f91a7e87347,0
2,7f91a7e87f07,7f91a7e87cb0
2,7f91a7e87b05,0
1,7f91a7e87b43,7f91a7e8bac0
2,7f91a7e87303,0
2,7f91a7d2f303,0
1,7f91a7d2f740,7f91a7d2f49e
2,7f91a7d2f70f,7f91a7d2f586
2,7f91a7e8730e,7f91a7e873c0
2,7f91a7d2f30d,0
2,7f91a7e87b0c,7f91a7e87ad0
2,3ffffffc0789692,0
2,7f91a7d2f317,0
2,7f91a7e87355,0
2,3ffffffc0789ec9,0
2,3ffffffc0789e88,0
1,3ffffffc0789ec7,0
2,7f91a7e87b1c,7f91a7e87b50
1,7f91a7d2f6e3,7f91a7d2f6ec
1,7f91a7e872e0,5647aae15550
1,7f91a7e876ab,7f91a7e87420
2,3ffffffc0789f33,0
2,7f91a7e87aea,7f91a7e87ac0
1,7f91a7e876e9,7f91a7e87420
2,3ffffffc0789771,0
2,5647aae120a5,0
7,5647a8c1b4f9,5647a9d8ca73
2,7f91a7e872b3,0
4,7f91a872e2b0,7f91a80fc7c0
2,7f91a7d2f6fd,0
1,7f91a7e876bb,7f91a7e87420
7,7f91a7da6eb9,7f91a7d2f486
2,7f91a7e876c6,7f91a7e87690
1,7f91a7e87ac3,7f91a7e87830
1,7f91a7e87683,7f91a7d3f6e0
2,7f91a7e872ce,0
2,7f91a7e876ce,7f91a7e876a0
1,7f91a7d2f6cb,7f91a7d2f689
2,7f91a7e872ca,0
1,7f91a7e87697,7f91a87c8830
2,7f91a7e876d6,7f91a7e876b0
2,5647aa69a09e,0
4,7f91a872e290,0
1,3ffffffc0789f46,0
2,3ffffffc0789f05,0
2,7f91a7d2f699,0
1,7f91a7e872d8,7f91a7e871d7
2,7f91a7e87627,7f91a7e87680
5,7f91af4ae62b,5647ab8d5460
7,7f91aaf86222,7f91aaf5a5f2
2,5647aae12062,0
2,7f91a7e8726d,7f91a7e87248
2,7f91a7e87e77,7f91a7e87c91
2,7f91a7e87236,0
2,7f91a7d2f676,7f91a7d2f6c4
2,7f91a7e87e71,0
2,7f91a7d2f63f,0
2,7f91ad68f636,0
2,7f91a7e8723a,7f91a7e87250
2,5647aae12077,0
1,7f91a7e87607,7f91a87c8830
2,7f91a7e87647,7f91a7e87680
4,7f91af4ae64e,5647ab8d1410
8,7f91a7e0d245,7f91a7e0d247
2,5647aae12049,0
2,7f91a7e87603,7f91a7e87620
2,7f91a7e87203,0
2,7f91a7e87e4f,7f91a7e87f00
3,7f91a7d2f60b,7f91a7d1e2c8
2,7f91a7e8724a,7f91a7e872e0
3,7f91ad68f603,7f91ad5b9a20
2,7f91a7e87617,7f91a7e87680
2,5647aae12018,5647aae12038
2,7f91a7e87214,0
2,7f91ad68f61e,0
2,7f91ad68f619,0
2,3ffffffc0789789,0
1,7f91a7e87650,7f91a7e87420
2,5647aae12052,0
1,7f91a7e8761c,7f91a7e87ba0
1,5647aae12011,0
1,7f91a7e87a59,5647ab8d1f40
2,7f91a7d2f618,0
7,7f91a7e2f1a3,5647ab9272af
2,7f91af4aedeb,7f91af4aee04
1,7f91af4ae5aa,7f91a7e8bf50
7,7f91a7e871a0,7f91a7d9bb95
1,7f91af4ae5e7,5647ab8e3160
3,7f91af4ae5e7,7f91af460410
1,7f91af4ae5e5,7f91af4ae595
2,7f91af4ae5a3,7f91af4ae5e7
7,7f91a7e87daa,5647ab970964
7,7f91a7e87de8,5647ab9709de
2,5647aa5b3fbe,0
2,7f91aaf861fe,0
3,5647a8c1bfbc,0
3,5647a8c1bfb0,0
1,7f91af4ae5b4,7f91af4ae534
7,5647a973a7f4,5647a98b018f
1,5647a8c1bf88,0
3,5647a8c1bfc8,0
2,7f91aaf861ce,7f91aaf861fc
2,5647aa5b3f8d,0
2,7f91af4ae587,7f91af4ae595
1,5647a8c1bf80,5647ab8d6470
1,7f91af4ae5c3,7f91af4ae4e4
2,5647aa5b3fc6,0
2,5647aa5b3f85,0
2,7f91af4aedde,0
1,5647a8c1bfd9,5647a8c1bf7d
1,7f91af4ae59a,5647ab8cff10
2,5647aa5b3f9f,0
7,7f91a7e875d1,7f91af489986
4,7f91a872f190,7f91a8735d60
2,5647aa5b3f91,0
1,7f91af4ae5d4,7f91af4ae4f7
3,5647a8c1bfd4,5647ab2002c0
1,7f91af4ae52f,5647ab8d1410
1,7f91af4ae56f,5647ab94f710
1,7f91ad6ae12e,7f91ad6accf0
2,5647aa5b3f6e,5647aa5b4170
4,7f91a872f520,7f91a87353e0
7,7f91a7e87d2a,7f91a87cad6a
3,5647aae13b3b,0
2,7f91af4ae532,7f91af4ae5b0
3,5647aa5b3f77,5647a90044f0
7,7f91a7e87d38,5647ab8d719a
2,5647aae13b08,0
1,5647ab733f09,5647ab733d90
2,5647aa5b3f4f,0
7,7f91a7e87d42,7f91afb5c26f
7,7f91a7e87d00,5647ab94b75e
4,7f91a872f100,7f91a80fc790
2,5647aa5b3f46,0
2,7f91af4ae540,7f91af4ae563
2,5647aa5b3f1e,0
7,7f91a7da7112,7f91af48c7b0
3,7f91ad6ae116,7f91ad7400d0
2,5647aae13b16,0
1,5647ab733f16,5647ab733e70
1,7f91af4ae4ef,7f91af489430
2,7f91af4ae4ed,7f91af4ae4f7
2,5647aa69baaf,0
1,5647ab733eee,5647ab733e70
7,7f91a7e87caf,5647ab9709de
2,7f91af4ae4a4,7f91af4ae5e0
7,7f91a7e2f0ac,5647ab9db055
7,7f91a7e874ab,7f91a87ca923
3,5647aae13ae7,0
1,7f91af4ae4a1,7f91a8737240
2,7f91ad6ae0a3,7f91ad6ae138
2,5647ab733ea4,0
3,7f91ad6ae0bf,7f91ad6adfb0
2,5647aae13abe,0
7,7f91a7e87cfc,5647ab94b6d4
2,5647aae13af6,0
1,7f91af486cb1,7f91af47ce90
2,7f91af4ae4f1,7f91af4ae5d0
3,5647aae13ab5,0
3,3ffffffc0788d60,3ffffffc0788d65
3,5647aae3368a,0
2,7f91af4aeccc,0
1,7f91af4aec8c,7f91a7e87420
2,5647aae13a8c,0
7,7f91a7e87cc1,5647ab970964
1,5647ab733ecd,5647ab733cf4
2,5647aae13acd,0
2,5647aae332cd,0
1,7f91af4864c7,7f91af47ce90
2,7f91ad6ae0c6,7f91ad6ae110
2,5647aae13ac7,0
2,5647ab733e86,0
3,5647aa69ba9a,5647ab8d6440
2,7f91af4ae4de,7f91af4ae5c0
2,5647aae332d8,0
2,5647aa69bad9,5647aa69ba7a
1,7f91af4ae4db,5647ab94f710
3,5647ab733e92,5647a8809540
2,5647aae13a2a,0
7,7f91a7da7027,0
2,5647aa69ba6a,5647aa69bac8
2,5647ab733e29,5647ab733f0e
3,5647aae3362c,5647ab8cf6b0
2,5647aa69ba63,0
2,5647aae33663,0
5,7f91a7d2f42d,7f91aded3180
2,5647aae13a24,0
3,5647aae13a7a,0
2,7f91af48647f,7f91af486c61
1,7f91af48647d,5647ab8d6470
2,5647aae13a39,0
2,7f91af4ae47b,7f91af4ae5e0
1,7f91af486478,5647ab8d7d10
3,7f91af486478,7f91af460410
1,7f91af4ae434,5647aa0c7ef0
3,7f91af4ae434,7f91af460410
1,7f91af4ae473,7f91a7e8bad0
2,7f91ad68644e,7f91ad68647f
1,5647aae33a4f,0
2,5647aae13a4d,0
2,7f91af4aec48,7f91af4aec75
2,5647aae33600,5647aae3361c
2,7f91af4aec43,7f91af4aec80
1,7f91af4aec40,5647ab8d1410
2,5647aae13a5b,0
3,5647aa69ba5b,0
8,7f91a7e0c813,7f91a7e0c815
2,5647aae13a1c,0
3,5647aae33657,5647aae30e00
3,5647aae13a14,0
2,7f91af4aebaf,0
5,7f91a7d2f3e6,7f91aded22b0
2,5647ab733da9,0
2,5647aae139ec,0
2,7f91af4aeba8,7f91af4aebb1
4,7f91a872f3a0,7f91a7da6e70
3,5647ab733de1,5647a8809540
2,5647aae335e0,0
2,7f91af4aebe2,0
7,7f91a7e873ea,7f91a7d9bb82
2,7f91af4aebbd,7f91af4aecc0
2,7f91af4ae3b7,7f91af4ae3c5
2,5647aae335f2,0
2,5647ab733df1,5647ab733ee3
2,7f91af4aebb4,7f91af4aec40
1,7f91af4aebf4,5647ab8e30e0
1,7f91af4ae3b4,5647ab9746f8
1,7f91af4ae3f3,7f91af4ae2e8
3,5647ab733db6,5647a8809540
2,7f91af4aebce,0
1,7f91af4ae3ca,5647ab8db6e5
3,5647aae139cf,0
5,7f91a7d2f380,7f91aded22b0
2,5647ab733dc1,0
2,7f91af4ae384,0
2,7f91af4aebc3,0
3,5647ab733dc6,5647a8809520
2,7f91af4ae39d,0
1,7f91af4ae3db,5647aa0c7e28
2,7f91a7da6fd1,0
3,5647aae139dd,0
7,7f91a7e87b90,5647aba2719b
2,5647ab733dd2,0
2,7f91af4aebd4,0
2,7f91af4ae3d3,7f91af4ae434
3,5647aae335d4,0
2,7f91a7da6f23,7f91a7da6eab
2,7f91a7da6f6f,0
2,5647aae33538,0
8,7f91a7e0c773,7f91a7e0c775
2,7f91af4ae337,0
4,7f91a872f770,7f91a7e87ba0
4,7f91a872fb70,7f91a8736ad0
2,5647aae3350a,5647aae33530
7,7f91a7e87b46,5647aba2719b
2,5647ab733d09,0
2,5647ab733d49,5647ab733f01
2,7f91af4ae349,0
2,5647aae33545,0
5,7f91a7d2f357,7f91aded22b0
1,7f91a7da6f54,7f91a7da6f68
2,5647a8c1b11d,5647a8c1bfcd
7,3ffffffc0789687,0
2,5647aae33550,5647aae33640
2,7f91af4ae2ad,0
7,5647aa69a0a8,0
5,5647aae120af,5647aae15c90
7,7f91a7e876ae,7f91a87ca6f0
7,7f91a7d2f6ad,7f91a7d9ab28
2,5647a8c1b4e2,0
7,7f91a7e876ec,5647ab8d717c
2,7f91af4ae2e2,7f91af4ae3f0
2,7f91a7da6ea9,7f91a7da6ec0
2,7f91af4aeea0,0
1,7f91a7da6eb7,7f91adca2da0
3,5647ab733cfa,5647a8809650
2,5647aae334fd,0
7,7f91a7e876be,5647ab8d717c
2,7f91af4ae2f2,7f91af4ae2fc
7,7f91a7e87685,7f91a87ca923
7,7f91a7e87ac5,7f91af4ae3a6
2,7f91a7da6e84,7f91a7da7102
2,5647aae334ce,0
1,7f91af4aeec6,7f91af4aee11
2,5647ab733c82,0
2,5647aae334c3,0
2,5647ab733cc0,5647ab733ec8
2,5647aae334db,5647aae334f5
7,3ffffffc0789f47,0
7,7f91a7e8769a,5647ab8d717c
2,7f91af4aee91,0
1,7f91af4aee2a,7f91a87353e0
5,5647aae1206f,5647aae0b9d0
2,5647a8c1b06e,5647a8c1b112
1,7f91af4ae628,5647ab94f710
2,7f91af4aee24,0
2,5647a8c1b065,0
2,7f91af4ae63d,7f91af4ae609
5,7f91a7d2f635,7f91aded3180
7,7f91a7e87633,5647ab8d717c
1,7f91af4ae63a,7f91afb51f60
2,7f91af4ae634,7f91af4ae628
1,7f91af4ae631,5647ab8d6470
2,7f91af4aee0f,7f91af4aee88
1,7f91af4ae60d,7f91af489430
7,3ffffffc078979d,0
1,7f91af4ae64c,5647ab91d5d0
4,7f91a872f200,0
7,7f91a7e8760a,5647ab8d717c
7,7f91ad68f642,7f91ad69ebee
2,7f91af4ae61f,7f91af4ae636
2,7f91af4aee1e,0
3,5647a8c1b05a,5647a8809ac0
1,7f91af4ae61c,7f91a7e8b590
7,7f91a7e87653,7f91af489986
7,7f91a7e8761f,5647ab8d717c
2,7f91af4aee14,0
2,7f91aaf86211,7f91aaf86222
7,7f91a7e87a5c,7f91af489986
5,7f91a7d2f65c,7f91aded3180
3,7f91af4ae612,7f91af48c7a0
2,7f91af4ae610,7f91af4ae617
2,5647aba447ab,0
2,5647aba4c3ab,0
1,5647ab8e4bea,5647ab8e4aec
4,5647aba6dbaa,5647aba6dc08
2,5647ab0ccbaa,5647ab0ccbe0
2,5647a914cbeb,0
2,5647ab94cfa9,5647ab94d088
2,7f91afb591ed,0
2,5647ab2e43a9,5647ab2e43c8
2,5647ab2e43e9,0
2,5647ab8e4ba8,0
2,5647a914c3ad,0
2,5647a914cbac,0
1,7f91afb595aa,5647ab943bf8
2,5647a914c7af,0
7,5647ab945bed,0
2,5647a914cbe1,5647a914cbe8
2,5647ab8e43e3,5647ab8e4418
2,5647ab8e47e3,5647ab8e48e0
2,5647a914c3a0,5647a914c5e0
1,5647ab8ec3e2,5647ab8ec2b4
7,7f91afb58de4,7f91afb594aa
1,5647ab96c7a0,5647ab96c65a
1,5647aba4c3e0,0
2,5647ab0ccbe7,0
7,5647ab9c53e7,5647ab995b5b
2,5647a914cba4,0
1,5647ab96c3a6,5647ab96c327
2,5647ab0ccba5,5647ab0ccbdd
3,5647a914c3e7,5647ab8f7f30
1,5647a93ecba6,7f91a875ffb0
3,5647ab94cfe4,5647a97f4eb0
2,5647ab9c43e4,5647ab9c45f8
2,5647a914cbf8,0
2,5647a914c7b8,5647a914c6f1
3,5647ab8ec3f8,5647ab8eb7c0
2,5647a914c3fa,5647a914c658
3,5647a914cbbd,5647ab8e95b0
2,5647ab0ccbbf,5647ab0ccbdd
2,7f91afb591fa,0
7,5647ab96d3be,5647ab9479a6
1,5647ab8ec3fd,5647ab8ec056
2,5647a916cbbe,0
2,5647ab0ccbb3,0
2,5647ab96cfb2,5647ab96d044
2,5647ab2e43f7,0
2,5647aba443b7,0
2,7f91afb791f2,7f91afb7922b
4,5647ab9ed7f6,5647ab9fb7d2
2,5647a914c3b7,5647a914c9c0
1,5647ab0ccbf5,5647ab0ccd60
7,5647aba6dbb5,5647ab9d3cc9
2,5647ab0ccbcb,0
2,5647a914cb88,0
2,5647ab8e43ca,0
2,5647aba447ca,0
7,7f91ae9d858f,7f91ae9df299
2,5647aba4cfc9,5647aba4d6d9
2,5647aba4478f,5647aba447a1
2,5647ab8ec3ce,0
7,5647aba45f8e,5647aba4203e
1,5647ab8e4b8e,0
2,5647ab9647cc,0
2,5647a91ccbce,0
4,7f91a80f09c0,7f91aded58d0
2,5647ab96c780,0
1,5647ab8e4bc0,5647ab8e4aec
2,5647a914cb84,5647a914cb8e
3,7f91afb59581,7f91afb57d50
2,5647ab8ec3c5,0
3,5647a914cb99,5647ab8e95b0
2,5647ab9647db,0
2,5647ab0ccb99,0
2,5647a914cbdb,5647a914cbe8
2,5647ab96c399,0
3,5647ab94cfd9,5647a97fe0f0
3,5647ab8e4b99,5647a9262230
2,5647ab8ec798,5647ab8ec75e
2,5647ab8e43d8,0
2,5647ab96c39f,0
1,5647aba447de,5647aba437ed
1,5647ab8e4b9e,0
1,5647ab0ccbdd,5647ab0ccd60
2,5647ab94cf9d,5647ab94cfcc
3,5647aba4439d,5647a8809560
1,5647ab9e439c,5647ab9e2dc8
2,7f91afb595d7,7f91afb59630
4,7f91a80f09d0,7f91aded17a0
3,5647a914c3d0,5647ab8d6440
2,5647aba44392,0
2,5647a93ecb93,0
2,5647ab0ccbd1,5647ab0ccbd8
3,5647ab8e4bd1,5647ab8e3220
1,5647ab8ec790,5647ab8ec6e0
3,5647ab9c4b90,5647a8809560
2,5647ab8ec3d7,0
1,5647ab8e4bd6,5647ab8e4b4b
1,5647aba44fd5,5647aba41ee0
5,5647ab945fd5,5647ab8fe1d0
2,5647aba447d4,0
2,5647ab9c4bd4,0
1,5647ab944f2b,5647ab944148
2,5647ab8ec76b,5647ab8ec6e0
2,5647ab96c76a,0
2,5647ab96c32a,0
2,5647ab2e4329,5647ab2e4348
2,5647ab2e4369,5647ab2e4388
2,5647a936c72d,0
2,5647a926c32c,0
1,5647ab96c72d,5647ab96c74e
3,5647ab94cf23,5647a8809b70
3,5647a936c721,5647ab82f0a0
1,5647ab94cf23,7f91a7e87420
4,7f91a80f0920,7f91a80fc710
7,5647ab945362,5647ab93e8dd
2,5647ab944f21,0
2,5647a914cb63,0
2,5647ab8e4f61,0
1,5647ab8e4b61,0
1,5647aba4c760,5647aba4c813
2,5647aba44767,0
2,5647ab8e4b66,5647ab8e4b5d
2,5647aba4cb26,0
2,5647ab9c4b26,5647ab9c4b87
2,5647ab96c325,5647ab96c390
2,5647a926c327,0
2,5647aba4cb24,0
1,5647a92c4326,7f91a7e87ba0
3,5647ab96cf3a,5647ab925bb0
1,5647a914cb3a,5647a914c578
2,5647a926c33a,0
2,5647ab96c33f,0
2,5647a914cb7c,0
2,5647a93ecb3f,0
3,5647a914cb71,5647ab8e95b0
3,5647ab8ec733,5647a90044f0
2,5647ab94cf33,5647ab94d0fd
2,5647aba4cb33,0
2,5647ab96c373,0
2,5647ab8e4f72,5647ab8e4f90
2,5647a914c332,5647a914c2b5
5,5647aba45b30,5647aba424c0
2,7f91ae9d1d32,7f91ae9d1d41
2,5647a926c335,0
3,5647a936c734,5647ab923870
2,5647ab8e4335,5647ab8e430b
2,5647a914c336,5647a914c800
2,5647ab8e4f74,5647ab8e4f7b
2,5647ab96c334,0
2,5647a926c376,5647a926c448
2,5647ab9c4f0b,5647ab9c5030
2,5647ab8e4b0a,5647ab8e4bc8
2,5647a926c30b,0
3,5647ab94cf08,5647ab9a9680
2,5647ab96c348,0
2,5647a914cb4d,0
2,5647a936c74c,0
2,5647ab9e430d,5647ab9e2999
1,5647a92c470f,5647a92c431d
1,5647ab8e430c,5647ab972500
3,5647ab96cf43,5647ab925b70
2,7f91ae9d1d47,0
2,5647a92c4703,0
7,5647ab8e5b01,5647ab8dc787
1,7f91afb59145,7f91afb58dc4
2,7f91ae9d1905,7f91ae9d17c1
2,5647aba4cb47,0
1,5647ab8e4b07,0
3,5647ab9e4306,5647ab964a30
2,5647aba6c706,5647aba6c9a0
3,5647ab8e4b46,5647a92607b0
2,5647a914c707,0
2,5647a914c307,0
3,5647a914cb46,5647ab8f8660
2,5647a914c359,0
2,7f91ae9d1d1e,0
2,7f91ae9d1d5f,7f91ae9d1e60
7,5647ab8ed75a,5647ab8ed97f
2,5647ab96c719,0
2,5647ab8ec758,5647ab8ec795
2,7f91afb5955c,0
2,5647ab96c75f,0
3,5647a914cb5c,5647ab8f8660
3,5647ab96c35e,5647ab8ef5b0
2,5647aba4c75e,0
1,5647ab8e4b1d,5647ab8e4b4b
2,5647a93ecb5f,5647a93ecb86
2,5647ab8ec71c,5647ab8ec8b3
2,5647ab8ec75c,5647ab8ec763
2,7f91ae9d1d56,0
2,5647ab944f12,0
2,5647a914c710,5647a914c7a7
2,5647ab8ec752,5647ab8ec763
2,5647ab96c351,0
2,5647a92c4313,0
2,5647a936c714,0
3,5647a914c314,5647ab94f7e0
2,5647ab96c755,0
2,7f91ae9d1d50,0
2,5647ab8ec6eb,0
3,7f91ae9d18ae,7f91ae9cfc60
2,5647a914c6eb,5647a914c9e0
2,5647a914c2ab,5647a914c5a0
2,5647ab9c4ee8,0
2,5647ab8ec2ae,5647ab8ec3b8
3,5647a914ceee,5647ab8d6440
1,5647ab8e46e3,0
3,5647a916cae0,5647a880ade0
3,7f91afb594a5,7f91afb58c80
1,5647a916cae5,5647a916c930
2,7f91afb59ce3,0
1,7f91afb594e3,7f91afb595a0
2,5647a914cea4,5647a914d598
7,5647ab8ed2a6,0
2,5647ab8e46e6,0
2,7f91afb594e1,7f91afb594f3
1,5647ab94cea5,5647ab94ccb5
2,5647ab8ec2a5,0
2,5647a914c6a6,0
2,5647ab8e4afb,5647ab8e4b90
2,7f91afb590bf,0
2,5647a914c6b8,5647a914c700
1,5647a914c6f8,5647a914c633
2,5647a914c2b8,5647a914c378
2,7f91afb594fe,0
2,5647ab96c6b8,0
1,5647ab8e4ab8,0
2,5647a914c2fd,5647a914c39e
2,5647ab8e4abf,0
2,5647ab8e46be,0
2,5647ab8ec6bd,0
2,7f91afb594f9,7f91afb594f0
2,5647ab9c4efd,0
1,7f91afb594b8,7f91afb593ae
1,5647a926c2fe,5647a926c31b
1,5647ab94cef3,0
1,7f91ae9d18b7,7f91ae9d16a5
1,7f91afb594f6,0
2,5647a914c2b3,5647a914c330
7,5647ab945af0,5647ab8fd0f7
2,5647abac42b0,0
1,5647a916caf5,5647a916c98a
1,5647ab9c4eb7,5647ab9c4d91
2,7f91afb790f2,0
2,5647ab94cef6,5647ab94d0d0
2,7f91afb59cf2,7f91afb59d8a
1,5647a914cef7,5647a914ce50
1,5647ab9e42f5,5647ab9e2c02
1,5647ab8e46b5,0
3,5647a914c2c8,5647ab8f7f10
7,5647ab8ede8a,7f91a7e8bf50
2,5647ab8ec6ca,0
2,7f91afb590ce,7f91afb5921d
2,5647a926c288,5647a926c498
2,5647ab8ece89,5647ab8ece33
2,5647ab8e4a88,5647ab8e4bdb
3,5647ab8ec688,5647ab8d6490
2,5647ab964688,0
2,5647ab8e46c8,0
3,5647a914ce8d,5647ab8cf6b0
2,5647ab8ec2cf,5647ab8ec246
2,5647ab96c6cf,5647ab96c716
1,5647a914c6cc,0
2,5647a914c6cf,5647a914c6e6
2,5647ab9442cc,0
2,5647ab8e4acc,5647ab8e4ba0
2,7f91afb790c7,0
3,5647ab96c6c2,5647ab96cf20
1,7f91afb594c5,7f91afb593f8
2,5647ab2e4681,5647ab2e3f42
2,5647a914ce82,5647a914ce89
2,5647ab944287,5647ab944f05
2,5647ab96c687,0
2,5647ab8ece87,5647ab8ecea0
7,5647a92456c4,5647ab984b2e
2,7f91afb59082,7f91afb5922f
2,5647ab96cec4,0
2,5647ab964a9b,0
2,5647ab8ec69b,5647ab8ec910
1,7f91ae9d1c9e,7f91ae9d1b88
7,5647ab8e5e9a,0
7,7f91ae9d809f,7f91ae9d1839
2,5647ab9c4ed8,0
1,5647ab964ad8,7f91afb543e0
2,5647ab8e4a9f,5647ab8e4a98
2,7f91afb59cda,7f91afb59d83
2,5647a92c42dc,0
2,5647ab9c4e9d,0
7,5647ab94d693,5647a91d1f6c
5,5647aba45a93,5647aba424c0
4,7f91a80f08d0,7f91a7e8b590
7,7f91ae9d0097,7f91ae9d51ff
3,7f91afb790d4,7f91afb77f10
7,5647ab945ad0,5647abab334e
1,5647ab8ec6d7,5647ab8ec722
2,5647ab8ec297,0
2,7f91afb59cd2,7f91afb59df0
2,5647a926c294,0
3,5647a914c697,5647ab8f8790
2,7f91ae9d182e,0
1,5647ab8ec26a,5647ab8ec090
1,5647ab964629,5647ab964678
2,5647a914c66a,5647a914d040
2,5647ab8ec228,5647ab8ec235
2,5647aba4c22f,0
2,5647ab9c462f,0
2,7f91afb5902b,0
2,5647ab8ec22e,5647ab8ec235
7,5647ab8e526c,5647ab8d1410
2,5647ab9c4a2c,5647ab9c4902
2,5647ab8e4623,5647ab8e4640
2,5647ab94ce63,0
4,7f91a80f0820,7f91a7e62db0
1,7f91afb59465,7f91afb59415
2,5647a916ca22,5647a916caf0
3,7f91afb59424,7f91afb58a60
2,5647ab96c660,0
2,5647a926c262,5647a926c278
2,5647ab964627,0
2,5647ab944626,0
2,5647a914ce64,0
2,5647ab94ce26,0
1,5647a914ce24,0
2,5647a914ce26,5647a914ccc3
2,5647ab964a3b,0
1,5647ab8e463a,5647ab8d70e0
1,5647ab94ce39,5647ab94ce51
2,5647ab96c679,0
1,5647ab8e4a79,0
7,5647ab945638,0
2,7f91afb5947c,7f91afb593cc
2,5647ab8e4a7f,5647ab8e4b20
1,5647a914c63c,5647a914c349
2,5647a914ce7c,0
2,5647a914ce71,5647a914ce89
2,7f91afb59036,7f91afb58ec2
3,7f91ae9d1834,7f91ae9d7f90
7,5647ab96da30,5647ab96d453
2,5647ab8ece76,5647ab8ece33
3,5647a914c637,5647ab8d6440
2,5647a916ca77,5647a916c907
2,5647ab94ce74,0
2,5647ab94ce4b,0
2,7f91afb5940f,7f91afb59450
3,5647ab96460b,5647ab9647a0
2,7f91ae9d1c0d,0
1,5647ab94420f,5647ab9435da
2,5647a914c60d,0
2,5647ab8ec20f,0
2,5647ab8e460f,0
2,5647ab964a4e,5647ab964a68
1,7f91afb5944a,7f91afb584f0
1,7f91afb59c4a,7f91afb59250
1,5647ab9c4a0d,5647ab9c496e
2,5647ab9c460d,5647ab9c461f
2,7f91afb59048,7f91afb59138
7,5647ab8ed643,7f91a7e8bad0
2,7f91afb59006,0
2,5647ab2e4641,5647ab2e4590
1,5647ab944640,5647ab943bb1
2,5647a914c602,5647a914c608
2,5647ab8ec240,0
3,5647ab964600,5647ab91de00
2,5647a92c4645,5647a92c44d0
2,5647ab2e4a07,5647ab2e4510
2,5647ab8e4606,0
2,7f91ae9d1840,0
2,5647ab964a44,5647ab964ad8
2,5647ab9c4244,5647ab9c43c8
1,7f91afb59040,7f91afb58dc4
7,5647ab8e5a5b,5647ab8e5a02
2,5647ab94ce5b,5647ab94ce40
2,7f91ae9d1c5e,7f91ae9d1b73
5,7f91ae9d805e,7f91ae9df550
7,5647ab8e5a1a,0
2,5647ab8e461a,0
2,5647a916ca18,0
2,5647a914ce1c,0
2,5647a914ce5e,0
2,7f91afb59418,7f91afb59430
7,7f91afb58458,7f91afb5a2c3
7,5647ab1ed252,5647ab9eddc6
2,5647ab964612,0
2,5647a914ce53,5647a914ce6b
2,5647a914ce13,5647a914ce44
1,5647ab9c4a51,5647ab9c4940
2,7f91ae9d1853,7f91ae9d16bd
2,5647ab944615,0
2,5647a914c617,5647a914cb40
1,5647ab8e4655,5647ab8e4560
2,5647ab9441ab,0
1,5647ab8e4dea,0
2,5647a914c9eb,5647a914c6f1
2,7f91afb593ed,7f91afb594c0
2,5647a914cdab,5647a914ceea
3,5647ab9441e8,5647ab8d6f50
2,5647aba6c9af,0
1,5647ab8e49ee,5647ab8e4890
2,7f91ae9d1bab,0
2,5647ab9c49ee,5647ab9c4a4c
2,5647a914c5ef,0
2,5647ab8e4ded,5647ab8e4ea0
2,5647a914c5af,0
2,7f91afb593a8,7f91afb59490
1,5647ab9e4da2,5647ab9e2826
3,5647ab8e49a2,5647ab8d25c0
2,5647a914c9e3,5647a914c6f1
2,5647a916c9a3,0
2,5647aba4cda1,0
3,7f91afb59ba5,7f91afb59af0
2,7f91afb59be5,0
2,5647a914c5e2,0
7,5647ab9c5de0,5647ab9ba419
2,5647ab9c4da0,5647ab9c4dae
3,5647ab8e49e6,5647ab8cf6b0
2,5647ab8ec1a4,0
1,5647ab8e45e4,5647ab8e4560
2,5647a914c5a6,0
2,5647ab8ec1fb,5647ab8ec290
1,5647ab8e45bb,5647ab8e459d
2,5647a916c9b8,5647a916c9c2
4,5647aba4d1fa,5647aba4d3e3
2,5647ab8e49ba,0
4,5647ab9451b9,5647ab9452e0
2,7f91afb593bc,7f91afb593cc
2,7f91ae9d17fa,7f91ae9d180d
2,7f91ae9d17bb,7f91ae9d18f8
2,7f91afb59bb9,7f91afb59c70
2,5647ab9c4dbd,0
2,5647ab8e49b3,0
1,5647ab9641b1,5647ab9640ee
2,5647ab2e45b1,5647ab2e3c67
2,7f91afb51ff4,7f91afb52260
2,5647a914c5f5,5647a914c5fc
3,5647aba4cdb5,5647a8809540
1,5647ab8e41b4,5647ab8e3f4c
3,5647ab8ec1f4,5647ab8ebf20
2,7f91afb593cf,0
2,5647ab8e49cb,5647ab8e49db
4,5647aba4518b,5647ab9548b0
2,7f91afb51f8e,7f91afb521d0
2,5647aba4cdca,0
1,5647ab8e41ca,5647ab8e41b0
3,5647a914cd88,5647ab8f2990
7,5647ab065589,5647aba22ded
2,5647ab8e4988,0
7,5647ab8ed58f,5647ab9edda2
2,5647ab8e458f,0
1,5647ab8e4dcf,5647ab8d85e0
2,5647ab96418e,0
3,5647ab8ec18d,5647ab8ff1d0
2,5647ab9c4dcd,5647ab9c4ec0
2,7f91afb51fc8,7f91afb51fe0
2,5647ab8e45cc,0
2,5647ab0ccd83,5647ab0ccd90
2,5647aba4c583,5647aba4c758
2,7f91afb593c6,7f91afb59470
1,5647a914c9c2,5647a914c3c4
1,7f91ae9d17c5,7f91ae9d1682
3,5647ab8ec1c7,5647a90044f0
3,5647a914c585,5647ab8d6440
3,5647aba6c987,5647ab8d6440
2,5647ab9441c6,5647ab9441a8
1,5647ab0ccd85,5647ab0ccb90
2,5647aba4cdc4,0
2,5647ab9c4d84,5647ab9c4eb0
1,7f91afb793c0,0
2,7f91afb593df,0
1,5647ab0ccd9b,5647ab0ccb90
3,5647a914cd98,5647ab8d6440
7,5647ab96d9da,5647ab96d369
2,5647ab8e4599,5647ab8e45b6
1,5647a914c5db,5647a914c303
2,5647ab9441df,5647ab9441f4
7,5647ab8e599f,5647ab8e5474
1,5647a926c99f,5647ab91b970
7,7f91afb58b99,7f91afb59429
7,5647ab8ed1d3,5647ab925094
3,5647ab9e4d93,5647a8809d10
2,5647ab8e45d3,0
2,5647aba4cdd3,0
7,5647ab9c55d3,5647ab9c4603
3,5647ab8e4591,5647a8809ac0
1,5647aba6c991,5647aba6c9a2
1,5647a914c592,5647a914c667
2,5647a916c9d2,0
3,7f91afb59b94,7f91afb59390
2,7f91ae9d1b92,7f91ae9d1ba5
5,5647aba45196,5647a95d3e30
2,5647ab944195,5647ab944c21
4,7f91afb50fd0,7f91a7d9a9a0
2,5647ab8e456b,0
2,5647aba6c96b,0
2,7f91ae9d1b2f,0
3,5647ab8e4969,5647ab8d6490
1,5647ab8ec968,5647ab8ec186
2,5647ab9c4928,0
2,5647ab2e456f,5647ab2e49e8
2,5647ab9c4d6f,0
5,5647ab8e552f,5647ab8d7940
2,5647ab8e492e,5647ab8e495d
2,5647ab96492d,0
2,5647ab0ccd6c,5647ab0ccd85
2,5647a926c920,5647a926c980
2,5647ab964961,0
3,5647ab964161,5647ab8cf6b0
3,5647aba6c960,0
2,7f91afb51f63,7f91afb52110
1,7f91afb51f63,7f91afb51f60
2,5647ab8e4567,0
2,5647a916c925,5647a916cae0
7,5647ab8ed967,5647ab8ed653
2,5647aba4c527,0
1,5647a926c165,5647a926b3c0
1,5647ab964166,5647ab96417e
2,7f91ae9d1b23,0
2,5647aba4c565,0
1,7f91afb5933f,7f91afb5928b
5,5647ab8e5d3a,5647ab8d7940
2,5647ab8e493a,0
2,5647ab9c493a,5647ab9c49e8
2,5647a914c57b,5647a914d188
1,7f91afb5937d,7f91afb592b8
2,5647a926c13b,0
5,5647ab9c5178,5647aba03340
1,5647ab964538,5647ab964501
2,5647aba4cd7f,5647aba4cd58
2,5647ab8e497e,0
2,5647ab94413c,5647ab944280
2,5647aba6c97c,0
3,5647a914cd71,5647ab8f8160
2,5647ab9c4932,0
2,5647ab8e4971,0
1,5647ab8ec971,5647ab8ec8de
2,7f91ae9d1b34,7f91ae9d1c98
2,5647ab2e4531,5647ab2e4410
2,5647a916c932,5647a916ca0d
2,7f91afb59334,7f91afb5928b
2,5647ab944177,0
2,5647aba6c976,0
2,5647ab0ccd76,0
2,5647a91ccd34,5647a91cd195
2,5647aba6c534,0
1,7f91afb59370,7f91afb5926e
3,5647aba6c50b,5647ab8d6f50
7,5647ab8e5d4b,7f91a7e87420
1,5647ab8ec90b,5647ab8ec186
2,5647ab96494b,0
2,5647a914c508,0
2,5647aba4cd0a,0
3,5647ab94cd08,5647ab8d20d0
3,5647a936c50a,5647ab8d6440
2,5647a916c90a,0
1,5647ab9c490f,5647ab9c491d
1,7f91afb5930a,7f91afb58310
7,7f91afb5830a,7f91afb59e4a
2,5647ab96450e,0
1,5647ab94cd0d,5647ab94cc9e
2,5647ab96494d,0
3,5647aba6c503,5647ab8db460
3,5647aba4cd02,5647a8809650
2,5647aba4cd42,0
2,5647ab964102,0
2,5647ab964142,5647ab96414c
2,5647a926c143,5647a926c155
2,5647ab8ec107,5647ab8ec160
3,7f91afb59f03,7f91afb595b0
2,5647ab8e4946,0
2,5647ab9c4d46,0
2,5647a91ccd07,0
2,5647ab9c4905,0
2,5647ab8e4104,0
2,5647ab964944,5647ab964954
1,5647ab964104,5647ab96413f
2,5647a914cd06,5647a914cd52
1,5647ab8ec91b,5647ab8ec6a9
1,7f91afb5931f,7f91afb592d5
2,5647ab9c491b,5647ab9c48f2
2,7f91afb59b1d,7f91afb59b28
3,7f91afb5935d,7f91afb58c80
2,5647aba6c518,0
2,7f91ae9d1b1a,0
2,5647a926c11d,5647a926c130
2,5647a914c51c,5647a914cb28
1,5647a936c51c,0
1,7f91afb59b1a,0
2,5647a936c51f,0
2,5647ab96491d,5647ab964926
1,5647ab8e411c,5647ab8e3eb0
2,5647ab9c4d5c,0
1,5647a984c111,5647a98495c0
2,5647ab964153,0
2,5647a91ccd11,0
7,5647aba45152,5647ab9ff684
2,5647ab8ec950,0
2,5647ab964917,0
2,5647ab8e4957,0
2,5647ab8ec116,5647ab8eccb5
3,5647ab8ec916,5647a9277100
3,5647ab944155,5647ab8d6490
3,5647ab964155,5647ab8d6f50
4,7f91afb50f50,0
2,7f91ae9d16af,0
3,7f91afb59aae,7f91afb57bb0
1,5647a926c4a8,5647a926c29a
2,5647ab8ec0e9,0
2,7f91afb592ad,7f91afb59378
2,5647ab8ec0a8,0
2,5647ab9640e8,5647ab9641a8
2,5647ab94cce8,0
2,5647a914c4ad,0
2,5647ab94ccaf,5647ab94cea0
3,5647aba6c4ef,5647a880ae10
2,7f91afb59eeb,7f91afb59f00
2,5647a914ccac,5647a914ce40
1,7f91afb59ae9,7f91afb57bb0
2,5647ab9648ac,0
3,5647a936c4e1,5647a8b1a2f0
7,7f91ae9d0ae6,5647ab9b9168
3,5647ab8e48e2,5647ab8e4a70
2,5647a914cce0,0
2,5647a92c44e0,5647a92c4318
2,7f91ae9d16a7,0
2,5647a914cca2,5647a914ce10
3,5647a914c4e2,5647ab8f2990
3,7f91afb592e4,7f91afb58a60
1,7f91ae9d1ae5,7f91ae9d1a50
3,7f91afb59ee3,7f91afb59e10
2,5647a926c8e7,5647a926c8d0
2,5647ab8ec0e4,0
3,5647a936c4a6,5647ab8cff10
3,7f91afb59ea0,7f91afb59c80
2,5647ab8ec8bb,5647ab8ec920
5,5647ab8e5cfb,5647ab8fd3f0
1,5647ab94ccfb,5647ab94ccb8
2,5647ab8e48fa,0
1,5647ab9648b9,5647ab964871
1,5647ab8eccb8,5647ab8ec4b7
3,5647ab9c48f8,5647ab9c4810
2,5647a914ccfd,5647a914cd52
7,7f91afb582fa,7f91afb59e4a
2,5647ab9c48bd,5647ab9c4918
7,5647ab94d0fc,5647ab946c0b
2,5647aba6c4fc,0
2,5647ab9644f3,0
2,7f91afb59eb6,7f91afb59ec4
2,5647a914ccf0,0
2,7f91ae9d16b7,7f91ae9d17f0
3,5647ab9648b1,5647ab8d7470
2,5647ab2e44b1,5647ab2e44d0
2,5647ab2e44f1,5647ab2e4308
3,5647a914c4f2,5647ab8d6440
2,5647ab9c48b0,5647ab9c4a18
2,5647ab9644b0,0
1,7f91afb59ab3,7f91afb59a6c
1,7f91afb59ef3,7f91a8735380
2,5647a936c4b4,0
2,5647a916c8f4,0
1,5647ab8e44b5,5647ab8e43fa
2,5647ab8e40cb,5647ab8e3eb0
2,5647ab8e48cb,0
2,7f91afb592cf,7f91afb59310
2,5647ab8ec0ca,5647ab8ec0d9
2,7f91afb5928e,0
2,5647a926c8cb,5647a926c8e9
3,5647a914c4cb,5647ab8f8160
1,5647ab96c0c9,5647ab96bebc
2,5647aba4ccc9,0
2,5647ab94ccc8,0
2,5647ab96cc8f,0
2,7f91ae9d16cb,7f91ae9d1746
3,5647ab9e48cd,5647a8809d10
3,5647ab9640cd,5647ab9645d0
2,5647a914cc8e,5647a914ce10
2,7f91ae9d1686,0
4,7f91a80f0a80,7f91adecffa0
2,5647ab8e48c2,0
2,7f91afb59285,7f91afb59328
3,7f91afb59ec4,7f91afb50fd0
2,5647abac40c7,0
2,5647a936c4c4,0
2,5647a914c486,0
3,7f91ae9d1a81,7f91ae9d1610
1,5647ab94ccc4,0
2,7f91afb5929f,0
2,5647ab9640db,0
2,5647ab94ccdb,0
3,5647ab9c489b,5647ab9c3620
2,5647a914cc98,0
2,7f91ae9d169f,7f91ae9d18a8
2,5647a936c49a,0
1,5647aba4c898,0
2,5647ab8ec09f,0
2,5647ab8e489d,0
3,5647a926c49f,5647ab8f0f30
1,5647ab9e48dc,5647ab9e2826
2,5647ab94cc9c,5647ab94cd08
2,7f91afb592d8,0
2,5647ab8ec0d3,5647ab8ec1c0
2,5647ab8ec4d3,5647ab8ec66d
2,7f91ae9d1a96,7f91ae9d1aa4
2,5647a914ccd0,0
7,5647ab8e5cd1,7f91a7e8bf50
2,5647ab94ccd0,5647ab94ce20
7,5647ab8ed4d7,5647ab9edd43
2,5647aba4cc97,0
2,5647ab9c4896,0
1,5647ab8e48d5,5647ab8e4890
2,7f91ae9d1690,7f91ae9d169d
2,5647a914c496,0
2,5647ab8ec8d4,5647ab8ec96d
7,5647ab94d46b,7f91a7e8b590
2,5647a914c429,0
3,5647ab8e446b,5647ab8d6440
2,7f91ae9d1a6e,7f91ae9d1a7c
2,5647ab9c486b,5647ab9c488a
1,5647aba4446b,0
2,7f91ae9d1e2f,7f91ae9d1e47
2,7f91ae9d166f,0
2,5647ab8e4029,0
2,7f91ae9d162d,0
3,7f91afb7926b,7f91afb790a0
2,5647a914c82d,0
1,7f91afb5962b,0
2,5647ab8e442e,0
2,5647aba4cc6e,0
2,7f91afb59a6a,7f91afb59a80
5,5647ab8e546d,5647ab8e5950
2,7f91afb59268,7f91afb59348
1,7f91afb59668,0
2,5647ab8e4823,5647ab8e48bf
1,7f91ae9d1e65,7f91ae9d1e15
3,5647a914c825,5647ab8f8c10
7,5647aba4d067,5647aba43afc
2,7f91ae9d1663,0
1,7f91afb59221,7f91afb58dc4
1,5647ab944c24,5647ab9441d8
2,5647ab8e4424,0
2,5647a936c466,0
2,5647aba4cc7a,0
2,5647ab8e4039,5647ab8e4058
2,7f91ae9d167c,7f91ae9d17b4
2,7f91afb5927c,7f91afb5928b
3,7f91afb5963c,7f91afb510e0
2,7f91ae9d163a,0
1,5647ab8e447e,5647ab8e43fa
2,5647a914c83c,0
3,5647a936c47c,0
2,5647aba6c43d,5647aba6c4e0
7,5647aba6dc3d,5647abab6755
2,5647ab96c03c,5647ab96c04e
2,5647ab94cc73,0
3,5647a914cc30,5647ab8f7f30
3,5647a914cc70,5647ab8e95b0
3,5647a914c470,5647ab8d6440
2,5647ab2e4431,5647ab2e4450
2,5647ab2e4471,5647ab2e4490
2,5647ab96c070,0
7,7f91afb58674,7f91afb59b99
2,5647a926c835,0
2,5647ab8e4437,0
1,7f91afb59233,7f91afb58dc4
3,5647a914c437,5647a936ac70
2,5647ab8e4475,5647ab8e44ae
2,7f91afb59670,0
7,5647ab065474,5647aba30dcd
2,5647a914c849,5647a914c349
2,7f91afb59e4d,0
3,5647ab8ec048,5647ab8eb7c0
2,5647a914cc4a,5647a914cc68
2,5647a914c40a,0
2,5647a926c84d,0
2,7f91ae9d164a,7f91ae9d165f
2,5647ab8ec00e,0
1,7f91afb5920a,7f91afb58dc4
1,7f91afb59e0a,7f91afb59cd8
3,5647ab8e484e,5647ab8d6490
2,5647a926c44c,0
2,5647ab8e444d,0
7,7f91ae9d8208,7f91ae9df348
7,5647ab8edc0c,5647aba37d34
2,5647ab96cc4c,0
4,7f91a80f0a00,7f91a8100ad0
2,5647ab8ec042,5647ab8ec3f8
2,5647ab96c041,0
2,5647ab8e4441,5647ab8e4448
3,7f91afb59e45,7f91afb58270
1,5647ab2e4401,5647ab2e3bcb
2,5647a914cc02,5647a914cc09
7,5647aba6dc00,5647abab6755
2,5647ab96c047,0
2,5647ab8e4407,0
2,5647ab8e4046,5647ab8e3fe8
2,5647ab9c4846,0
3,7f91afb59e01,7f91afb59b40
2,5647ab9c4c05,5647ab9c4c0e
3,5647a914cc19,5647ab8d6440
2,5647a936c459,0
2,5647ab9c4c1b,0
2,7f91ae9d1e1f,7f91ae9d1e2b
3,5647a914c45b,5647a936ac70
3,7f91afb5965d,7f91afb5f6e0
2,7f91afb5961d,0
2,7f91ae9d1a5d,0
3,5647ab8e445f,5647ab8e4600
2,5647ab96c05d,5647ab96bfa0
2,5647a926c81e,5647a926c82d
7,5647ab96dc13,5647ab94795b
2,7f91afb59a57,7f91afb59ab8
2,5647a914c450,0
7,5647ab96d052,5647ab96c6c7
1,7f91ae9d1e57,7f91ae9d1b10
2,5647ab8e4011,5647ab8e402b
2,5647ab8ec050,0
2,5647aba4cc10,5647aba4d6b8
2,5647a926c855,0
2,5647a914c415,0
2,5647ab8e4817,5647ab8e4842
2,5647ab964057,0
2,5647ab8e4056,5647ab8e403b
2,5647aba4c816,0
2,5647a926c454,5647a926c385
1,5647a926c817,0
2,5647ab8edbea,0
3,5647ab94d7ea,5647a880a280
2,5647ab9ed7aa,0
3,5647ab94d7a9,5647ab8dd3d0
1,5647a92457eb,5647a9245734
2,7f91afb585ac,7f91afb58678
2,7f91afb589ec,0
2,7f91ae9d81aa,0
1,7f91afb78daa,0
7,7f91afb59de9,7f91afb59ea5
1,5647ab945bec,5647ab8d7470
2,5647ab9ed7a2,0
2,7f91ae9d81e7,0
2,7f91afb589a6,7f91afb58a2e
1,5647a92457a3,5647a9245686
2,5647ab945fe0,5647ab945bc7
7,5647a91ccbe2,0
2,7f91ae9d81a2,0
2,5647ab96d3a7,5647ab96d8ac
2,5647ab9ed7e6,0
2,7f91afb585a2,7f91afb58548
4,5647ab8e4fa6,5647ab8d7360
7,5647ab9647e5,5647ab968fbf
4,7f91afb511a0,7f91adecffa0
2,5647ab8edfe4,0
1,5647ab94d7ba,5647ab94d65f
2,5647ab0653f9,0
2,5647aba6dbf8,0
2,7f91afb581fc,0
2,7f91ae9d81bd,0
7,5647aba4c3bf,5647aba385c6
2,5647ab8edffe,0
2,5647ab9ed7bd,0
2,5647ab8edfbd,0
2,7f91afb589f9,0
2,5647a92457be,5647a92457d2
2,7f91afb581b6,7f91afb5823c
2,5647ab8edfb2,0
2,7f91afb58db6,7f91afb58ee7
1,5647ab8e5bf2,0
1,5647ab8edbb2,5647ab8edbcc
3,7f91ae9d81f4,7f91ae9d1d00
2,5647ab94d7f7,0
2,5647ab8e5bf6,5647ab8e5ce8
3,5647ab94d7b5,5647ab8db460
2,5647ab945fb5,5647ab946178
2,5647aba4d3f4,5647aba4d3fb
3,5647a9245788,5647ab8d6f50
2,5647aba4d389,5647aba4d390
5,5647ab8ec788,5647ab8ff220
2,7f91ae9d81cd,7f91ae9d81e1
7,5647ab8e4b8f,5647ab95e367
2,5647ab8edfcf,0
2,5647ab96d38f,0
2,5647ab9ed7cd,0
2,7f91afb58d89,0
2,5647ab94dfc3,5647ab94ed14
2,5647ab94d782,5647ab94d740
2,7f91afb585c4,7f91afb58584
7,5647ab96c387,7f91a7e2de80
2,5647ab94d7c6,0
2,7f91afb58582,0
2,5647ab96d386,5647ab96d4a8
2,5647ab9ed7c5,0
7,5647ab8e4f85,0
1,7f91afb78dc0,0
2,5647a9245786,5647a924578d
2,5647ab8edbdb,0
2,5647ab9ed79a,0
1,5647ab945798,5647ab94561d
2,7f91afb58d9c,7f91afb58fc0
1,5647a92457dd,5647a92456ae
7,5647ab0ccbde,5647ab962288
2,5647ab94d7dd,0
2,5647aba6db9d,5647aba6dc40
7,7f91afb59597,7f91afb5adf3
1,5647aba4d393,5647aba4cb30
7,5647a926c391,5647ab966a79
2,7f91afb58dd5,0
2,5647ab945bd6,0
2,5647ab8edb96,0
1,7f91afb78990,0
7,5647ab96c794,0
1,5647ab96d369,7f91a7e87ba0
2,5647ab94d768,5647ab94d7c0
2,5647ab8ed768,0
2,7f91afb5816b,7f91afb58224
2,7f91afb7892a,0
2,5647ab94532e,0
1,5647ab8ed76e,5647ab8ed750
2,5647ab8edb6d,5647ab8edbb8
2,7f91afb58d28,7f91afb58cec
2,5647ab96d36c,5647ab96d81e
7,5647ab8ecf6c,0
2,5647ab94df21,0
3,5647ab8e5b67,5647ab8f1710
2,7f91afb58561,7f91afb58678
7,5647a92c4327,5647ab920881
2,5647a9245767,5647a92457e8
4,7f91afb51120,7f91a7e18bb0
3,5647ab96d364,5647ab96d970
1,7f91afb5853f,7f91afb58584
2,5647aba45f7a,0
1,5647ab96d37a,7f91a8737240
2,5647aba45b39,5647aba45df8
7,5647ab8e4338,0
2,5647a924573a,5647a9245780
2,5647aba45f3f,5647aba45f6d
1,5647ab94d73e,5647ab94d75c
2,5647ab94533d,0
2,5647ab8edf7d,5647ab8edfb0
2,5647ab96d37d,5647ab96d3c0
2,5647ab8edb7d,0
2,5647ab9c5b3c,5647ab9c5dd2
7,5647a914c370,5647ab8ded9a
2,5647ab8e5372,5647ab8e5458
2,5647aba4d371,5647aba4d378
2,7f91afb58575,7f91afb58750
2,5647ab8e5b75,5647ab8e5ae6
3,5647ab96d375,5647ab8f1cc0
2,5647a9245777,5647a924573c
2,5647ab94df34,5647ab94eed1
2,5647ab94d774,0
4,7f91afb51130,7f91a7e8bad0
2,7f91afb58d0d,7f91afb58de8
2,5647aba45b08,0
2,7f91afb58d0b,7f91afb58cd0
2,5647aba45b0d,5647aba46390
5,5647ab8ec703,5647ab8d5480
1,7f91afb58947,7f91afb58655
1,5647ab8ed341,5647ab8ed295
2,5647ab945346,5647ab94556f
3,5647ab94df05,5647ab94f730
7,5647a98cc747,5647aa006751
4,5647a92c4306,5647a92c4700
4,7f91afb51140,7f91a7d2d890
4,5647aba4cb5b,5647aba4cc90
2,5647ab94d75a,5647ab94d79b
2,5647ab94531a,0
2,5647ab94df58,5647ab94d9d0
2,7f91afb5895b,7f91afb58a16
2,7f91afb58519,0
1,5647a924571f,5647a924573c
2,5647ab94d713,0
2,5647ab94df11,5647ab94eb7f
2,5647a9245753,5647a9245728
7,5647a936c754,5647aaf85f43
2,5647a9245717,0
2,7f91afb58cef,7f91afb58e40
4,5647ab9442ea,5647ab944615
1,5647ab945aef,5647ab8d5480
2,7f91ae9d00ea,0
7,5647ab9c4eaf,5647ab9c3875
2,7f91afb58caa,0
2,7f91afb58cea,0
5,5647ab8eceae,5647ab8d7940
2,5647ab9c56ec,5647ab9c5596
2,5647ab96d6e2,5647ab96d397
3,5647ab945ae1,5647ab904150
2,5647aba45ee1,5647aba46656
3,7f91ae9d00e2,7f91ae9dce50
2,5647ab94dea5,0
1,5647aba4d6e5,5647aba4d01d
2,5647ab8e5aa5,5647ab8e5b58
3,5647a92456e7,5647ab8d6490
4,7f91afb510e0,7f91a87c8830
7,7f91afb790ff,0
3,5647a92456f8,5647a8809890
2,7f91ae9d00fd,7f91ae9d007d
5,5647ab9c4ef8,5647ab9c3a40
7,5647ab8ecebe,7f91a7e87420
2,5647aba45abd,5647aba45a60
1,5647ab9c56fd,5647ab9c55af
2,5647ab94deb3,5647ab94dec3
4,5647ab8e4eb3,5647ab8d4270
2,5647ab8e5af3,0
7,5647ab8e46f3,0
7,5647ab964ab1,5647ab9e430b
2,7f91ae9d84f5,7f91ae9d8588
2,7f91afb58cb3,0
2,5647aba45ab4,0
3,5647ab96d6f4,0
1,7f91afb584cf,7f91afb583d0
2,5647ab8e5e8a,0
1,5647ab96d68a,5647ab96d481
1,7f91afb58ccd,7f91afb58cf5
3,5647aba45acf,5647aba563d0
1,5647ab945acf,5647ab8e9cc0
2,7f91ae9d008b,0
3,5647ab96da8d,5647ab9fcad0
1,5647ab96d6cd,0
2,5647a92456cf,0
2,7f91afb58888,7f91afb58a36
2,5647a9245681,5647a92456c8
3,5647ab8ed682,5647ab8cf6b0
2,5647ab8ed282,0
3,5647ab96d681,5647a92b1fd0
4,5647abac42c7,0
1,5647ab8ed687,5647ab8ed61a
2,5647aba45ec7,0
2,7f91ae9d8082,7f91ae9d8090
2,5647ab96dac7,0
7,5647ab96cec6,5647aba2a3d4
4,7f91afb510c0,5647ab8cff10
1,5647ab94da84,5647ab94e3a2
5,7f91afb790df,7f91afb53610
2,5647ab94de9b,5647ab94de60
7,5647ab96469a,5647ab9640d2
3,5647aba4d6d9,5647a8809660
2,5647ab96dad9,5647ab96dc00
7,5647ab94ce98,5647ab94bb38
1,7f91afb584db,7f91afb583d0
2,5647aba45ade,5647aba45b01
2,5647a924569c,5647a92457b0
1,5647ab94d692,5647ab8eb720
1,7f91afb58495,7f91afb583d0
2,5647ab96d6d0,0
2,5647ab96da95,5647ab96da58
2,5647aba45ed4,0
1,5647aba4d6d4,5647aba4cc2b
1,5647ab8e526b,5647ab8f3f20
2,5647ab94da6b,0
2,5647ab94562a,0
2,7f91ae9d006d,7f91ae9d00d8
1,7f91afb58c6c,7f91afb58aaf
2,5647ab8e5e6f,0
1,5647ab96da2f,7f91a7e87420
2,7f91afb5842b,7f91afb583dc
7,5647aba4c66d,5647aba32f44
2,7f91afb58467,7f91afb58439
2,5647ab96da63,5647ab96dac0
2,7f91afb58c66,7f91afb58afc
3,5647ab1ed227,5647a880a3c0
2,5647ab8ed667,0
2,5647aba45e67,5647aba460b0
3,5647ab94d666,5647ab8cf6b0
3,5647aba45e26,5647ab8d21d0
1,5647aba4da26,5647aba4d1a8
3,5647ab8ede65,5647ab8d6440
4,7f91afb51020,5647ab940518
7,5647ab964a64,5647ab9e430b
2,5647ab8ede7a,0
7,7f91afb59c7e,7f91afb59e06
2,5647aba45a79,0
2,5647ab94da78,5647ab94e390
2,5647ab94d67f,0
1,5647ab8ed27f,0
7,5647ab9c463d,5647ab9c3703
2,5647ab8ed671,0
2,5647ab8e5230,0
1,7f91afb58c33,7f91afb58b10
2,7f91afb58473,7f91afb584d8
1,5647a914d234,0
2,5647ab94de35,5647ab94de48
3,5647ab1ed235,5647a8809d10
2,5647ab8ed635,0
3,5647a9245676,5647a8809b40
2,7f91afb5884f,7f91afb5893a
2,7f91ae9d804e,0
2,5647ab96da0a,5647ab96dc18
2,5647ab945a09,0
2,7f91ae9d800c,0
2,5647ab96da4f,5647ab96da65
1,5647ab8e524f,0
2,5647aba45e4e,0
2,7f91afb5844a,0
2,5647ab94da0e,0
2,5647ab8e520d,0
2,5647ab8ede03,0
1,7f91afb58847,7f91afb58655
2,5647ab96da02,5647ab96da38
2,5647ab94de01,0
1,5647aba4da41,5647aba4d14e
2,7f91afb58405,7f91afb584a0
2,7f91ae9d8044,0
1,5647ab1ed240,5647ab1ed24a
7,5647ab8ece40,7ffd0b153f10
5,5647ab9c4600,5647ab9c54c0
2,7f91afb78003,7f91afb78daa
3,5647ab1ed207,5647a880a000
2,5647ab94da46,5647ab94da20
2,5647ab94da05,5647ab94ef80
4,7f91afb51000,7f91a7e87f80
1,5647ab8ede1b,5647ab8ede61
1,5647a92c5e19,7f91a7e87ba0
2,5647ab8ed65a,0
2,7f91ae9d801f,7f91ae9d8042
2,5647ab96da1a,0
5,5647ab8ec258,5647ab8d5480
2,5647ab8e5258,0
1,5647ab94de5e,5647ab94de62
2,5647ab1ed21d,5647ab1ed222
2,7f91ae9d0056,7f91ae9d0065
2,5647ab96da13,5647ab96da38
2,5647ab8e5a51,0
1,5647ab96da51,5647ab96dac0
2,5647ab8e5a17,0
2,5647ab945a17,0
2,7f91ae9d8012,0
3,5647ab8ede16,0
1,7f91afb58c11,7f91afb58b10
4,7f91afb51010,0
2,5647ab1ed1eb,5647ab1ed1fb
7,5647a916c9e9,0
1,5647ab8ed1ea,5647a880a000
2,5647ab8e51ea,5647ab8e5245
2,5647ab9459e9,0
1,7f91afb587ed,7f91afb5864a
2,5647ab1ed1ef,0
2,5647ab9eddae,0
2,7f91afb587aa,7f91afb58844
2,5647ab8edded,0
3,5647ab945dec,5647a8809520
2,5647ab94ddec,0
2,7f91afb58ba8,7f91afb58b7a
1,5647ab945dec,7f91a7e87420
2,5647ab9459e3,5647ab9459f0
2,5647ab1ed1e3,5647ab1ed1ed
2,5647ab9451a3,0
7,5647ab8e45a3,5647aba3ae65
7,5647ab9641a3,5647ab964047
1,5647aba451a3,5647aba45178
7,5647a926c9a0,5647ab95a262
1,5647a914d5a3,5647a914c667
1,5647ab8ed1a1,5647ab8ed1ad
1,7f91afb58fa5,7f91afb58f41
3,5647ab94d1a0,5647a8809b80
2,7f91afb583e4,7f91afb58460
2,5647ab96d9a0,5647ab96d9cd
1,5647ab9c55a0,5647ab9c56fa
4,5647aba4cde7,5647aba4cf9c
2,7f91afb587e3,0
2,5647aba4d1e6,0
2,7f91afb583a2,7f91afb583b7
2,5647ab945da5,0
1,5647ab94d1a5,5647ab94d0b2
2,5647ab8edde5,0
2,5647a91cd1a6,5647a91cd088
2,5647ab945dbb,5647ab946228
7,5647ab8ec1bb,5647a96d26f5
1,7f91afb587be,7f91afb58655
3,5647ab945df9,5647ab8e2d20
1,5647ab1ed1f9,5647ab1ed1db
2,7f91afb583bd,7f91afb58370
5,5647ab9c4db8,5647ab9aba40
2,5647ab8e51ff,0
1,5647ab945dfe,5647ab945bc9
1,5647ab8eddbe,0
1,5647ab8e59be,5647ab8e598f
2,5647ab8eddfd,0
2,5647ab94d1bd,5647ab94d03d
2,5647ab9455fd,0
2,7f91afb583f8,7f91afb58439
2,5647ab9c55bc,0
2,5647ab9459f3,5647ab945ad8
1,7f91afb58fb7,7f91afb58dc4
2,7f91afb58bb5,7f91afb58c30
2,5647ab94ddf5,0
2,5647ab94d1b4,0
3,5647ab9edd8a,5647ab8ed4f0
2,5647ab96d98a,5647ab96d9b0
1,5647ab9c518a,5647ab9c4e90
2,5647ab8eddc9,0
2,7f91afb583cc,7f91afb58384
3,5647ab945dc8,0
2,7f91afb58b8b,0
2,5647ab8eddce,0
1,5647ab94d18e,5647ab94cf96
2,5647ab8ed98e,0
2,5647ab945d8d,0
2,7f91afb58f88,7f91afb591bd
3,5647ab8ed583,5647a8809d10
2,5647ab1ed1c3,5647ab1ed1d9
7,5647aba6c9c3,5647aba3e365
3,5647ab96d9c3,5647a92b1fd0
3,5647ab9eddc1,5647ab1ed1b3
2,5647ab8eddc0,0
1,7f91afb58fc4,7f91afb58db4
3,5647ab8ed9c0,5647ab8e30e0
2,5647ab8ed1c7,5647ab8ed1a8
2,7f91afb58783,7f91afb585d6
1,5647ab96d987,7f91a87c8830
7,5647ab0ccd86,5647ab9625f8
3,5647ab8ed186,5647a880a050
2,7f91afb58382,7f91afb583d0
2,5647ab8e5985,5647ab8e598f
3,5647ab9c5185,5647aba03110
1,5647ab8ed9c5,5647ab8ed877
2,5647ab945d84,5647ab9461f0
2,5647ab9459db,0
2,5647ab8e51db,0
5,5647ab9c4d9b,5647ab9aba40
2,5647ab8ed99b,0
2,5647ab94d9da,5647ab94d751
1,5647ab9eddd9,5647ab9e7b67
1,7f91afb58fdd,7f91afb58db4
2,7f91afb5879d,0
3,5647ab8ed198,5647a8813220
2,5647ab945ddf,0
1,7f91afb587db,7f91afb5864a
2,7f91afb583da,0
3,5647ab9edd9d,5647ab8ed4f0
2,5647ab8edddc,0
1,7f91afb58bd8,7f91afb58b10
2,5647ab9eddd3,0
2,5647aba4d193,5647aba4da10
3,5647ab8e5992,5647a926b190
1,5647ab96d9d2,7f91a8735380
1,5647a914d193,5647a914c581
7,5647ab96cd90,5647ab96c7a0
2,5647ab945d97,0
2,7f91afb58fd3,0
2,7f91afb58793,7f91afb587e0
2,5647ab8ed196,0
2,5647ab945d2a,5647ab9464b2
3,5647ab8ed569,5647ab8cff10
1,7f91afb5836d,7f91afb58384
2,5647ab8e5968,5647ab8e5973
2,7f91afb58b6c,7f91afb58b1c
7,5647ab96496f,7f91a7e87420
2,7f91afb58f2a,7f91afb59045
2,5647ab8ed12d,0
2,5647ab94d92d,0
7,5647a936c52f,5647ab8df49f
3,5647ab8ed163,5647a8809520
2,5647aba45121,5647aba45133
2,5647ab94d920,0
2,7f91afb58b24,7f91afb58ba0
2,5647ab065560,0
2,5647ab8ed527,0
2,7f91afb58f63,7f91afb58f00
5,5647ab8ec965,5647ab8d7360
2,5647ab9edd24,0
3,5647ab9edd64,5647ab8ed4f0
2,5647aba4513b,0
2,5647ab9c553b,5647ab9c55af
2,5647aba4517b,0
3,5647ab8ed97a,5647ab8ed760
2,5647ab8ed539,0
2,5647aba4d139,5647aba4da2b
3,5647ab8ed578,5647a8809f30
7,7f91ae9d1b7a,7f91ae9d81f9
5,5647ab9c4d7f,5647ab9aba40
3,5647ab9edd3e,5647ab8ed410
2,5647ab8e597e,0
1,5647ab94557d,5647ab94535f
2,7f91afb58b38,7f91afb58b7a
7,5647ab9c497c,5647ab9c5535
1,5647ab8ed133,5647a8809d10
2,5647ab8ed173,5647ab8ed183
1,5647ab96d973,0
2,7f91afb58f76,0
1,5647ab8e5532,5647ab8e5499
2,5647ab945d71,5647ab945d7e
2,5647ab94d971,5647ab94e470
2,7f91afb58774,0
3,5647ab9c5530,5647ab9c4840
2,5647ab945d37,0
2,5647ab94d937,0
3,5647ab9edd77,5647ab8ed4f0
2,7f91afb58f33,7f91afb5909b
7,7f91afb59b33,7f91afb5a1b4
3,5647ab8ed175,5647a8809d10
2,5647ab96d975,5647ab96d9d8
2,5647ab065574,0
2,7f91afb58730,0
2,5647ab8ed54b,5647ab8ed54f
3,5647ab94d94a,5647ab8e95b0
1,5647ab8e5d0a,0
7,5647aba6c549,5647aba0cf66
2,7f91afb5870d,7f91afb586a8
2,5647ab8e5d0f,5647ab8e5cc7
1,7f91afb5874b,7f91afb586e7
2,5647aba4d10e,0
2,7f91afb58b0a,7f91afb58ac3
2,5647ab8e5d0d,5647ab8e5d28
2,7f91afb58f48,7f91afb58fb0
5,5647a984c10e,5647ab97e860
2,5647aba4514c,5647aba45190
2,5647ab9c550c,0
2,7f91afb58347,0
2,7f91afb58b46,7f91afb58be0
3,5647ab94d102,0
3,5647ab9c5501,5647ab9c3620
2,5647ab8ed507,5647ab8ed518
2,5647ab8e5d06,0
2,5647aba45145,0
2,5647ab8ed11b,0
7,7f91afb59b1f,7f91afb59baa
2,7f91afb5871f,7f91afb58954
2,7f91afb5875e,7f91afb58776
2,5647ab9c5519,5647ab9c5528
3,5647ab8ed558,5647a880a000
7,7f91ae9d175d,7f91ae9d1a86
2,5647ab945d5f,0
2,7f91afb58b1a,7f91afb58b6e
2,5647ab9c555e,5647ab9c56e0
3,5647ab8ed11d,5647a8809d10
7,5647ab96451c,0
2,5647ab945d51,0
3,5647ab9edd51,5647ab8ed4f0
2,5647ab9c5551,0
2,7f91afb58f12,7f91afb58ff6
2,5647ab94d915,0
2,7f91afb58aef,7f91afb58c40
1,5647ab96d4ab,5647ab96d397
2,5647ab9edcea,0
1,5647ab96d8aa,5647ab96d853
2,7f91afb586ee,0
2,5647ab9e54a9,0
2,7f91afb58aed,7f91afb58aa8
7,7f91ae9d1aac,5647ab9b9022
2,5647ab94d0e8,0
2,7f91afb58eab,0
7,5647ab8e48ad,5647a9274e67
2,5647ab94d0ac,5647ab94d198
2,7f91afb582e8,7f91afb582a0
3,5647ab8edcac,5647ab8e3220
3,5647ab96d8ac,5647a8809610
3,5647ab9e54a2,5647ab959d70
3,5647ab8ed4a0,5647a880a000
4,5647abac40e7,0
2,7f91afb582a3,0
3,5647ab96d8a5,5647a92d12a0
1,5647ab94d0bb,5647ab94d0d8
7,7f91afb59ebe,7f91afb59ee8
3,5647a91cd0bb,5647ab8cff10
2,5647ab9c50b9,5647ab9c5162
2,7f91afb58ebc,7f91afb5903c
2,5647ab8ed4ff,0
5,5647ab8ec0fd,5647ab8d5400
2,7f91afb586b9,0
2,7f91afb582f8,0
1,5647ab96d8bc,5647ab96d853
1,5647ab0654f3,5647ab065435
2,5647ab9c54f2,0
3,5647ab8ed4b1,5647ab8cff10
7,7f91afb59ef5,7f91afb5bad7
1,5647ab8edcb1,5647ab8edbfd
2,7f91afb582f3,7f91afb582b2
3,5647ab96d8b7,5647a8809630
3,5647ab94d0b6,5647ab9c2200
2,7f91afb58ef2,7f91afb58f4a
1,5647ab9e54b4,5647ab9e298b
2,7f91afb582b0,7f91afb582f5
3,5647ab8ed4cb,5647a8809d10
2,5647ab8ed88a,5647ab8ed830
1,5647a91cd0c8,5647a91ccd1e
2,5647ab8e548a,5647ab8e5520
2,7f91afb58e8c,7f91afb58d3a
3,5647ab96d88f,5647a98f7e40
3,5647ab9edcce,5647ab91bf70
4,5647aba4cc8e,5647aba4d10b
2,5647ab94d08c,0
1,5647ab8edcc2,5647a8809e80
2,7f91afb58ac6,0
2,5647ab8ed481,0
2,5647ab8ed881,5647ab8ed94b
5,5647ab8ec0c0,5647ab8d5400
3,5647ab8ed4c0,5647a8809f30
2,7f91afb58ac1,7f91afb58b10
7,5647ab96c084,5647ab968b15
5,5647ab96cc84,5647ab92f900
2,7f91afb58a9e,7f91afb58ac3
2,7f91afb5869e,7f91afb586f4
1,5647ab94d899,5647ab94d881
2,7f91afb58e9d,7f91afb58fd0
1,7f91afb5829c,7f91afb582b2
2,5647ab94d09e,0
1,5647a91cd0dc,5647a91cd0b2
2,7f91afb586d9,0
1,5647ab8e549c,5647ab8e51d4
2,5647ab9c509c,0
2,5647ab8ed493,5647ab8ed497
1,5647a91cd090,0
2,5647a91cd0d3,0
3,5647ab9c5091,5647a8809560
2,5647ab96d490,5647ab96d397
2,5647ab8ed890,5647ab8ed970
2,5647ab94d095,0
2,5647ab94d894,5647ab94d858
2,7f91afb582d0,7f91afb582e5
1,7f91afb58ed0,7f91afb58dc4
2,7f91afb586d0,7f91afb5884c
1,7f91afb5822f,7f91afb581ab
1,5647ab8ed82b,0
2,5647ab94d868,5647ab94e4f8
2,5647ab8ed46f,0
7,5647ab9c4c2f,5647ab9c3868
3,5647ab8ed86e,5647ab8e30e0
2,5647ab96d46e,0
2,5647ab94d463,0
1,5647ab96d423,5647ab96d434
2,5647ab94d862,0
2,7f91afb58666,0
2,5647ab065422,5647ab0654f0
2,5647ab94d820,5647ab94d810
2,7f91afb58623,0
2,5647ab94d426,0
2,7f91ae9d0a23,7f91ae9d0ac8
2,7f91afb58e22,7f91afb58ce3
2,5647ab94d825,0
2,7f91afb58e61,7f91afb58e7f
1,7f91afb58a21,7f91afb5899b
1,7f91afb5823f,7f91afb57e66
1,7f91afb5867f,7f91afb5857b
2,5647aba6dc3b,0
2,5647ab96d47b,5647ab96d670
2,5647ab8e547a,5647ab8e5499
2,5647ab96dc3a,5647ab96dc48
7,7f91afb59a7e,7f91afb5c082
2,7f91afb58e7d,0
2,5647ab9c5038,0
2,5647ab96d43f,0
2,7f91afb5827a,7f91afb58308
1,5647ab96d87e,7f91a7e8b590
3,5647ab96d87e,5647a8809630
1,7f91afb58a39,7f91afb58655
2,5647aba4d03c,5647aba4d043
1,5647ab065473,5647aba59890
3,5647ab96dc32,5647ab9fcad0
3,5647ab96d831,5647a98f7e40
7,5647ab9c4830,5647ab9c48fd
2,7f91afb58632,7f91afb587d8
7,5647ab964875,7f91a7e13010
1,7f91afb58a31,7f91afb58655
1,5647aba6dc0b,5647ab91d2b0
2,7f91afb58e0e,7f91afb58d1a
2,5647a914d04b,5647a914c633
3,5647ab9c5049,5647a8809560
2,7f91afb5864c,7f91afb58693
3,5647ab94d44e,5647ab8d6440
3,5647ab96d44e,5647ab96d9e0
2,5647ab94d00e,0
3,5647ab96d84e,0
1,7f91afb58a09,0
2,5647aba4d40c,5647aba4d360
2,7f91afb58207,7f91afb58254
2,7f91ae9d0a06,0
2,5647ab065443,0
1,5647ab96dc43,5647ab96da10
3,5647a914d040,5647ab8f7ff0
3,5647ab94d042,0
1,5647aba6dc40,5647a92703e0
2,5647ab94d805,0
3,5647ab94d445,5647ab8d6440
2,7f91ae9d8200,0
2,5647ab96d405,0
2,5647ab8ed844,0
2,5647ab06545a,5647ab06546a
2,5647ab94d01a,0
2,5647ab96d85a,5647ab96d87b
2,5647ab8ed41f,5647ab8ed44d
2,5647ab8ed81f,0
7,5647ab96405f,0
2,5647ab8ed45d,0
2,5647ab94d85c,0
1,5647ab94d853,5647ab94d88c
7,5647ab8e4413,5647ab911132
1,7f91afb58257,7f91afb57e66
2,5647ab8ed851,0
2,5647aba4d050,0
2,5647ab96d456,5647ab96d6cd
1,5647ab96dc54,5647ab96da22
2,5647ab8ee7eb,0
7,5647ab8cffaa,5647ab94a1b8
3,5647aba463aa,5647aba46c10
2,5647ab946ba9,5647ab946be0
2,5647ab8e6be9,0
2,7f91afb539ed,7f91afb539f6
2,5647ab9667ef,5647ab9669a0
2,5647ab96efae,5647ab96efc9
2,7f91afb539a9,7f91afb539ae
2,5647a8b66bee,5647a8b66c92
1,5647ab9667a3,5647ab9459c0
1,5647ab9463e3,5647ab8d1410
3,5647ab9463e3,5647a88096c0
3,5647ab8e6be2,5647ab8dd470
2,5647ab8ee3a1,5647ab8ee360
2,5647aba46fa1,0
2,5647aba46fe1,5647aba46fe8
2,5647ab94ebe0,0
3,7f91ae9d35a5,7f91ae9d29b0
2,5647ab96efa0,0
2,5647ab94e3e7,5647ab94ee88
1,7f91ae9d39e2,7f91ae9d3911
2,5647ab9667e6,5647ab966a50
2,5647a8b66be5,5647a8b67852
2,5647ab8e6bf8,5647ab8e6c20
2,5647aba46ff8,0
2,5647ab8ee7b8,0
1,5647a8b66bfb,5647a8b66c4a
3,5647ab94e3b8,5647ab94f730
1,5647ab94ebff,5647ab94df17
3,5647ab8ee7ff,5647ab8ef610
2,7f91ae9d35ba,7f91ae9d35c8
2,7f91afb531b9,7f91afb531be
2,5647ab94ebfd,0
3,5647aba4e7fc,0
2,5647ab9c6bbc,5647ab9c6b74
2,5647aba46fb2,5647aba46fb9
2,5647aba463b1,0
2,5647ab8ee7f1,0
1,7f91ae9d39f4,7f91ae9d3911
2,5647ab96eff1,0
7,5647ab8efff0,5647ab8ee791
2,5647ab8ee7b0,0
3,5647ab9463f7,5647a9396970
2,5647ab9c6bb5,0
2,7f91afb5b5cf,7f91afb5b4c3
2,7f91ae9d358f,7f91ae9d359d
2,5647aba463c8,0
7,7f91afb521cb,5647ab949fba
3,5647ab8ee38f,5647ab8cff10
1,5647aba463ce,0
3,5647ab8ee7cd,5647ab8ef5e0
2,5647ab94eb8c,5647ab94eb9b
2,5647aba46fcc,0
2,5647ab96efcc,5647ab96efb8
5,5647ab9cf783,5647ab9d1a40
7,5647ab8cfb82,7f91af4ae38f
2,5647ab94ebc2,5647ab94df17
1,5647ab94ef82,5647ab94da14
3,5647aba463c1,5647aba46c10
2,5647ab8ee380,5647ab8ee428
4,5647ab9477c0,5647ab947ac8
7,5647ab8cf7c0,5647a96f8329
2,5647aba46fc0,0
2,5647ab96efc0,5647ab96f070
2,7f91afb539c1,7f91afb53778
2,5647ab9c6b85,0
2,5647ab94e3c4,5647ab94ea6c
2,5647a8b66fc7,0
2,5647aba4639a,0
2,5647ab8ee7da,0
7,5647ab8ef79a,5647ab8ee804
2,7f91afb5b59d,7f91afb5b660
7,5647ab947399,5647ab94704b
1,5647a8b66bda,7f91a87353e0
3,5647a8b66bda,5647a8809ac0
3,5647ab946b9f,5647ab947500
2,5647ab8ee79e,5647ab8ee8a0
1,7f91afb5399a,7f91afb5365e
2,5647ab94ebd2,0
2,5647aba46f92,0
3,5647aba46fd1,5647a8809510
2,7f91ae9d39d4,7f91ae9d39f0
3,7f91afb53995,7f91afb72d50
2,5647ab9667d7,0
3,5647ab8ee797,5647ab8efac0
7,5647ab9cf3d7,5647ab9cfafd
2,5647ab96ef97,0
2,7f91afb531d1,7f91afb52da1
5,5647ab9673d5,5647ab8d9570
5,5647ab9cf395,5647ab9cf490
2,5647ab94e3d4,0
2,7f91afb5b56f,0
1,7f91afb7316f,7f91afb72ee7
1,5647ab96eb2b,5647ab96e9a8
7,5647ab94f72a,5647ab8f5bf6
1,5647ab8e6b6a,0
2,5647ab8ee329,5647ab8ee436
2,7f91afb5b52d,7f91afb5b571
2,5647a91c6f2b,0
1,5647ab8e6b29,7f91a7e8b590
2,5647a8b66b6b,0
2,5647ab94eb28,0
5,5647ab96732f,5647ab8d5400
2,5647aba4ef6f,0
7,5647a926f36d,0
3,7f91afb7316a,7f91afb5b380
2,7f91ae9d312b,0
2,5647ab96eb6d,0
3,5647aba46f63,5647a8809510
7,5647ab94f721,5647ab8e95e6
2,5647ab8e6b61,0
7,5647ab94f760,5647ab94e3bd
2,5647aba4ef60,0
2,5647ab8e6b27,0
5,5647ab9cf727,5647ab76c570
7,5647ab8cfb65,5647ab93c327
2,5647ab9cef7a,0
2,7f91ae9d357d,0
5,5647ab8ef73e,5647ab8e0770
1,5647a91c6f3e,0
2,5647ab96ef3c,5647ab96ee68
7,5647ab8cff72,7f91a87c8cda
3,5647ab8ee372,5647ab8cff10
2,7f91ae9d3937,7f91ae9d39ae
2,5647ab9c6b72,5647ab9c6bb0
2,5647aba46f30,0
1,7f91ae9d3135,7f91ae9d2eeb
1,5647ab96eb77,5647ab96ea00
2,5647ab96ef77,0
2,5647ab94eb0a,0
2,5647aba46f08,0
7,5647ab8cff4e,5647ab94b388
3,5647ab96ef0e,5647a8809570
3,5647ab8e6b4d,5647ab8e6b80
2,5647ab8ee303,0
3,5647aba46f01,5647a8809db0
7,5647ab8cff01,5647ab8d00cd
1,7f91ae9d3144,7f91ae9d2eb4
2,7f91ae9d3105,0
1,5647ab94eb47,5647ab94e047
1,7f91afb53901,7f91afb536a4
2,5647ab94eb45,0
2,5647aba46f44,5647aba46f4b
1,5647ab8ee35a,5647ab8ee386
2,5647ab94eb1a,0
2,5647ab8eeb5f,5647ab8eecc0
2,5647aba46f5e,0
2,7f91ae9d391b,0
2,5647ab8eeb1d,0
2,5647aba4ef5c,0
2,7f91ae9d3119,7f91ae9d3128
7,5647ab967f5c,0
2,5647aba46f52,0
3,5647ab9cef10,5647a880b760
3,5647ab8ee317,5647ab8cff10
2,5647ab9cef17,0
3,5647ab9c6b57,5647a8809510
2,5647aba46f15,5647aba46f1f
7,7f91afb52110,5647ab956cf1
3,5647a91c6ea9,5647ab98c9b0
2,7f91afb538ee,7f91afb53a38
7,5647ab8cfee8,5647ab9273ef
2,5647ab8ee6a8,5647ab8ee6e8
7,5647ab947ee8,5647ab947675
2,5647ab96eea8,5647ab96ee98
1,7f91afb730eb,7f91afb72ea7
1,5647ab94eeee,5647ab94df50
1,5647ab8ee6ee,5647ab8ee6bd
3,5647aba46eee,5647a8809910
2,5647ab94eaae,0
1,7f91afb5b4ea,0
2,7f91afb5b4a9,7f91afb5b4b2
7,5647aba47aed,5647aba46d45
7,5647aba4f6ed,5647aba4ecea
4,5647ab8cf6e3,5647ab8d7940
3,5647a91c6ea1,5647ab8d6440
2,5647ab96eaa3,5647ab96eb30
3,5647ab94eee2,5647ab8cff10
3,5647aba46ee2,5647a8809910
1,7f91afb5b4a6,7f91afb51f60
7,5647ab9672a1,5647ab8f9a99
3,7f91afb5b4e5,7f91afb5b380
2,5647ab94eaa0,0
2,7f91ae9d30e5,7f91ae9d2ba0
3,5647ab946aa0,5647ab8cff10
3,5647ab9c66a0,5647ab9c6ce0
2,5647ab96eea0,5647ab96eeaa
1,5647ab94eea5,5647ab94e403
2,7f91afb730e1,0
2,5647ab96eae5,0
7,5647ab8efae4,5647ab8ee79c
2,5647ab8ee6a4,0
1,5647ab966aa4,5647ab966952
5,5647ab9cfafb,5647ab9cf3d0
3,5647ab94eebb,5647ab8cff10
7,5647ab947afa,5647ab947549
3,7f91afb5b4bb,7f91afb5adb0
2,7f91ae9d38fa,7f91ae9d39d0
3,7f91afb538f9,7f91afb5baa0
2,5647ab9c66bc,0
1,5647ab946ab3,5647ab946908
2,5647ab8ee2f0,0
3,5647ab9c66b0,5647ab9c6990
2,5647ab9c62b0,0
2,7f91ae9d30f5,0
2,5647ab96eab0,5647ab96eaa0
2,5647ab9ceef6,0
5,5647ab8ef6b5,5647ab8d9570
2,5647a91c6eb7,0
7,5647ab8efab4,5647ab8d54fe
2,7f91afb5b4b0,7f91afb5b4f0
5,5647ab9cf6f4,5647ab9aba40
2,5647ab966a8b,0
1,5647ab94eacb,5647ab94e3ca
2,5647ab8eee8a,0
2,5647ab8ee689,0
2,5647ab94eac9,0
2,5647ab8eee88,0
5,5647ab8ef688,5647ab8d5460
7,7f91ae9d2c8d,7f91ae9d35aa
2,5647ab9c6688,0
2,5647ab8e6e8f,5647ab8e7068
3,5647ab8ee2cf,5647ab8dd250
2,7f91afb5388a,7f91afb536ad
3,5647a91c6ecc,0
4,5647ab94face,5647ab94fb18
2,7f91afb730c9,7f91afb730ce
2,5647ab96ee8d,5647ab96eea5
3,7f91ae9d30c9,7f91ae9d7c80
7,5647ab8cfe83,7f91af489430
2,7f91afb5b4c6,0
2,5647ab8ee682,0
7,5647ab8ef282,5647ab8ef5ff
2,5647ab8ee6c1,5647ab8ee6c8
1,5647ab96e280,5647a926c800
3,5647ab946a80,5647a88095e0
2,5647a91c6e82,0
2,7f91afb73484,0
3,5647ab8ee2c7,5647ab8ff1d0
7,5647ab8cf6c6,5647aba6b5ab
7,5647ab967285,5647ab8f9799
2,5647ab96eec5,0
2,5647ab8eea9b,5647ab8eeb38
2,5647ab9ceedb,0
3,5647ab94ee99,5647ab8cff10
3,5647ab9c629e,5647ab9c6470
2,5647ab8ee69c,0
2,5647ab9c6693,0
2,7f91afb5b4d6,7f91afb5b480
7,5647ab8efad1,5647ab8ee79c
2,5647ab9c66d1,0
7,5647ab8cf6d0,5647ab97eb4c
7,7f91afb52494,7f91afb544fd
2,7f91afb5b494,7f91afb5b5f0
2,5647ab94ea90,5647ab94e3ca
2,7f91ae9d30d5,7f91ae9d2b26
3,5647ab96ea90,5647ab96e8b0
1,5647ab96ea97,0
7,5647ab8cfed6,5647ab94b388
2,5647ab966a96,5647ab9669ec
3,5647aba46ed6,5647a8809910
1,5647ab8eee95,5647ab8eeb10
2,5647a91c6ed7,5647a91c6f1e
3,5647aba46e2b,5647a8809910
2,5647aba4666a,0
2,7f91afb7342d,0
2,7f91afb7346d,0
1,5647ab8cee68,5647ab8ced20
2,5647ab8e6a2f,0
2,5647ab8e626d,0
2,5647aba4ee2d,0
1,5647a9266e2f,5647a9e48450
3,5647aba46e23,5647a8809910
3,7f91afb53867,7f91afb5baa0
2,7f91afb73427,0
2,5647ab8e6e62,0
2,7f91afb53826,0
3,5647a91c6e60,5647ab8f7e90
3,5647ab966e60,5647ab8d7940
7,7f91afb52c22,7f91aaf2d6e4
3,5647ab966e26,5647ab967110
2,5647ab8eea26,0
2,5647ab8e6a26,0
1,5647ab966e65,5647ab966e0e
2,5647a91c6e67,0
2,5647ab96e264,5647ab96e250
3,5647ab8e6e3b,5647ab8d6490
2,5647ab966e3a,0
2,5647ab9c623a,5647ab9c629b
2,5647ab8eee79,5647ab8eeb10
2,5647ab966a7f,5647ab966952
2,5647ab96ee7f,5647ab96f192
2,5647ab8eea7e,0
1,5647aba4667d,5647aba45f2e
2,7f91afb73039,0
2,5647ab9c667d,0
3,5647ab9c6a3d,5647a880ae10
1,5647ab8e627c,5647ab8d7b30
3,5647ab8eee3c,5647ab8da330
2,5647ab96ea7c,0
1,5647ab94e673,5647ab94d901
3,5647a91c6e31,5647ab8d6440
1,7f91afb5b475,7f91afb5b49a
2,5647ab96e271,5647ab96e228
1,5647ab8eee30,5647ab8eeb10
2,7f91afb73034,0
2,5647aba46677,0
2,7f91afb53872,0
2,5647ab96ee76,0
1,5647ab946234,5647ab945de5
2,7f91ae9d3831,7f91ae9d38c4
7,5647ab8ef60b,5647ab8ee7d2
7,5647aa0c7e08,7f91af4ae3a6
2,7f91afb7304d,7f91afb72e56
2,5647ab9c6a49,5647ab9c6b53
3,5647aba46e48,5647a880ae50
2,5647ab96ea0f,0
7,5647aba4f60d,5647aba4f773
1,5647ab8e6e0d,0
2,5647ab96e24c,5647ab96e266
1,5647ab946203,5647ab945d94
2,7f91afb53846,7f91afb539d8
3,5647a91c6e40,5647ab915280
3,7f91afb5b404,7f91afb511a0
1,5647ab8e6200,5647ab8e5e7a
1,7f91afb5b404,5647ab941b20
2,7f91afb73043,0
2,5647ab8e6e46,0
2,5647ab96e206,5647ab96e1fd
2,5647ab946a06,0
2,5647ab966e05,5647ab966e60
2,7f91afb53800,7f91afb538e0
2,7f91afb73440,0
2,5647ab96ee44,0
7,5647ab9c725b,5647ab9adcbc
2,7f91afb5b41e,7f91afb5b707
2,5647aba46e5a,0
1,5647ab946a1a,7f91a7e87ba0
7,5647a9267e1b,5647ab902a00
2,7f91afb5381d,0
2,5647ab96ee59,0
1,5647ab966e58,5647ab8d7360
2,5647ab8cee18,5647ab8cedf3
2,5647ab96ea18,5647ab96ea00
2,5647ab8eee5f,5647ab8eee73
4,5647aa0c7e1f,5647aa0c7f10
1,5647aba46e5c,5647aba47070
3,5647ab8e6e53,5647ab8e9700
7,5647ab9cf252,5647ab9ca8b3
3,5647ab8eee51,5647ab8f1710
7,5647ab94fe51,5647a984b1bf
2,5647ab8e6e10,0
2,7f91ae9d3015,7f91ae9d2aef
2,5647ab96e217,0
1,7f91afb73853,0
2,5647ab966a56,0
2,5647ab966e15,5647ab966e23
2,7f91ae9d3810,0
7,5647aba4fe15,5647aba3d07b
3,5647a91c6e17,5647ab8e2d20
2,5647a91c6e57,0
2,7f91afb537ac,7f91afb536ad
7,5647ab9671e8,7f91a7e8bf50
2,5647ab8cede8,0
5,5647ab9cf1ef,5647ab9cedc0
2,5647ab8cedad,0
2,5647ab8ceded,0
2,5647ab9669ec,5647ab966952
1,7f91afb5bfa8,7f91afb5bfde
2,5647ab8ceda1,5647ab8ced80
2,5647ab9469a1,0
1,5647a8b66da2,5647ab8e0770
2,5647ab9669a6,0
2,5647ab9669e6,0
2,7f91afb5bfe2,0
7,5647ab94f9f8,5647ab94f860
2,7f91afb5bffc,0
2,5647ab9c69bf,0
1,7f91afb537ba,7f91afb536ad
1,5647ab8cedbd,5647ab8cedcd
3,7f91afb537b5,7f91afb77390
2,5647aba4e1b1,0
2,5647ab8cedf1,5647ab8cedf7
3,5647ab9461f7,5647ab8d7470
3,7f91afb5b3b3,7f91afb51020
2,5647ab96e9f5,5647ab96eaa9
2,5647ab8cedcb,5647ab8ced80
3,5647aba4618a,5647ab8d6440
3,5647ab9465ca,5647ab8e94a0
2,5647ab946989,0
2,7f91afb5378c,0
2,5647ab8e6dc8,5647ab8e6d80
2,5647ab9669cf,0
1,5647aba4618f,5647aba45ec0
2,5647ab8ced8f,0
2,5647ab94698f,5647ab946996
1,7f91afb5b3cb,0
3,5647aba46dce,5647a880ae50
2,5647ab94658e,5647ab9465b0
3,5647ab9469cd,5647ab8d6440
2,5647a8b66d8e,0
1,5647ab8ced8c,0
2,7f91afb537c7,0
7,7f91afb72f86,7f91a7e87ba0
3,5647ab9469c1,5647ab946b70
2,7f91afb733c5,7f91afb73b10
2,5647ab946180,5647ab945fbb
2,5647a8b66d85,0
3,5647aba46d85,5647a880ae50
2,5647ab9c69c5,5647ab9c6a08
7,5647ab8ef5c4,5647aad3f47c
2,5647ab8e6dc4,5647ab8e6d55
2,5647aba4e1c4,0
3,7f91afb537c0,7f91afb52400
2,5647ab9669db,0
1,7f91afb537dd,7f91afb536b8
2,5647ab8ced98,5647ab8cee06
1,5647aba46ddf,5647aba46e1c
2,5647ab8ceddf,0
3,5647aba46d9e,5647a880ae50
2,5647aba46ddd,0
2,5647aba4e9dd,0
7,5647aa0c7ddc,5647a9f61910
2,7f91afb5bf98,7f91afb5bfe4
3,5647ab9465d3,5647ab8cf6b0
7,5647ab8ef5d1,5647ab91d071
2,5647ab9cedd1,5647ab9cede3
7,5647ab8ef191,5647ab8f0074
2,5647ab8cedd7,5647ab8cedc0
1,5647ab8ced95,5647ab8ced95
7,5647aba4f995,5647aba230e8
2,5647ab8e6d94,0
3,7f91afb537d0,0
1,7f91afb537d0,7f91a875ffb0
2,7f91afb5b390,7f91afb5b3a8
2,5647ab946d29,5647ab946bcd
5,5647ab8cf929,5647ab8d1410
3,7f91afb5376b,7f91afb76f60
2,5647ab96e12e,5647ab96e169
2,5647ab9c6d2e,5647ab9c7490
1,5647ab94ed2e,0
7,5647ab8cfd6d,7f91a7e87420
2,7f91afb5bf69,7f91afb5bfe4
2,5647aba4ed6c,5647aba4ee20
2,5647ab96e16c,0
3,5647ab94ed22,5647ab94f7e0
3,5647ab946d22,5647ab8f2d40
2,7f91afb5bb26,0
2,5647ab946962,0
2,5647ab8eed21,5647ab8eee28
2,5647ab9c6161,5647ab9c6230
2,5647ab94e560,5647ab94e662
2,5647ab946d20,0
3,5647ab946920,5647a8809510
7,5647ab967127,5647ab966e2b
2,7f91ae9d3f62,0
3,5647ab94e526,5647a8809fc0
2,5647aba46126,0
2,5647a8b66d66,0
5,5647ab8e7924,7f91afb51f60
3,5647aba4ed64,5647aba2dbf0
3,5647ab946964,5647a8809510
2,7f91afb5377f,0
2,5647ab96e13b,0
1,5647ab8ced7b,5647ab8ced91
7,5647aa0c7d7a,5647a9f61b26
7,5647aba4757a,5647aba370f5
2,5647ab96e179,0
2,5647ab94697f,5647ab946996
2,5647ab8ee13e,5647ab8ee2c0
2,5647aba4ed3d,0
2,5647ab8ced3d,5647ab8cec70
7,5647ab8cfd73,7f91a7e87ba0
2,7f91afb53776,0
3,5647ab946932,5647a8809510
5,5647ab9cf531,5647ab9cf3e0
7,5647aba4f531,5647aba4ec36
2,5647ab94ed31,0
2,5647aba46170,0
2,5647ab8eed30,5647ab8eeb10
2,5647ab946930,0
2,7f91afb5bb32,0
2,5647ab94e535,0
7,5647ab967974,5647ab967363
2,7f91afb5bf70,7f91afb5bfe4
2,5647a9266d76,5647a9266e2f
3,5647a8b66d77,0
2,5647ab8eed0a,5647ab8eeb10
7,5647ab8ef14a,5647ab8f01e7
2,5647aba4ed4a,0
2,5647aba46109,0
1,5647ab94ed48,5647ab94e004
1,5647ab946d4f,5647ab946c96
5,5647ab8cfd4f,5647ab8d1410
2,5647ab8ced0f,5647ab8cecf8
2,5647ab94e50e,0
3,5647ab94694c,5647ab948250
3,5647ab946d43,5647ab960800
2,5647ab8ced03,5647ab8cecb0
7,5647aba4f142,5647aba4f759
3,5647aba46d40,5647aba47670
2,5647aba46100,0
3,5647ab8ced47,5647ab8d6f50
2,5647ab94e546,0
1,7f91afb5b702,7f91afb5b5a3
2,7f91afb53741,7f91afb539a0
7,7f91afb5af01,7f91afb5b4c0
3,5647aba46144,5647ab8e2d20
2,7f91afb5371f,0
2,5647ab8ee15b,5647ab8ee078
1,5647ab946d5b,5647ab946c33
3,5647ab9c615a,5647ab9c2010
2,5647aba46119,0
2,5647ab8ced59,0
2,7f91afb5bf1c,7f91afb5c030
2,5647ab8ee11f,0
2,5647ab96695f,0
2,5647ab8e6d5f,5647ab8e6d80
7,5647ab94755e,5647ab946ba4
3,5647aba4615e,5647aba43020
2,7f91afb5bb1a,0
3,7f91ae9d3f5b,7f91ae9d37f0
2,5647ab94691e,0
3,5647aba4ed1d,5647aba2cbd0
1,7f91afb73b18,0
2,5647ab96e91c,5647ab96eae0
7,5647ab967513,5647ab96721d
7,5647ab8ef153,5647ab8f01e7
2,7f91afb53716,0
3,5647ab8ee152,5647ab8d6600
4,5647ab967912,5647ab8d4270
2,7f91afb5bf16,7f91afb5bf27
1,5647ab8ee112,0
2,5647ab96e910,0
2,5647ab8ee116,0
3,5647aba46d56,5647a88098e0
3,7f91afb5bb12,7f91afb510e0
2,5647ab8eed16,0
1,7f91afb5b712,7f91afb5b5fa
1,7f91afb53712,0
2,5647ab96e154,5647ab96e0a3
3,5647aba4ed14,5647aba29310
3,7f91afb73b10,7f91afb6d690
3,5647aba46cab,5647aba47670
5,5647ab8cfcab,5647ab8d1410
2,5647ab9468eb,5647ab946a70
2,7f91afb5beae,0
1,5647ab8ee0ea,0
4,5647aa0c7cab,5647aa0c7fe0
3,5647ab9464e9,5647a9d8c9b0
2,5647ab946ce8,0
7,5647a926f0ad,5647ab8d7735
2,5647ab8ee0ee,0
1,5647ab9464ee,5647ab9463d2
7,7f91afb5a2ea,7f91afb5c27d
2,5647ab8e6cad,5647ab8e6cd5
1,5647ab8cecad,5647ab8cecc1
3,5647ab8ee0ac,5647ab8d6440
3,5647ab9468ac,0
7,5647a926f0a1,5647ab8d7735
2,7f91afb536a7,7f91afb537d0
2,5647ab8cece3,0
3,5647ab8ee4a2,5647ab8d6f50
2,5647ab96e0e1,5647ab96e10b
2,5647ab8eece0,0
3,5647ab946ca0,5647ab947020
1,5647a8b66ca3,7f91a87c9880
3,5647aba4ece0,5647a91c3460
2,5647ab96e0e7,5647ab96e0c0
2,7f91afb5b6a2,7f91afb5b5a3
3,5647aba4ece5,5647aba4f610
7,5647aa0c7ce5,5647a9f61910
2,5647ab9c64a4,5647ab9c6678
2,5647a8b66ca7,0
2,5647ab8ee4bb,0
7,5647ab9474fb,5647ab947040
3,5647ab9464bb,5647ab946560
3,5647aba4ecfa,5647aba290e0
2,7f91afb536fd,0
2,5647ab8cecbf,0
1,7f91afb5b6bb,7f91afb5b6f7
2,7f91afb5b6fb,0
1,5647ab96e0bc,5647ab96e0e3
3,5647a8b66cbf,0
1,5647ab8cecf3,5647ab8ced05
2,5647ab8e6cf1,5647ab8e6e00
2,5647ab8ee8b1,5647ab8ee870
2,5647ab96e8f0,0
2,5647ab8ee0b7,5647ab8ee0cf
2,5647aba460f7,0
2,5647aba460b5,0
2,5647ab8ee08b,0
2,5647ab8eeccb,5647ab8eee38
2,5647aba46ccb,0
2,5647ab8cec8b,0
7,5647ab8cfcc9,7f91a7e2de80
2,5647ab8ee889,0
2,5647ab9464c9,0
3,5647ab9468c9,5647ab8cff10
2,5647a8b66cca,0
7,5647ab9cf488,5647ab9ca849
7,5647aba4fcc8,5647aba23100
2,5647ab946888,0
2,5647ab8cecc8,5647ab8cee60
2,5647ab8ee48f,5647ab8ee480
2,5647ab9464cf,0
1,5647ab8e6c8f,0
1,5647a8b66c8d,7ffd0b153d40
2,5647ab96e08d,5647ab96e151
2,5647ab94688d,5647ab9468e0
2,5647aba4ec8c,0
1,7f91afb536c7,7f91afb51f60
2,5647ab96e0c3,5647ab96e0ce
2,5647ab96e082,0
2,5647a8b66c81,0
5,5647a926f0c0,7f91a7e87420
3,5647ab8ee487,5647ab8d6440
3,7f91afb5bac3,7f91afb511a0
7,5647ab8cfc86,7f91a7d2d890
2,5647ab946c86,5647ab946d40
2,5647ab96e485,0
3,5647ab8e6cc4,5647ab8e94a0
3,5647aba460db,5647a8809b30
1,5647ab9464db,5647a926c800
2,5647ab8ee499,0
2,7f91afb5badd,0
1,5647ab9468d9,5647ab94685d
3,7f91afb5369c,7f91afb6d070
2,5647a8b66c9d,0
5,5647ab9cf4dd,5647ab9d1b10
1,5647ab96e49d,0
7,5647ab9cf893,5647ab9cf398
2,5647ab8e6c92,0
3,5647ab8e6cd0,5647ab8cf6b0
2,5647ab946c90,0
2,5647ab96e0d0,5647ab96e0da
2,5647ab8ee0d6,0
3,7f91afb5bad2,7f91afb59ed0
2,5647aba4ec96,5647aba4ecd0
2,5647ab8cecd6,5647ab8cecb0
2,5647ab8ee094,0
3,7f91afb53690,7f91afb6d700
3,5647ab96e494,0
2,7f91afb5366f,7f91afb536d0
2,5647ab8ee82b,0
1,7f91afb53a2e,7f91afb53878
2,5647ab96e469,0
2,5647a8b66c6a,0
2,5647ab946c2d,5647ab946d58
3,5647ab94686d,5647a880aae0
1,5647ab8ee06c,5647ab8ee10e
3,5647aba4ec2c,5647aba4f730
7,5647ab96f063,5647ab96e499
3,5647ab946c62,5647ab8ebe60
3,5647aba4ec22,5647aba55f50
2,5647aba46c60,5647aba46c77
3,5647aba4ec27,5647aba1de90
2,5647ab8cec67,0
2,5647ab94e067,5647ab94eeaa
3,5647ab8ee464,5647ab8d6440
2,7f91afb53a20,0
3,5647aba4ec64,5647aba226e0
7,5647aba4f83b,5647aba4ec31
2,5647aba4e03a,0
2,5647ab946c79,0
1,5647ab96e039,5647ab96e050
3,5647aba4ec79,5647aba29340
3,5647ab96e478,5647a90111e0
1,5647ab96e47d,5647ab96e1e2
1,5647a8b66c7e,7f91a87c9880
2,5647aba4e03c,0
3,7f91afb53a38,7f91afb52730
3,5647ab946c72,5647ab8f7e90
2,5647ab96e032,0
2,5647ab8ee032,0
1,5647ab8e6c32,0
3,5647aba4ec31,5647aba4f170
2,7f91afb53634,0
2,7f91afb53674,7f91afb537e8
1,5647ab8ee470,0
2,5647ab94e477,0
2,5647ab8ee477,0
2,7f91afb5b673,7f91afb5b5a3
2,5647ab96e037,0
2,5647ab8cec77,5647ab8ced36
2,5647aba4e836,0
2,5647ab8e6c35,0
3,5647ab94e035,5647ab94f730
7,5647a926f837,5647ab94f918
2,5647ab8ee834,0
3,5647ab8ee874,5647ab8ef5b0
1,5647ab8cec0b,0
2,5647ab94e40b,5647ab94d9d0
3,5647ab8ee808,5647ab8cf6b0
2,5647aba4e048,0
1,5647ab946408,5647ab945d6a
2,5647ab946848,0
7,5647aba4700f,5647aba25233
2,5647ab8cec0e,5647ab8ced4c
3,5647aba4ec4d,5647ab90c3b0
3,7f91afb5b648,7f91afb510e0
1,7f91afb5b648,0
3,5647ab8ee043,5647ab8ee670
2,7f91afb53a06,0
3,5647aba4ec41,5647aba50310
2,5647ab94e041,5647ab94eae4
2,7f91afb53642,7f91afb5365e
3,5647ab946c06,5647ab94ced0
2,5647ab8ee844,0
1,7f91afb53a40,7f91afb538f4
3,5647ab8ee81b,5647ab8f2560
7,5647ab94705a,5647ab946ca5
3,5647ab8ee859,5647ab8cf6b0
2,5647ab946c19,5647ab946c33
3,5647ab946c58,5647ab8eb730
1,7f91afb5b65c,7f91a7e87ba0
2,5647aba4e05e,0
3,5647aba4ec1d,5647aba1dd20
1,5647a8b66c5f,7f91a87353e0
2,7f91afb53658,7f91afb53990
2,5647ab9c605c,5647ab9c6150
3,5647ab8ee012,5647ab8d6490
3,5647aba4ec52,5647ab90c3c0
2,5647ab8cec52,0
2,5647ab9c6052,0
2,5647ab94e051,0
1,7f91afb73255,7f91afb72ee7
4,5647ab94f817,5647ab94f820
2,7f91afb53a13,0
5,5647ab967455,5647ab8d5480
7,5647ab94f854,5647a939a32c
1,7f91afb73250,7f91a7e87f80
3,7f91afb5a1af,7f91afb59af0
2,5647a926f7a8,0
3,7f91afb5adee,7f91afb594d0
1,5647ab9cf3ea,5647ab9d28f0
3,5647ab8effa9,5647ab8cf6b0
2,5647ab8cffa8,5647ab8cff77
7,5647ab9667a8,5647ab914a9c
1,5647ab8cffa8,5647ab8d1410
2,7f91afb52da8,0
3,5647ab9673ac,5647a9004490
2,5647ab8cf7ac,0
2,5647ab8ef7ac,5647ab8ef6f9
2,7f91afb5a1e8,7f91afb5a218
2,5647aba473a3,0
2,7f91ae9d29e6,7f91ae9d29f9
2,5647a926f3a1,5647a926f340
1,5647ab947ba0,5647ab947b81
2,5647ab9673e7,0
1,5647ab94f7a7,7f91a7e87420
2,5647ab9473e5,0
2,5647ab8ef3a5,0
3,5647ab8ef7a5,5647ab8eea20
1,5647ab8cffa5,7f91a8737240
1,5647aa0c7fe5,5647aa0c7de5
2,7f91ae9d2de1,7f91ae9d2dfb
1,5647aa0c7ffa,5647aa0c7de5
3,5647ab94f7b9,5647ab8dd250
2,5647aba4fffe,5647aba4ff15
1,5647ab8cfbbe,0
2,5647ab8effbd,0
2,5647ab94f7fc,0
2,5647ab9473fc,0
1,5647ab9cf3fc,5647ab9d1490
1,5647a926f3be,5647a926f39e
1,5647ab9673bc,0
2,7f91afb521b7,7f91afb520f8
2,5647ab9677f3,5647ab9678f0
3,5647aba473f3,5647ab8d21d0
2,7f91afb52db5,0
1,5647ab94fbb1,5647a926f120
1,5647ab9473f7,0
1,5647ab947bf7,5647ab9477b0
2,5647ab9473b6,0
3,5647aba473b5,5647a8809520
2,5647ab8effb5,0
2,5647ab8ef3b4,0
3,5647a926f7c8,5647ab962ef0
2,7f91afb5a18e,0
2,5647aba473c9,0
2,5647ab947789,5647ab947cd0
1,5647aa0c7f89,5647aa0c7de5
1,5647ab947b88,5647ab9476f0
2,5647ab8cf7cf,5647ab8cf79f
3,5647ab9e7b8e,5647abad4dc0
2,5647aba4f78e,5647aba4f81f
1,7f91afb5a18a,7f91afb51f60
2,5647a9267f8c,5647a9267e00
1,7f91afb521c9,7f91a87c8830
2,5647ab8eff8d,5647ab8f004f
7,7f91ae9d39c8,7f91ae9d3f60
2,7f91afb52188,7f91afb52300
7,5647ab9cef8c,5647ab9cf14d
2,5647ab967782,5647ab9677d0
1,5647aba47f82,5647aba47e56
2,7f91afb72d86,7f91afb72e30
1,5647ab94f7c1,5647ab94f787
2,5647ab8cfbc1,5647ab8cfca0
2,5647ab9673c0,0
7,5647aba4ef80,5647aba5032b
3,5647ab967386,5647ab8eea50
2,5647ab8ef786,0
2,5647ab947b9a,5647ab9476f0
2,5647ab8effd9,0
7,5647ab9c6b99,5647ab9c66b5
2,7f91afb5a1dc,7f91afb5a218
2,5647ab9673df,0
7,5647ab946bdd,5647ab9469c6
2,7f91afb52dd8,7f91afb52c01
2,5647ab9e7b9c,5647ab9e4d90
2,5647aba473dc,5647aba47642
1,5647ab9cf39c,5647ab9cf308
2,5647aba473d3,0
3,5647ab947b92,5647ab96d320
2,5647ab967391,5647ab9673a9
1,7f91afb521d5,7f91afb51fe0
2,5647a926f7d2,5647a926f828
2,5647ab8e7797,5647ab8e786e
2,7f91ae9d2d92,0
2,5647a926f7d7,5647a926f7eb
7,7f91ae9d35d0,5647ab9b5f14
2,5647ab9cf794,5647ab9cf833
3,7f91afb521d0,7f91afb6d690
2,7f91afb5212f,7f91afb5214f
7,5647ab8e6b6b,5647ab8e6b12
2,5647ab8cf72b,5647ab8cf830
2,5647ab94772b,5647ab947b60
3,5647a8b67b28,0
1,5647a8b67b28,0
2,5647ab8cfb2a,5647ab8cfb3d
7,5647ab8e6b2a,7f91a7d2d8d0
1,5647a9267f68,5647a9267d43
1,5647ab8cff29,5647ab8cff24
2,5647ab8ef729,0
3,5647aba4f769,5647a9ea3d60
1,5647ab94f728,5647ab911ad0
1,5647aa0c7f2f,5647aa0c7de5
3,5647aba4f76e,5647aba4f600
2,5647ab94776e,0
2,5647ab8cff2d,5647ab8cff54
1,5647ab8cff6c,0
2,7f91afb52167,0
2,5647ab8cfb63,5647ab8cfb50
2,7f91afb52d67,7f91afb531b0
3,5647ab8cf723,5647ab8d1510
2,7f91ae9d2d66,0
3,5647ab947763,5647a92b1fd0
3,5647a9267f60,5647ab910f10
1,5647aba47f62,5647aba47e08
2,5647ab8cff61,5647ab8cff80
2,5647aba4f767,0
2,5647ab8cfb25,0
2,5647ab967365,5647ab967430
2,5647ab8ef365,0
1,5647a926f726,7f91a7e87ba0
3,5647ab8e777b,5647ab8e2d20
2,5647ab947b7b,5647ab947731
2,5647ab94773a,0
3,5647ab94f77a,5647ab91cd70
2,5647ab8cff39,5647ab8cff45
2,5647ab967339,5647ab967477
2,7f91afb52d3a,0
3,5647ab8eff7e,5647ab8f1f40
2,5647ab94733d,5647ab947268
2,7f91afb72d79,0
2,5647ab8cfb7c,0
2,5647ab8e7773,0
1,5647ab9cf333,5647ab9cf139
3,5647aba4f773,5647aa018260
1,5647a8b67b30,7f91af489430
2,7f91ae9d2d77,7f91ae9d2d8c
7,5647ab8eeb31,5647aba3863e
2,5647ab8cff70,5647ab8cff73
1,5647ab947370,5647ab947320
1,5647ab8cff70,7f91a87c9880
2,5647ab8ef376,0
1,5647a8b67b35,0
1,5647ab8cff35,5647ab94da02
1,5647aa0c7f75,5647aa0c7de5
3,5647ab8ef774,5647ab8ff1d0
3,5647ab947b74,5647a92b1fd0
2,5647ab8cf74b,5647ab8cf7c8
2,5647ab9cf30b,5647ab9cf231
2,5647ab9cf74a,0
3,5647aba4f74a,5647ab90dd70
2,5647ab94770a,5647ab947b90
2,5647a9267f4a,5647a9267e00
1,5647ab8cff48,5647ab8cff40
2,5647ab94f74f,5647ab94f768
3,5647aba4f74f,5647ab90dd90
2,5647ab94774f,0
2,5647ab94730f,5647ab9472f8
2,5647ab8e774e,0
2,5647aba4ff4e,0
2,5647a9267f0f,5647a9267f8a
2,5647ab8cff4c,5647ab8cff51
1,5647ab8cff4c,5647ab94f710
2,5647ab8cf743,0
2,5647ab9cf703,0
2,5647ab947303,5647ab9472b0
2,5647ab94f742,5647ab94f7b0
3,5647ab967342,5647a9004490
1,7f91afb52106,7f91afb77390
1,5647ab9c7f02,5647ab9c75ba
1,5647ab9cfb00,5647ab9cf511
2,7f91ae9d2d45,7f91ae9d2d59
2,7f91afb52d43,0
2,5647ab9cf306,5647ab9cf380
2,5647ab8efb45,0
1,5647aa0c7f05,5647aa0c7de5
1,5647ab8cfb44,5647ab8cfb54
2,5647ab8cff1a,5647ab8cfec0
2,5647ab8cfb5a,5647ab8cfb65
2,7f91afb52d1d,0
1,5647aba4ff19,0
2,5647ab8cfb18,0
2,5647ab8cfb5e,5647ab8cfb50
3,5647ab96735e,5647ab967750
2,7f91ae9d2d1b,0
2,5647ab94771e,5647ab947740
2,5647ab8cfb1d,0
1,5647ab8cff5d,7f91a7e87ba0
1,5647ab94f71c,7f91a7e8b590
1,5647ab94fb1c,5647ab8f13e0
3,5647ab8ef71c,5647ab8d6440
1,5647ab94735c,5647ab9470df
2,5647ab8cfb13,0
1,5647ab967313,5647ab967460
2,5647ab9cf713,0
3,5647ab947353,5647ab8d6f50
1,5647ab94f713,0
2,5647ab967752,0
3,5647ab967351,5647a9396b30
2,5647ab8ef751,5647ab8ef670
1,5647aba4ff50,5647aba4fffb
2,5647ab8efb57,5647ab8eff70
2,7f91ae9d2d12,0
2,7f91afb52152,0
2,5647ab94f716,5647ab94f728
1,5647ab8cff16,0
1,5647aa0c7f15,5647aa0c7de5
3,5647ab8ef714,5647a9274db0
3,5647aba4f754,5647aba4f0d0
2,7f91afb520ef,7f91afb521bd
1,5647ab9476ab,5647ab947668
1,5647a9267eab,5647a9267ec7
3,5647ab8cfea8,5647ab8d7470
1,5647ab9476e8,5647ab9476fa
2,5647ab8efaaf,0
2,5647ab8ef6ec,0
2,5647ab8cfea3,5647ab8cfe7f
2,5647ab8e72a1,0
2,5647ab9472e1,0
2,7f91afb520a4,0
7,5647ab8ee6e0,5647ab950188
2,5647ab8ef6a0,0
5,5647ab966aa0,5647ab8d7360
2,5647ab947ae6,0
2,7f91ae9d2ca3,7f91ae9d2cae
2,5647aba4f2a6,0
2,5647ab8efaa5,5647ab8efab4
1,5647ab8efaa5,5647ab8d5460
1,5647ab9472a5,5647ab9472c1
7,5647ab9c66e5,5647ab9c62a3
2,5647ab94fae5,5647ab94fabf
1,5647aa0c7ee5,5647aa0c7de5
1,5647ab8cfee4,5647ab8e3160
1,5647ab8cfefb,7f91a7e1ebb7
1,5647a8b67ab8,0
1,5647ab8cf6ba,5647ab8eb720
1,5647ab947af9,5647ab94704b
2,7f91ae9d2cbc,7f91ae9d2cf3
2,5647a9267ebb,0
2,5647ab9476f8,5647ab947770
2,5647ab8cf6bf,5647ab8cf6d0
2,5647ab8cfeff,5647ab8cff21
1,5647ab8cf6bf,7f91a7e8b590
2,5647ab8ef6bf,0
1,5647ab8cfeff,5647ab8d6470
2,5647ab9472bf,0
3,5647ab8ef6fe,5647a9004490
1,5647ab9c7ebe,5647ab9c7ec6
2,5647ab8cf6bd,5647ab8cf6d8
2,5647aba476bc,5647aba479f0
3,7f91ae9d2cf9,7f91ae9d0030
2,5647ab8ef6f3,5647ab8ef7a0
1,5647ab8cf6b3,7f91a7e87ba0
3,5647ab8e72b3,5647ab8e95b0
1,5647ab8efab1,5647ab8d5460
2,7f91ae9d2cb4,0
1,5647ab9472f1,5647ab947305
1,5647ab8cfeb0,5647ab8cfe7f
2,5647ab8cf6b6,5647ab8cf6d0
1,5647ab8cf6b6,5647ab8d7360
2,5647ab9c7eb6,0
1,5647ab9c7ef6,5647a8809700
1,5647aa0c7eb5,5647aa0c7de5
1,5647aa0c7ef5,5647aa0c7de5
3,5647ab9672f4,5647ab8d54a0
2,5647aba4f2cb,0
2,5647ab8cfeca,5647ab8cfed9
2,5647ab94768a,0
2,5647ab8efac9,0
2,5647ab9c7ec9,5647ab9c7ec0
2,7f91afb5208c,7f91afb52244
2,5647ab9472c8,5647ab947368
5,5647ab8ee6cf,5647ab8f3f20
7,5647ab8e6ace,0
2,7f91afb52489,7f91afb526fe
2,5647ab8efacd,5647ab8efad8
2,5647aba47e83,5647aba47d9b
2,5647ab8cfec2,5647ab8cfed6
2,7f91afb520c6,0
2,5647aba47ac2,5647aba47ac9
2,5647ab947282,0
1,5647ab8cfec2,5647ab8d1410
7,5647ab96e281,0
2,5647ab94fac1,5647ab94fbb0
5,5647ab9c66c1,5647ab9c7520
1,5647ab8cfec0,0
2,5647ab8cfac7,0
2,5647ab8ef6c7,0
1,5647a8b67ac6,0
1,5647ab8cf6c4,5647ab9119f8
7,5647ab9c62c4,5647ab9c1117
3,7f91afb5249f,0
1,5647ab8cfada,5647ab8cf918
2,5647a9267ed8,0
3,5647ab9c7ed8,5647ab9b7c20
3,5647ab94769f,5647a92b1fd0
2,5647ab8cfede,5647ab8cfed6
2,5647ab94fadd,0
1,5647ab8cf6dc,7f91af489430
2,7f91ae9d2c99,0
2,5647ab947ad3,0
1,5647ab8cfed3,7f91a7e87420
2,5647ab8ef692,5647ab8ef770
1,5647a8b67ad1,0
2,5647a9267ed3,5647a9267eb0
2,5647ab9476d0,5647ab94778f
2,5647ab8cfad0,0
2,5647ab8ef6d7,0
2,5647aba47ad6,0
3,5647ab8cfe95,5647ab8d01a0
2,5647ab9472d5,5647ab9472b0
2,5647ab9cf22b,5647ab9cf2e0
2,7f91afb5206f,7f91afb52244
1,5647ab8cfe6a,5647ab8cfe6a
2,5647aba4f629,0
2,5647ab8ef668,0
3,5647ab8cfe6f,5647ab8d0000
2,5647ab9cf62f,5647ab9cf63e
2,5647ab94726f,5647ab947336
2,5647ab8ef26e,0
2,5647aba4f22e,5647aba4f1f0
3,7f91afb5242a,7f91afb51140
2,7f91afb52069,7f91afb52089
2,5647ab8cfe6d,0
1,5647aa0c7e2d,5647aa0c7de5
2,7f91afb52428,7f91afb5246b
5,5647ab8eee2c,5647ab8d7940
1,7f91afb52866,7f91afb527ec
1,5647aa9e7e20,5647a8811480
3,5647aba4f227,5647a9373b90
1,5647ab967225,5647ab9671c0
3,7f91afb52861,0
2,5647a9267e26,5647a9267e00
1,7f91afb52c20,5647ab918200
2,5647ab8e7224,5647ab8e794e
1,5647ab94fe7b,5647ab94fc47
7,5647ab8e6a3a,0
2,7f91afb5243e,7f91afb52498
2,5647ab8cfe78,5647ab8cfe7f
1,5647aba47638,5647aba47556
2,5647ab947678,5647ab9476b8
2,5647ab8e723f,0
3,5647ab8ef63e,5647ab8d54a0
2,5647ab9cf23e,0
7,5647ab8e627d,7f91af4ae3a6
2,5647ab94fe3d,0
2,7f91afb52439,0
2,7f91ae9d2c79,0
7,5647ab8eea33,5647ab926029
5,5647aba46673,5647a95d5b60
2,5647ab8ef673,0
2,5647ab947233,0
2,5647aba47a32,5647aba47d40
1,5647ab8e7272,5647ab8e7292
2,7f91afb52035,7f91afb52118
5,5647ab966a71,5647a91b82d0
2,5647aba47e31,0
2,5647ab8e7231,5647ab8e794e
1,7f91afb52474,7f91afb543e0
3,5647ab947630,5647ab948000
2,5647ab8ef230,5647ab8ef350
3,5647ab947670,5647ab947ee0
7,5647aba4ee37,5647aba1db97
3,5647aba47e0b,5647a8809560
3,5647aba4f24b,5647a8809b80
2,5647aa0c7e0b,0
2,5647ab9cf20a,5647ab9cf223
2,5647aba4f209,5647aba4f230
2,7f91afb5280d,0
2,7f91afb5204c,7f91afb52244
2,5647ab9cf648,5647ab9cf650
2,5647ab94fa0e,5647ab94f9e0
2,5647aba4760d,0
2,5647ab94724c,0
2,7f91afb52007,7f91afb52280
7,5647ab8e6a43,0
2,5647a926f200,0
3,5647aba4f202,5647a9373b90
1,7f91afb52806,7f91afb543e0
3,5647a926f205,5647a93b2510
2,7f91afb5a403,0
1,5647aa0c7e07,5647ab904bc0
2,5647a9267e07,5647a9267d28
1,5647aba47645,5647aba4759a
2,5647aba47e45,5647aba47f72
2,5647ab8ef245,0
7,5647ab8cee05,5647aba3697f
2,5647ab9c7244,0
2,5647aba47a5b,5647aba47ddb
7,5647ab946a1b,7f91a7e8b590
3,5647aba47a1a,5647a8809540
2,5647ab94765a,5647ab94767a
7,5647ab966e59,5647ab950ba3
3,5647ab947219,5647ab8e0d70
1,7f91afb5241c,7f91a7e8bf50
3,5647ab967218,5647ab9672b0
1,5647a9267e1a,5647ab8d7940
2,5647ab8ef21f,0
2,7f91afb5a41a,7f91afb5a2dc
3,5647ab9cf61c,5647ab77acc0
1,5647ab94765c,5647ab947bfc
2,5647ab947653,5647ab9476bc
1,5647aba47613,5647aba4746d
2,5647ab8ef253,5647ab8ef25e
1,7f91afb52817,0
2,5647ab8e7212,5647ab8e84f7
2,5647ab8ef212,0
1,5647aba4f257,5647aba4f2a0
2,5647aba4f255,0
1,7f91afb52851,7f91a7e8bf50
7,5647aba4e9eb,5647aba1cdef
3,5647ab8ef1ea,5647ab8f2990
1,5647aba475e9,5647aba4754d
3,7f91afb52bec,7f91afb5c710
7,5647ab8e6da8,5647ab8e6b52
2,7f91ae9d2bad,7f91ae9d2bd8
3,5647ab8e71af,5647a92d24a0
2,5647aba47dee,5647aba47f5c
3,5647ab94fdae,5647ab8ffaf0
2,7f91afb5a3ea,0
3,5647ab9475ee,0
1,5647ab8e71ed,5647ab8e7931
2,5647a9267dee,0
2,5647ab8e71e3,5647ab8e711c
3,5647aba475a3,5647ab8cff10
1,5647ab8e71a3,7f91a7e8bad0
2,5647ab9471e3,0
2,7f91afb72fa6,0
2,5647a88675a2,5647a88689ce
3,5647ab9479a1,5647ab96d320
2,5647a9267de5,5647a9267f48
7,5647ab9cede7,5647ab9cf1f2
2,5647a9267da4,0
2,7f91ae9d2be3,7f91ae9d2c5e
1,5647ab9475e5,0
2,5647ab8e71a4,5647ab8e71c0
1,5647aba4f1e4,5647aba4f220
2,5647ab94f9bb,5647ab94fa00
3,5647ab8ef5fa,5647ab8ef1a0
2,5647a9267df8,5647a9267e00
2,5647ab8e71f9,5647ab8e8e9f
3,5647ab9cf5b9,5647a8809560
1,5647ab9479b8,5647ab9477b0
2,7f91afb52bfb,0
2,5647aba4f1bf,0
1,5647aba47dbe,5647aba47abb
2,5647ab8ef1fe,0
2,5647ab8ef5bd,0
1,5647ab94fdb3,5647ab94fe2d
2,5647ab9479b3,0
1,5647ab8e71f2,5647a9e48450
1,7f91afb5afb6,7f91afb5aecd
2,5647ab94f9f0,0
1,5647aba475b0,5647aba473e2
1,5647ab9471b0,5647ab9470a0
2,7f91afb5afb4,0
2,5647aba479f7,0
2,5647ab8ef5b6,5647ab8ef5d1
3,5647ab8ef1f6,5647ab8d6440
3,5647a926f1f7,0
2,7f91afb52bb0,0
2,5647a9267dc9,5647a9267dd1
2,5647ab8e71ca,5647ab8e71f2
2,5647ab9cf1ca,0
2,7f91ae9d2b8d,0
2,5647ab9471c8,5647ab94718c
2,7f91afb52bcb,0
3,5647ab9475cf,0
2,5647aba4f18e,0
1,5647ab94798d,5647ab947920
4,5647ab96e18d,0
2,5647ab96718c,0
2,5647aba4f982,0
2,5647ab9e7981,0
2,5647a9267d83,5647a9267e20
5,5647ab9669c1,5647a91b8510
3,5647aba475c1,5647a88095e0
5,5647aba46180,5647aba424c0
2,5647ab9cf1c0,0
1,7f91afb72f84,7f91a7e87f80
2,5647ab9cf586,0
2,5647ab9e7985,5647ab9ed798
1,5647a926f1c7,5647ab941b20
3,5647ab947985,5647a92b1fd0
3,5647ab9671c4,5647ab967290
2,5647ab967184,0
2,5647ab9475db,0
2,5647aba4f1d8,0
2,5647ab94719f,5647ab94738b
3,5647aba4f19f,5647a8809b70
2,5647aba47d9e,5647aba47da8
2,5647a9267d9f,5647a9267d78
2,5647ab96719d,5647ab967210
2,5647ab9671dc,0
3,5647aba475dc,5647ab8cff10
2,5647ab9c759c,5647ab9c7efb
2,5647ab9cf1d3,0
2,7f91ae9d2b96,0
1,7f91afb5a3d7,7f91afb5a280
3,7f91afb72f97,0
2,5647ab9cf5d2,0
2,5647ab9cf191,5647ab9cf1b8
7,5647aba4e1d7,5647aba43b19
3,5647ab8ef1d7,5647ab8f8160
2,5647ab9c75d6,5647ab9c7ea4
3,5647ab8e7195,5647a880b510
1,5647ab8e7195,7f91a7e8b590
1,5647ab96f195,5647ab96eeaa
2,5647ab9cf56b,0
1,5647ab947d2b,5647ab947cfb
1,5647ab94f96a,5647ab94f838
3,7f91afb5a36e,7f91afb59390
2,5647ab947128,5647ab9471b5
1,7f91afb72f6c,7f91a7e87f80
3,7f91afb72f6c,7f91afb51000
1,7f91afb5af2c,7f91a7e87ba0
3,5647ab8e712f,5647a92d24a0
2,5647ab94716f,5647ab947158
2,5647a926f16d,5647a926f1c7
2,5647ab9c756f,5647ab9c758b
2,5647aba4f92e,0
7,7f91ae9d3f68,5647ab9b915d
2,5647aba4fd2d,5647aba4ff48
2,5647a9267d2e,0
1,5647ab8e7963,5647ab8e7146
1,7f91afb52727,7f91afb52666
2,5647ab947163,5647ab947110
2,5647ab8cfd62,0
2,5647ab8e7120,5647ab8e7400
3,7f91afb52722,7f91afb791d0
2,5647aba47566,0
1,5647aba47526,5647aba47430
3,5647ab947d26,5647ab96d320
2,5647ab9cf124,5647ab9cf330
7,7f91afb5bb3f,7f91afb5386c
3,5647ab9cf53b,5647ab22c560
2,7f91afb5273f,0
2,5647aba4f13a,0
1,5647aba47579,0
2,7f91afb52b3c,0
2,5647aba47538,5647aba475b8
1,7f91afb5273c,7f91a7e87ba0
2,5647ab96713f,5647ab967127
2,5647a9267d3d,5647a9267f59
2,5647aba4753e,0
1,5647ab94713e,0
2,5647ab94717d,0
2,7f91afb5a339,7f91afb5a280
1,5647a9267d71,5647a9267d93
2,5647ab8cf933,5647ab8cf7cb
2,5647ab947972,0
2,7f91afb52b75,0
7,5647ab966971,5647ab950661
2,5647ab8ef130,5647ab8ef150
2,5647ab947177,0
2,5647aba4f937,0
2,7f91afb72f73,0
1,7f91afb5af73,7f91afb5afb0
2,5647ab947136,5647ab947110
2,7f91afb5af32,7f91afb5aecd
2,5647ab947935,5647ab947bf0
5,5647ab8ee134,5647ab8d5400
2,7f91ae9d2b31,7f91ae9d2b46
1,5647ab94710b,5647ab947121
1,7f91afb5270e,7f91afb52640
2,5647ab9c754a,5647ab9c7557
1,5647a8b6790a,7f91af489430
2,7f91ae9d2b4c,0
2,5647ab8e7948,5647ab8e70c8
2,5647a9267d4a,5647a9267e88
2,5647ab94fd08,0
3,5647ab9cf148,5647ab9ceeb0
2,7f91ae9d2b0d,0
4,5647ab96e14f,5647ab96e466
2,5647aba4750f,0
3,7f91afb72f0b,7f91afb77390
3,5647ab8e714d,5647ab8cf6b0
3,5647ab8e790c,5647ab8d6440
5,5647ab8ee103,5647ab8d5480
1,5647ab8efd03,5647ab8effa5
2,5647ab947143,0
2,5647ab9cf503,5647ab9cfaf8
2,5647ab947542,0
2,5647ab9cf102,0
2,5647aba47502,0
2,5647ab947d02,5647ab947ad9
2,7f91afb72f06,7f91afb72f37
2,5647aba47547,5647aba475d3
2,7f91ae9d2b03,7f91ae9d2c90
3,5647a926f147,5647aae332a0
3,5647ab947544,5647ab947600
2,5647ab9cf544,0
1,5647ab94791b,5647ab94793b
2,7f91afb52b1d,0
2,5647ab8cfd59,5647ab8cfd70
3,5647ab9cf518,5647ab9d0220
1,7f91afb5231c,7f91afb5218e
2,7f91afb5af5c,7f91afb5aecd
1,5647ab94f918,5647ab94f838
2,5647ab96711f,5647ab967130
2,5647ab94751f,0
2,5647ab94711f,5647ab947108
2,5647ab94795e,0
2,5647a9267d1f,0
2,5647aa0c7d1c,5647aa0c7d48
2,5647ab9cf15d,0
1,5647ab94755d,7f91a7e8b590
3,5647ab9cf11c,5647a88097b0
2,5647a8b6791f,0
3,5647ab94f913,5647a926f790
1,5647aba47d53,5647aba47a44
1,5647ab947153,5647ab947165
2,5647aba4fd13,0
1,5647ab8e7152,5647ab8e7049
2,5647aa0c7d13,5647aa0c7db5
3,5647ab9cf152,5647a8809560
2,7f91ae9d2b15,7f91ae9d30c0
1,5647ab947d10,7f91afb51f60
3,7f91afb52314,7f91afb76fa0
2,5647ab8e7917,5647ab8e7747
2,5647a926f155,5647a926f160
2,5647ab947556,0
3,5647ab947956,5647ab96d9e0
2,5647ab967115,0
1,5647aba47515,5647aba4746d
2,5647ab947d14,5647ab947cf1
1,7f91afb72f10,7f91afb72f37
1,5647ab9c74ab,5647ab9c70e9
2,7f91ae9d2eee,0
2,5647a9267ceb,5647a9267d0d
2,5647ab9470e9,0
2,7f91ae9d2eac,7f91ae9d2e72
2,5647ab9cf4e8,0
1,5647ab947cef,5647ab947d08
2,5647ab9474ae,5647ab9474ed
2,5647ab9674ad,5647ab9674c8
2,5647ab8e78ac,5647ab8e78c7
2,7f91ae9d2ae9,7f91ae9d3000
3,5647ab9674e3,5647ab8cf6b0
3,5647aba474e3,5647a8809b30
2,5647ab8e70e3,5647ab8e7160
7,5647aa066ce3,5647aa005f4f
1,5647a926f0a0,5647ab8f8690
2,7f91ae9d2ae5,7f91ae9d2aef
2,7f91afb52ae3,0
2,5647ab8cf8a7,5647ab8cfac4
2,7f91ae9d2ea2,0
2,5647aba4fce7,0
2,5647ab8e78e6,0
2,5647ab9470a6,0
2,5647a9267ca7,0
2,5647ab947ce5,0
2,7f91afb72ee1,7f91afb73248
2,7f91afb5a2a0,0
1,5647ab9470e4,0
2,5647aa0c7cfa,0
2,7f91ae9d2ebe,7f91ae9d30e0
2,5647ab9c70fb,5647ab9c7237
3,5647aba4fcbb,5647a92b1fd0
3,7f91afb526fe,7f91afb50fd0
2,5647ab8e78fa,0
3,7f91afb5a2be,7f91afb59250
1,7f91afb526fe,7f91a7d9a9a0
2,5647aba474f9,0
3,7f91afb526bb,7f91afb510e0
1,5647a926f0bd,5647ab94f710
2,5647ab8cfcbe,0
2,7f91ae9d2afb,0
2,5647aba4f0fe,0
2,5647a9267cbf,0
2,5647a8b678fe,0
2,5647ab9674fc,0
5,5647ab8eecfc,5647ab8f0d00
2,5647ab9678f3,5647ab967968
2,7f91afb52ab6,7f91afb52a28
3,7f91afb72eb6,7f91afb76f60
1,7f91ae9d2ef4,7f91ae9d2bd8
1,5647ab9474b7,5647ab9473e0
2,5647a9267cb4,0
2,7f91ae9d2ab3,0
3,5647ab947cf6,5647ab96d320
1,5647aa0c7cf7,0
2,5647ab8cfcb5,5647ab8cfc83
2,7f91afb5aef1,0
2,5647ab8e78f4,0
1,5647ab94f8c9,5647ab94f838
2,7f91afb5a2cd,0
2,7f91afb72e8d,7f91afb730c0
2,7f91afb5aecb,7f91afb5af20
2,7f91ae9d2e8a,7f91ae9d3140
4,5647ab94e48e,5647ab94dde9
2,5647ab8e788e,0
2,5647ab94708e,5647ab94738b
2,5647aa0c7c8f,0
7,7f91afb536c9,7f91a8737258
2,7f91afb52689,7f91afb526c8
2,5647aba4748d,0
1,5647ab947c83,5647ab947c21
1,5647a926f083,5647ab8d5460
2,5647a926f083,5647a926f0b0
1,5647a926f0c3,5647a926f08c
2,7f91afb52ac4,0
2,5647ab967487,0
2,5647ab947487,5647ab947420
2,7f91afb5a283,0
2,5647ab9e7086,5647ab9e706f
2,5647aa0c7c87,0
1,7f91afb52682,0
2,5647ab8e7885,0
2,7f91afb72ec1,7f91afb72e20
1,7f91afb526c0,7f91afb52479
3,5647ab94f8c4,5647a93a8ba0
2,5647aba474c4,0
1,7f91afb5a280,0
2,5647ab8cf89b,0
2,5647ab947cdb,0
2,7f91afb5ae9f,0
7,5647ab8ee899,7f91a7e8b590
2,7f91ae9d2adc,0
2,5647a9267c9a,0
3,5647ab8e78d8,5647ab8e3000
2,5647ab96749f,0
3,7f91afb5269a,7f91afb51020
2,5647a8b678dd,0
3,5647a9267cdc,5647ab910f10
7,5647ab8ee4d2,5647ab8ede1b
1,5647ab9470d2,0
2,7f91afb5a2d6,7f91afb5a3e0
1,7f91afb52296,7f91afb6d0e0
3,5647a8b678d2,5647a8809ac0
2,7f91ae9d2ad4,0
2,7f91afb5a295,7f91afb5a2a6
3,7f91afb526d4,7f91afb510e0
3,5647ab9674d7,5647ab8cf6b0
2,5647ab8e7897,0
2,5647ab8e70d6,5647ab8e7160
3,5647ab9c7496,5647a8813270
2,5647aba47496,5647aba47530
2,5647aa0c7c97,0
2,5647a9267cd7,5647a9267ce1
2,5647ab9470d5,5647ab9471e0
2,7f91afb72ed1,7f91afb73158
2,7f91afb52a2f,0
2,5647ab9cf86a,5647ab9cf872
2,5647ab967468,0
3,5647aba4fc68,5647aba255a0
1,5647ab8e7428,0
2,5647ab8e742f,0
2,7f91afb52a6a,7f91afb52cf0
4,5647aba4e06e,5647aba4e1a8
2,5647ab947c6e,0
2,5647aa0c7c6f,0
2,7f91ae9d2e69,7f91ae9d2e94
2,5647ab947c2c,0
1,5647ab947463,5647ab947475
1,5647a926f821,5647ab8d6470
2,5647ab8e7422,5647ab8e7126
2,5647ab9cf462,0
2,5647aa0c7c60,5647aa0c7e09
2,7f91afb5a265,0
1,5647ab94f860,5647ab94f838
2,7f91afb5ae63,7f91afb5aea1
1,7f91afb72e22,7f91afb72f75
3,5647ab947c66,5647a92b1fd0
2,7f91afb52660,7f91afb52713
2,5647ab94f824,5647ab94f960
3,5647ab96f024,5647a8809570
3,5647ab96747b,5647ab8ff1d0
3,5647ab94703b,5647ab9473a0
2,5647ab94743b,0
3,5647ab947c7b,5647a92b1fd0
1,5647aba4707a,5647aba46ecb
2,7f91afb52a3d,7f91afb52a59
2,5647ab9e7079,5647ab9f0760
2,5647ab947039,0
1,5647a926f07b,7f91a874dfa0
3,5647aba4fc38,5647aba23210
2,5647ab94747f,5647ab947468
2,5647ab9cf87f,0
2,5647aba4743f,0
3,7f91afb5267a,7f91afb5f140
2,5647a926f07c,5647a926f08c
3,5647ab9cf83e,5647ab74bb20
2,7f91afb5a27a,7f91afb5a330
2,5647aa0c7c7f,0
2,5647aa0c7c3c,5647aa0c7cb0
2,5647ab9cf47d,0
1,5647ab96f07c,5647ab96efd7
3,5647ab967433,5647ab8d6440
2,5647ab947473,5647ab947420
1,5647aa0c7c32,0
1,5647a8b67870,5647a8b678bd
2,5647aba47433,5647aba474c0
2,5647ab967471,5647ab967320
2,5647a926f033,5647a926f0a8
2,5647aba4f831,0
3,5647a926f072,5647ab962ef0
2,5647aba47470,5647aba47620
1,5647ab947470,0
3,5647ab9cf437,5647a8809d50
2,5647aa0c7c77,0
3,5647ab8e7875,5647ab8da330
2,5647aa0c7c34,5647aa0c7cf0
2,5647ab947c35,5647ab9476ad
1,7f91afb52271,7f91afb733a0
2,5647ab8cf834,5647ab8cf86d
2,7f91afb5ae0e,7f91afb5ae1b
2,5647ab94fc4a,5647ab94fd00
2,5647aa0c7c48,0
3,5647ab9cf849,5647ab9cf3f0
3,5647ab967408,5647ab8fcdc0
2,5647a926f04a,5647a926f050
2,5647ab94f848,0
2,5647ab96f04f,5647ab96ef90
5,5647aba46c4e,5647aba47370
3,5647ab8e704c,5647ab8d6f50
2,7f91afb72e47,7f91afb73030
2,5647aa0c7c40,5647aa0c7e28
2,5647ab94fc41,0
2,7f91ae9d2a04,7f91ae9d2aa8
2,5647ab967440,0
2,5647ab947447,5647ab947420
1,5647ab947c07,5647ab947c3b
3,5647ab947046,5647ab947060
3,5647a926f807,5647a92d19e0
2,5647ab8ef405,5647ab8ef23e
2,7f91afb5ae00,0
3,5647ab8e741b,5647a880b520
3,5647ab94f85b,5647ab94f990
2,5647aba4741b,5647aba47600
1,5647ab8e741b,7f91a7e87420
7,7f91afb5b65e,7f91afb76f6f
2,5647ab9cf85a,0
2,5647aa0c7c58,0
7,5647abac6c59,5647abac1eec
3,5647ab9cf459,5647a880b760
2,5647ab947c58,0
1,7f91afb5225b,7f91afb5c250
3,5647aba4f81f,5647aba51560
2,5647aba4745f,5647aba47620
2,7f91afb5a21b,7f91afb5a1ea
2,7f91ae9d2e18,7f91ae9d2e5a
1,5647ab94741c,5647ab947434
3,5647aba4fc5c,5647aba231d0
1,7f91afb5a218,7f91a7e87ba0
2,5647ab967413,5647ab967430
1,5647ab8e7453,5647ab8e7747
1,5647ab94f853,7f91a7e87420
2,5647ab947453,0
1,5647ab8e7051,5647ab8e6dbb
2,5647aa0c7c50,0
3,5647ab9cf851,5647ab9d0970
2,7f91afb52a14,7f91afb52ab0
2,5647aba47450,5647aba47520
3,5647aba4fc57,5647ab90dd80
1,7f91afb5a212,7f91afb5a256
5,5647abac6c55,0
1,5647ab94f814,5647ab8e6b52
3,5647ab8e0bab,5647aaf8c350
2,5647ab940fa9,5647ab940fc0
3,5647ab9483e9,5647ab94bb10
2,7f91ae9d51ec,0
3,5647ab9407a8,5647ab93ef90
2,5647a93e8faa,0
3,5647a92c8bad,5647a8809650
3,5647ab968faf,0
2,5647ab9603ae,0
1,5647ab9407ad,5647ab9404f0
1,5647ab8e8fed,0
3,5647ab940fec,5647ab943580
2,5647ab9483e3,0
3,5647a93e8fe1,5647ab8e2d20
1,5647ab8e07a2,5647ab8e07b2
7,5647ab9413e2,5647ab93e8dd
2,5647a92607e0,5647a92608c0
2,5647ab9607a1,0
2,5647ab940fa0,0
2,5647ab940fe0,0
1,5647ab8e8fe7,7f91a7d2d8d0
2,5647ab9483a6,5647ab9483d5
2,5647ab9603e6,5647ab9603d0
3,5647ab940ffb,5647a93dc3e0
7,5647ab9697bb,0
2,5647ab9607bb,0
1,5647aba40bbb,5647aba4095b
3,5647ab948bfb,5647ab8d6440
2,5647ab9c0ffb,0
7,5647ab8e9fbb,5647a927bb7e
2,5647ab940fba,5647ab9411d0
3,5647ab968fba,5647ab9647a0
2,7f91a80fd5b9,0
2,5647ab8e07b9,5647ab8e07a8
1,5647ab948bb9,5647ab94845b
1,7f91a80fd1ba,7f91a80fccb3
3,5647ab968bf8,5647ab970a50
2,5647ab9483ff,0
3,7f91ae9d51fa,7f91ae9d0030
3,5647a93e8ffc,5647ab8f1cc0
2,5647ab9483be,5647ab9483d5
7,5647a93697ff,5647ab8e2df8
2,7f91a80fd1fe,0
3,5647a92c8bbe,5647a8809540
2,5647ab9607b2,0
2,5647ab9483b2,5647ab948540
2,5647ab8e07b0,5647ab8e078f
3,5647a93e8fb2,5647ab8e2d20
2,5647a92c8bf2,5647a92c8c30
2,7f91ae9d51b2,0
3,5647a93e8ff4,5647ab8f8160
2,5647ab8e0bb4,5647ab8e0aa5
2,5647a8b68788,0
3,5647ab968f8b,5647ab969490
2,5647ab948fca,0
1,5647ab940bca,5647ab94055a
2,5647a8840f8b,0
1,5647ab8e078f,5647ab8d5460
2,5647ab948f8f,5647ab949010
3,5647a93e8f8d,5647a8809520
2,5647ab9483cf,5647ab9485f8
2,5647ab968fce,0
2,5647ab8e078d,5647ab8e0798
2,5647ab940f8c,0
1,5647ab8e8fcc,5647ab8e8f70
7,5647ab961f83,7f91a7e87420
2,5647ab8e0f82,0
2,5647a93e8fc0,0
2,5647ab9c8fc2,5647ab9c9434
2,7ffd0b153d61,0
2,5647ab968fc1,0
3,5647ab948f81,5647ab8f7f30
1,5647a92c8bc3,5647a92c8beb
2,5647ab9603c0,5647ab960443
3,5647ab968fc7,5647ab97e820
3,5647ab8e8fc7,5647ab8cf6b0
3,5647ab968bc6,5647a8809510
1,5647ab948786,5647ab9484b3
7,5647ab949b85,5647ab949dfa
3,5647ab940bc5,5647ab91ca40
2,5647ab948bc5,5647ab948d6e
2,5647ab9403c4,0
2,5647ab8e079b,0
1,5647ab8e8fdb,5647ab8d4270
3,5647ab8e0bda,5647ab91ca40
2,5647ab968bda,0
2,5647a93e8f98,0
2,5647aba40b99,0
3,5647ab948b99,5647ab8d6f50
7,7f91afb5c99c,7f91afb52bf1
2,5647ab940798,0
1,5647ab8e0bdf,5647ab8e0aa5
2,5647ab968fde,0
2,7ffd0b153d7d,0
2,7f91ae9d51d9,0
3,5647a92607d1,5647a9331f00
3,5647ab9607d3,0
7,5647ab2c9bd3,5647ab2c9bf8
3,5647ab960393,5647ab8d6490
1,7f91a80fd5d0,7f91a80fd339
2,5647a92c8b92,5647a92c8baa
2,5647ab948b97,5647ab948b9e
2,5647ab940f96,0
2,5647ab9603d6,0
2,5647a93e8fd6,0
2,7ffd0b15398a,0
1,5647ab968b2a,5647ab968af1
7,5647a9369f68,5647a91d1f78
2,5647a8b6876a,0
2,7ffd0b153dc8,0
2,5647ab960328,5647ab960350
2,5647ab968f68,0
2,5647ab940f2f,5647ab940f40
2,5647ab96036f,5647ab960438
3,5647aba4076f,5647a8809ac0
2,5647ab96032d,0
3,5647ab8e0f6d,5647ab8d6440
1,7f91a80fd52f,7f91a80fd4c0
2,5647ab8e0b23,0
2,5647ab948f63,0
2,5647ab948360,0
2,5647a8b68723,5647a8b68738
2,5647ab968f60,0
3,5647ab948327,5647ab8d6440
2,5647a93e8f65,0
2,5647ab948b66,0
3,5647ab968b25,5647ab911c40
2,5647ab940f64,5647ab940f6b
2,5647ab960b64,0
1,5647ab9e077b,0
2,5647ab94837b,0
2,5647a93e8f79,0
1,5647ab8e077a,5647ab8d5460
2,5647ab8e077a,5647ab8e0792
2,5647aba4077a,0
2,5647a93e8f3b,0
2,5647ab9c8f39,0
2,5647ab940f78,0
3,5647ab9c8f78,5647ab9d0220
3,5647a8b6873b,5647a881af80
3,5647ab8e8f7f,5647ab8d6f50
2,5647ab94833d,0
3,5647aba4073d,5647a8809540
2,5647a92c8b7f,0
2,5647ab96037c,5647ab960448
3,5647ab8e8f33,5647a9285650
2,5647a93e8f70,5647a93e9108
7,5647ab941b71,7f91afb5b409
2,5647aba40731,0
2,7ffd0b153dd7,7ffd0b153eb3
3,5647ab8e8f77,5647ab8cf6b0
1,5647ab8e0777,0
3,5647ab968f77,5647ab969230
1,5647a8840f34,0
1,7f91ae9d5533,7f91ae9d4e88
2,5647ab948b36,0
2,5647ab948b76,5647ab948b60
2,7f91afb5d931,7f91afb5c920
2,7f91ae9d5130,7f91ae9d5458
3,5647ab940f4b,5647ab941cc0
3,5647ab8e0b0a,5647ab8d6f50
7,5647ab8e974a,5647ab8db672
2,7f91ae9d514f,7f91ae9d5280
2,5647ab960b4a,0
7,5647ab949f49,5647ab949446
2,5647a8b6874a,0
7,7f91a80fc94a,7f91a80fd4e0
3,7f91a80fd50b,7f91a80fc820
3,5647ab94830f,5647ab948f10
3,5647aba4070f,5647a8809ac0
2,5647ab9c8f4e,0
2,5647ab948b4e,5647ab948c74
2,5647aba4074d,0
4,7f91a80fc90e,7f91a80fcaa8
2,5647ab948343,0
1,5647a8840f40,0
3,5647ab8e0b02,5647ab8db460
1,7f91a80fd541,7f91a80fd47c
7,5647a91c1b42,5647a91d1d4c
2,5647a93e8f45,0
2,5647ab9c8f07,5647ab9c8f25
2,7ffd0b153da6,7ffd0b153e3e
2,7f91ae9d5140,7f91ae9d5398
3,5647a8b68706,5647ab2c9be0
3,5647ab94831b,5647ab8d6440
4,5647ab94135b,5647ab9415c0
2,5647a8b68718,0
2,5647ab940f5a,0
2,5647aba4071a,0
7,5647aba41f19,5647aba2dfb0
1,5647ab968b18,5647ab968a86
2,5647ab968b58,5647ab968bf0
2,7ffd0b153dfe,0
1,5647ab968f5e,0
2,7f91afb5d919,7f91afb5d91e
3,7f91a80fd51e,7f91a80fc330
3,5647a93e8f5e,5647aba69270
2,5647a8b68f10,0
2,7f91ae9d5117,0
2,5647aba40b12,0
3,5647ab948351,5647ab8d6440
2,7f91a80fd552,7f91a80fd53c
3,5647ab968b10,5647ab96be00
2,5647aba40757,0
3,5647ab948b15,5647ab8d6490
2,5647ab940f54,0
2,5647ab9482ab,0
1,5647aba406ab,5647aba406fa
7,5647ab8e96e9,5647a9d68a66
2,7f91ae9d54ac,0
1,5647ab8e0ee8,5647ab8e0e1e
2,5647ab968aef,5647ab968b20
1,7ffd0b153c4f,7ffd0b153b16
7,5647ab9c96ef,5647ab9c9597
2,5647ab960eae,5647ab96107b
4,5647a98492af,5647a984c10b
3,5647ab940aad,5647ab91ca40
2,5647ab8e0aac,5647ab8e0a08
1,5647ab9402a3,5647ab940197
2,5647ab9482e3,5647ab9482ec
2,5647ab948ae3,5647ab94881f
3,5647a8b686e0,5647a880a860
3,5647ab8e0ee3,5647ab8e3220
3,5647ab968ae2,5647ab9007d0
2,5647ab9486a2,0
1,5647ab8e8ee2,5647ab8e8ecb
3,7ffd0b153c01,7ffd0b153970
7,7f91afb54ca5,5647a933195c
2,5647ab948aa7,0
1,5647ab8e0ea7,5647ab8e0de6
2,5647ab9c8ea7,0
2,5647ab8e8ea6,5647ab8e8eb8
2,5647ab968ea6,0
7,5647ab9496e5,5647ab940fd6
7,5647ab9496a5,5647ab9412d1
7,5647aba696a5,5647ab9d3a9a
1,5647ab948abb,5647ab948ad1
3,5647ab8e0aba,5647ab8dd3d0
2,5647a8b68ef9,0
3,5647ab8e0af9,5647ab8d6440
1,5647ab960eb8,5647ab960db6
2,5647aba40aff,0
2,5647ab948aff,5647ab948bbe
7,5647ab8e96fd,5647ab8e95e6
2,7f91a80fd4be,7f91a80fd501
1,7f91ae9d50f6,7f91ae9d51a2
2,5647a8b68ef0,0
3,5647aba40af3,5647aba505f0
1,5647ab940ab2,5647ab9409a2
2,7f91a80fd4b1,0
2,5647ab8e8eb1,5647ab8e8ee4
3,5647ab8e0af0,5647ab8d6440
5,7f91ae9d48f5,5647ab983450
2,5647ab9c8eb0,0
1,5647ab968af7,5647ab91d4c0
2,7f91ae9d50f0,0
2,5647ab9486b4,5647ab948a9d
2,5647ab948acb,0
3,7ffd0b153c2b,7ffd0b153970
3,5647aba40acb,5647aba3aa60
5,5647ab9412ca,5647ab9496a0
5,5647aba69a8a,5647ab9d4010
3,5647aba4068a,0
2,5647ab940ec8,0
1,5647abac0a88,5647ababe267
1,5647ab8e0e88,0
2,5647ab948ecf,5647ab948ef3
2,5647ab960e8f,5647ab960e78
5,5647ab9c96cf,5647ab9c9730
2,7f91a80fd48d,0
2,5647ab8e0e8c,0
2,7f91ae9d5089,7f91ae9d4f29
2,5647ab960e83,5647ab960e30
2,7f91ae9d54c7,7f91ae9d50d0
2,5647a8b686c2,5647a8b686e0
3,5647abac0a80,5647a96edd20
2,5647ab8e0a86,0
2,5647ab8e0ac6,0
1,7ffd0b153c25,7ffd0b153bb3
2,5647ab8e8ec4,5647ab8e8ed8
2,5647ab9482db,0
2,5647ab948adb,5647ab948ac0
1,5647ab940edb,7f91a7e8bf50
3,5647ab94029a,5647ab8cff10
2,5647ab968ada,0
1,5647ab968eda,5647ab968e99
2,7f91ae9d549c,0
2,5647aba40ad9,0
7,5647ab8e1e98,5647ab8e1259
7,5647a91c1a9a,5647a91d1d8f
3,7f91a80fd4db,7f91a80fc870
2,5647a926069c,0
2,5647aba4069e,0
3,5647ab968ad3,5647ab9689c0
1,5647ab8e8ed3,5647ab8e7134
2,5647ab8e0a92,5647ab8e0bd0
2,5647ab960ed0,5647ab960e9f
2,5647ab960e97,5647ab960e30
2,5647ab9c8e97,0
2,5647aba40695,0
2,7f91a80fd469,7f91a80fd550
2,5647ab8e0a69,5647ab8e0b80
7,5647ab9c9229,7f91ae9d48f8
7,5647a91c126b,5647a91d30e8
7,7f91ae9dcc2d,7f91ae9df42c
1,5647ab960e6f,5647ab960e85
2,5647a926062d,0
2,5647ab9c822f,0
2,5647ab968a6d,0
3,5647ab968e6d,5647a8809590
2,5647a926066f,0
2,5647ab8e0a2c,5647ab8e0a74
7,5647ab9e1a63,5647ab9d939a
2,5647ab960a23,5647ab960c68
1,7f91ae9d5467,7f91ae9d5136
3,5647a9260620,5647a9331900
3,5647aba40222,5647ab8f2d70
7,7f91afb5c025,7f91afb770d2
2,5647ab8e0a20,0
2,7f91a80fd463,0
2,5647ab968a27,0
3,7f91ae9d5462,7f91ae9d0030
1,5647ab960e26,5647ab960e41
7,7f91afb54461,5647ab932dca
1,7f91a80fd426,7f91a80fd36b
2,5647ab968e64,0
2,5647ab968a39,0
2,5647ab968a78,5647ab968b10
2,5647ab968e78,5647ab968ed8
2,5647ab960e3f,5647ab960e23
1,7f91afb5547b,7f91afb54bef
3,5647ab968a7e,5647ab96b8f0
7,5647ab969673,5647ab968fb4
7,5647ab8e1273,7f91a7e8bad0
2,5647ab8e0a72,5647ab8e0a50
1,5647aba40232,7f91a8735380
2,5647ab8e0a31,5647ab8e0b80
2,7f91a80fd433,0
7,5647aa0c1a34,5647a9db546d
7,5647ab9c9a75,5647ab9c96d2
2,7f91a80fd476,0
2,5647ab968a34,5647ab968a56
2,5647ab968e74,0
3,5647ab9c820a,5647a880aa80
1,5647ab8e0e49,5647a8809890
2,7f91ae9d500c,7f91ae9d5100
3,7f91a80fd44a,7f91a80fc870
2,5647ab8e0e08,5647ab8e0ed0
2,5647ab968a48,0
2,5647ab960e48,5647ab960ebd
2,5647a8b68e0c,5647a8b68db8
2,5647ab9e024e,0
2,5647ab968a0e,5647ab9689e8
3,5647a926064c,5647a8809890
3,7f91a80fd40d,7f91a80fc330
2,5647ab968e4d,0
2,5647ab968a4c,5647ab968a56
2,5647ab9c8203,0
2,5647ab9e0602,0
2,7f91ae9d5407,7f91ae9d5416
5,5647ab9c9202,5647ab9b5280
4,5647a9849243,5647a984b721
7,5647ab941e40,5647ab94101f
2,5647ab968e47,5647ab968e08
7,5647abac1e06,5647aba9237b
2,5647ab968e06,5647ab968e49
1,5647ab8e0a45,5647ab8e0a6f
2,5647ab960e04,0
2,5647aba4061b,0
2,7f91a80fd458,0
2,5647ab8e0a59,0
2,5647ab0e0619,5647ab0e062c
2,5647ab968e19,5647ab968de8
2,5647ab960e5f,0
5,5647ab9c965f,5647ab9c95a0
1,5647ab8e0a1e,5647ab8e0a1b
4,5647a984925f,5647a984b1b9
2,7f91ae9d5418,7f91ae9d5146
3,5647ab960a1c,5647ab8f7e90
2,5647ab940e13,0
2,5647ab960e52,5647ab960e30
7,5647ab969252,5647ab968f7c
7,7f91a80fc852,7f91a80fd510
2,7f91ae9d53ee,0
2,5647ab960daa,0
3,5647aba401ea,5647ab94ced0
2,5647ab9489a8,0
2,5647ab9689af,5647ab968926
3,5647ab968def,5647a8809590
3,5647a93e8dad,5647a92c42d0
7,5647ab9c95af,5647ab9c9665
4,5647ab961daf,5647ab961db8
7,7f91ae9d47ab,7f91ae9d533f
1,5647ab8e0dee,0
2,5647ab9409ad,5647ab9404f0
2,5647ab940dec,0
1,5647ab9405ec,5647ab9405be
1,5647ab968de3,5647ab968e08
2,5647ab8e09a2,0
5,5647ab8e95e2,5647ab94f710
1,5647ab9689e2,5647ab968a02
2,5647ab9e05e1,0
2,5647ab8e0da1,5647ab8e0e80
2,5647ab9405e0,5647ab9405b0
3,5647aba401e0,5647aba51f00
1,5647ab9405a7,5647ab9405ce
3,5647ab9405e7,5647ab91ca40
3,7f91ae9d53a0,7f91ae9d0030
2,5647ab9485a5,0
2,5647ab9401a4,0
2,5647aba409a4,0
7,7f91a80fc7a7,7f91a873633b
2,5647aba409bb,5647aba40abf
2,5647ab968dfa,5647ab968e40
7,5647ab8e95f9,5647ab94d94f
7,5647ab8e9df8,5647ab8fd0f7
2,5647ab8e09ff,0
2,7ffd0b153b1f,0
3,5647ab8e09be,5647ab8dd250
2,7ffd0b153f1e,7ffd0b153f23
1,5647ab9485fe,5647ab9483af
2,5647ab9409bd,0
2,5647a8b68dff,0
2,7f91ae9d53b6,7f91ae9d53e8
2,7ffd0b153b52,7ffd0b153a98
3,5647ab8e09b2,5647ab8dd210
3,5647ab9e05f2,0
7,7f91a80fc3b2,7f91a80fd412
1,5647ab960df1,0
2,5647ab940df0,0
5,5647ab949df7,5647ab949b80
3,7f91a80fd3f4,7f91a80fc820
2,5647ab8e0df6,0
2,5647ab9689f6,5647ab968a20
7,5647a92611b4,5647a983685b
2,5647ab968df6,0
2,5647a93e8db4,5647a93e8d1e
2,5647ab9485b6,5647ab948bf0
1,5647ab9689b5,5647ab968938
2,5647ab960df4,0
7,7f91a80fc7b7,7f91a87362a5
2,5647a93e8d89,0
2,5647ab94858b,5647ab948570
2,5647a8b68dc9,0
2,5647ab948d8a,0
2,5647ab940188,5647ab940290
2,5647ab9405c8,5647ab940cdf
2,5647ab940588,0
1,5647ab8e0dc8,5647ab8e0de6
3,5647ab8e098e,5647ab8ff1d0
2,5647ab9401ce,0
2,5647ab94098e,5647ab940aa8
1,7f91a80fd38d,7f91a80fd36b
2,7ffd0b153b6d,0
2,7ffd0b153b2d,7ffd0b153bf6
7,5647ab961dcd,5647a98f81e0
1,7ffd0b153f23,5647ab8e0e2c
1,7ffd0b153b62,7ffd0b153a9a
2,5647ab940982,0
7,5647ab9c9d82,5647ab9c9a5d
2,5647a8840d82,0
7,5647ab969580,5647ab9af18b
2,5647ab8e0d87,0
7,5647ab9619c6,0
2,5647ab9409c5,5647ab940d24
2,5647ab960dc5,0
1,7f91a80fd3c6,7f91a80fd322
7,7f91a80fc387,7f91a80fd523
7,7f91a80fc7c7,7f91a87362e8
7,7f91a80fc787,5647abad6bc4
3,5647ab9e05da,0
2,5647ab96099a,5647ab960cc7
7,5647a98495db,5647abac1dd5
2,5647ab9405d8,0
2,5647ab9401de,5647ab940178
2,5647ab94059e,0
1,7f91a80fd3dd,7f91a80fd36b
1,5647ab9405dd,5647a93d8088
2,5647a8b68ddf,5647a8b68ed0
2,5647ab94859c,0
2,5647ab968dd3,0
2,5647ab948593,0
3,5647ab960d92,5647ab8e0d70
7,5647a9369990,5647a935c013
7,5647aba69d91,5647aba69369
2,5647ab960991,0
7,5647ab949d90,5647ab97110c
1,5647ab948d97,5647ab948b0b
2,7ffd0b153b76,0
7,5647a92c9dd4,5647a91814f3
2,5647ab8e0d94,0
5,5647ab9c9594,5647ab9c9630
7,7f91a80fc7d7,7f91a87360ff
2,5647ab960d6b,0
2,5647aba4096b,0
2,7ffd0b153bca,7ffd0b153bf6
2,5647ab94052a,5647ab940908
3,5647a93e8d68,5647a92708f0
2,7f91ae9d536f,0
1,5647ab94856a,5647ab948581
3,5647ab8e0929,5647ab8d6440
1,5647ab968d29,5647ab968c41
2,5647a93e8d2b,0
3,5647ab948528,5647a93b9760
2,5647ab96852f,0
7,5647abac192d,5647abaa1e0d
2,5647ab96852d,0
2,5647a926052f,5647a9260556
2,5647ab940523,5647ab9404f0
2,5647a8b68d20,5647a8b68d40
2,5647ab8e0962,5647ab8e0870
2,5647aba40962,0
1,5647ab8e0921,0
3,5647a8840d62,0
1,7f91ae9d5325,7f91ae9d535c
2,5647a9260562,5647a9260610
2,5647ab940565,5647ab940919
3,5647a8b68d66,5647ab2c9be0
2,5647ab8e0924,5647ab8e0910
2,5647ab948d7b,0
2,5647ab94857b,0
2,5647ab94053a,0
3,5647a93e8d78,5647a98a0e40
7,5647ab961d3a,7f91a7e8b590
3,5647ab96097a,5647ab915280
2,5647abac0979,5647abac0a70
2,7f91ae9d537c,7f91ae9d5330
2,5647aba40979,0
2,5647a8b68d7b,0
2,5647a914893a,0
2,7ffd0b153b9f,7ffd0b153bfd
3,7f91ae9d533a,7f91ae9d4560
3,5647a914893c,0
3,5647ab96893d,5647ab911c40
2,7f91a80fd37e,7f91a80fd350
2,5647ab94057c,0
5,5647a93e913e,5647ab8d7470
3,5647ab940973,5647ab93f5a0
2,5647ab940932,5647ab940968
1,5647ab940d32,5647ab9404f0
1,5647a93e8d70,5647a93e8ce2
2,5647ab940172,0
1,5647ab948531,5647ab948677
2,5647ab940570,5647ab940599
2,7f91a80fd333,7f91a80fd598
2,5647ab8e0936,0
7,5647a93e9174,0
3,5647a8840d35,0
2,7f91a80fd376,7f91a80fd430
7,5647abac194b,5647abaa1e0d
7,5647a9141909,0
2,5647ab94854a,0
2,5647a9148948,0
2,5647a93e8d0b,5647a93e8d15
4,5647aba41949,0
1,5647abac0d08,5647abaa501b
2,7f91ae9d530a,0
7,5647ab9c954f,5647ab9c90bd
2,5647a8840d4c,0
2,5647ab96890d,5647ab968998
2,5647a93e8d0f,0
2,5647a914894f,0
3,5647a8b68d40,5647a880a860
2,5647ab8e8502,0
2,5647ab940546,5647ab940bc0
2,5647ab968906,0
1,5647a9260906,5647a92607ed
4,5647abac1d44,5647abac1e57
2,7f91ae9d5341,7f91ae9d5480
1,7f91a80fd347,7f91a80fd374
2,5647a93e8d59,0
2,5647ab94855a,0
3,5647ab968d19,5647ab8cff10
1,5647ab8e8519,5647ab8e7931
1,7ffd0b153bf8,7ffd0b153b46
4,7f91a80fc35c,7f91a80fc400
2,5647a93e8d1c,5647a93e8d78
3,5647ab94015e,5647ab902fe0
7,5647a926195c,5647ab8e3811
2,5647ab94091d,0
7,5647abac195d,5647abaa1e0d
2,7ffd0b153bbc,0
2,5647ab94895c,5647ab948998
2,5647ab96851c,0
2,5647ab940913,5647ab940599
2,5647ab940152,5647ab9401c0
5,5647ab969d12,5647ab8d75b0
2,7f91a80fd352,7f91a80fd3d0
1,5647ab940510,5647ab93e910
3,5647ab948950,5647ab8d6440
7,5647ab8e9510,5647a96ee1ed
2,7f91a80fd356,7f91a80fd3e0
7,7f91afb5c310,7f91afb5c76b
2,5647a9260516,5647a9260527
7,7f91a80fc717,7f91a80fe648
7,7f91a80fc757,7f91a873629a
2,5647ab9484aa,5647ab9484d9
2,5647a93e8ce8,0
1,5647ab8e08e9,0
3,5647a92608ac,5647a92028b0
2,5647a93e8cac,5647a93e8d40
1,5647aba400ae,7f91a7e87420
2,5647ab9484ed,0
2,5647ab8e08ec,0
2,5647ab9688ac,0
2,5647aba400ac,0
1,5647ab960cac,5647ab960b42
2,5647ab940ce3,5647ab940919
2,5647ab960ca3,0
3,7ffd0b153e42,7ffd0b153970
2,5647a93e8ca0,0
3,5647ab9688a1,5647ab9689c0
2,5647ab8e08a0,0
2,5647ab9688e0,0
2,7f91ae9d52a3,7f91ae9d5301
2,5647ab9e04a5,0
3,5647ab9484e5,5647ab8d6490
7,5647ab949ca5,5647ab77b4af
1,7f91a80fd2a7,7f91a80fd2b3
2,5647ab9484fa,0
5,5647ab9c90ba,5647ab9c9480
2,5647a8840cfa,0
2,5647ab8e08f8,0
2,7ffd0b153a5f,7ffd0b153ad2
2,5647ab8e08bf,0
1,5647a92608bd,5647ab8e6b52
2,5647ab9404fd,0
1,5647ab9e04fd,5647ab9dfd55
2,5647a93e8cff,0
3,5647ab968cfc,5647a88095e0
2,5647ab9488f2,5647ab948942
3,5647aba480f1,5647aba43100
7,5647ab8e10f0,5647abad479c
2,5647ab9484b6,0
2,7f91a80fd2f5,7f91a80fd3b8
3,5647a93e8cf6,5647ab91de00
2,7ffd0b153a6a,0
7,5647ab961089,5647ab960884
2,5647ab9688c8,5647ab9688d5
2,7ffd0b153a6f,7ffd0b153b58
7,7f91ae9dceca,7f91ae9d00e7
7,5647abac188f,5647aba38112
2,7f91a80fd2cd,0
1,5647ab9e0483,0
2,5647aba40083,0
7,5647ab9698c2,5647abaac307
2,5647ab9484c2,5647ab9484d9
7,5647ab969482,5647ab96901b
2,7ffd0b153a61,7ffd0b153b67
2,5647ab9688c1,0
2,5647a9260883,5647a92608a9
2,5647ab8e08c7,0
1,7ffd0b153e66,7ffd0b153dbe
2,5647ab960c86,0
2,7ffd0b153e25,0
2,7f91a80fd299,0
1,7ffd0b153e39,7f91a7e8b590
2,7ffd0b153a79,0
2,5647ab948898,5647ab9488eb
3,5647ab9e049e,0
1,5647a9260c9e,5647a9332380
2,5647a92604d1,5647a926050e
3,5647aba40093,5647aba401d0
2,5647ab9484d3,5647ab948780
2,5647ab8e0892,5647ab8e0980
2,7f91a80fd2d2,0
4,5647abac18d0,5647abac18f0
2,5647ab8e08d7,0
3,5647a93e8c95,5647ab8d1510
5,5647aba69c96,5647ab9553d0
2,5647ab9c0096,5647ab9bfb5b
1,5647ab960cd6,5647ab960a08
2,5647ab960c96,0
7,5647a9369cd7,5647a93a9032
2,7f91a80fd2d7,0
2,5647aa0c006a,5647aa0c015d
1,5647ab8e002a,5647ab8df57a
1,5647a9260828,7f91a7e87ba0
2,7f91a80fd229,0
7,5647abac1869,5647aba997d4
2,5647ab948829,5647ab948869
2,5647ab968c28,5647ab968cf0
1,5647aba40028,5647aba3ff6c
2,5647a926086d,5647a926087c
2,5647a926082f,5647a9260866
1,5647a926086f,5647ab8d6470
3,5647ab8e082c,5647ab8d54a0
4,5647a984906e,5647a9849248
4,5647a984146e,0
2,5647ab960c6c,0
2,5647ab968c63,0
2,7f91a80fd261,0
2,5647ab9c0067,0
2,5647ab8e0866,0
2,7f91ae9d5223,0
3,5647ab8e0025,5647ab8e07c0
3,5647ab968c65,5647a8809510
1,5647a9260866,7f91afb51f60
2,5647ab960464,0
2,5647ab96083b,0
2,5647aa0c007a,5647aa0c015d
2,5647a9260479,0
2,5647ab948439,5647ab948af0
7,5647a926107b,5647a98363c0
2,7ffd0b153ad9,0
2,5647ab948878,5647ab948890
2,5647aba40078,0
3,5647ab96087f,5647ab960d10
1,5647ab96043e,5647ab960389
2,5647ab94803d,0
2,5647aba4007d,0
7,5647a91c143f,5647a91d2ea8
1,7f91a80fd27e,7f91a80fd283
2,5647ab94847c,0
2,5647ab8e0873,0
2,5647ab960831,0
1,5647ab960471,5647ab960389
3,5647aba40070,5647ab948250
2,7f91a80fd273,0
2,5647ab960877,0
4,7f91ae9d4672,7f91ae9d47d0
5,5647aba69c77,5647aba297e0
1,5647ab948c77,5647ab948b90
4,5647ab8e1076,5647ab8e1110
2,7ffd0b153a96,0
1,5647ab9c0076,5647ab9bfba2
2,5647ab968c75,5647ab968bc6
7,5647aba41c74,5647aba3085e
2,5647a9260876,0
2,5647ab948c0b,5647ab948955
2,7f91ae9d524c,0
5,5647a91c144b,7f91a7e87ba0
2,5647ab948408,0
7,5647ab961c0f,5647ab9619be
2,5647ab968c0c,0
7,5647ab969043,5647ab94f710
2,5647ab948442,0
3,5647ab9c0042,5647a880b140
2,7f91ae9d5202,0
2,7f91ae9d5243,0
1,5647ab960446,5647ab9603fd
3,5647ab960406,5647ab8d6f50
5,5647ab949444,5647ab949db0
7,5647ab2c9c44,5647a8b68d6b
2,5647ab960404,5647ab96040b
7,5647ab9c1044,5647ab9c0076
2,5647ab948418,0
2,7f91ae9d525d,7f91ae9d4f11
7,5647aba69418,0
2,5647ab94801f,5647ab948030
2,7ffd0b153afe,7ffd0b153c27
2,7f91ae9d521b,0
3,5647ab8e081d,5647ab8e0d70
3,7f91a80fd21e,7f91a80f0a00
1,5647aba4001c,7f91a7e87420
2,5647ab968852,0
3,5647ab948411,5647ab948ea0
7,5647aba69c11,5647aba32a56
3,5647ab968c51,5647ab968da0
3,7f91a80fd252,7f91a80f08d0
2,5647aba40816,5647aba40b8e
1,7ffd0b153eb5,7ffd0b153df2
3,5647ab968c15,5647a8809520
2,5647ab9c0055,0
2,5647ab960455,0
7,7f91a80fc617,7f91a80feea9
2,5647ab941feb,0
2,5647ab9e13aa,5647ab9e13b1
3,5647a91c13a8,5647a8809660
1,5647a91c13a8,7f91a7e87420
1,7f91a80fcdaa,7f91a80fc918
2,5647ab9697af,0
1,5647a91c1bed,5647a91c1bf3
3,5647ab9693ae,5647ab8d6440
7,5647ab968bee,5647ab9712cb
2,5647aba693ae,0
3,5647aba41fed,5647aba480b0
2,5647aa0c1bec,5647aa0c2050
1,5647a9369faf,5647a9260c90
2,5647aba41bec,0
4,5647ab9403e3,5647ab940518
2,5647a91c17a1,0
1,5647aba69ba3,0
3,5647aba693a3,0
2,5647ab9693a2,0
7,5647ab9607e2,5647ab951cee
2,5647abac1be2,5647abac1bed
1,5647ab9417e2,5647ab9413c9
3,5647aba41fa2,5647ab8decf0
2,7f91ae9d45e7,7f91ae9d4631
2,5647aba41ba2,0
7,5647ab948fe1,5647ab948314
2,5647aba41be1,0
3,5647ab2c9ba1,5647a881b070
2,5647abac1be7,5647abac1ae8
3,5647a93697a5,5647a8b1d440
3,5647a91c13e5,5647ab978ff0
3,5647a91c1be5,5647a93966e0
2,5647aba69ba6,0
2,5647ab9693e5,0
2,5647ab9c9be5,5647ab9c9c02
3,5647a93697e7,5647ab8d21d0
2,5647a91c17a7,0
3,5647ab9693a4,5647ab8d6f50
2,5647aba693e4,0
2,5647ab961be4,5647ab961c2b
2,5647ab9417bb,0
2,7f91a80fc5f8,7f91a80fc559
2,5647aba41ffa,5647aba42260
2,5647ab9e13b9,0
2,5647aba69bb9,5647aba69c70
2,5647aba693b9,0
2,7f91a80fc9ba,0
3,5647ab9693b8,5647ab8d6440
1,5647ab9e17f8,5647ab9e16b2
2,5647ab9e13f8,0
1,5647abac1bff,5647abac1aa2
1,5647ab9c93ff,5647ab9c908b
2,5647aba693bf,0
2,5647ab9c9bbe,0
2,7f91afb5c1fa,7f91afb5c20f
2,5647ab949fbd,0
3,5647ab9c1fbd,5647ab9b7c20
2,5647abac1ffc,5647abac25a0
1,5647a93697fe,7f91a7e87ba0
7,7f91a80fd1bf,7f91a80fd4e0
2,5647ab949fb3,0
3,5647ab9c93f3,5647ab288940
3,5647ab2c9bf3,5647ab2c9b50
2,5647a91c13f1,5647a91c13fe
3,5647a91c1bb1,5647ab8d6440
3,5647ab9493f2,5647a88095e0
2,7f91ae9d45b7,0
3,5647a9369bf0,0
2,7f91afb545f5,7f91afb54870
1,5647aa0c1ff0,5647aa0c1a10
2,5647a92617b3,5647a926195c
1,5647ab941ff1,0
2,5647ab9693f0,5647ab9693d0
1,5647ab9e17f0,5647ab9e1652
2,5647ab8e1bf0,0
2,5647aba41fb0,0
2,5647aba69bb0,0
2,5647a93697f2,0
2,5647ab2c9bb7,5647ab2c9b88
2,5647a92c9bb5,5647a92c9e60
2,5647aa0c1bb7,5647aa0c1d20
3,5647ab949fb5,5647a8809510
2,5647a91c13f7,0
3,5647a91c1bf7,5647ab8cf6b0
1,5647aa0c1bb4,5647aa0c1b8b
2,5647ab941ff4,5647ab94201b
2,5647aba69bf4,0
1,5647ab9c1ff4,5647ab9c1cc2
2,5647ab949fca,0
3,5647a91c17c8,0
3,5647a91c1b88,5647aba3f6a0
2,7f91ae9d458d,0
2,5647ab9c9bc8,0
2,5647a91c1bca,0
2,7f91a80fc58b,7f91a80fc54b
3,5647a93697cd,5647ab8cff10
5,5647ab940fce,5647ab941b20
2,5647ab96938d,5647ab969397
2,5647abac1f8d,0
2,5647aba41bcd,5647aba41c78
2,5647aba693cd,0
7,5647ab8e0f8c,7f91a7e8b590
7,7f91ae9d51c6,5647ab9b16e6
2,5647a9369f80,0
1,5647ab961f82,0
2,5647ab2c9b81,5647ab2c9b8c
2,5647a92c9bc3,0
3,5647a91c1bc3,5647ab967750
1,5647ab949b80,7f91a7e0d240
3,5647a9369f82,5647a8fd5150
2,5647ab8e9f80,0
2,5647ab9417c7,0
2,7f91ae9d45c2,7f91ae9d45cc
1,5647ab9693c7,5647ab969430
3,5647aba41fc6,5647aba226e0
2,5647ab9693c5,5647ab9693df
2,5647abac1f85,0
2,5647aa0c1f84,5647aa0c2020
1,5647a9369f87,5647a9369f2b
2,5647ab8e9f85,0
2,7f91a80fc9c7,0
2,5647ab96979b,5647ab9697a2
2,7f91ae9d459e,0
3,5647a91c1bd9,5647aba3f6a0
2,5647ab9e13da,0
2,5647a9369798,5647a9369830
3,5647aba41b9a,5647aba44fd0
1,5647ab9c1fda,5647ab9b7c20
2,7f91afb5459e,7f91afb54940
3,5647a91c1b98,5647a9396b30
2,5647ab969799,0
2,7f91a80fc59a,7f91a80fc5c8
2,5647abac1bd8,0
2,5647ab9e13df,5647ab9e13ed
7,5647a8b6879c,5647aa018090
2,5647a92c9b9d,5647a92c9dd8
2,5647aa0c1bdf,5647aa0c1e92
2,5647ab9693dd,5647ab969410
2,5647ab8e1bdd,0
2,5647abac1bdd,0
2,5647ab94179d,5647ab9417b8
1,7f91a80fcdde,7f91a80fc918
2,7f91afb545d8,0
2,5647ab949f9c,0
3,5647aba69bdc,5647ab924c10
2,5647a92c9bde,5647a92c9bf8
1,7f91a80fc9df,7f91a80fc918
2,5647ab949fd3,0
2,7f91a80fc590,7f91a80fc54b
7,5647ab8e0792,5647aba6b7a6
2,7f91a80fcdd1,0
2,7f91a80fcd91,0
2,5647ab9693d0,5647ab9693d7
3,7f91ae9d45d2,7f91ae9cf600
2,5647ab9c9b97,5647ab9c9bb4
2,5647ab961bd7,0
2,5647ab961f97,5647ab962050
2,5647ab9c9bd5,5647ab9ca220
2,7f91afb5c92f,0
2,5647a9369f29,5647a9369f70
2,5647ab941b2a,0
1,7f91a80fc96a,7f91a80fc918
2,7f91a80fc56a,0
1,5647ab941b6f,5647ab943a68
7,7ffd0b15398d,7ffd0b153e47
2,5647ab941b6d,0
2,7f91afb5c968,7f91afb5cc18
2,5647ab961f2c,0
1,5647ab941f23,5647ab941de2
3,5647a91c1b60,5647a9396dd0
2,7f91a80fcd21,0
2,7f91a80fc521,0
2,5647ab969361,5647ab96938a
1,7f91a80fcd62,7f91a80fc918
2,5647ab8e9727,0
2,5647a92c9b65,5647a92ca15d
2,7f91afb54562,7f91afb54780
2,5647ab941b66,0
7,5647aba40b26,5647aba3894d
1,5647a9369f67,5647ab8e6b52
3,5647aba41b25,5647a880a860
2,5647aba69724,5647aba69a80
2,5647aba41b64,0
2,5647a92c9b26,0
7,5647a8b68f27,5647aa018bf3
3,5647aba69364,0
1,5647aa0c1b3a,0
2,5647a91c1b79,0
2,7f91a80fc579,0
3,5647a91c137b,5647aba23230
2,7f91a80fc93a,7f91a80fc8e0
2,5647a9369f7a,0
2,5647ab9c9b38,5647ab9c9b3f
2,5647a92c9b3a,5647a92c9b41
2,5647aba69378,0
7,5647ab960b78,5647a91d1dda
2,5647aa0c1b3e,5647aa0c1ca8
2,5647aba41f7f,0
3,5647a92c9b3c,5647a8809510
2,7f91afb5c937,0
2,5647ab961f73,0
2,5647ab8e9f73,0
1,7f91a80fc530,7f91a80fc559
2,5647ab949f32,0
2,5647ab9c9b70,5647ab9c9b8d
3,5647a91c1b72,5647ab967750
7,5647ab8e0b37,5647ab8e002a
1,5647ab941377,5647ab940dc0
2,5647ab941f37,5647ab941f4b
3,5647a9369775,5647a92d12a0
2,5647ab8e9f77,0
2,5647ab8e9736,0
2,5647aba41f76,0
2,5647a91c1b34,0
2,5647ab941b35,0
1,5647a9369f77,7f91a7e87ba0
2,5647a9369f49,5647a9369f90
2,5647ab9c9b0a,5647ab9c9b27
2,5647a92c9b48,5647a92c9b30
2,7f91a80fcd49,0
1,5647ab941b49,5647ab941b63
2,5647ab961f09,5647ab961f60
2,5647aba69709,0
2,5647ab9c9b49,5647ab9c9b66
2,5647ab9e1308,0
1,5647ab949f48,7f91adca2ba0
2,5647aba6970f,0
2,5647ab961f4f,0
7,5647ab96034d,5647ab95653c
2,7f91afb5c947,0
2,5647ab9e1343,5647ab9e1670
2,5647a91c1b01,0
3,5647ab941f02,5647ab8d6f50
2,7f91a80fc901,0
2,7f91afb54545,0
1,7f91afb54505,7f91afb54443
2,7f91afb5cd44,7f91afb5c98b
2,5647ab941f00,5647ab941f07
7,5647ab948f07,5647ab948416
2,5647ab941307,0
1,5647ab8e9f47,5647ab8e9f67
2,5647ab941345,0
2,5647a91c1b07,5647a91c1b0e
1,5647a9369f46,7f91a87379a0
3,7f91afb54940,7f91afb52730
2,5647ab949f5b,5647ab94a180
2,5647aa0c1f5b,5647aa0c2030
2,5647aba69719,0
2,7f91a80fc51a,0
2,5647ab9e1318,0
2,7f91a80fc91b,7f91a80fc93c
1,5647ab941f5f,5647ab941ebc
2,7f91afb5cd1a,0
3,5647a92c9b5c,5647a8809d70
2,5647ab961f1e,0
3,5647a91c1b1f,5647ab8d6440
2,5647aba69352,0
3,5647a91c1b50,5647ab8e95b0
2,7f91a80fc511,0
2,5647ab941311,0
2,5647aa0c1b51,5647aa0c1f80
2,7f91a80fc553,0
1,5647ab941f57,5647ab941e04
2,5647ab2c9b57,5647ab2c9bd3
5,7f91ae9d5111,7f91ae9df1b0
3,5647a91c1b16,5647ab8cf6b0
2,5647a91c1ae9,0
1,7f91afb544ee,7f91afb54450
1,5647ab941eaa,5647ab941ec4
2,5647a9141ea8,0
2,5647ab9412e9,0
2,5647ab9412a8,0
3,5647ab961eef,5647a9275ba0
2,5647ab941eee,5647ab941f5c
7,5647a92606ac,5647ab8e37ab
1,5647aa0c1eac,5647aa0c1d62
2,7f91a80fc8ef,7f91a80fc950
2,5647ab941ea2,5647ab941ef9
2,5647abac1ae2,0
2,5647ab8e96e1,5647ab8e96c0
2,7f91afb544a4,7f91afb545c0
2,5647ab9e12e0,0
1,5647ab9496e0,7f91a7d2d4c0
2,7f91a80fcca3,7f91a80fd1ae
1,5647ab8e96e7,5647a9e48450
3,5647abac1ee7,5647abac40c0
2,5647abac1aa6,0
1,5647ab8e9ea6,5647ab8e9cf9
2,7f91afb5cce1,0
2,5647ab8e96e5,0
2,5647aba696e4,0
2,5647ab9c9aa4,5647ab9c9ac1
2,7f91afb544ff,0
2,5647ab9e12bb,0
2,5647abac1afb,5647abac1aa8
2,5647abac1abb,5647abac1cb0
2,7f91afb5ccbe,7f91afb5ccde
1,5647abac1efa,5647abac1de2
2,5647aba696ba,5647aba696c6
1,5647ab8e96f9,5647ab94f710
2,5647ab9412b9,5647ab941660
2,5647ab9412f9,0
2,5647ab9c9af9,5647ab9c9b00
3,5647ab9e16b8,5647ab8cff10
7,5647ab968af8,5647a9d68335
2,5647aba41ef8,5647aba41f06
1,7f91a80fccfb,7f91a80fc918
2,5647ab9e12fe,0
2,7f91a80fc8fd,0
2,7f91afb5ccf9,0
3,5647a9141ebf,5647a8809b80
1,7f91ae9d48f8,7f91ae9d46b4
3,7f91afb544f8,7f91afb52400
2,5647ab949eb3,5647ab949f50
7,7f91a80fd4f0,7f91a80fe63d
2,5647ab9412f1,0
2,5647a91c1af2,5647a91c1b48
2,5647ab8e96f7,0
1,5647ab941ef7,5647ab941ebc
2,5647ab961ef7,0
2,7f91a80fc8f4,7f91a80fc990
7,5647ab968eb6,5647ab968c56
1,5647ab8e96b5,5647ab8e96d7
2,5647a9141eb6,0
2,5647aba696f4,0
2,7f91a80fc8b7,0
1,5647ab9e16cb,5647ab9e131e
2,5647ab8e96cb,5647ab8e96f0
2,5647aa0c1a8a,0
2,5647ab94128b,0
2,5647aba696cb,0
2,5647ab9c968b,5647ab9c96bf
2,5647ab9c9acb,5647ab9c9ae8
1,7f91afb5488e,7f91afb54520
2,5647abac1a8a,5647abac1bbd
2,7f91afb5cc8d,0
3,5647ab949e89,5647ab94b040
1,5647a9141ecb,0
2,5647a91c1a8d,5647a91c1a9a
1,7f91a80fcccc,7f91a80fc918
2,7f91afb5c889,0
1,5647aba69a8d,5647aba69684
3,5647abac1e8d,5647a983f1f0
3,5647ab941e83,5647a8809890
2,5647aba69283,0
2,5647ab8e9e83,5647ab8e9dec
2,7f91afb54c87,0
2,5647ab941ec2,5647ab941ef9
1,5647ab9e1680,5647ab9e138b
2,5647abac1a80,0
2,7f91afb5cc82,0
1,5647ab9c9a86,5647ab9cf410
1,7f91afb5c082,7f91afb5c007
1,5647aba69285,5647ab905470
2,5647ab8e1e84,0
2,5647ab941eda,5647ab941eb0
2,5647aa0c1adb,0
1,5647a91c1a98,7f91a7d2d4c0
2,7f91ae9d48dc,7f91ae9d48ea
2,7f91afb5449b,7f91afb54880
2,5647ab94129f,0
1,5647abac1e9f,0
2,5647ab9c96df,0
1,5647ab9c929f,5647ab9c9070
2,5647a91c1add,0
1,5647ab8e96df,0
3,5647ab8e9e9d,5647ab8f0f30
7,5647ab940edc,5647ab93e8dd
2,5647abac1adc,5647abac1a68
3,5647ab9412dc,5647ab943580
2,5647aba696dc,0
2,5647a9849290,0
2,5647aba69691,0
2,5647a91c1a93,0
2,5647a91c1ad3,0
2,7f91afb5c8d3,7f91afb5d910
2,7f91afb5c892,0
2,5647ab941295,0
1,5647aa0c1ad4,0
2,5647ab949e94,0
1,7f91afb54cd0,7f91afb54afe
2,7f91afb5442f,7f91afb54468
1,5647ab9e166b,5647ab9e1418
3,5647ab8e1e2b,5647ab8cf6b0
2,5647a9849228,0
2,5647ab9c9a6a,0
4,5647ab940e29,5647ab9410c9
2,5647ab8e1269,0
1,5647a91c126a,5647ab945d20
3,5647abac1e68,0
1,5647ab94166f,5647ab9412c0
3,5647a92c9e2d,5647ab8cff10
2,5647ab94126e,0
3,5647ab9c926e,5647ab288880
2,7f91a80fc82d,0
7,5647ab0e062d,5647aba29d09
3,5647ab9c966d,5647a880b140
3,7f91afb5cc28,7f91afb510c0
2,7f91a80fc82f,7f91a80fc848
1,5647abac1a63,5647abac1ac1
2,5647aa0c1a62,5647aa0c1a83
2,7f91a80fcc21,0
2,5647abac1a21,5647abac1a31
2,5647aa0c1a20,0
2,5647a91c1223,5647a91c122a
1,5647aa0c1e61,5647aa0c1a10
1,7f91a80fcc23,7f91a80fcb93
2,5647ab941e27,0
2,5647ab949e67,0
2,5647ab9c9667,0
2,7f91a80fc824,0
2,7f91afb5c862,0
2,5647ab969626,0
2,5647aa0c1e27,5647aa0c1e48
2,5647a92c9e64,5647a92c9bbb
2,5647ab8e9e26,0
7,5647ab9e0265,0
1,7f91afb54c20,7f91afb54c84
1,7f91afb5c03f,7f91afb5bf27
2,5647aba69279,0
2,5647abac1a39,0
2,5647aba69679,5647aba696b0
3,7f91afb5c07d,7f91afb59a50
3,5647ab9e1a38,5647ab9325a0
2,5647ab8e9e38,0
2,7f91afb5447b,7f91afb5448a
2,7f91afb5cc3b,0
1,5647a92c9e3d,5647a92c9c1f
2,5647aba6927e,0
2,5647a91c123c,0
2,7f91a80fc87e,7f91a80fd1bf
1,5647aa0c1e3d,5647aa0c1a10
2,5647a91c123e,5647a91c1245
3,5647ab8e1e33,5647ab8d6f50
7,5647aba40233,5647aba40098
3,5647ab941e72,5647ab8d6490
2,5647ab9e1a32,0
2,5647aba69671,0
2,7f91afb5c075,7f91afb5c007
2,5647ab8e9e30,5647ab8e9e41
2,7f91afb54434,7f91afb54510
2,7f91afb54873,7f91afb54622
2,5647ab941277,5647ab941360
1,5647a9141e35,0
2,5647a91c1235,5647a91c1245
3,5647ab9c9277,5647a8809510
1,5647abac1e77,0
2,5647aa0c1e77,0
3,5647ab969635,5647ab93f4f0
2,5647ab949e75,0
3,5647ab9e1674,5647a8809660
3,5647aba69634,5647ab8d1510
3,5647a91c1249,5647ab8cf6b0
3,5647ab96964a,5647ab8db460
2,5647aa0c1e4b,5647aa0c1fe0
2,5647a9849248,0
2,5647aba69609,0
2,7f91a80fc84a,7f91a80fc850
2,5647aa0c1e09,5647aa0c1e29
2,5647ab9e1a48,0
2,7f91afb5480b,7f91afb544e3
3,7f91afb54c0b,7f91afb6d700
1,5647ab941e0e,5647ab941e32
1,5647ab941e4e,5647ab941d42
2,5647ab8e9e4e,5647ab8e9dec
2,7f91afb54409,7f91afb54425
2,7f91a80fc84e,0
2,5647ab8e9e4c,0
3,5647a91c1600,0
3,5647ab969641,5647ab8dd3d0
2,5647ab8e1e41,5647ab8e2137
2,7f91afb5c005,7f91afb5c070
2,5647abac1a00,5647abac1d65
2,5647aba69600,0
2,5647aba69640,0
1,7f91afb54443,7f91afb53610
2,5647ab969247,0
2,7f91afb54c02,0
7,5647ab9c8246,5647ab9bddc8
2,5647ab8e9e05,0
2,5647ab8e9e45,5647ab8e9dec
1,7f91a80fc407,7f91a80fc367
1,5647ab969244,0
1,7f91afb5445f,7f91a7d9a9a0
2,5647a9141e59,0
2,5647ab941e5a,0
2,5647ab949e5a,0
3,5647aba6961a,5647ab8f1cc0
2,5647aa0c1e18,5647aa0c1e48
2,5647ab9e1a59,0
2,5647a91c125b,0
3,5647ab9e1658,5647ab8cff10
3,5647ab9c9a58,5647ab9c9a90
7,5647ab968a5f,5647ab968ad8
2,5647ab96965f,0
2,5647a91c121d,0
2,5647ab941e1e,0
2,5647ab96961d,0
1,7f91afb54819,7f91afb544e3
3,7f91afb54c18,7f91afb6d070
2,7f91afb5c857,0
3,5647ab949e53,5647ab94af90
3,5647a91c1211,5647ab978ff0
3,5647aba69612,5647ab8f8160
2,5647ab9c9212,0
3,5647a92c9e10,5647a88095e0
2,7f91afb5cc54,0
2,5647ab969610,0
3,7f91afb54814,7f91afb77390
3,5647ab9c9a50,5647ab9ca4c0
2,5647ab8e9e17,0
1,5647aa0c1a17,0
2,5647ab941e15,0
2,5647aba695e9,0
3,5647a91c11ab,5647aba23230
2,5647ab949de8,0
2,5647ab9c95a8,0
7,5647a92c89ea,5647a918126b
2,5647abac1def,0
2,7f91ae9dcbea,0
2,5647ab9c91ef,0
2,5647ab8e1dee,5647ab8e1e24
1,7f91a80fcbad,7f91a80fc918
2,7f91afb54ba9,7f91afb54bb4
2,7f91afb54be9,7f91afb55468
2,5647ab8e95ec,0
2,5647ab8e9de3,5647ab8e9dec
2,5647abac19e3,0
5,5647ab9689a2,5647ab8d75b0
2,7f91afb547a5,0
2,7f91ae9d47e4,7f91ae9d4ba0
2,5647ab8e95e0,0
3,5647ab949de0,5647ab94ac30
2,5647abac1de0,0
1,5647ab8e95e0,0
2,5647ab9c91a7,5647ab9c91b7
3,5647ab9c91e7,5647ab288cd0
2,5647a92c9de5,0
2,5647ab8e1de6,0
3,5647aa0c1da7,5647aa0bff50
2,7f91ae9d4ba3,7f91ae9d48b8
2,5647a92c9da4,5647a92c9dab
2,5647ab8e1da5,0
2,5647ab9c91e5,0
2,5647aba419a5,5647aba41b10
2,5647ab9695e4,0
2,5647abac1da4,5647abac1ed6
2,7f91ae9dcbfc,0
1,5647ab8e95f8,0
7,5647a88689fb,5647ab990888
2,7f91afb543fb,7f91afb544f8
7,5647ab9489bf,5647ab971f81
2,5647a92c9dbd,0
1,5647ab8e95be,0
2,5647ab949dfc,5647ab949e50
2,5647ab8e1db3,5647ab8e1dcf
2,5647aba695f2,0
2,5647ab941df1,5647ab941f28
2,7f91afb547b4,7f91afb547b9
1,5647a92c9df2,5647a92c9bcd
1,5647ab8e9df7,5647aa0c7e28
2,5647abac19f7,5647abac1d46
7,5647ab9401b6,5647ab93f7bf
2,7f91afb54bf2,0
2,5647ab9c91f5,0
3,7f91afb547f0,7f91afb51020
2,5647abac1db4,0
1,5647ab9411cb,5647ab9410ec
1,5647ab9495cb,5647ab948fb6
2,5647ab9415cb,5647ab941790
2,5647ab961dca,0
2,5647aba41989,0
2,5647ab8e9d88,5647ab8e9d60
2,5647ab949d88,0
2,5647ab8e9d8d,0
2,5647ab8e1d8d,0
3,5647ab9c918c,5647ab9ffc80
1,5647ab961dcc,5647ab8d7b30
1,5647a9369981,0
2,7f91afb54bc6,0
2,5647ab8e95c1,0
2,5647ab9c91c1,5647ab9c91cc
2,5647ab9411c0,0
2,7f91afb54783,7f91afb54590
2,5647ab941d86,0
3,5647ab9495c6,5647ab8d6440
2,5647abac1d85,0
7,7ffd0b153f24,7f91ad6d1b11
2,7f91ae9d4781,7f91ae9d45b0
2,5647ab8e9d9b,0
2,5647ab961d9b,0
2,7f91afb547de,0
3,5647a91c11d8,5647a8809660
1,5647a91c11d8,7f91a7e87830
2,5647abac19d9,0
2,5647abac1d99,5647abac1d16
2,7f91afb54bdd,0
1,5647abac1998,5647abac193c
3,5647ab9695d8,0
1,5647ab9411df,5647ab940fc0
3,5647a91c159d,5647aba23230
2,5647ab941ddc,5647ab941e53
2,5647aa0c199d,5647aa0c1c10
2,5647ab9c919c,5647ab9c91a3
2,5647ab941d93,0
3,5647aa0c1dd2,5647aa0bf800
2,5647a98495d0,0
2,7f91ae9d4797,0
3,5647ab941dd1,5647a8809b40
2,5647aa0c19d0,5647aa0c1a38
3,5647abac1dd0,5647a9849030
2,5647ab8e9dd7,5647ab8e9e80
1,5647aa0c1996,5647a9db544a
1,5647ab9c9597,5647ab9c9534
2,5647ab8e9d96,0
2,7f91ae9d47d3,0
3,5647ab9c91d6,5647ab288940
2,7f91afb54b92,0
2,7f91afb547d1,0
2,7f91a80fcb97,0
2,5647ab8e9d6b,5647ab8e9e00
1,5647a93e9129,5647a93e9041
2,7f91a80fc768,7f91a80fc744
2,5647ab8e952b,0
2,7f91afb5c76d,0
2,5647ab8e9569,5647ab8e94f0
2,7f91a80fc36a,0
7,5647aa0c0169,5647aa0c1dac
7,5647a914056a,0
2,5647ab9c912e,0
2,5647aba69d2e,0
1,5647abac1d6d,5647abac1a18
2,5647abac1d2d,0
2,5647aa0c1d2d,5647aa0c1e70
2,5647aba69d6c,0
2,5647ab941d63,5647ab941e48
2,5647ab9c9123,0
3,7f91afb5c766,7f91afb5c290
2,5647aba69d62,0
2,5647ab949d61,0
2,5647ab9c1121,5647ab9c112d
1,7f91a80fcb63,7f91a80fc918
1,5647ab8e1127,5647ab8e108a
2,5647ab9c9d67,5647ab9c9d7e
3,5647a93e9124,5647a93e8c50
2,7f91ae9d4f23,7f91ae9d5080
2,5647ab8e9526,0
2,7f91ae9d4721,7f91ae9d476c
2,7f91a80fc727,0
3,5647ab941d7b,5647ab8d6490
2,5647abac193a,5647abac1988
2,5647aba4197a,0
2,5647aba69d7a,0
1,5647ab961d39,0
2,7f91afb5c77b,7f91afb5c850
2,5647a92c9d3d,0
2,5647ab96957e,0
7,5647a93e8d3f,5647a93e9129
2,7f91a80fc37e,7f91a80fc3a8
3,5647aba69d3c,0
3,5647ab949d73,5647ab94b260
7,5647ab968933,5647a9d68335
3,5647aba69d33,0
2,7f91ae9d4774,0
2,5647a9369973,5647a9369990
2,7f91ae9d4f33,7f91ae9d5002
2,5647ab9c9576,5647ab9c9584
2,5647ab941d35,5647ab941d69
2,7f91a80fc337,0
5,5647ab8e094b,5647ab8e0770
2,5647abac190b,0
1,5647ab8e950b,7f91a7e8b590
2,7f91ae9d470e,0
2,7f91a80fcb48,0
2,5647ab9c910a,5647ab9c9185
2,5647ab8e954a,0
2,7f91a80fc74a,0
2,5647a92c9d0a,5647a92ca14c
2,5647a92c9d4a,0
7,5647ab96894f,5647a9d68335
2,5647a91c150c,5647a91c1537
2,5647ab8e1543,0
2,5647a92c9d00,0
2,5647ab9c9541,0
2,5647ab9c9101,5647ab9c9107
2,7f91a80fc742,7f91a80fc760
7,5647ab968540,0
2,5647ab8e9500,0
2,5647ab8e9506,0
2,5647ab9c1146,5647ab9c1c6e
2,7f91a80fc345,0
2,5647ab941d45,5647ab941e10
2,5647abac1d05,5647abac1d82
2,5647a93e9147,5647a93e9077
2,7f91afb54b01,7f91afb54b78
1,5647ab9c9145,0
2,5647abac1904,0
2,5647ab9c9d44,5647ab9c9d5d
1,5647ab8e955a,7f91a7e8b590
2,7f91ae9d471c,0
2,5647ab8e1118,0
2,5647a93e915d,0
2,5647abac1d5f,0
7,5647a914895c,7f91a8736c6f
1,5647ab8e9d5d,5647ab8e9d7b
2,7f91ae9d4718,0
2,7f91ae9d4f18,0
2,5647ab9c9d1d,5647ab9c9d3a
7,5647ab0c015c,5647aad25eb3
2,5647a92c9d5e,5647a92ca1dc
2,5647ab8e1113,5647ab8e1121
3,5647ab9c9113,5647ab9ffc80
2,5647ab941d52,5647ab941d69
3,5647ab9c1112,5647ab9c6020
7,5647ab940511,5647a93dc5fd
2,5647ab8e1551,5647ab8e1bd6
3,5647a9369913,5647a9369760
2,5647ab8e9551,0
1,5647ab941116,5647ab940f76
1,5647ab969d15,5647ab9698a1
1,5647aa0c1cea,5647aa0c1b86
2,5647a9149ca9,5647a9149cbd
2,7f91afb5c2ae,0
2,5647ab9490aa,5647ab949420
2,5647ab9c94aa,5647ab9c9568
2,5647ab9c10e9,0
1,7f91a80fc6aa,7f91a80fc613
2,5647a91418aa,0
2,5647ab9c9ca8,5647ab9c9cc5
2,5647a92c9cea,0
2,5647ab8e94af,0
1,7f91afb546ab,7f91afb544e3
2,7f91afb54aeb,7f91afb54cc8
1,5647ab8e10ef,5647ab8d7d10
2,5647ab9c10ef,5647ab9c1107
1,5647a88410ac,0
2,5647ab9698ae,0
2,5647a92c9cef,0
2,5647ab969ca3,0
2,5647ab9c1ca3,5647ab9c1ff1
3,5647ab9490a2,5647a8809510
3,7f91afb546a6,7f91afb77390
2,7f91afb5c2e5,0
2,5647ab9410e1,0
7,5647ab9608a0,5647ab946d48
2,5647ab9490a0,0
1,5647ab969ca0,0
2,5647a92c9ca2,5647a92c9ca9
2,5647ab8e9ce7,5647ab8e9e99
2,5647ab8e94a7,5647ab8e9518
2,7f91ae9d4ee2,0
2,5647ab9410e6,5647ab9411b8
2,5647a91418a4,0
2,7f91afb54ae2,0
3,5647a9369ca4,0
2,5647ab969ca5,0
2,5647ab9698e5,0
2,5647aba69ce5,0
2,7f91a80fcee7,7f91a80fcb3b
2,7f91ae9dcebe,0
2,7f91ae9d46be,7f91ae9d46cc
2,5647ab9698fb,5647ab969c50
2,7f91a80fceb9,0
2,5647abac18b9,0
2,5647ab8e94f9,5647ab8e9510
3,5647a92c9cba,5647a8809d70
2,5647abac18ff,0
2,7f91afb5c2ba,0
2,5647ab8e10bc,0
2,7f91ae9d4ef9,7f91ae9d51d0
2,5647ab9c10bc,5647ab9c10c7
2,5647ab8e9cf3,0
2,5647abac1cb3,5647abac1d00
1,5647ab969cb0,5647ab9698a1
2,5647a91418f5,0
2,5647ab9c90f7,0
2,5647ab961cf7,5647ab961d11
2,5647ab8e10b6,0
2,5647ab9c9cf6,5647ab9c9d13
5,5647ab8e08b5,5647ab8d9570
2,5647ab9410f5,5647ab941105
3,5647a9369cb7,0
2,7f91ae9d4ef1,0
2,7f91a80fc6b7,7f91a80fc690
2,5647aa0c1cca,5647aa0c1f57
2,5647ab969c89,0
2,5647aba69c89,0
3,5647ab9c1cc9,5647ab26a920
5,5647ab8e0888,5647ab8d5460
2,5647ab9c9ccf,5647ab9c9cec
2,5647ab9c90cf,0
1,5647ab8e108e,0
1,7f91afb5c28a,7f91afb510e0
1,5647a9149ccc,7f91a7e895f0
2,7f91a80fc68e,7f91a80fc6af
1,5647a884108e,0
3,5647a88410ce,0
2,5647ab94908c,0
7,5647a92c8881,5647a9180bf3
2,5647ab9c1c83,5647ab9c1c99
1,5647a9149cc0,7f91a7e8b590
3,5647a9149cc0,5647a8809630
2,5647ab8e94c1,5647ab8e9560
3,5647a9141883,0
2,5647ab9c9c81,5647ab9c9c9e
2,5647a92c9cc3,5647a92c9b90
3,5647a88410c2,5647a8840f50
2,7f91afb5c2c3,0
3,5647ab8e10c7,5647ab8d6440
1,7f91a80fcac4,7f91a80fc918
2,7f91ae9d4e80,7f91ae9d552e
2,5647ab9c9085,5647ab9c93ec
2,5647a91418c6,0
2,5647ab8e94db,0
1,5647a93e1099,5647ab9410c9
2,7f91ae9d46df,7f91ae9d4706
2,7f91a80fced9,0
2,7f91afb5469d,7f91afb544e3
2,5647a93e909b,5647a93e8f30
1,5647aba69c99,5647aba69bbf
7,5647a92c88da,5647a9180c5b
2,5647a91418da,0
2,5647ab9698d8,0
2,5647ab969c98,0
3,5647a9149c9a,5647a8af4b20
2,5647ab9c1cd8,5647ab9c1faa
1,5647a884109b,5647aa0c7e28
1,7f91a80fca9c,7f91a80fc918
7,7ffd0b153e3d,5647a8b88282
2,5647ab9c909d,0
2,5647ab9c90dd,0
2,7f91a80fcede,0
2,5647ab8e10dc,0
2,5647a9141891,0
1,5647abac1893,5647abac187b
2,5647ab8e1091,5647ab8e1060
2,5647a92c9cd3,0
2,5647ab9c10d1,5647ab9c10dd
2,5647a8841092,0
2,5647a93e1093,0
3,5647a9149c92,5647ab8da330
3,5647a93e9092,5647ab91de00
2,5647ab8e94d0,5647ab8e94f0
2,7f91afb54ad4,0
1,5647a9149cd2,0
2,7f91a80fc693,0
3,5647ab961cd7,5647a98f8170
2,5647aba69cd7,0
2,7f91ae9d4ed3,0
3,5647ab9410d4,5647ab941cc0
2,7f91a80fc628,7f91a80fc60c
3,5647ab96982a,5647ab8d1510
2,7f91ae9d4e6d,0
2,5647ab969c68,0
2,5647ab96942e,5647ab969420
2,5647ab96902e,0
3,5647ab94942e,5647ab949d40
3,7f91afb5c26a,7f91afb511a0
2,5647ab96986e,5647ab9698c8
1,7f91afb5c26a,7f91a7e8b590
2,5647a91c142f,0
2,5647aa0c1c2d,0
2,5647ab9c902c,5647ab9c904a
2,5647ab941023,5647ab941040
3,5647ab969423,5647ab8d6f50
2,5647a9369c60,0
3,5647ab2c9c21,5647a881b250
2,5647ab9c9060,0
2,5647ab969c60,0
1,7f91a80fc663,7f91a80fc527
2,5647ab969467,5647ab969478
2,5647a9141865,0
2,5647ab8e1c26,5647ab8e25e3
2,5647a9261064,0
2,5647ab8e1066,0
3,5647ab9c9066,5647ab288880
2,5647ab969866,0
2,5647ab94903b,5647ab949050
2,5647aa0c1c3a,5647aa0c19a3
3,7f91afb5467e,7f91afb51020
2,5647abac1839,0
2,7f91afb5463c,0
2,5647a914187a,0
2,7f91ae9dce7d,0
3,5647aba41c78,5647aba30b80
2,5647ab2c9c38,5647ab2c9c10
1,5647ab9c1078,5647ab9c1039
2,5647abac187f,5647abac1860
2,5647aba41c7f,5647aba41bd8
3,5647a93e903c,5647ab8d6440
2,7f91a80fc63d,0
3,7f91afb5c278,7f91afb5c1c0
2,5647ab9c103c,5647ab9c1044
1,5647ab969473,5647ab8d6f50
2,5647ab9c9c33,5647ab9c9c50
7,5647ab960433,5647aba2380c
2,5647a9369c31,0
5,5647ab9c0073,5647ab9c0ff0
2,5647abac1832,0
2,5647ab969832,0
2,5647a9369870,5647a9369910
2,5647ab961c32,0
1,5647aa0c1c33,0
3,5647a9369833,5647a9369760
3,7f91ae9dce75,7f91ae9c1790
2,5647ab9c1037,5647ab9c1070
3,5647ab9e1436,5647a8809540
2,5647ab949036,0
3,5647a93e9034,5647a93e8c50
2,7f91ae9dce70,0
2,7f91ae9d4e30,7f91ae9d4e3e
2,7f91afb54670,0
1,5647a8841077,5647ab94f710
2,5647a91c1409,0
3,5647ab96900a,5647ab8d6440
2,5647ab2c9c0a,0
7,5647ab948049,5647ab947635
2,5647a984904b,0
3,5647a93e900b,5647ab8d6440
2,7f91a80fc60a,7f91a80fc620
2,5647ab941048,5647ab940ebb
3,5647ab969448,5647a8809890
2,5647abac1848,5647abac1890
2,5647ab949448,5647ab9495ad
2,5647aba69408,0
2,5647a93e904f,0
2,5647a92c9c4f,0
7,7ffd0b153aac,7f91a7e2dea6
2,5647ab9e144c,0
3,5647ab94940c,5647ab8cff10
2,5647ab9c9c0c,5647ab9c9c29
2,5647ab8e1c03,0
7,5647a92c8c41,5647ab984e7b
3,7f91afb5c207,7f91afb51020
1,7f91afb5c207,7f91a7e87ba0
2,5647ab961c43,5647ab961bf6
2,5647ab961c03,0
2,5647ab9e1402,0
2,7f91ae9d4e47,0
2,5647a9369c00,0
1,5647a91c1c00,5647a91c1afb
2,5647abac1841,5647abac1890
1,5647aa0c1c40,5647aa0c19f0
7,5647a9260043,5647aba1ea99
2,5647a92c9c03,5647a92c9e00
2,5647a92c9c42,0
3,5647ab941006,5647ab9424d0
3,5647a93e9044,5647ab8d6440
1,7f91afb5c242,7f91afb5a140
1,5647ab9c9444,5647ab9c8fd4
3,5647ab94101a,5647ab941cc0
2,5647ab9c9c5a,5647ab9c9c77
2,5647a9369858,0
1,5647ab949419,5647ab949075
2,5647ab969418,0
3,5647abac1858,5647ab903040
2,5647ab8e1c18,0
2,5647ab949058,5647ab9493e8
2,5647a93e905a,5647a93e9130
2,7f91ae9d465a,0
3,5647a91c141d,5647ab8cf6b0
2,5647ab9e9c1e,5647ab9e42f0
2,5647ab94901d,0
2,5647a926105f,0
3,5647ab9c901d,5647a95b7b50
2,5647aba41c5d,0
2,5647a92c9c5f,0
5,5647ab9c005d,5647a95b5480
1,5647a884101e,5647ab94f710
2,7f91afb54657,7f91afb54660
1,5647ab9e1013,0
2,5647a9369c51,0
2,7f91a80fc650,0
2,5647ab9e1412,5647ab9e17ed
1,5647ab9e1452,0
2,5647a91c1410,5647a91c1440
2,7f91a80fc611,7f91a80fc67b
7,5647aa0c0010,5647aa0c1dac
2,5647a9369c13,0
2,5647a91c1412,5647a91c1419
3,5647ab969016,5647ab969340
3,5647ab94afea,5647a8809f10
2,7f91a80ff9ab,0
2,7f91a80ff5eb,7f91a80ff600
3,7f91afb771eb,7f91afb510e0
3,5647aba6afed,5647a92b1fd0
3,5647a91c23ef,0
3,5647ab8e2fec,5647ab8e3220
2,5647aba6a3ac,0
2,5647ab962fa3,0
2,5647ab962be3,0
3,7f91afb5fda7,0
1,5647a91c23e1,0
3,7f91ae9df5a7,7f91ae9ded20
2,7f91a80ff5e1,0
3,5647ab9e27a1,5647ab925010
3,5647a936a3a3,0
3,5647a91c23a2,5647a91c1750
1,5647ab962fa0,5647ab8d5480
2,5647ab94afa7,0
1,7f91afb5f1e2,7f91a7e8b590
7,5647ab96bbe4,5647ab968a83
2,5647ab962fb9,0
5,5647aba6b7f9,5647ab8d9570
2,7f91ae9df5fc,7f91ae9df60a
3,7f91afb5f9fd,7f91afb6c280
7,5647ab963fb9,0
3,5647a936a3fa,5647a92607b0
2,7f91a80ff9bb,7f91a80ffb20
2,7f91ae9df5ba,0
2,5647a936a3bf,5647a936a3d8
3,5647ab962bfc,5647ab962ef0
3,7f91afb771b8,7f91afb511a0
2,7f91a80ff9ff,7f91a80ffaa8
2,7f91afb5f1f8,0
3,5647ab962fb2,5647ab8f2d40
2,5647ab94aff2,5647ab94b020
1,5647ab8e2ff1,5647ab8e2f1d
2,5647ab94aff7,5647ab94afd0
2,5647aba6aff5,5647aba6b018
3,7f91afb5f9f1,7f91afb6b500
7,7f91a80fe5b6,7f91a80fe630
1,7f91afb771f0,7f91afb77101
2,7f91afb5f9ce,0
2,5647ab962b89,0
1,5647ab94afc9,5647ab94aff4
7,3ffffffc08f841d,0
2,5647ab8eab88,5647ab8eb110
1,5647ab9c2fc8,5647ab9c25fa
2,5647a91c23ca,0
3,5647aba6a38f,0
1,5647a91c23cc,0
3,5647ab9e278d,5647ab8cff10
7,7f91ae9dedc6,7f91ae9df5ac
2,7f91ae9df586,0
3,7f91afb5f9c7,0
2,7f91afb57dc6,7f91afb57d90
2,5647ab9c2fc2,0
1,7f91afb57d85,7f91afb57dad
3,5647a936a387,5647ab8cfef0
2,7f91ae9d7dc0,7f91ae9d7dcd
7,5647ab2e3f84,5647ab74b11c
7,5647ab8eb784,5647ab77b3a1
1,7f91afb7719f,7f91afb77044
2,7f91afb57d9e,7f91afb57f58
2,7f91ae9df1df,7f91ae9df410
2,5647ab942bd9,0
2,7f91ae9d7d9c,0
7,5647ab8e3f9f,5647ab956265
1,5647ab942bdf,5647ab942958
5,5647aba6b79f,5647ab8e0770
3,5647ab94afde,5647a8809f10
3,7f91afb5f19a,7f91afb5fa90
2,5647ab9ca7d3,0
3,7f91a80ff5d0,7f91a80f08d0
2,5647ab962b92,0
2,7f91afb57dd5,7f91afb57dad
1,5647aba6a3d1,0
5,5647aba6b7d0,5647ab8d5460
4,7f91a80fe1d3,7f91a80fe1fc
2,7f91ae9df593,7f91ae9df59a
4,5647ab8eb72b,5647ab8d7360
1,7f91afb57d2f,7f91afb57c30
2,5647ab962f6a,5647ab962f7d
1,5647ab96a728,5647ab96a1c8
1,5647ab962f68,5647ab8d5400
7,5647ab96b36f,5647ab96ae3f
3,5647aba6a36d,5647ab9ddc80
3,7f91afb5f167,7f91afb511a0
2,7f91afb77127,7f91afb7712d
1,7f91afb5f167,0
1,7f91afb5f927,7f91a7e87ba0
3,7f91afb5f525,7f91afb6c390
7,5647a91c3f22,0
2,5647ab9e2727,0
2,5647ab9c2367,0
5,5647a984b724,5647ab98ac50
2,7f91ae9d7d23,7f91ae9d7d35
2,7f91a80ffd25,7f91a80ff9a8
2,5647ab9caf65,5647ab9cb060
2,7f91ae9d7d60,0
2,5647ab96ab64,5647ab96ae18
2,7f91afb5f17f,7f91afb5f1d4
3,5647ab962b3a,5647ab8f8c10
7,5647a926b37b,5647ab8d1f6d
2,7f91ae9df57c,7f91ae9df583
1,7f91afb5f97c,7f91a7e87ba0
2,7f91ae9d7d7a,0
1,7f91afb57d3b,7f91afb57c30
3,5647a91c233d,5647a8809520
1,5647a91c233d,5647ab8dd250
2,7f91afb57d79,0
3,7f91afb5fd79,7f91afb51120
7,5647ab9c3b7d,5647ab9c38e8
3,7f91afb5f939,0
2,5647ab9e2733,5647ab9e2758
1,5647ab962f32,0
1,5647aba6a372,0
7,5647a9243773,5647aaf4bb11
2,5647ab962b70,0
3,5647ab9e2777,5647a880a000
2,5647ab962f77,5647ab9630c0
2,5647ab9c2377,5647ab9c253a
2,5647a91c2334,0
2,5647ab962f35,5647ab9630f0
1,5647ab8eab35,5647ab8ea93e
7,5647ab8ebf34,5647ab8ec1f9
7,5647ab8eb774,5647a96d26c6
2,7f91ae9d7d71,0
2,7f91afb5f530,0
2,7f91ae9d7d4e,0
3,7f91afb5f90f,7f91afb5f290
2,5647ab8e2f0a,5647ab8e2fe0
2,7f91ae9d7d0f,0
2,7f91a80ffd09,0
3,7f91afb5f54d,7f91afb510e0
3,5647ab962f49,5647ab915280
3,5647ab8e2f48,5647ab8cff10
1,5647ab9e2708,5647ab9e2718
1,7f91afb5fd4c,0
1,7f91afb5f94c,7f91afb5f870
3,7f91afb5f507,7f91afb6c550
3,7f91afb5f907,7f91afb510e0
1,7f91a80ffd40,7f91a80ff9a8
2,7f91afb5f946,0
3,5647aba6a301,0
3,5647ab9e2700,5647a880ab60
5,5647ab9c3700,5647ab9c4210
7,5647ab94b306,5647ab94b074
2,7f91afb5f540,0
2,5647a91c2306,5647a91c2311
2,5647ab9e275b,0
1,5647aba6a31b,0
2,5647ab9c235a,0
2,5647ab96ab5a,0
1,7f91afb5fd5e,0
3,7f91afb7711a,7f91afb51130
2,5647ab962b5d,0
2,5647a91c235e,5647a91c24d7
1,7f91afb57556,7f91afb53610
2,7f91ae9d7d57,0
3,7f91afb5f516,7f91afb6b850
2,7f91afb5f555,7f91afb5f46b
7,5647ab8ebb50,5647ab95b8bd
7,5647ab8eb750,5647abaa704f
2,5647abac2f50,5647abac3180
1,7f91afb5f914,7f91afb5f80f
7,5647ab96b710,5647ab96b537
3,5647ab8ea750,0
1,7f91a80ffd13,7f91a80ff9c1
1,5647ab942f16,5647ab942d3f
3,5647aba6a316,0
2,5647ab96ab54,5647ab96ae2e
1,5647ab9caaeb,5647ab9ca844
2,5647ab8e2eaa,0
3,5647aba6a6aa,5647ab932da0
3,7f91afb5f4ad,7f91afb511a0
2,5647aba6a2a9,0
2,7f91a80ff8aa,0
4,5647ab9c3ae8,5647ab99e560
2,5647ab9c26a8,5647ab9c27f0
2,7f91afb57caa,0
3,5647aba426ac,5647ab8cff10
3,7f91afb770e8,7f91afb510e0
3,5647ab962ee3,5647a8809610
1,5647aba42aa3,5647aba426a3
1,5647ab962ee3,5647ab8d5400
5,5647ab9cb6e0,5647ab9cb5c0
2,7f91afb5f4e4,0
5,5647ab96b6a0,5647ab8f0d00
7,5647ab9cb6e7,5647ab9cae44
2,5647a936a2e4,0
2,7f91ae9d7ca0,0
2,5647ab8e2efb,0
2,5647aba6a2bb,0
2,5647ab9626ba,5647ab962604
1,5647aba426b9,5647aba425cb
1,5647a92622bb,5647ab8e3220
2,5647a91c22fb,5647a91c2487
7,5647ab8ebeff,5647ab946c67
2,7f91afb770fb,7f91afb771a4
2,5647ab9e26fe,0
5,5647abac32be,5647ab8d1410
5,5647ab96b6fe,5647ab8d7940
1,5647aba6a6be,0
4,5647ab96b2fd,5647ab96b398
2,5647ab8e2ebd,0
7,5647ab8eb6fd,7f91a875ffb0
2,7f91ae9d7cb6,0
2,7f91a80ff8b0,7f91a80ff9f0
7,7f91a80fe8b0,7f91a80feebf
2,5647ab9626b2,0
1,7f91afb57cf5,7f91afb57c30
3,7f91a80ffcf2,7f91a80ff3f0
2,7f91a80ffcb4,7f91a80ffc5d
2,5647ab9626b6,0
2,7f91afb770b1,0
2,5647aba6a6b5,0
2,7f91afb770f0,7f91afb77010
2,5647a91c22f6,5647a91c2301
1,7f91a80ff4b7,7f91a80ff427
2,7f91a80ff0b7,0
2,5647a9262289,5647a92622a8
2,5647ab96228a,5647ab9625e8
3,7f91afb770cd,7f91afb5be30
2,7f91a80ffc8b,7f91a80ffca0
1,5647aba4228f,7f91a8737240
2,7f91afb57c8b,7f91afb57c3c
2,5647ab942e8f,5647ab942f08
3,7f91a80ffcce,7f91a80ff5c0
1,5647ab9caacc,5647ab9ca7c6
3,5647ab9c268c,5647aba020d0
2,7f91afb77088,7f91afb77060
2,7f91afb57cc7,7f91afb57c99
2,5647ab9e2283,5647ab9e2222
3,5647ab8e2682,5647ab8d6440
1,5647ab8e2e81,5647ab8e2da9
3,7f91afb5f4c5,7f91afb6c470
1,5647ab8e2687,5647ab8e1d83
2,7f91afb5f883,7f91afb5f97c
2,5647ab942e87,0
2,5647ab9caac6,0
2,5647aba6a2c5,0
1,7f91a80ff4c7,7f91a80ff427
2,5647ab8e2edb,0
3,7f91afb5f49e,7f91afb5f240
2,7f91afb770de,7f91afb77074
3,7f91a80ffcd9,7f91a80ff2f0
1,7f91ae9df4dc,7f91ae9df252
7,7f91a80fe49a,7f91a80feda7
2,5647ab9c2698,0
2,7f91afb5f4db,0
1,5647ab94269d,5647ab942578
1,5647a926229f,5647ab8d7b30
3,5647aba6a29c,0
3,7f91afb5f496,7f91afb5fd70
3,5647aba42691,5647a88095e0
7,5647ab8e3690,5647ab8d65d5
2,7f91ae9d7c95,0
2,5647aba6a2d0,0
2,7f91a80ffc93,7f91a80ffc7a
2,7f91afb57cd3,7f91afb57d38
3,5647ab9e26d4,5647a8809e80
1,5647aba42294,5647aba42000
2,7f91ae9d7cd1,0
2,7f91afb5f4d0,0
3,7f91afb5f82e,7f91afb511a0
1,5647ab96ae29,5647ab96a720
1,5647ab8e2e69,5647ab8e2da9
2,7f91a80ff42a,0
2,7f91afb5742c,7f91afb57448
2,7f91afb57c2c,7f91afb57c04
2,5647ab96226f,0
3,5647ab962a2f,5647ab8f1cc0
2,5647aba4226f,0
3,7f91afb5f86b,7f91afb510e0
2,5647ab8e266e,0
2,7f91afb5f469,7f91afb5f490
2,7f91afb57468,0
3,5647aba6a663,0
2,7f91a80ffc60,0
3,7f91ae9df427,7f91ae9dcbe0
2,5647ab962621,5647ab96226c
2,5647ab9c2221,0
2,7f91afb57c65,7f91afb57d00
3,5647ab94a620,5647ab8d6440
1,7f91afb77464,7f91afb77403
1,5647ab96a667,5647ab96a990
2,5647ab8e2667,0
3,5647ab962a27,5647ab8f8160
2,5647ab9e2267,0
2,7f91a80ffc24,0
2,5647ab962266,0
3,7f91afb5f462,7f91afb5fec0
1,5647ab94a625,5647ab949f22
2,7f91afb5f821,0
3,5647ab8e2e64,5647a9262230
2,7f91a80ffc78,0
3,5647ab96ae3a,5647ab96b2c0
2,7f91afb7703e,7f91afb77178
1,5647ab9e2e3a,0
2,5647ab9ca239,0
3,5647ab942e78,5647ab943080
7,5647aba6b238,5647abac1e6d
3,5647ab9cae3f,5647ab9cb670
1,5647ab942e3e,5647ab943080
2,7f91afb57c3a,7f91afb57c8d
2,7f91afb5f479,0
2,7f91a80ff43e,0
3,5647ab8e2e7c,5647ab8e3220
7,5647ab9c363c,5647ab9b3ad4
2,5647ab9c2e32,5647ab9c2568
3,5647aba6a632,0
1,7f91afb77435,5647ab8f3e90
7,3ffffffc08f85a5,0
2,5647ab9c2230,0
3,5647ab9cae70,5647ab9cb5f0
2,7f91a80ffc73,7f91a80ffca6
2,5647ab962a37,0
2,7f91ae9df432,7f91ae9df4d8
2,7f91a80ffc34,0
7,5647ab8eb676,5647ab917dd9
2,5647ab8ea236,0
2,7f91afb77072,7f91afb770e0
2,7f91afb77c72,0
2,5647ab9e2275,0
2,5647ab8e2674,0
1,5647aba42274,7f91a87c8830
3,7f91afb77030,7f91afb511a0
2,5647ab8ea20a,5647ab8ea212
3,5647ab9cae0a,5647ab9d0220
7,5647ab9cb64a,5647ab9cae75
3,5647ab8e2e4a,5647a92607b0
1,5647ab9ca249,5647ab9c9bdb
1,5647ab9e2e49,0
3,5647aba6a649,0
2,5647ab962a48,0
1,5647aba42608,5647aba424c0
2,7f91afb5744b,0
1,5647ab8e2e4f,5647ab8e2da9
2,5647ab96264d,0
2,5647ab96260d,0
2,5647ab9e2e0d,0
2,5647ab8e2e0c,5647ab8e2e1e
1,5647ab8ea641,5647ab8ea583
1,7f91afb77445,7f91afb773e8
1,5647ab9c2241,0
2,5647aba6a641,0
2,7f91afb57c44,7f91afb57cc0
2,7f91a80ffc43,0
3,7f91a80ffc04,7f91a80ff3a0
2,5647ab96a646,5647ab96a664
4,5647ab943606,5647ab943a68
3,5647ab8e2606,5647ab8e2d20
7,5647aba43246,5647aba420e4
2,7f91afb57c02,7f91afb57c30
2,7f91a80ff405,0
1,5647ab96ae45,5647ab96a720
2,5647ab9c2645,5647ab9c2e30
2,5647ab9c2605,5647ab9c260e
3,7f91afb77440,7f91afb76fa0
3,5647a9262246,5647a92028b0
2,7f91ae9df41e,0
2,5647ab9c261b,0
3,5647ab96ae1b,5647a938c530
2,7f91afb5741e,0
3,5647ab9e225a,5647ab9325a0
2,7f91afb7741d,7f91afb77426
2,7f91afb57c1d,7f91afb57bf0
1,5647ab8e2e19,5647ab8e2d63
2,5647ab962a58,5647ab962a68
2,7f91afb5f85b,7f91afb5f864
1,7f91afb7705b,7f91afb77074
2,5647ab942e5f,0
3,5647ab8e265e,5647ab8e3000
2,7f91afb7745a,7f91afb77403
7,5647ab96b65e,5647ab8f0fef
2,7f91afb57458,7f91afb5752c
2,7f91afb5f818,0
2,7f91afb57c58,7f91afb57c99
1,5647ab8ea65c,5647ab8ea5bc
2,5647ab962653,5647ab9626b0
2,5647ab942e52,0
3,5647aba6a612,0
2,5647abac2e50,5647abac3228
3,5647ab8eaa10,5647ab8d20d0
1,5647ab8ea257,5647ab8ea21e
2,7f91afb5f813,0
7,5647ab26be17,5647ab9be257
5,5647abac3216,5647ab8d1410
2,5647ab8ea656,0
3,5647aba6a656,0
2,5647ab8ea215,5647ab8ea250
2,5647ab8e2615,0
2,5647ab9e2255,0
2,7f91afb77450,7f91afb77403
3,7f91a80ffc17,7f91a80ff3f0
2,7f91a80ffc57,0
2,5647ab96a9ab,0
2,5647ab94a1eb,5647ab94a0f8
2,5647ab8ea5ab,5647ab8ea566
2,5647ab9e29a9,0
1,5647ab96ade8,5647ab96a99f
7,5647ab9cb5e8,5647ab9cb6e3
2,7f91afb57bec,7f91afb57c04
2,5647ab9e2daf,5647ab9e9c15
2,7f91ae9d7faa,0
1,5647a92ca1ec,5647a92c9d6f
2,7f91a80ff3ad,0
3,5647ab8ea5ad,5647ab8ea7a0
2,5647ab8ea5ec,0
4,5647ab9635ec,5647ab8d5460
1,5647a936adae,5647a936ad6a
2,7f91a80ff3af,7f91a80ff3d0
2,5647a914a9ae,0
3,5647ab94a1e3,5647ab94bb10
3,5647ab8ea5a3,5647a92b1fd0
2,5647ab8ea5e2,0
2,5647ab9425a2,5647ab942688
1,5647ab9429a2,5647ab942578
2,5647abac25a2,0
3,5647aba425a2,5647a8809520
2,7f91ae9df3a7,7f91ae9df3b4
2,5647ab96a5e1,0
2,5647ab96a9a1,0
2,7f91afb77fe4,0
1,5647ab9e29e7,7f91afb51f60
2,7f91afb57fa3,7f91afb57ff0
3,5647ab9e2de7,5647a8809df0
1,5647ab8e2de7,7f91a8735380
2,7f91a80ff3a4,0
3,7f91afb5f7a2,7f91afb6ba20
2,5647a936ada7,5647a936ad6a
2,5647a92ca1a7,0
2,7f91afb773e1,7f91afb77440
1,5647ab8ea9a4,5647ab8ea9bd
2,5647ab9625fb,5647ab962648
2,5647ab8ea9bb,5647ab8ea953
2,5647ab8e25fb,0
2,5647ab94adbb,5647ab94adc4
1,5647a92ca1f9,5647a92ca1bc
2,5647ab9e21fb,5647ab9e2250
2,5647ab9e2dba,5647ab9e707f
2,7f91afb5f7be,0
1,7f91afb57ffd,7f91afb57e5b
2,5647aba6a5b9,0
2,7f91afb773fc,7f91afb77403
2,5647ab96a5ff,5647ab96a628
1,5647a914a9bd,0
5,5647a984b1bc,5647ab94fc10
2,5647ab8ea5fc,5647ab8ea63f
2,5647aba425bc,0
3,5647ab94a1b3,5647ab8cff10
2,7f91ae9d7fb6,0
2,5647a92ca1b1,5647a92ca1f1
3,5647ab8e2df3,5647a9369760
2,5647abac25b2,5647abac20c0
2,5647aba425b2,5647aba42688
1,5647a914a9b0,5647ab8d5480
2,5647ab96a9b1,0
2,7f91afb773b5,7f91afb77450
1,7f91afb773b5,0
2,5647ab96a9b7,0
2,7f91afb57ff3,0
3,5647ab9cadf7,5647ab9d0220
1,5647ab9c21f7,5647ab9c2020
2,5647ab8ea5b6,0
1,5647ab96a1f5,5647ab8d1410
3,5647ab8ea5f5,5647ab8eab60
3,5647ab9429b5,5647ab91ca40
2,5647aba425f5,0
3,7f91afb5f7b1,7f91afb6c710
4,5647aba6b1b5,0
2,7f91a80ff3f7,0
2,5647ab94298b,5647ab9429b0
2,5647aba4258b,0
1,5647ab94258a,7f91a7e8bf50
2,5647ab9c25ca,5647ab9c2fb8
7,7f91afb76f8d,7f91afb53770
2,7f91afb5f78d,0
2,5647ab8ea988,0
7,7f91a80febcb,0
2,5647ab8ea9cf,0
1,5647ab94adcf,5647ab94ac9b
2,5647ab8ea5ce,0
2,7f91afb5f7ca,7f91afb5f900
2,5647ab8eadcd,0
2,7f91ae9df3c8,0
2,5647ab26a98d,5647ab26a9a8
1,5647ab8ea58c,7f91a7e87420
2,5647ab9e2d83,0
2,5647ab942983,0
2,5647aba6a5c2,0
2,5647ab96a9c1,5647ab96ab50
7,5647ab8e3981,5647ab8e3158
2,5647ab8ea581,0
1,5647ab9429c1,5647ab942578
1,7f91ae9df384,7f91ae9df340
8,7ffd0b153b60,7ffd0b153b62
3,5647ab26a1c0,5647ab9b52b0
2,7f91a80ff383,7f91a80ff376
2,5647ab8e2d87,5647ab8e2e58
2,7f91afb77fc3,7f91afb77fc9
2,5647ab8ea9c7,5647ab8ea9b0
1,5647ab94a1c6,5647ab949f7c
2,5647ab9e2985,5647ab9e5490
2,5647aba425c5,5647aba42aa0
2,5647ab8ea5c4,5647ab8ea5d4
2,5647ab8ea9db,0
1,7f91afb57fdf,7f91afb57e66
2,5647ab94259a,0
2,7f91a80ff3d9,7f91a80ff3c6
2,5647ab96a999,5647ab96addd
2,5647aba42599,0
2,5647ab96a5d8,0
7,5647ab8e31d8,5647ab8e3057
2,5647ab96a1df,0
2,7f91afb77fdb,7f91afb77f5b
7,7f91afb5e79b,7f91afb54c10
3,5647ab9e299e,5647a8809d10
7,7f91afb76f9a,7f91afb72ebb
2,5647ab9e2993,5647ab9e42fa
2,5647a92ca191,5647a92ca19c
2,5647ab9e29d2,0
2,5647ab8ea991,0
7,5647a936b193,5647aba4209c
3,5647ab94a190,5647a88095e0
2,7f91a80ff3d3,7f91a80ff3c6
2,5647ab96a597,5647ab96a5c5
2,7f91afb57f93,0
1,5647a936ad95,5647ab8d8230
2,7f91ae9d7f92,0
7,5647ab8e3d97,5647aba1e974
2,5647ab8e2d96,5647ab8e2e70
3,5647ab8e2dd5,5647ab8cff10
1,5647a92ca1d7,5647a92c9dab
2,5647ab26a1d5,0
2,5647ab94296b,0
7,5647a926b16b,5647ab90412d
2,5647ab9c2128,0
2,5647ab9c256d,5647ab9c2577
3,7f91a80ffb2e,7f91a80ff3a0
2,5647ab8ea923,5647ab8eaa10
3,5647a936ad61,5647ab8cff10
2,7f91afb57f27,7f91afb58164
1,5647ab8e2d63,5647ab8d5480
2,7f91afb57f66,7f91afb57f86
2,5647ab9c2562,5647ab9c2638
2,5647a936ad23,0
2,5647aba42521,0
2,5647ab8e2d67,5647ab8e2e28
2,5647ab8ea967,0
2,5647abac2d27,0
3,5647ab94ad26,5647a880b480
2,5647ab942965,5647ab942980
2,5647ab8ea564,5647ab8ea590
2,5647ab94ad3b,0
1,5647a914a979,0
7,5647ab9cb17a,5647a95b6cf1
2,5647ab8e2139,5647ab8e1e70
2,5647ab8ea938,5647ab8eab30
7,5647ab94b578,5647ab94aca7
2,5647ab8ea578,0
2,5647aba42538,0
1,5647ab8ea578,5647ab8d1410
2,5647aba6a17f,0
1,5647ab8ea97e,5647ab8ea941
1,5647abac2d7e,5647abac3090
2,5647aba4257e,0
2,5647ab9c253d,5647ab9c2680
2,7f91afb57f38,7f91afb581cf
2,5647a92ca17e,0
3,7f91afb5f737,7f91afb511a0
7,5647aba6b532,7f91a7d2d8d0
2,7f91ae9df374,0
2,5647ab942970,5647ab94259c
2,5647a914a972,0
2,5647ab8e2d37,5647ab8e2df0
2,5647a92ca175,0
2,5647ab9c2137,0
2,5647ab26a937,5647ab26a953
1,5647a914a974,0
7,5647ab8e3135,5647aba37da6
2,7f91ae9df370,0
1,5647ab94a134,5647ab94a619
3,5647aba4250b,5647ab9901e0
2,5647ab8e2d4a,5647ab8e2e00
7,5647ab8e3d0a,5647a927b435
2,7f91ae9df34f,7f91ae9df3a0
2,5647ab9c254a,0
1,5647a91c250b,5647a91c2377
2,7f91a80ff30a,0
2,5647ab94a108,0
7,5647ab94310e,5647ab93e8dd
2,7f91ae9df30b,0
2,5647aba6a90e,0
2,7f91afb5f709,0
1,5647ab94ad0c,5647ab94ad20
3,7f91afb5f748,7f91afb6b730
2,5647ab94ad03,0
2,5647ab94ad42,5647ab94ad10
2,5647ab94a102,0
3,7f91a80ffb42,7f91a80ff3f0
3,5647aba42540,5647ab7275b0
2,5647ab94ad47,5647ab94adb8
2,7f91ae9df302,0
3,7f91ae9df343,7f91ae9d81a0
3,5647a914a947,5647a8b82d90
3,5647ab26a144,5647a8809e80
3,5647a91c2506,0
1,5647ab8e2d44,0
2,5647ab9e211b,0
2,7f91a80ffb58,7f91a80ffbfa
7,5647ab94bd1a,5647ab94a1e8
2,5647ab94a11a,5647ab94a12e
1,7f91ae9df31f,7f91ae9df351
2,7f91ae9df35f,0
2,5647ab94ad1a,5647ab94adb8
1,5647a92ca158,5647a92c9d1d
2,5647ab26a15a,0
2,5647ab26a95a,5647ab26a986
1,5647ab8ea55a,5647ab928e80
2,7f91afb77f5d,7f91afb77fc0
2,7f91afb5f71c,0
2,5647aba4255f,0
2,5647ab9c211f,0
2,7f91ae9df35b,0
2,7f91a80ff35d,0
3,5647a914a95c,0
2,5647ab8ea55c,5647ab8ea5ad
7,5647a91c351e,5647aba4ece5
2,7f91a80ff35f,7f91a80ff380
3,5647ab8ea553,5647ab8ea900
2,5647ab9c2553,0
2,5647ab9e2112,0
2,7f91afb77f55,0
2,5647ab8ea951,5647ab8ea980
2,7f91afb57f15,0
2,7f91a80ffb12,7f91a80ffae9
2,7f91a80ffb52,0
1,7f91afb57f53,7f91afb57eef
2,5647ab8ea957,0
2,7f91afb5f753,7f91afb5f920
1,7f91a80ffb14,7f91a80ffae0
2,7f91a80ff354,0
2,5647a936ad14,0
2,5647ab9c2115,0
2,5647ab9428ab,5647ab942958
3,5647aba420eb,5647aba2cbd0
2,5647ab9428ea,5647ab942bd5
7,5647aba6b8e9,5647aba6b59a
3,5647ab9c20e8,5647a8809b80
3,5647ab94acef,5647a8809b30
2,7f91a80ffaec,0
2,7f91a80ff6ac,7f91a80ff689
2,5647a936acac,5647a936ad80
3,5647ab94acae,5647ab8d6440
2,5647aba424ee,0
3,5647ab9ca8ae,5647ab9cf0c0
2,5647ab26a0ee,0
2,7f91a80ffaaf,0
7,7f91a80feeef,0
2,7f91afb57ea6,7f91afb57efc
3,5647ab94aca2,5647ab94b4d0
3,7f91a80ff6a1,7f91a80ff3f0
2,5647a936aca3,5647a936ada0
2,7f91ae9df2e4,0
1,5647a91c24e3,7f91a7e87ba0
2,7f91a80ffae3,7f91a80ffd18
2,7f91ae9df2a3,7f91ae9df2b1
3,5647aba424a5,5647a8809ac0
2,5647ab9e24e5,5647ab9e2590
7,5647ab96b8a4,7f91af489986
7,5647ab9634a4,5647a926f077
3,5647aba424fa,5647a8809520
2,5647ab9ca8ba,5647ab9ca8c9
3,5647aba420b9,5647aba2cba0
2,7f91a80ffafa,0
2,5647ab9428b8,0
2,7f91afb5f6ba,7f91afb5f6c8
2,7f91a80ff2fd,0
2,5647aba420fd,0
2,5647ab9ca4fd,5647ab9ca7f0
1,7f91afb5f2b9,7f91afb510e0
2,7f91a80ffabf,0
2,7f91a80ff2ff,0
2,5647ab9424f3,0
2,7f91afb57ef6,7f91afb57fd8
2,5647abac20f2,0
3,5647ab9c20b1,5647ab9a9680
2,7f91ae9df2f5,0
3,5647ab9c20f0,5647ab9c2200
2,7f91a80ff2f4,0
2,5647a914a8b5,5647a914a8da
2,5647a936acf4,0
2,5647ab94acf6,0
3,7f91afb5f6b2,7f91afb510e0
7,5647abac30b5,5647abab1d06
1,5647ab94208b,5647ab942006
7,5647aba430cb,5647aba46163
7,5647ab94b0c9,5647ab949e8e
2,5647ab9428c8,0
3,5647ab9620cf,5647ab962220
2,7f91a80ff68c,7f91a80ff670
1,7f91afb5f28a,0
2,5647aba420cd,5647aba420d8
2,5647ab9620cd,0
3,5647ab9420cc,5647ab8d7470
3,5647ab9c20cc,5647a8809b70
3,5647a91c248e,5647ab915280
2,5647ab94acc3,0
2,5647ab94ac82,5647ab94ace0
3,5647aba420c1,5647aba30c10
2,5647a936ac85,0
1,7f91a80ff6c4,7f91a80ff64a
3,5647aba42085,5647aba2fd00
3,7f91ae9df2c0,7f91ae9c1b50
2,5647ab9ca885,0
2,5647a936acc6,0
2,7f91a80ff687,7f91a80ff6ae
2,7f91a80ffad9,0
7,5647ab9c3899,5647ab9c25bd
1,5647ab9420d8,5647ab942077
3,5647aba420df,5647aba43200
3,7f91afb5f29b,7f91afb511a0
4,5647ab8e309c,5647ab8d7360
7,5647a926b49e,5647ab916288
1,5647ab942092,5647ab94205b
7,5647aba438d1,5647aba420b4
3,7f91ae9df294,7f91ae9d84f0
2,5647abac20d0,5647abac20dc
2,5647ab9ca8d0,5647ab9caabf
3,5647aba42097,5647a936b180
2,7f91ae9df2d2,7f91ae9df2e0
3,7f91afb5f693,7f91afb511a0
2,5647abac20d6,5647abac1fc0
1,7f91afb5f6d2,7f91afb5f440
2,5647a936acd6,0
2,5647ab9428d4,0
1,7f91afb5fa90,7f91a7d9a9a0
1,5647aa0c206a,5647aa0c1d62
1,7f91a80ff668,7f91a80ff6ae
3,5647ab94206a,5647ab91cd70
1,5647aa0c202b,5647aa0c1cd0
2,5647ab9ca86a,0
7,5647ab8eb829,5647ab8ec04d
2,5647abac2029,5647abac25ab
2,5647ab942028,0
3,5647aba42068,5647aba2cba0
3,5647a91c242a,5647a92c5e00
2,7f91a80ff62b,0
1,7f91afb5f26a,0
3,7f91afb5f26a,7f91afb510e0
1,5647aba6a42e,0
1,5647ab962c2d,7f91a7e87f80
2,7f91afb5f226,0
2,5647ab94ac66,0
5,5647ab9c3826,5647ab26be20
5,5647ab9c3865,5647ab9c4af0
2,7f91a80ff666,7f91a80ff689
2,5647ab9e2864,5647ab9e4398
1,5647a936ac66,5647ab906de0
3,5647ab94ac7b,5647a8809b30
1,7f91afb5f27f,0
7,5647ab8e3079,5647ab97f095
2,5647a936ac7d,0
7,7f91a80fe67d,7f91a80feb71
7,5647ab943833,5647ab940ff1
2,7f91afb57e77,0
2,7f91a80ff630,7f91a80ff6c0
3,7f91ae9df637,7f91ae9ded20
1,5647a936ac70,0
2,5647a936ac72,0
2,7f91a80ff673,0
2,5647abac2037,0
1,5647ab942037,7f91a7d2d8d0
7,5647aba6b036,7f91af489430
2,5647ab942075,5647ab9420c8
3,7f91afb5f230,7f91afb51020
2,7f91a80ff608,7f91a80ff623
5,7f91a80fea09,7f91a87361e0
2,5647ab9c2049,5647ab9c20a5
2,7f91ae9df60d,0
5,5647ab8e304f,5647ab8e3160
2,7f91ae9df64a,0
3,7f91afb5fa09,7f91afb6b500
1,7f91afb5f248,7f91a8735380
3,7f91afb5f248,7f91afb511a0
2,5647ab942c03,0
2,5647abac2040,5647abac25ab
1,5647a936a402,5647a936a357
2,5647ab9c2800,0
1,5647aa0c2041,5647aa0c1b86
2,5647ab94a007,5647ab94a1e0
2,5647aba42007,0
1,5647ab9e2c07,5647ab9e3055
3,7f91afb5f203,7f91afb50fd0
1,5647ab9c2806,5647ab9c2638
3,5647aba42045,5647aba43200
2,5647ab942004,5647ab942040
3,5647ab9ca844,5647ab9c9a80
7,7f91a80fe247,7f91a80fe541
2,5647ab9e285b,5647ab9e2978
2,7f91ae9df61e,7f91ae9df62a
2,7f91a80ff658,0
2,5647ab962c1a,5647ab962ee3
2,7f91afb57e5d,7f91afb57e9b
5,5647ab8eb818,5647ab8f3f20
3,5647aba42018,5647aba43100
3,5647aba42058,5647aba2fd00
5,5647a924381a,5647ab8d7470
7,5647ab94b01f,5647ab949e58
3,7f91afb5f21b,0
1,5647ab9e2c1e,5647ab9e2844
2,7f91ae9df25b,7f91ae9df28d
2,5647a91c241f,0
2,7f91afb5f257,0
3,5647ab942012,5647ab8cff10
2,5647abac2012,0
5,7f91a80fe611,7f91a87361e0
2,5647ab942051,5647ab942090
3,7f91afb5fa15,7f91afb6c280
2,5647a936ac55,5647a936ac60
2,5647ab9ca815,5647ab9caad8
1,5647ab962054,5647ab961f66
2,5647ab8eb7eb,5647ab8eb830
4,5647ab962bab,5647ab962bd5
2,7f91a80fe9ea,0
3,5647ab8ebba8,5647a98b0110
2,5647ab96b3af,0
7,5647ab8ea7af,5647ab8ea5b2
3,5647ab96b7ed,5647ab96be00
2,5647aba433ac,5647aba438d2
2,5647ab8e3fa3,0
2,7f91a80fe5a0,0
2,5647ab8ebfe2,0
3,7f91a80feda2,0
2,5647a926b3e3,0
2,5647ab8eb7e7,0
2,5647ab96b7e7,5647ab96b8c0
7,5647ab9ca7e7,5647ab9c9a55
7,7f91ae9d7de2,7f91ae9d30ce
3,5647ab8e37a6,5647a9260450
2,5647aba6b7e4,0
1,7f91a80fe5e7,7f91a80fe630
2,5647ab9633bb,5647ab9635af
2,5647aba6b7bb,0
2,5647aba437fa,0
1,5647ab96b3b8,5647ab96b350
3,5647ab943bb8,5647ab940120
2,5647aba43bb8,0
1,5647ab8e37b8,5647ab8e34ec
2,7f91a80fe5fb,7f91a80fe61d
2,5647ab8e3fbf,0
2,5647ab943bff,5647ab943de0
2,5647ab96bffd,5647ab96c014
2,5647ab96b7fd,0
2,5647aba6b7b2,0
2,5647ab94b3b2,0
2,5647aba43bf1,0
2,7f91ae9dedb4,0
2,5647ab963fb1,0
1,5647ab943bf0,5647ab9437bc
1,5647ab8e37f0,5647ab8e350d
2,7f91a80fe9f3,7f91a80fea15
2,5647ab94b3b7,5647ab94b429
2,5647ab9c37f7,0
1,5647ab96bbf5,5647ab96b9ac
2,5647ab8eb7f5,5647ab8eb800
2,5647aba43bcb,0
2,5647ab96bf8a,5647ab96bf80
2,5647aba6b78a,0
2,5647ab8e33c9,5647ab8e33a8
2,5647ab9633c9,5647ab9634bf
1,5647a91c3fcb,5647a91c3eed
1,5647ab94b38f,5647ab94b350
2,5647ab94b3ce,0
1,5647a92437cc,5647a924370d
3,5647ab8e378e,5647a92607b0
1,5647ab8ebbcc,5647ab8eba47
2,5647ab8eb7c3,0
2,5647ab9437c3,5647ab943800
3,5647ab94b383,5647ab8cff10
7,7f91afb5fd87,7f91afb5f49b
1,5647a936b780,0
3,5647a92437c3,5647a8809660
1,5647ab8e37c0,5647ab8e32e6
2,5647ab943bc7,0
1,5647ab8e33c6,0
2,7f91a80fe1c5,0
3,5647a926b387,5647ab8d20d0
7,7f91ae9df5c0,7f91ae9d8061
1,5647ab9633c5,7f91afb51f60
2,5647ab8ebb84,5647ab8eb943
2,5647aba43b9b,0
2,5647aba6b7da,5647aba6b850
2,5647ab94b3d9,5647ab94b40b
2,5647ab943bd8,0
2,7f91a80fe59b,0
2,5647ab8e3fdd,5647ab8e403b
1,7f91a80fe9df,0
2,5647ab94b793,5647ab94b900
1,5647ab8e3793,5647ab8e366f
1,5647a926b390,5647a926b1bf
2,7f91a80fe591,0
1,5647ab8e3391,7f91a7e8b590
2,5647ab96bbd0,0
5,7f91ae9d7d95,7f91ae9df5d0
2,7f91ae9ded95,7f91ae9dedd0
2,5647ab8ebfd7,0
7,7f91a80ff9d4,7f91a7e62f21
2,5647ab8eb7d6,0
2,5647ab96bf96,0
1,5647ab8ebbd5,5647ab8eba9b
2,5647ab8e3394,0
1,5647ab8ebb94,5647ab8eba30
2,5647ab94b3d4,0
2,5647aba6b76a,5647aba6b782
2,5647ab9c376a,5647ab9c37e3
1,5647ab8ebb69,5647ab8ebaf4
2,7f91a80fe12a,0
2,5647ab94b368,5647ab94b370
2,5647ab94b768,0
2,5647a926b36d,0
3,5647aba6b72f,5647ab8d7e40
1,5647ab96b36e,5647ab959e20
2,5647ab94b36e,5647ab94b3ca
2,5647ab8e3f2c,0
2,5647ab94b32c,5647ab94b333
3,5647a924372e,5647ab8d6440
2,5647a9243761,0
2,5647ab8e3722,5647ab8e37fd
2,5647ab2e3f61,0
2,5647a9243723,5647a924372a
2,5647ab8e3320,5647ab8e3698
2,5647ab94b760,5647ab94b910
2,5647ab8e3760,5647ab8e377a
2,5647ab8ebf27,0
2,5647ab94b727,5647ab94b6e8
2,7f91a80fe125,0
1,5647a936b764,7f91a7d2d8d0
1,5647a926b327,5647a926b341
1,5647a984b727,5647a98495c0
2,5647ab94b364,5647ab94b3b0
2,5647a9243739,0
2,5647ab8ebb7a,5647ab8eb943
2,5647ab94b339,5647ab94b360
2,5647a926b33b,0
3,5647a936b77b,0
2,5647ab8e3338,0
1,5647a936b73a,0
1,5647abac337f,5647abac3090
7,7f91afb7713b,7f91afb77445
3,7f91a80fe53c,7f91a80fdfc0
2,5647ab8e3f3e,5647ab8e41b0
2,5647ab8ebb3c,0
2,5647ab96bb33,5647ab96ba90
2,5647ab94b373,5647ab94b379
2,5647ab94b733,0
3,5647ab94bb33,5647ab94cc70
2,5647ab94b331,5647ab94b320
2,5647ab2e3f70,0
2,7f91a80fe573,0
3,5647abac3377,5647ab8fa640
2,5647ab9c3737,0
1,5647ab94b336,0
3,5647ab963375,5647ab8f56a0
2,5647ab94b775,5647ab94b78f
3,5647aba43b34,5647a8809530
3,5647aba43b74,5647ab9a2930
2,5647a936b776,0
2,5647ab94b74b,0
1,5647ab8ebf0a,5647ab8ebee9
3,5647a936b748,5647a914a881
1,5647ab94bb09,5647ab94b96a
2,5647a926b34b,5647a926b330
2,5647ab94b708,0
3,5647ab9c3b0f,5647a8809560
2,5647ab9c374e,5647ab9c38a0
2,5647ab94bb4d,0
1,5647ab8eb74d,0
2,5647ab9c370d,5647ab9c3727
2,5647ab96bb02,5647ab96baf0
1,7f91a80fe142,7f91a80fe195
2,5647aba6b700,0
3,5647aba6b747,5647ab8f0630
2,5647ab9c3b47,0
3,5647aba43b46,5647ab99c4a0
2,5647a9243744,5647a9243810
2,5647ab8e3f05,0
2,5647a926b307,0
2,5647aba43b04,0
7,5647ab8e2f5b,5647aba10461
1,5647ab8ebb5b,5647ab8ebad0
2,5647ab96bb5b,5647ab96bbc3
2,5647aba6b71a,5647aba6b721
2,5647ab9c375a,5647ab9c3875
2,5647ab94b319,0
3,5647ab94b759,5647a8809590
3,5647ab8e3759,5647ab9647a0
2,7f91a80fe11b,0
2,5647ab8e3f1f,0
3,5647aba43b1f,5647a8809520
3,5647aba6b75f,5647ab8d6440
2,5647ab96b35d,0
1,5647a936b75f,5647a936b506
1,5647ab94b35c,5647ab94b310
7,7f91afb57557,5647ab9883d3
3,5647aba6b753,5647ab8d6440
2,5647ab8e3f12,0
2,5647ab96bb52,0
2,5647ab94b352,5647ab94b310
2,5647ab94b312,5647ab94b2d1
2,5647ab94b711,0
2,5647a926b353,5647a926b1fa
1,5647ab8ebf10,5647ab8ebebb
2,5647a91c3f12,0
7,5647aba6a750,0
2,5647ab94b717,5647ab94b6dc
2,7f91a80fe554,7f91a80fe570
2,5647a926b317,0
3,5647aba43b14,5647aba4e010
2,5647aba43f14,5647aba43ed0
2,5647aba6b714,0
2,5647ab8e3eeb,0
2,5647aba6b6ea,0
2,5647ab8ebeaa,5647ab8ebea0
2,7f91a80fe0aa,0
2,7f91a80fe0ea,0
2,5647a92436aa,0
1,5647ab963aae,5647a93a96c0
2,5647aba432ae,5647aba43389
3,5647ab963aae,5647a8809560
1,5647ab96beed,5647ab96bf1b
2,5647ab96baed,5647ab96bb04
3,5647aba43ee3,5647a880a960
1,5647ab94b6e3,0
2,5647ab96b2e2,0
4,7f91a90df0e0,7f91a87c9880
2,5647a92436a0,0
7,5647a92622a0,5647ab8e4b9e
2,5647ab8ebee1,5647ab8ebf00
2,5647aba43ea1,0
1,5647ab8e32e1,5647ab8e32d7
1,5647ab96b6e1,5647ab96b638
2,5647ab8ebaa0,5647ab8ebaaf
2,5647ab8e36e7,5647ab8e36f7
2,5647ab94b6e6,0
5,5647ab9caae5,5647a95b6cc0
2,5647ab8e32e4,5647ab8e32d0
1,5647ab963aa4,5647a926c800
3,3ffffffc08f8530,3ffffffc08f8535
1,5647ab8ebefb,7f91a7e82510
3,5647ab9c36ba,5647ab9c3620
3,7f91a80fe8f9,0
1,5647ab8ebafa,0
2,5647ab94b6f9,5647ab94b6c8
2,5647ab8e3ef8,0
2,5647ab2e3eb8,0
2,5647ab96b6b8,5647ab96b6c1
2,7f91a80fe0fb,0
2,5647ab94b2bf,0
2,7f91a80fe0bc,7f91a80fe371
2,5647a91c3efc,5647a91c3f0c
2,5647ab2e3efe,5647ab2e4660
2,5647a926b2ff,5647a926b359
2,5647ab8ebafd,5647ab8ebb2f
3,5647ab9cb6bc,5647a880b370
1,5647a926b2f1,5647a926b35d
7,7f91afb57cb7,7f91afb59ab3
2,5647ab8ebaf2,5647ab8ebb60
2,5647ab8e36b2,5647ab8e36a8
2,5647ab96b6b2,0
2,5647ab94b2b1,0
2,5647aba43ef1,5647aba44764
2,5647ab94b6b0,0
3,5647aba6b6f0,5647a9004490
2,3ffffffc08f8564,0
2,5647ab8e3eb7,5647ab8e41c5
2,5647ab8e32b7,5647ab8e37bd
3,5647aba43af7,5647aba4caf0
2,5647a91c3ef5,0
2,7f91a80fe0b4,0
2,5647ab94b2b6,0
2,5647aba43eb5,0
2,5647ab9c36b5,0
1,5647ab8e36b4,5647ab8e3408
2,5647ab96becb,0
2,5647ab2e3ecb,0
2,5647ab943a8a,5647ab9442c8
2,5647ab8eba8a,5647ab8eba80
2,5647ab94beca,5647ab94bcbe
1,5647aba43ec9,5647aba43f05
2,7f91a80fe0ca,0
2,5647abac32c8,5647abac2d7b
2,5647ab96be88,0
2,5647ab94b2cf,5647ab94b314
3,5647ab94b6cf,5647a8809590
7,7f91afb5f48b,7f91afb6d16f
1,5647ab8e368f,5647ab984e30
1,5647ab8e32cd,5647ab8e32d3
1,5647ab943e8c,5647ab9437bc
2,5647ab9cb6cc,0
2,5647ab94b683,5647ab94b690
3,5647ab963ac2,5647a8b2a5b0
2,5647ab2e3e82,5647ab2e3eb0
2,5647ab2e3ec2,0
3,7f91a80fe481,7f91a80fdfc0
4,7f91a80ff0c1,0
2,5647ab8ebac1,5647ab8ebb51
1,5647ab94b6c1,5647ab94b6e8
2,5647ab8ebec0,5647ab8ebecf
2,5647ab96ba86,0
5,5647ab962285,5647ab0ccb90
2,5647abac3285,5647abac32b0
7,7f91afb57481,5647aba06a6f
2,5647ab96b6c5,5647ab96b638
2,5647ab8e3ec4,0
2,5647aba4329b,0
2,5647ab96beda,0
2,5647ab94b6da,5647ab94b720
2,5647aba6b6da,0
2,5647ab96be99,0
7,5647aba6a699,0
2,5647ab8e369f,5647ab8e3408
1,5647ab8ebedf,0
2,5647ab8e3ede,0
2,5647ab8e36dd,0
3,5647ab94b29c,5647ab8dd250
2,5647ab9632d3,5647ab963500
2,5647ab94b693,5647ab94bb06
7,7f91afb5f897,7f91afb6cf98
1,5647ab8eb692,5647a8809df0
2,5647ab8e3ed1,0
2,5647ab94b6d6,5647ab94b6fb
2,5647ab96b6d6,0
2,5647a936b294,0
2,5647a92436d6,5647a92437c0
2,5647ab96b6d4,0
2,5647aba6b22a,0
2,5647abac326a,0
2,5647ab9cb62a,0
2,5647ab8e366a,5647ab8e3660
2,5647ab9c362a,5647ab9c363c
1,5647ab26be2a,5647ab26be10
3,5647ab94b669,5647a8809520
2,5647ab8e3268,5647ab8e34b0
2,5647ab96be68,0
2,7f91a80fe42b,0
2,5647ab943a6f,5647ab943a83
2,5647ab943e6f,0
2,5647ab943e63,0
2,5647aba6b262,5647aba6b21d
2,5647abac3262,0
3,5647ab9cb622,5647a880b370
5,5647ab8ea221,5647ab8ea540
2,5647ab8e3621,5647ab8e3600
2,5647ab94b660,0
3,5647ab94b627,5647ab8d7e40
2,5647aba43227,5647aba43240
2,5647a9243665,0
5,5647ab9ca227,5647ab9bb710
3,7f91a80fe424,7f91a80f09c0
2,5647ab8eba26,5647ab8eba30
2,3ffffffc08f85b0,0
2,5647ab96b63b,5647ab96b64f
2,5647a926b238,5647a926b23f
2,5647ab96ba7a,5647ab96ba70
2,5647ab94b63a,0
7,5647ab962a7a,5647aa7f3661
2,5647ab9c363a,0
5,5647ab96a639,5647ab8d1f40
2,5647ab94b679,0
2,5647ab96b67d,0
2,5647a924367f,5647a9243698
2,5647ab8e367c,0
7,7f91afb77437,7f91afb537ba
1,5647ab8e3273,7f91a8737240
7,5647ab9c2632,5647ab9bbf42
1,5647ab8ebe72,0
4,7f91afb77c74,0
1,5647aba6b237,7f91a7e8bf50
2,7f91a80fe434,0
2,5647ab8e3276,5647ab8e3260
2,5647ab943e36,0
2,5647aba43e76,5647aba43e95
2,5647ab9c3676,0
2,5647ab96be34,0
2,5647ab8ebe74,5647ab8ebf0c
3,5647ab9cb634,5647a880b380
1,5647a926b236,0
2,5647aba6b24b,0
2,5647ab96be4b,5647ab96c0b9
1,5647ab8e364b,5647ab8e366f
7,5647ab8ea24a,7f91a874e090
7,5647aba42609,5647aba46183
2,3ffffffc08f859d,0
2,5647a924364a,0
2,5647a926b24e,5647a926b2ee
3,5647ab94320c,5647ab8d7470
3,5647a9243641,5647ab8d6440
4,7f91a90df000,7f91a8735380
7,5647ab9c2242,5647ab94d0bb
2,5647abac3242,0
2,5647ab96b642,5647ab96b6f0
1,5647ab943202,5647ab94318b
7,5647ab962641,5647ab9620d4
2,5647ab8eba41,5647ab8ebb99
2,5647ab96be41,0
2,7f91a80fe402,0
1,5647ab963600,5647ab962f61
2,5647ab943e47,5647ab9437bc
2,5647ab94b647,0
2,5647ab8e3a06,0
5,5647ab9ca246,5647ab956110
7,5647ab8eaa05,5647ab8ea558
7,5647ab9e2245,5647ab9d7a00
2,7f91a80fe446,0
1,5647ab943e04,5647ab943c2b
7,7f91a80ff447,7f91a80ffcf7
1,5647ab8e325a,5647ab8e34b0
2,5647ab8eba19,0
2,5647a924365b,0
2,5647ab8eba58,5647ab8ebbd1
2,5647ab8e3258,5647ab8e326e
1,5647ab943218,5647ab9431aa
1,5647ab8e3218,5647ab8e31ae
2,5647ab943e1f,0
4,7f91a80ff41c,7f91a80ff4c0
1,5647abac321d,5647abac3417
2,5647ab8e3a13,5647ab8e3964
2,5647ab943e53,0
2,5647ab943e13,0
2,7f91a80fe410,0
3,5647ab8e3213,5647ab8e3220
2,5647a926b210,5647a926b1e8
4,7f91a90df010,7f91a87c8830
1,5647ab94ba52,5647ab94b766
2,5647aba43211,5647aba43220
2,5647aba6b257,0
2,5647a926b215,0
2,5647ab8e3657,0
2,5647ab9c3a55,5647ab9c3ae8
1,5647ab8e3254,5647ab8fd3f0
3,5647ab8eb5eb,5647a8809db0
2,5647ab9435ab,5647ab944120
2,5647ab94bdab,5647ab94bd90
2,5647ab8e39aa,0
3,5647ab9431ea,5647ab8cff10
7,5647ab9e29e9,5647ab956730
1,5647ab8ebde9,5647ab8eba30
1,5647ab9635e9,5647ab8d5460
7,5647ab26a1e9,5647ab9bc761
7,5647ab8e2de8,5647ab984fb6
2,5647ab9431a8,5647ab943208
2,5647ab2e3dae,0
2,5647ab8e35ee,0
7,5647ab26a9ae,5647ab9344b1
2,5647ab943dec,5647ab943c24
1,5647a926b1e1,5647a926b204
2,5647ab2e3da2,0
7,5647ab8eade1,5647ab8ea5fa
2,5647ab8e31a0,0
2,5647ab8e35a7,0
2,5647ab8eb9e6,5647ab8eb9c8
2,5647aba43de6,0
1,5647ab8e39a6,0
3,5647aba6b5a6,5647ab8cf6b0
1,7f91a80fe3a6,7f91a80fe0c2
2,5647ab943de4,0
2,5647a926b1b9,5647a926b380
2,5647ab8eb5fb,5647ab8eb5e0
2,5647ab96b9bb,0
2,5647abac31bb,0
5,5647ab9c25bb,5647ab7729e0
3,7f91a80fe3fb,7f91a80fd1c0
2,5647ab2e3dff,5647ab2e3e14
1,5647a984b1bf,5647a98495c0
2,5647ab9631b3,0
2,5647ab94bdb3,0
1,5647ab9431f3,5647ab9430ef
2,5647ab2e39b3,5647ab2e4550
2,5647ab8eb5f2,5647ab8eb66b
2,5647aba6b5b1,0
7,5647ab9e25b1,5647ab9d8129
2,5647ab9435f0,0
2,5647a926b1f4,5647a926b2f8
7,5647ab96a1f6,0
1,5647a926b1b4,0
5,5647ab9625f5,5647ab0ccd60
2,5647ab9435b4,0
7,5647ab94258b,5647ab94100b
3,5647aba43d8b,5647aba06de0
7,7f91a80ff3c8,7f91a80ffc09
2,5647ab96b9ca,5647ab96bcda
1,7f91afb5e78e,7f91a87c8830
3,7f91afb5e78e,7f91afb510e0
2,5647ab8e39c9,5647ab8e39ac
2,5647ab96b989,0
3,5647ab9431c8,0
7,5647ab8ea58d,5647ab8ea223
1,5647aba6b5cd,5647aba6b511
1,7f91afb76f89,7f91a7e8b590
1,5647ab9635cc,5647ab8e0770
2,5647ab94bdc3,5647ab94bc68
2,5647abac31c3,0
3,7f91a80feb80,0
2,5647aba6b5c2,0
1,5647ab8eb9c1,5647ab8eb9dc
2,5647ab943181,5647ab943200
1,5647ab94b980,5647ab94b699
2,5647aba6b5c0,0
2,5647ab963187,0
1,5647ab9635c7,5647ab963466
2,5647a926b585,0
1,5647ab94bd85,5647ab94bda1
2,5647a936b187,0
1,7f91afb5e780,7f91a8737240
3,7f91afb5e780,7f91afb511a0
2,5647ab94bd9b,5647ab94bc4e
2,5647abac319b,0
2,5647ab8e3dda,5647ab8e3fa0
4,5647ab9e2d9a,5647ab9e7977
2,5647ab8eb9da,5647ab8eb9fb
2,5647aba43d9a,5647aba43db3
7,5647aba6a599,5647ab9d93e4
3,5647ab8ebdd9,5647a96c1860
7,7f91ae9df3dc,7f91ae9d5114
2,5647ab9635d8,5647ab963aa4
2,5647ab2e3d98,0
2,7f91afb76fdb,0
1,7f91afb5e79a,7f91a8735380
2,5647ab9631dd,5647ab9632ab
1,5647ab96b9dd,5647ab96ba0b
2,5647abac31dd,5647abac3208
2,5647aba43ddd,5647aba4435e
2,5647ab9cb5dd,5647ab9cb5e4
2,5647aba6b19d,0
3,5647ab94319d,5647ab91cd70
2,5647ab8e3593,5647ab8e3650
7,5647aba6a193,0
4,7f91a90df3d0,5647ab8cff10
1,5647a926b590,5647a926b48d
2,5647ab963191,0
2,7f91a80fe392,0
1,5647ab9431d1,0
1,5647ab8e31d7,5647a93a9670
2,5647ab8e3196,0
3,5647ab9cb5d5,5647a880b380
3,7f91a80feb96,0
2,5647aba6b194,0
2,5647ab8eb96b,5647ab8ebcb1
2,5647ab8e312a,5647ab8e3131
2,5647ab94b92a,5647ab94ba4f
2,5647ab8e3929,5647ab8e3910
3,7f91a80feb6c,0
3,7f91afb76f6a,7f91afb5b3d0
2,5647ab94312e,5647ab9430d0
2,7f91a80fe32d,0
2,5647aba43d6d,0
2,5647ab9cb163,0
2,5647ab963162,5647ab96335e
1,5647ab8e3561,5647ab8e3557
1,5647ab963120,5647ab962f61
2,5647ab8e3920,0
2,5647aba43d27,5647aba43d45
2,5647ab963527,0
2,5647ab8e3124,5647ab8e3131
2,5647ab96b924,0
2,5647ab94b564,0
2,5647aba6b524,0
2,5647ab8e3564,5647ab8e3550
2,5647ab96b93b,5647ab96bbe5
2,7f91afb76f7f,7f91afb76f84
1,5647a926b139,5647a926b14f
7,7f91a80ff378,7f91a8100c06
2,5647ab2e3d7a,5647ab2e3d90
2,5647ab94bd79,0
1,5647ab8eb939,0
2,5647ab96b978,0
7,5647ab9e2138,5647ab9d8129
1,7f91afb56f7c,7f91afb6d690
1,7f91afb76f7c,7f91a7e87f80
2,5647ab96317e,0
2,5647ab8eb97e,5647ab8eba09
1,5647ab96b53e,5647ab96b537
2,5647a926b57c,0
2,5647ab8eb93d,5647ab8ebb70
2,5647ab8e317c,5647ab8e3183
1,5647ab96353c,5647ab96300d
2,7f91a80fe37f,0
3,5647ab94b973,5647ab8cff10
1,5647ab8e3173,0
2,5647ab8e3971,0
2,5647ab96b931,0
2,7f91afb76f74,7f91afb76f90
1,7f91a80fe333,7f91a80fe297
2,7f91a80feb74,0
2,5647ab8e3176,5647ab8e3183
7,5647a936ad74,5647a914c460
2,5647ab963175,0
2,5647ab8e3535,0
1,5647ab8e3134,5647ab8f3f20
1,5647ab8e354b,5647ab8e3553
2,5647ab8e390a,5647ab8e3919
2,5647ab94b509,5647ab94b620
1,5647ab8e3149,5647ab8e3109
7,5647ab942d49,5647ab93e8dd
1,5647ab8e3d09,5647a9130300
2,5647a91c350a,0
2,5647ab96310f,0
3,5647ab94b54f,5647ab8d6440
7,7f91a80ff30c,7f91a80ffcde
2,5647ab96314e,0
2,5647ab9cb14d,0
4,5647ab94250c,5647ab9428a0
2,5647ab94bd03,0
2,5647ab96b541,5647ab96b670
2,5647ab8e3100,5647ab8e3150
3,5647ab8e3140,5647ab8e3c20
2,5647ab8e3107,5647ab8e3140
2,5647ab8e3507,5647ab8e37e2
2,5647a926b145,0
7,5647ab9c2147,5647ab9bf563
7,5647abac2106,5647aba92357
2,5647aba6b106,5647aba6b06e
3,5647ab9cb146,5647a880a520
1,5647ab94b905,5647ab94b54b
4,5647abac2d45,5647abac3008
2,5647aba43d59,0
2,5647ab96b958,5647ab96b950
1,5647ab96315f,5647ab8d7d10
2,5647ab94311e,0
2,5647ab94b91d,0
2,5647a926b15f,0
1,5647ab8e315c,5647ab8e3109
7,5647aba6a91c,0
3,5647ab8e3153,5647ab8e3830
2,5647ab8e3513,5647ab8e366f
2,7f91afb56f17,7f91afb56f78
1,5647ab8eb112,5647ab8eadbe
3,5647ab8e3d51,5647a92607b0
2,5647a936b513,5647a936b764
2,5647ab8e3917,0
1,5647ab8e3d56,0
2,5647ab8eb955,0
1,5647ab963514,5647ab9632f4
1,5647aba43114,7f91a8737240
7,5647aba42114,5647aba2c227
2,5647ab96b8ab,5647ab96b899
1,5647ab96bceb,5647ab96ba0b
2,5647aba6b0e9,0
2,5647ab9cb0e9,5647ab9cb10c
2,5647ab9430e9,5647ab943170
2,7f91afb56eec,7f91afb56f04
2,5647ab94bcee,0
2,5647ab8e3cee,5647ab8e3cd0
2,5647aba430ee,0
2,5647aba438ed,5647aba43ae2
2,5647aba6b0ad,5647aba6b078
1,5647ab9634a3,7f91a7e87420
3,5647ab9630e3,5647a92d12a0
3,5647ab9c38e3,5647ab9c3af0
1,7f91a80fe2a0,7f91a80fe1f8
3,5647aba430e2,5647ab8d01a0
3,5647aba43ce2,5647a880a620
1,5647ab9634e0,5647ab9633ea
2,5647ab94bca0,5647ab94bebd
2,5647ab9430e0,5647ab9431e0
2,5647ab8e3ce0,0
2,5647abac30a0,0
2,5647aba6b0a0,0
3,7f91a80feea4,0
1,5647ab8e34a6,5647ab8e343a
3,5647aba438e6,5647aba42490
3,5647ab96bce6,5647ab8e3220
2,5647ab8e3ce5,5647ab8e3cd0
2,5647aba438a5,0
2,5647a91c34a6,0
2,5647a91c34b9,0
1,5647ab9634ba,5647ab96301e
2,5647ab8e38fa,0
1,5647ab8e3cfa,5647ab8e3160
2,5647aba438ba,0
3,5647aba430b9,5647ab8d7470
3,5647aba6b8b9,5647ab8cf6b0
3,7f91a80feeba,0
2,5647ab9430fc,0
2,5647ab8e3cfc,5647ab8e3cd9
2,5647aba43cfc,0
1,5647ab8e30fc,0
2,5647ab8e3cb3,0
2,5647ab9430b1,5647ab943110
5,5647aba420b1,5647aba43250
7,5647aba424b1,5647aba438eb
2,5647aba6b0f1,0
2,5647ab9c38f1,5647ab9c3757
1,5647aba430f0,5647aba43067
2,5647ab8e34b7,5647ab8e36b9
3,5647ab9430b7,5647ab902fe0
2,5647ab94b0b5,0
2,5647ab8e38b4,5647ab8e3988
3,5647ab9630f4,5647ab915280
2,5647ab8ebcb4,0
7,7f91a80ff6b7,7f91a80ffcd3
2,5647ab9430cb,0
3,5647ab94bc8b,0
1,7f91a80fe688,7f91a80fe66c
7,5647aba6a4ca,5647ab9debaf
1,5647ab8e3089,5647ab8e3038
2,5647aba6b889,5647aba6b8a4
2,5647ab8e34c8,5647ab8e37a0
2,5647ab96b888,5647ab96b8a8
2,5647ab8e388f,0
2,5647aba4388e,0
1,5647ab96348d,5647ab8e0770
2,7f91a80fee8e,0
2,5647ab8e3cc3,5647ab8e3cd9
2,5647ab8e3881,0
7,7f91afb57e85,7f91afb59586
7,7f91afb5fec5,7f91afb5f467
3,5647ab96b8c0,5647ab96b8f0
2,5647ab9c38c7,5647ab9c38ed
2,5647ab94b086,0
2,5647ab94bcc6,5647ab94bcd4
2,5647ab8e3485,5647ab8e3428
2,5647ab9c3885,0
2,5647ab8ebcc4,5647ab8ebdcf
2,5647a91c3486,0
2,5647ab94bc9b,0
2,5647ab94bcdb,0
2,5647ab8e38db,0
2,7f91a80fee98,0
3,5647ab96b8d9,5647ab8d20d0
3,5647ab94b09f,5647ab8d6440
2,5647aba6b0df,0
2,5647ab8e389e,0
1,5647ab96b8de,5647ab96b803
3,5647aba4389d,5647aba44fd0
2,5647aba43cdc,0
3,5647aba430d3,5647a8809520
2,5647aba43c93,5647aba43cc1
2,5647ab9c38d3,0
3,7f91a80fee90,0
4,7f91a90df290,7f91a87ca8d0
2,5647aba6b8d2,0
2,5647ab94bc92,0
2,5647ab963490,5647ab9635cc
2,5647ab96b8d0,0
2,5647ab96b890,0
7,5647ab9620d7,5647ab972b78
7,5647ab94acd7,5647ab949de5
1,5647aba6b097,5647abad6110
2,5647ab8e3cd7,5647ab8e3cfe
2,5647ab8e3496,0
2,5647a926b097,5647a926b136
2,5647ab8e3c94,0
2,5647aba438d4,0
2,5647ab9630d4,5647ab962fbf
2,5647ab96b82b,5647ab96b850
2,5647ab9e306a,0
1,5647ab96346a,5647ab8d5480
2,5647a926b02b,5647a926b140
2,5647ab8e3028,0
2,5647aba6b068,5647aba6b0d9
3,7f91a80fea6b,0
3,7f91a80fe62b,7f91a80fe530
3,5647ab94b06f,5647ab94b260
2,5647ab8e306e,5647ab8e3075
2,5647ab96346e,5647ab96347b
2,5647aba4306e,0
7,5647ab962c2e,5647a9005aa0
2,7f91a80fea2e,7f91a80fe9e8
2,5647ab8e306c,5647ab8e3090
4,5647ab942c2c,5647ab942e30
1,5647ab94b42c,5647ab94b343
1,5647ab94b023,5647ab94b00b
1,5647aba43863,5647aba4387c
2,5647aba6b863,0
1,5647ab8e3422,5647ab8e347b
2,5647ab8e3c62,0
2,5647ab963021,0
2,5647ab9e3061,0
1,3ffffffc08f83b5,0
2,5647ab94bc20,0
1,5647ab943c67,5647ab943e33
2,5647abac3067,5647abac3360
3,5647aba43c67,5647ab8cff10
2,5647ab94b427,5647ab94b41b
2,7f91a80fe225,7f91a80fe22f
2,7f91a80fe665,7f91a80fe5f0
2,5647ab8e3065,0
1,5647abac3425,5647abac3090
3,7f91a80fea26,7f91a80fd1c0
2,5647a926b467,5647a926b46e
3,3ffffffc08f83b0,3ffffffc08f83b5
2,5647aba4303b,0
2,5647aba6b87b,0
3,7f91a80fe638,7f91a80fd1c0
2,5647aba43c3a,0
2,5647a926b438,0
7,5647ab942038,5647aba33f74
7,7f91afb5f23c,7f91afb5267f
2,5647a926b43d,0
2,5647ab943c3e,5647ab943e10
2,5647ab9c383e,0
3,5647ab94bc7e,5647a880a840
2,5647a926b47e,5647a926b578
1,5647ab963033,5647ab96314a
2,5647aba43033,0
1,5647ab943832,5647ab940790
1,5647ab8e3472,5647ab8e3452
2,5647ab963031,0
1,5647aba6b071,5647aba6b028
3,5647ab94bc70,5647a880adb0
3,5647ab9c3870,5647ab9c4d20
2,5647ab9e3070,5647ab9e2844
2,5647ab94bc77,5647ab94bc98
7,7f91afb5f273,7f91afb6cf72
1,5647ab8eb836,5647ab8eb800
2,5647ab943c36,0
2,5647ab8e3036,5647ab8e3080
3,5647aba43836,5647a880a860
4,5647ab9e2875,5647ab9e2c10
2,5647ab8e3475,5647ab8e366c
2,5647ab96b875,5647ab96b87c
2,5647aba43075,5647aba430b9
2,5647aba4304b,0
2,5647aba4380b,0
2,5647aba6b80b,5647aba6b6d0
2,7f91a80fe208,7f91a80fe1c0
3,5647ab94bc09,5647a880ad90
2,5647a926b04b,0
2,5647aba6b049,0
2,5647ab94bc48,5647ab94bd68
2,5647abac3008,5647abac3060
2,7f91ae9dee0a,0
2,5647ab94b40f,0
1,5647a926b40d,5647a926b42c
2,5647ab8e340e,5647ab8e366c
2,5647ab96b84e,0
3,5647aba43c4d,5647aba068e0
2,7f91a80fea0e,0
2,5647ab9c380c,0
3,5647ab8e380c,5647a92617b0
2,5647ab963003,5647ab963520
2,5647aba43043,0
2,5647aba6b043,5647aba6b09c
2,5647aba6b803,0
2,5647ab2e3c03,5647ab2e4620
2,5647ab94bc00,0
1,5647aba6b040,0
3,7f91a80fe643,7f91a80f0920
2,5647ab943807,5647ab943820
2,5647ab943c47,0
2,5647ab9c3807,0
2,5647ab8e3c45,5647ab8e3d41
2,5647a926b047,5647a926b020
3,7f91ae9dee00,7f91ae9c1940
2,5647ab8eb804,5647ab8eb80b
2,5647aba4381b,0
2,5647a926b059,0
1,5647aba6b01b,0
2,5647aba6b05a,0
1,5647ab8e305a,0
2,5647ab94b419,0
2,5647ab9e3058,0
1,5647ab8e3818,5647ab8e373c
3,7f91a80fea1b,7f91a80fe530
2,7f91a80fe61b,0
2,5647ab8e385f,0
2,5647ab94b41f,0
1,5647a924381d,5647a9243751
2,5647aba6b01e,5647aba6b040
2,7f91ae9dee1b,7f91ae9deda0
2,5647a926b41c,0
2,5647ab8e305d,5647ab8e3075
2,7f91a80fe61f,0
2,5647ab943c53,0
2,5647ab8e3c53,0
1,5647ab8e3013,0
2,5647aba43052,5647aba430d0
3,5647aba6b011,5647a92b1fd0
2,5647ab94b411,0
2,5647ab963010,5647ab9634a8
2,7f91a80fea13,0
1,5647a926b015,5647a926b03b
7,5647ab9c2017,5647ab9c615f
2,5647ab8e3016,0
2,5647a926b054,0
2,5647ab94bc56,5647ab94bc40
7,7f91ae9df650,7f91ae9d7d99
2,7f91a80fe616,7f91a80fe680
3,5647aba6b854,5647ab8ff1d0
2,5647ab9747eb,5647ab9747f2
2,5647ab97cbab,0
7,5647ab9dd7e9,5647ab9dd86c
2,5647ab9747e9,0
2,5647ab9dc3e8,5647ab9dc520
3,5647ab95cbed,5647a8809d10
7,7f91a90e8def,5647ab971ea2
7,5647a99d5fe1,0
3,5647ab95cbe2,5647a8809f30
2,5647ab9747e2,0
1,5647ab95c7e0,5647ab8f3f20
3,5647ab97cba0,5647aba35f30
7,5647ab8f5fa7,5647a9f61a53
2,5647ab9d4be7,0
2,5647ab8dc7a4,0
2,5647abad47fb,0
3,5647ab9dc7ba,5647ab9dd1f0
1,5647abad4bfa,5647abad47e8
1,5647ab8f4fb9,7f91a7d42110
2,5647ab9747f8,0
2,5647ab97cbb8,0
3,5647ab8dc3ff,5647ab8cf6b0
5,5647aba55fbf,5647a91814a0
2,5647ab974ffe,5647ab975008
2,5647ab9747fc,5647ab974828
2,5647ab974fbc,5647ab974ffb
2,5647ab8f4ff3,5647ab8f5098
2,5647ab95cbb1,5647ab95cb98
3,5647abad4bf1,0
7,5647ab8dd3b7,5647aba33f83
2,5647abad47b6,5647abad49e0
2,5647ab97cbb6,0
1,5647ab95cbf5,5647ab95cc07
2,5647ab8dc7b5,0
1,5647ab8dcbf5,5647ab8dcb21
2,5647ab9d4bb4,5647ab9d4bbb
2,5647ab97cb8a,0
2,5647a9274f8a,0
2,5647ab9dc7cf,0
2,5647ab974f8e,5647ab974faa
1,5647abad478e,5647a926c800
3,5647ab9d4bce,5647ab8d6440
3,5647ab97cbcc,5647ab8d6440
3,5647ab97cbc3,5647ab8d6440
3,5647ab95cbc2,5647a880a000
3,5647ab9d4bc2,5647ab8d6440
3,5647ab8dc782,5647ab8e5a70
2,5647abad4780,5647abad48f0
1,5647ab95c780,5647ab90bc10
2,5647abad47c0,5647abad4bc8
2,5647ab95cb87,0
2,5647ab8dc7c6,0
2,5647ab9d4b84,5647ab9d4b8b
1,5647a8af4b87,5647a8af4b5a
2,5647ab95cb9a,0
5,5647ab8d5bda,5647ab8d5480
2,5647ab97cf9a,5647ab97cf50
1,5647ab8f4fd9,5647ab8f4ec0
2,5647ab9747d9,5647ab9747f2
2,5647ab8dc7d9,5647ab8dc7f7
1,5647ab8fc798,5647ab8fc6f1
2,5647abad479f,0
2,5647ab8dc79e,0
2,5647ab8fcf9c,0
2,5647ab9d4b9c,5647ab9d4ba3
7,5647aba5579c,5647aba3ab65
1,5647ab95cb93,5647ab95cb9f
3,5647ab95cbd3,5647ab8cff10
2,5647ab9dc3d2,5647ab9dc4f0
3,5647a9274fd3,5647ab8d6490
2,5647ab8dc790,0
2,5647ab9dc397,5647ab9dc360
2,5647ab8fc796,0
1,5647ab97cbd6,5647ab97cac0
2,5647a9274f96,5647a9275319
2,5647ab8d432b,0
1,5647ab8f4f2b,7f91a7e8b590
2,5647ab9d436a,0
3,5647ab97cb6a,5647ab97cf00
3,5647ab97cf29,5647ab8e2d20
3,5647ab9fcb29,5647ab915280
2,5647abad4b28,5647abad4770
1,5647abad4b6f,5647ab94f710
2,5647ab8f4f2e,5647ab8f4f08
3,5647ab8dcb2e,5647ab8cff10
2,5647ab9fcb23,5647ab9fcaff
2,5647ab9fcb63,5647ab9fcaff
1,5647a8af4b62,7f91afb51f60
1,5647ab8d4360,5647ab8d428c
1,5647abad4b26,5647ab8d5400
1,5647ab8d4725,5647ab8d4613
2,5647ab8dc725,0
2,5647ab97cf65,5647ab97cf85
2,5647abad4b39,0
1,5647ab8dcb39,5647ab8dbe1a
2,5647ab8f4f38,5647ab8f4fc0
2,5647ab97cb38,0
2,5647ab8d433f,0
2,5647abad4f7f,5647abad4f95
5,5647ab8f533e,7f91a7e8b590
2,5647ab9dc33d,0
2,5647ab9d437c,0
2,5647ab8f4f73,5647ab8f5080
2,5647ab9d4332,5647ab9d4339
7,5647ab97d331,0
3,5647ab97cb30,5647a8809ac0
2,5647abad4777,0
2,5647ab8d4337,5647ab8d4320
2,5647abad4b37,5647abad4b68
3,5647ab97cb77,5647ab8da330
2,5647ab8dc736,0
1,5647abad4b75,0
2,5647ab8fc735,0
1,5647ab8d4334,0
2,5647ab9d4b0b,0
2,5647a9274f09,5647a9274e7f
3,5647ab97cb0b,5647a8809ac0
2,5647ab8d430a,0
2,5647ab8f4f0a,5647ab8f4fc0
2,5647ab8fc749,5647ab8fc820
2,5647ab8dc749,5647ab8dc767
1,5647ab8f4f08,5647ab8d5400
2,5647ab95cf0f,5647ab95ceb7
3,5647ab9fcb4e,5647ab9fcd90
1,5647ab8d434d,7f91a7e87420
2,5647ab9fcb0c,0
3,5647ab95cf03,5647ab95d590
2,5647ab9dc742,5647ab9dc764
1,5647ab8f4f00,5647ab8f4f1b
2,5647ab9d4b40,5647ab9d52d0
1,5647ab974700,5647ab974605
2,5647ab9fcb40,0
2,5647ab9fcb46,0
2,5647a93dc707,5647a93dc637
3,5647a8af4b46,5647a8af04a0
1,5647a9274f07,0
2,5647ab8f4f44,5647ab8f4fe0
1,5647abad4b44,5647abad4770
2,5647ab97cf44,0
2,5647ab97cf1b,0
2,5647a8af4b58,5647a8af4b7c
1,5647ab8d431a,5647ab8d432d
2,5647ab9dc35a,0
3,5647abad4b19,5647ab962ac0
2,5647ab97cf59,0
2,5647ab97cf5f,5647ab97cf85
1,5647abad4b5d,0
3,5647ab8d471c,5647ab8d6440
3,5647ab9d431c,5647aba3a690
2,5647ab8fc75c,0
7,5647a917db11,0
3,5647ab97cb53,5647ab97cf00
2,5647ab95cb12,5647ab95cc16
7,5647ab8f5352,5647ab8f50da
2,5647abad4750,5647abad4af0
2,5647ab9d4350,5647ab9d5108
1,5647ab95c710,5647ab8fd3f0
3,5647ab8d4357,5647ab8d20d0
1,5647abad4b57,5647ab8d7d10
2,5647ab97cb16,5647ab97cc40
3,5647ab9fcb56,5647ab8f1cc0
2,5647a9274f14,5647a92752a0
2,5647ab95cb55,5647ab95cb85
2,5647ab9d4b14,5647ab9d4b2f
2,5647ab8fc714,0
1,5647ab8d42e9,5647ab8f0d00
3,5647a93dc6eb,5647ab93e850
3,5647ab95ceef,5647ab95d130
5,5647a92752ad,5647ab9d4010
7,5647ab9ddaae,5647ab9db6f5
2,5647ab9d42ed,0
1,5647ab8dcaed,7f91afb53610
5,5647ab9fdaac,5647ab8f0d00
2,5647ab9d42a3,0
2,5647ab9d42e3,0
2,5647ab9d4aa1,0
1,5647ab8dcaa1,5647ab8db97d
2,5647ab8f4ee0,5647ab8f5058
2,5647ab8dc6a0,0
1,5647ab95c6e0,5647ab8d7b30
2,5647ab95cae7,5647ab95cb10
2,5647a9274eb9,0
2,5647ab9dc2ba,0
1,5647ab8dcefa,5647ab8dca0a
2,5647ab8fc6ff,0
2,5647ab8d42fe,0
2,5647ab95cabe,0
2,5647ab9d4afe,0
7,5647ab8dd2fd,5647ab94b2a1
2,5647ab9d42fd,5647ab9d595b
2,5647a93dc6ff,5647a93dc698
2,5647ab9fcafd,5647ab9fcb20
2,5647ab8dc6bd,5647ab8dc710
1,5647ab8dcabc,5647ab8db70e
2,5647a9274efe,5647a9274f07
3,5647ab8dc6b2,5647ab8d6440
1,5647ab8d42b1,5647ab8d42cf
1,5647ab9dc2b1,5647ab9dc214
2,5647a9274eb5,0
2,5647ab8d42f6,5647ab8d4341
7,5647ab95d6f6,5647ab8d7663
3,5647ab9fcaf5,5647ab8f1cc0
2,5647a9274ef6,5647a9274f07
2,5647abad46cb,5647abad45c0
2,5647ab95caca,0
1,5647ab8f4ec9,0
2,5647ab8dca88,5647ab8dcc30
3,5647ab8dcacf,5647ab94f7e0
2,5647a9274e8c,5647a9275314
2,5647ab8f4ecc,5647ab8f4fd6
2,5647ab8dc6cc,5647ab8dc5c0
2,5647ab8d42c3,5647ab8d42f0
2,5647ab97cac3,5647ab97caf0
2,5647ab95cac2,0
7,5647ab95de82,7f91af4ae3a6
3,5647ab8dc682,5647ab8e3000
2,5647ab8d4286,5647ab8d4350
3,5647a93dc6c4,5647ab940390
2,5647a9274ec4,5647a9274ee5
5,5647ab8d5685,5647ab8d5400
1,5647ab9dc285,5647ab9dc214
2,5647ab95cec4,0
1,5647ab8d42db,0
1,5647ab9dc2da,5647ab9dbf88
2,5647ab97ca9a,0
2,5647ab8d42d9,5647ab8d42b8
7,5647ab95d698,7f91a7d42110
2,5647ab97ca9f,0
2,5647ab8d42de,5647ab8d42c5
2,5647ab8dc69e,0
2,5647ab8dcade,0
2,5647ab9d4add,5647ab9d4af6
1,5647ab8f4edd,5647ab8d1410
2,5647ab97cad2,0
2,5647ab8dc690,5647ab8dc6a7
1,5647ab8d42d7,0
1,5647abad4a96,5647abad48f2
1,5647ab95ced5,5647ab94f710
2,5647a93dc629,5647a93dc5c0
2,5647abad4a2a,5647abad4cd8
3,5647ab8dc668,5647ab8da330
2,5647abad4e2f,0
1,5647a935c62d,5647a935c55c
2,5647ab8dca2f,5647ab8dce69
7,5647ab8d5a6e,5647ab8d4da4
2,5647abad4a6d,5647abad49c0
2,5647ab8dce2c,0
2,5647abad4a22,5647abad4a38
1,5647a935c620,5647a935c468
3,5647ab8dca62,5647a9285650
2,5647ab9dc621,0
2,5647ab8d4620,5647ab8d4627
3,5647a9274e62,5647ab8e47c0
2,5647a93dc665,0
2,5647ab9dc226,5647ab9dbead
2,5647a9274e27,5647a9274ea8
2,5647abad4a3b,5647abad49c0
2,5647ab95ca3a,0
1,5647ab95ca79,5647ab95c9e4
2,5647abad4a79,0
2,5647abad4e38,5647abad50dc
2,5647a93dc63a,5647a93dc546
2,5647a9274e3a,5647a9275210
3,5647a9274e7a,5647ab8f0630
2,5647ab9d427e,0
3,5647ab8d463c,5647ab8d6440
3,5647ab8dce3c,5647ab94f7e0
3,5647ab8d4633,5647ab8d4840
2,5647a93dc631,0
1,5647ab9dc233,5647ab9dbead
1,5647ab8dce73,5647ab8dca3d
3,5647ab8dca72,5647ab8d6440
2,5647ab95ca70,0
2,5647abad4a30,5647abad4a38
2,5647ab9d4270,0
7,5647ab95d275,5647ab95cef4
5,5647ab8d564f,5647ab8d5400
2,5647ab9dc20f,0
1,5647ab8dce4f,5647ab8dc9cf
7,5647ab8dd24e,5647aba33f3c
2,5647ab974e0e,5647ab974ffb
1,5647a935c60f,5647a935bcc0
1,5647ab8dca0d,7f91a87c9880
2,5647ab9fce0c,5647ab9fce40
2,5647a9274e43,0
2,5647abad4a00,0
2,5647abad4e00,5647abad4e2c
7,5647ab8dd640,5647ab8db5d5
7,5647ab95de47,7f91af4ae3a6
1,5647ab9dc246,5647ab9dc142
2,5647ab8d4645,0
2,5647ab9fce45,5647ab9fd08d
1,5647a93dc646,5647a93dc546
3,5647ab9fce04,5647a880af80
3,5647a93dc619,5647ab93e850
1,5647ab8dce1b,5647ab8db971
2,5647ab8d461a,0
2,5647ab8fc61a,5647ab8fc780
1,5647ab974a18,5647ab94f710
2,5647a9274e1c,0
1,5647ab8dce5d,5647ab8dca22
2,5647ab95ca5c,0
2,5647ab8d465c,0
7,5647a91d561e,5647a92d2581
1,5647abad461c,5647abad45d2
2,5647a93dc650,0
2,5647a9274e50,0
2,5647abad4a11,5647abad4a1e
2,5647abad4a17,5647abad4a1e
3,5647ab9dc616,5647ab932da0
2,5647ab974615,0
3,5647ab9fce15,5647ab8d6440
2,5647ab8dca15,5647ab8dce54
2,5647ab9fc1ab,5647ab9fc4c6
7,5647ab9dd9ab,5647ab9dd885
2,5647ab8dc5eb,5647ab8dc665
2,5647abad49aa,5647abad49c0
1,5647abad4da9,0
3,5647abad4da9,0
7,7f91a90e8bab,7f91a90e8d2e
2,5647a9274deb,5647a92751e0
3,5647ab8d4da8,5647ab8d6440
2,5647ab9749a8,0
2,5647ab8fc5ef,0
2,5647ab9dc5ed,0
2,5647ab9dc1ac,5647ab9dc1b1
2,5647ab8d49ac,0
2,5647ab8d49a3,0
2,5647abad45e2,0
2,5647ab8d45a1,0
2,5647ab974da1,5647ab9757c2
3,5647a9274de3,5647ab8d1510
2,5647ab9fc1a0,0
2,5647ab8fcde7,0
2,5647ab8dc1a6,5647ab8dc3f8
2,5647ab95c5a4,0
3,5647ab8dc9e4,5647ab8d6440
1,5647ab8dc1a4,0
2,5647ab9fc1bb,5647ab9fc18d
2,5647abad4dfb,0
1,5647abad4dbb,5647abad4da6
3,5647a935c5f9,5647a9369780
3,5647a93dc5f8,5647ab940390
2,5647ab95c9b9,0
2,5647ab8d45b8,5647ab8d45cc
2,5647ab8fc5bf,0
2,5647ab9fcdbf,0
3,5647ab9749fe,5647a8809570
7,5647ab95d5be,5647ab95cf08
2,5647ab95c1bc,0
2,5647ab9fc1b3,0
2,5647ab8dc9f3,0
2,5647ab9dc5f1,0
1,5647abad45f1,5647ab9010f0
2,5647ab8fc5b0,0
2,5647ab9fcdf0,5647ab9fcdf7
2,5647ab9749b7,0
7,5647ab95ddb6,5647ab95db27
2,5647ab8fcdf6,5647ab8fd0b0
1,5647abad4db5,7f91a7e87420
1,5647ab8dc5b4,5647ab8dc6c9
2,5647ab95c18b,0
2,5647a93dc5c8,0
2,5647ab8d4d8a,0
2,5647ab9fcdca,0
2,5647ab8fc5c8,0
2,5647ab8dcd88,5647ab8dcef1
3,5647abad45c8,5647ab8d6440
2,5647ab9d45cd,0
2,5647aba5c5cd,0
2,5647a93dc58e,0
2,5647ab95c58c,0
2,5647ab9749c3,0
1,5647abad4d83,5647ab962bd5
2,5647ab95c5c2,0
2,5647ab8dc982,5647ab8dcd7e
2,5647ab8d4dc1,0
7,5647ab95d5c0,5647ab95cf08
2,5647ab9fc186,5647ab9fc14a
2,5647ab9dc186,0
2,5647ab974d86,5647ab974d9e
2,5647ab95c9c5,0
2,5647ab8d4585,0
2,5647ab974985,5647ab97498f
1,5647abad49c5,5647abad48f2
2,5647ab8d4d84,0
2,5647ab974dda,5647ab974df6
2,5647ab9fcdda,0
2,5647ab9749d9,5647ab9749f0
2,5647ab95c199,0
2,5647ab8dc998,5647ab8dce28
2,5647ab95c9df,5647ab95ca50
3,5647ab8d4d9f,5647ab8d5520
2,5647ab9fcddf,0
7,5647abad5dd3,5647abad6c62
2,5647ab8d45d2,5647ab8d4641
2,5647ab9dc5d2,0
1,5647ab95c1d2,5647ab95c027
2,5647abad4d92,0
2,5647ab9dc1d1,5647ab9dc2a3
3,5647ab8dc5d0,5647a936ac70
2,5647ab8d4596,0
3,5647ab8dc196,5647ab8dd3a0
2,5647ab9d45d6,0
2,5647ab974994,0
2,5647ab9fc92b,0
2,5647ab8dc96a,5647ab8dca77
1,5647a935c56b,7f91a7e0d240
3,5647ab8d4529,5647ab8d66f0
1,5647ab9dc528,5647ab9dc3f9
2,5647ab9fc16d,5647ab9fc18d
2,5647ab9fc523,5647ab9fc509
1,5647ab8fc161,5647ab8fbe93
1,5647ab95c160,5647ab95bffc
3,5647ab9fc920,5647ab8f1cc0
2,5647ab95c567,0
1,5647ab8d4927,7f91af489430
3,5647ab974966,5647ab8e3c20
2,5647ab8dc965,5647ab8dc970
2,5647ab974964,5647ab97496e
2,5647a93dc579,5647a93dc867
2,5647ab8d4539,5647ab8d4718
3,5647a935c53a,5647ab8d21d0
2,5647ab97497e,0
2,5647ab95c53d,5647ab95c555
7,5647ab9ddd33,5647ab9daf5a
2,5647ab9dc133,5647ab9dc240
2,5647abad4973,0
3,5647ab95c532,0
2,5647ab95c572,0
3,5647ab9fc931,0
2,5647ab8d4d77,0
2,5647ab95c574,0
2,5647a935c509,5647a935c5f3
2,5647ab974d0a,5647ab974d83
1,5647ab8dc54a,5647ab8db8d4
3,5647ab9fc90a,5647ab8f8160
7,5647a937d14b,5647aa69a06d
7,5647ab8d5508,5647aba3cc07
2,5647ab95c548,0
3,5647ab8d454f,5647ab8d6440
1,5647ab8dc94f,5647ab9041f0
2,5647ab95c54e,0
2,5647ab9dc50d,0
3,5647ab8dcd4c,5647ab8cff10
1,5647ab9fc50c,5647ab9fc47e
2,5647ab8d4901,5647ab8d48f0
7,5647ab8fd505,5647ab8fd416
2,5647ab9fc51b,0
2,5647ab9dc55b,5647ab9dc590
2,5647ab9fc15a,0
2,5647a93dc558,0
5,5647a937d15b,5647ab924ab0
1,5647ab8d4558,5647ab8d4627
2,5647ab9fc958,0
5,5647ab8fd11e,5647ab8d7940
1,5647ab8dc55d,5647ab8dbcb0
3,5647ab95c55c,5647ab8ff9a0
1,5647abad4912,7f91a7d2d8d0
2,5647ab8fc150,5647ab8fbe93
1,5647ab8dcd57,5647ab8db92b
2,5647ab9dc157,5647ab9dc270
2,5647ab95c156,0
2,5647ab8dc956,5647ab8dca77
2,5647a935c556,5647a935c625
1,5647abad4cea,5647abad4a38
7,5647ab9dd8aa,5647ab9dd498
1,5647ab8d48e8,5647ab8d4920
2,5647ab8fc0af,0
2,5647ab9fc4af,0
5,5647ab8fd0ef,5647ab8e9cc0
2,5647a935c4af,5647a935c47c
7,5647ab9fd8e1,5647ab9fe36c
2,5647ab9fc0e0,5647ab9fc179
2,5647ab9dc4e7,5647ab9dc42e
2,5647ab9fc4e6,5647ab9edcbd
2,5647ab8d48e6,5647ab8d48ff
2,5647ab8fc0a5,5647ab8fbae7
7,5647ab97d0e5,0
7,5647ab8f50fb,5647ab8f591e
2,5647ab9dc0fb,0
2,5647aba5ccba,0
3,5647ab8dc8b9,5647ab8cff10
7,5647a8b7d4fb,5647aba3b8f3
2,5647abad48ff,5647abad4d83
4,5647ab9ddcbf,5647ab9de080
2,5647ab8d48fd,5647ab8d4920
1,5647abad44fc,7f91a875ffb0
1,5647ab8fc0f3,5647ab8fba99
2,5647ab9548b3,0
2,5647ab9dc0b1,5647ab9dc0c5
5,5647ab8d54f7,5647ab8efa90
2,5647ab9fc4b7,5647ab9fc4d6
2,5647ab9dc4b7,0
1,5647ab9548b5,5647a8809510
2,5647ab8fc0b4,0
2,5647ab9fc4cb,0
2,5647abad48cb,0
7,5647a9275c88,5647a96f8540
2,5647aba5ccc9,0
2,5647ab9fc488,0
7,5647ab975488,7f91a7e87ba0
2,5647ab9dc48e,5647ab9dc429
3,5647ab974cce,5647ab95aa60
2,5647a935c48c,5647a935c500
2,5647ab9dc0cd,0
2,5647a935c480,5647a935c500
3,5647a935c4c3,5647a8809590
1,5647a935c4c3,7f91a7e87ba0
2,5647ab9fc0c6,0
2,5647ab8fc0c5,5647ab8fbfcf
2,5647ab974cda,5647ab974cf8
2,5647ab9dc4d9,5647ab9dc4de
1,5647ab9dc09f,5647ab9dbf88
1,5647a935c49f,5647a935c46b
2,5647ab9fc49c,0
1,5647ab8fc0dc,5647ab8fbae7
2,5647a935c4de,5647a935c500
7,5647ab8fd8d3,0
7,5647ab8d5492,5647aaf229e9
1,5647ab8dc8d2,5647ab8dbdc1
1,5647abad48d2,0
2,5647ab9fc490,0
2,5647a935c4d2,0
2,5647ab9fc0d7,0
7,5647ab9dd4d6,5647ab9dc7bf
2,5647abad4896,0
1,5647ab9fc4d4,5647ab9fc456
2,5647ab9fc494,0
2,5647ab9fc46a,5647ab9fc511
5,5647ab9dd869,5647ab9dd7d0
1,5647ab8dc029,5647ab8dbef1
2,5647ab8d4868,5647ab8d4880
2,5647ab8dc828,5647ab8dcac1
2,5647a93dc42d,5647a93dc570
2,5647ab8d486f,0
2,5647ab9fc06d,0
2,5647abad482d,0
2,5647ab8d442c,0
2,5647ab9dc42c,5647ab9dc4a0
7,5647ab8d5463,5647aba6b7d7
2,5647ab9dc422,0
2,5647ab9fc461,0
2,5647a935c462,5647a935c618
1,5647abad4860,5647ab8e1110
2,5647ab9dc427,5647ab9dc470
2,5647abad4827,0
2,5647ab8fc826,0
3,5647ab8dc024,5647ab91ca40
1,5647ab9dc03b,5647ab9dbf5b
2,5647ab95c03b,5647ab95c04f
1,5647ab8dcc3a,5647ab8dca8e
2,5647abad4879,0
7,5647ab8fd438,5647ab8fc743
2,5647ab9dc438,5647ab9dc4f0
2,5647a935c47a,5647a935c4a8
2,5647abad4838,0
1,5647a935c47c,5647ab8d6480
1,5647ab974832,5647ab974802
2,5647a93dc870,5647a93dc594
2,5647ab8d4871,0
2,5647ab8fc831,5647ab8fc80a
2,5647abad4871,0
2,5647ab9fc077,5647ab9fc0c2
2,5647a93dc435,5647a93dc64b
7,5647ab8fd837,0
5,5647ab8d5876,5647ab8d5480
5,5647a9275034,5647ab8d1410
3,5647a935c449,5647ab8d21d0
5,5647ab8d5c0b,5647ab8d5400
2,5647abad480b,5647abad4b50
2,5647ab8fc80a,5647ab8fc74f
2,5647ab8dc009,0
2,5647ab8d484f,0
2,5647ab9fc40f,5647ab9fbc7c
1,5647ab97480f,0
2,5647abad484f,0
3,5647a935c00e,5647a9369970
7,5647ab8d5403,5647aaf2298e
1,5647ab97cc43,5647ab97cb25
2,5647abad4801,0
1,5647ab8fc841,0
2,5647ab8d4847,0
1,5647ab9dc407,5647ab9dc43e
5,5647ab8d5846,5647ab8d5480
1,5647ab8dc404,5647ab8dbe1a
2,5647ab9fc404,0
1,5647ab95cc1b,5647ab95cb51
7,5647ab8f585b,5647ab96337a
2,5647a93dc41a,0
1,5647a935c01a,5647a935bdb1
2,5647abad481f,0
2,5647ab95c01e,5647ab95c178
1,5647a935c05c,5647a935bdf4
3,5647ab8dc81c,5647ab8decf0
2,5647a93dc411,0
2,5647ab8d4452,0
2,5647ab974812,0
2,5647ab95c052,5647ab95c115
2,5647ab8dc017,5647ab8dbee0
2,5647ab9d4017,0
7,5647ab8fd417,5647ab8fc743
7,5647a9275414,5647a9005d5a
7,5647ab8dd414,5647ab92609b
2,5647ab9dc454,5647ab9dc410
7,5647ab8fdc54,5647ab98b47d
2,5647aba55faa,0
2,5647ab8f57a8,5647ab8f5910
2,5647aba557a8,5647aba557e0
2,5647ab9fdfe8,5647ab9fe000
1,7f91a90e8ded,7f91a87c8830
7,5647ab8fcfae,5647ab96740d
2,5647ab9d53ee,0
2,5647a99d5fec,0
2,5647ab8dd3ad,0
2,5647ab8d5bed,0
3,5647a8b7d3ef,5647a8809560
3,5647ab9fdbec,5647ab8da330
2,5647ab9dd3a3,0
2,7f91a90e8de1,0
2,5647aba55fe3,0
2,5647ab9753a1,5647ab9753ab
2,5647ab8f57e0,5647ab8f56f3
3,5647ab8d57a0,5647ab8d6440
2,5647a92753a2,5647a9275415
3,5647ab8d5fa7,5647ab8d6440
2,5647aba557e7,0
2,5647ab8dd3a6,0
7,5647abad4fa6,5647ab9e7b93
2,5647ab9ddbe6,0
2,5647a917dba4,5647a917dc40
2,5647ab9d53a6,5647ab9d53c1
2,5647a917dbe7,0
2,5647a92753e7,0
2,5647aba55fa4,0
7,5647ab9d4bfb,5647ab9d3977
7,5647ab8f4fba,5647ab8ded3d
1,5647a99d5ff8,5647a99d5fcc
2,5647ab8f5bf9,5647ab8f5c5a
2,5647ab8dd3f8,5647ab8dd418
2,5647ab9d53f8,0
2,5647a99d5fbd,0
2,5647ab9fdfbe,5647ab9fe230
2,5647aba557fe,0
2,5647a8b7d3fe,0
1,7f91a90e8dff,7f91a90e8dd0
2,5647ab8fd3fc,5647ab8fd420
2,5647ab8fdbfc,0
2,5647ab9dd3b3,5647ab9dd2af
1,5647ab9ddbf2,5647ab9ddb63
1,5647ab8f5fb2,5647ab8f5f8a
2,5647ab9753b2,5647ab9753b9
2,5647ab8fdbf2,0
7,5647ab8f43f2,5647ab9d0ed1
1,5647ab8f5bf1,5647ab9119f8
3,5647ab8f5bf1,5647a8809610
2,5647aba55fb1,0
2,5647ab9fdfb1,0
2,5647a99d5ff3,5647a99d600e
2,5647ab8dd3f0,0
7,5647ab8d43f0,7f91a7e87420
2,5647ab8f57f7,0
3,7f91a90e8db5,7f91a90df0e0
2,5647a8b7d3b4,5647a8b7d3e6
2,5647a99d5fb5,0
2,5647ab8d5bf6,0
2,5647aba55ff6,5647aba56029
3,5647ab9753b4,5647a8809510
2,5647ab8d5fcb,5647ab8d60d9
2,5647ab8fdbcb,0
3,7f91a90e8dc8,7f91a90df000
3,5647ab8d5b8a,5647ab8d6440
2,5647ab9d53c9,0
2,5647ab8f5788,0
2,5647a927538a,5647a9275458
2,5647aba55fc8,5647aba55f98
7,5647ab97cfc8,5647a9505eda
2,5647ab9ddbce,0
3,5647a8b7d38d,5647ab927510
3,5647ab9fdf8e,5647ab8da330
3,5647ab8dd38c,5647ab8e3220
1,5647ab9dd383,5647ab9dd529
2,5647ab8f5f82,5647ab8f5fa8
7,5647ab8f4782,5647ab9d1855
2,5647aba557c2,5647aba55a00
2,5647ab8d5781,5647ab8d5fa0
2,5647ab8d5fc1,0
2,5647a99d5fc3,0
2,5647ab9753c0,5647ab975003
3,5647ab9ddbc7,5647a880a520
1,5647ab9757c5,5647ab974dd0
2,5647ab8d5bc5,0
2,5647aba55785,0
2,5647a9275f87,5647a927611b
3,5647ab8d57c4,5647ab8d6440
2,7f91a90e8dc6,0
2,5647aba55f84,0
2,5647ab9dd39b,5647ab9dd5c0
2,5647a99d5fd9,0
7,5647ab9dc39a,5647ab9dc32d
1,5647ab8d5fd9,5647ab8d57b3
2,5647a9275bdb,5647a9275d10
3,5647ab9fdf98,5647ab8edb60
2,5647ab8f579f,5647ab8f59b0
3,5647ab8fdbdf,5647ab8d80b0
2,5647ab8d57de,5647ab8d57f9
3,5647ab9ddbde,5647a880a520
2,5647a917dbdc,0
2,5647ab9d539d,0
2,5647ab8d5b9d,5647ab8d5bb5
3,5647aba55f9c,5647ab9842c0
2,5647ab9dd393,0
2,5647a917dfd1,5647a917daed
2,5647ab9553d3,0
2,5647ab8f5792,5647ab8f5870
7,5647ab9dc7d2,5647aba29f15
3,5647ab8d5b92,5647ab8d6440
7,5647ab8f43d2,5647ab9d099c
2,5647aba55f92,0
1,5647ab8dd391,5647ab8dd2cf
3,5647a9275bd3,5647ab8d1510
3,5647ab8d57d0,5647ab8d6440
2,5647ab9d5390,0
2,5647aba55fd6,0
3,5647ab9fdfd6,5647ab8e30e0
5,5647abad4795,5647ab8d5460
1,5647ab9553d5,5647a8809510
3,5647ab95db2b,5647ab95dab0
3,7f91a90e8d29,7f91a90e8ab0
5,5647ab9dc32a,5647ab9dc350
2,7f91a90e8d68,7f91a90e8d73
2,5647ab8d5729,5647ab8d60c8
2,5647aba55f69,0
2,5647ab8f5728,0
1,5647a91d572d,5647ab94f710
3,5647a91d572d,5647a8809630
2,5647ab9d536f,5647ab9d5388
3,5647ab8d576e,5647ab8d66f0
7,5647ab8fc76e,5647a96edf6f
2,5647ab9dd36d,0
1,5647a927532f,5647a9275023
2,5647abad532d,0
3,5647ab95d762,5647ab95dac0
3,5647ab95db22,5647ab95dc90
3,5647ab8d5b62,5647ab8d6440
7,5647ab8f4762,5647ab9ab80b
2,5647ab9fdf21,5647ab9fe348
2,5647ab95d760,0
2,5647ab975320,5647ab975340
1,5647a91d5725,7f91a7e87420
3,5647a91d5725,5647a88096d0
1,5647a917df25,5647a917de07
2,5647a9275325,0
2,5647ab9ddb66,5647ab9dda87
5,5647abad4765,5647ab8e0770
2,5647ab9dd364,0
1,5647ab8dd324,5647ab8dd289
5,5647ab8fc73b,5647ab8fd3f0
1,5647ab8f533a,7f91a7e87420
2,5647a9275f7b,0
1,5647ab8d5f38,5647ab8d58e9
3,5647ab9ddb3f,5647a880a580
2,7f91a90e8d7c,7f91a90e8e18
2,5647ab9d5333,5647ab9d6010
3,5647ab8d5f33,5647ab8d6440
2,5647aba55733,5647aba557a0
7,5647ab8f4732,5647ab9abd10
7,5647ab8f4772,5647ab9abd4e
1,5647a91d5732,5647a91d570d
3,5647ab9ddb30,0
2,7f91a90e8d32,7f91a90e8df0
3,5647ab8d5b30,5647ab8d66f0
1,5647ab95db37,5647ab95dab0
3,5647ab9ddf37,5647ab95dab0
2,5647ab95d776,5647ab95d822
2,5647abad5336,0
2,5647a917df37,5647a917dbd5
2,5647aba55f74,0
1,5647ab8d570b,5647ab8d570b
1,5647a91d5708,7ffd0b153f10
2,5647ab9dd34a,0
2,5647ab9ddb4a,0
3,5647a91d5708,5647a8809610
3,5647ab95db08,5647ab95dc90
3,5647ab8f5708,5647ab8eb900
2,5647ab9ddb4f,5647ab9ddc10
2,5647ab8d570e,0
7,5647ab8d434e,5647aba3763e
3,5647ab97530e,5647a9e22fb0
2,5647ab9ddb0d,0
2,5647ab9ddf03,5647ab9de6c8
2,5647ab8d5b43,5647ab8d6078
2,5647ab8d5f03,0
7,5647ab8f4742,5647ab9ac12e
2,5647ab8d5701,0
2,5647ab8d5741,0
1,5647a91d5703,5647ab8d7940
2,5647a9275f43,0
3,5647a91d5703,5647a88096c0
7,5647ab9dc340,5647ab9dc4cf
2,5647ab9ddb00,0
3,5647ab8dd300,5647a9369760
2,5647ab9dd306,5647ab9dd330
4,7f91ae9c1940,7f91a7e1f240
3,5647ab9ddf44,5647ab9d9bf0
2,5647ab95d304,0
2,5647ab8d5b04,0
2,5647ab9dd35b,0
1,5647ab97db5b,0
1,5647a91d5718,7f91a87c8c20
2,5647ab95db1a,0
2,5647ab95d35a,5647ab95d188
2,5647a91d571b,5647a91d5722
2,5647ab975358,5647ab97539e
1,5647a91d571d,7f91af489430
3,5647a91d571d,5647a8809510
2,5647ab8d571e,0
2,5647a927531c,0
2,5647ab97d31d,0
2,5647ab8f5f5d,0
2,5647ab9d531c,0
7,5647ab9fcb1c,5647ab96da92
3,5647ab9fdf13,5647ab967750
1,5647ab9ddf52,5647ab9ddd12
2,5647ab9dd352,0
7,5647ab8f4752,5647ab9961ea
3,5647ab8dd352,0
1,5647ab8f5351,7f91a874e090
3,5647ab9d5311,5647ab9d6ac0
3,5647ab95db10,5647ab95dab0
2,7f91a90e8d55,0
2,5647ab8dd317,0
1,5647ab8dd357,0
1,5647a9275314,5647ab8d1410
2,5647ab8f5755,0
1,5647ab9ddaeb,5647ab9dda68
3,5647ab8d5aab,0
7,5647ab8d42ea,7f91af4ae3a6
2,5647a91d56eb,5647a91d56f2
2,5647a92756ab,0
2,5647ab8d56a8,0
2,5647ab8f5aa8,0
2,5647ab97d2e8,0
1,5647a91d56ed,7f91a87353e0
1,5647abad52ef,0
2,5647ab8dd2ad,0
2,5647ab8d5aed,0
7,5647a9274ea0,5647a96d8b0c
2,5647ab8d5ae2,0
7,5647ab8f46e2,5647ab995d10
1,5647ab9d56e1,0
2,5647a92756e2,5647a92757f0
3,5647a9275ee2,0
2,5647ab9dd2e7,0
7,5647ab97cae6,5647aba33c89
1,5647ab8dd2a5,0
1,5647ab8f5ae4,5647ab8f5718
3,5647ab9ddabb,5647a880a520
2,5647ab9fdaba,5647ab9fd8c0
2,5647ab9dd2b8,5647ab9dd3fb
2,5647ab95daff,0
2,5647a917dafd,0
2,5647ab9fdefe,0
2,5647ab8dd2bc,5647ab8dd380
3,5647ab95d6bc,5647ab95d730
1,5647ab8f5af3,5647ab8f5a8b
3,5647ab8f5ab3,5647ab947060
2,5647ab97d2f2,0
1,5647a92752b0,5647a9274e7f
3,5647ab9ddaf0,5647a8809d50
2,5647ab8f56f6,5647ab8f5a00
1,5647ab95dab5,5647a8809d10
2,5647ab95d2b5,0
2,5647ab95d2f5,0
3,5647ab8d5ef4,5647ab8ff1d0
2,5647ab9dd2ca,0
2,5647ab97d2ca,0
1,5647ab8dd289,0
2,5647a92756cb,5647a9275980
2,5647ab95d289,5647ab95d235
1,5647a9275acb,5647a927544a
1,5647ab95dec8,5647ab8f3f20
2,5647ab8d568f,0
2,5647ab8dd28d,0
5,5647abad4a8d,5647ab8d7470
3,5647ab8d56cd,5647ab8d6600
2,5647ab95d68d,0
3,5647a91d56cf,5647a8b66b30
1,5647ab8d5acd,5647ab8d5be5
2,5647ab95dac3,0
2,5647ab8f5a83,5647ab8f5ae9
2,5647ab8d5a83,0
2,5647ab9ddac2,0
7,5647ab8f46c2,5647ab99f6c0
2,5647ab97d2c2,0
3,5647abad5282,5647a88095e0
1,5647ab8dd2c2,0
3,5647a92756c3,5647ab8d1850
1,5647ab95de80,7f91a7d2d8d0
2,5647ab9dd2c0,0
1,5647a91d5685,5647ab8d9a15
2,5647ab95d2c6,0
2,5647ab95dada,5647ab95daf8
2,5647ab9dd2da,0
2,5647ab9dda9a,0
2,5647ab8d56d9,0
2,5647ab8f56d9,0
3,5647a91d56db,5647a8b2a6f0
1,7f91a90e8c9b,7f91a90e8b88
2,5647ab8d5a99,0
2,5647ab97d2d8,0
2,5647ab8f56df,5647ab8f57d0
2,5647ab9ddade,0
2,5647ab97d2de,0
3,5647ab8d569c,5647ab8d6600
3,5647ab9d56dc,0
2,5647ab8d5a93,0
2,5647ab9dd2d2,5647ab9dd470
2,5647ab95de92,0
2,5647ab97d292,0
2,5647ab97d2d2,0
1,5647a9275ad2,5647a92759f6
2,5647ab9fda90,0
2,5647ab9d52d7,0
2,5647ab95de97,5647ab95de04
3,5647ab9ddad6,5647a880a520
7,5647ab95ced6,5647ab95cdd9
2,5647ab95d6d4,0
2,5647a91d5629,5647a91d5603
7,5647ab9dc62b,5647ab9dba5f
5,5647ab95ca6a,5647ab8eb690
7,5647ab8d466a,7f91a7e87420
2,5647a9275268,5647a9274e40
3,5647ab8d5a29,0
1,5647ab95de68,5647ab95ddfa
3,5647ab8dd22f,5647ab8dd250
2,5647ab95de2e,5647ab95de3b
2,5647a91d566f,0
2,5647ab8dd62c,0
2,5647abad5222,0
2,5647ab9dda61,5647ab9ddab0
2,5647ab8dd260,5647ab8dd300
2,5647ab8f5a60,5647ab8f5a6f
2,5647ab8d5667,0
2,5647ab95d227,5647ab95d24f
1,5647ab9dd225,5647ab9dd254
7,5647ab974625,7f91a7e87830
2,5647ab9fda7b,5647ab9fdbe8
2,5647ab95de79,5647ab95dec8
3,5647ab8dd679,5647a92d24a0
1,5647ab8dd67e,5647ab8dd5e8
2,5647a8b7d63e,0
2,5647ab9dda7c,5647ab9ddaf0
2,5647ab95d23c,0
2,5647ab9dd233,0
2,5647ab95d233,0
2,5647ab9dd272,5647ab9dd390
1,5647a8b7d671,5647a8b7d431
3,5647ab9dda71,5647a8812dc0
3,5647ab975271,5647a9f61770
2,5647ab8d5670,0
1,5647ab8d5637,5647ab8d5881
2,5647ab95de75,0
1,5647a91d5677,5647a91d5603
3,5647ab8d5a35,0
2,5647ab8dd274,5647ab8dd308
2,5647ab95de34,5647ab95de3b
2,5647a917de09,5647a917df30
2,5647ab8f5a4a,0
2,5647abad520a,0
2,5647aba55a08,0
2,5647ab9dd24e,5647ab9dd4b0
2,5647aba55a0e,0
2,5647ab95d24d,5647ab95d280
2,5647a91d564f,0
3,5647ab9dde4c,5647aba6a580
2,7f91a90e8c0e,0
2,5647a91d5601,5647a91d5620
1,5647ab95de42,7f91a87353e0
3,5647ab8d5602,5647ab8d54a0
3,5647ab8d5a41,0
2,7f91a90e8c44,7f91a90e8b41
7,5647ab95ca45,5647ab95f9f8
3,5647ab9dde04,5647aba6a580
2,5647ab8d5a5a,0
2,5647ab95de5a,0
5,5647abad4a59,5647ab8d9570
2,5647ab8d5659,5647ab8d5898
2,5647ab9dde59,5647ab9ddd10
2,5647ab9dd219,0
7,5647ab974a19,7f91af4ae439
1,5647ab8dd259,0
2,5647a91d565b,0
2,5647ab95de18,0
1,7f91a90e8c1a,7f91a90e8b5d
1,5647a91d561d,7f91af489430
2,5647ab95de5f,5647ab95ddfa
3,5647ab95d25f,5647ab8d25c0
1,5647a8b7d65c,5647a8b7d4b2
2,5647a91d565f,0
3,5647ab9dda53,5647ab9d9420
2,5647a91d5610,5647a91d5708
3,5647ab8d5612,5647ab8d54a0
2,5647ab9dde11,5647ab9ddd10
2,5647ab8f5a11,0
1,5647ab9dda10,5647ab9dc5c0
2,5647aba55a17,5647aba5576c
2,5647ab9dd256,5647ab9dd230
3,5647a9275256,5647a9272240
2,5647ab8d55ea,0
2,5647abad51aa,0
1,5647abad51ea,0
2,5647ab95d1e9,0
2,5647ab9dd9a8,5647ab9dd990
5,5647abad49ef,5647ab8d6480
1,5647a91d55ed,5647ab8d7360
2,5647ab95d5ae,0
1,5647ab8d55ee,0
2,5647ab97d1ac,0
2,5647a917dde1,0
2,5647abad51a2,0
2,5647ab9dd9a0,0
2,5647a92759e2,5647a9275ad0
2,5647ab95d9e7,5647ab95d887
2,5647a92751e5,5647a9274f59
2,5647ab8d55a4,0
7,5647aba5c5e4,5647aba1ddee
1,5647ab8d55bb,5647ab8d55bb
2,5647a92759f9,5647a9275822
2,5647a92751fb,5647a9274e38
2,5647ab95ddf8,5647ab95de50
5,5647abad4db8,5647ab959e20
2,7f91a90e8bfa,7f91a90e8b28
2,5647ab95d1f8,5647ab95d201
2,5647abad51f8,0
2,5647ab95ddfe,5647ab95de88
2,5647a917ddfc,5647a917df20
1,5647ab8dd5fe,7f91af489430
2,5647abad51fe,0
2,5647ab8d55bd,5647ab8d55c4
2,5647ab8f59bc,5647ab8f57a5
2,5647ab8dd5fc,0
2,5647ab95ddf2,5647ab95de70
2,5647ab8dd5f2,5647ab8dd61c
7,5647abad45f2,0
2,5647ab8d55f0,5647ab8d55f7
2,5647ab95d5b7,5647ab95d5c0
2,5647ab8d55b7,0
2,5647a91d55f4,5647a91d5680
1,5647ab95d9b6,5647ab924c10
3,5647ab95d1b6,5647ab8d6490
2,5647ab95d5b5,0
2,5647ab97d1b4,0
2,5647ab8d558b,0
1,5647ab95ddca,5647ab95dd0c
1,5647ab9dd98a,5647ab9dd9a5
1,5647ab9dd5c8,5647ab9dd3a1
2,5647ab95d18f,0
2,5647a917dd8d,0
2,5647ab95d1ce,0
2,5647abad51cc,0
2,5647ab95dd81,5647ab95ddd0
2,5647ab95d1c1,0
1,5647a9275982,5647a92756df
2,5647a92759c2,0
2,7f91a90e8b86,7f91a90e8b70
2,5647ab8d55da,0
1,5647abad51da,5647aa0c7ee0
2,5647abad5d9a,5647abad5d78
7,5647ab8d4dd8,5647ab8d457f
1,5647ab95ddd8,5647ab95dda4
7,5647ab9dc598,5647ab9dba07
2,5647a917dd9a,5647a917ddd2
3,5647a92759da,0
2,5647abad5198,5647abad5278
2,5647ab95d59f,0
5,5647ab9dc19e,5647ab9dc2f0
7,5647ab95cdde,0
2,5647ab8d59dd,0
2,5647ab95d1dc,0
5,5647ab9dc192,5647ab9dbcb0
7,5647ab95c5d2,5647ab95bfd8
2,5647ab8d5591,0
2,5647ab8d55d1,0
2,5647abad51d1,0
2,5647ab95d597,0
1,7f91a90e8b95,7f91a7e87420
2,7f91a90e8b97,7f91a90e8ba7
4,7f91ae9c1790,7f91a7e2de80
7,5647ab8d492a,5647ab8d9d35
2,5647ab95d169,0
2,5647a9275d2b,0
7,5647ab95c128,7f91a7e8bf50
2,5647ab95d92f,5647ab95d97b
2,5647ab8d556f,0
2,7f91a90e8b2c,0
2,5647ab95dd6d,0
7,5647a93dc56f,5647ab941000
1,5647ab8d556d,0
2,5647a917dd6e,0
7,5647ab9fc96c,5647a96cf52f
2,5647ab8f5923,5647ab8f5958
2,7f91a90e8b61,7f91a90e8b7a
1,5647ab9d5922,0
2,5647a917dd20,0
1,5647ab8fd122,5647ab8fcf8f
1,7f91a90e8b63,7f91a90e8c98
2,5647a937d123,5647a937d150
1,5647a937d162,5647a937d12a
3,5647a9275d65,5647ab8d1b20
2,5647ab8d5d27,0
5,5647ab9dc126,5647ab9dc2f0
2,5647a9275d27,0
3,5647ab9d5964,0
2,5647a9275526,5647a92756a8
1,5647ab9dd53b,5647ab9dd244
2,5647a9275d39,0
2,5647ab97d17b,0
3,5647ab8d5d3b,0
2,5647ab95d17a,5647ab95d2a0
2,5647a917dd38,0
2,5647abad5d7a,5647abad5dd0
2,7f91a90e8b3b,7f91a90e8c40
1,5647ab8fd978,5647ab8fd89e
2,5647ab8d5578,0
2,5647abad5178,5647abad5190
2,7f91a90e8b7d,0
2,5647ab95d97e,5647ab95d988
3,5647ab9dd533,5647ab9df5d0
3,5647a9275d71,5647ab967290
2,5647abad5173,0
1,5647ab9ddd32,7f91a87353e0
1,5647abad5d70,5647abad5d87
1,5647ab9d5977,5647ab9d4303
2,7f91a90e8b75,7f91a90e8b88
2,5647a937d137,0
1,5647a9275d76,5647a9275c64
2,5647ab97d974,0
2,5647ab8d5d4a,0
3,5647abad5109,5647ab1f3ac0
2,5647ab9d5909,0
2,5647ab8fd109,0
1,5647ab8f5909,5647ab8d5400
3,5647ab8f5909,5647a8809630
2,5647ab9fd90f,5647ab9fda70
2,5647a917dd0c,0
2,5647abad5d4d,0
2,5647ab95dd02,5647ab95ddc0
3,5647ab9d5142,0
1,5647ab8d5901,5647ab8d5a46
2,5647a917dd43,5647a917e10b
3,5647ab8f5901,5647a8809510
1,5647ab8f5901,5647aaf0f1d4
1,5647ab9d5147,5647ab9d4363
1,5647a9275945,5647a92753ec
2,5647ab95dd45,5647ab95dd6f
3,5647a9275d47,5647ab967270
7,5647abad4505,5647a9148941
2,7f91a90e8b06,0
3,5647a937d106,5647a91adfc0
1,5647ab8fd55b,5647ab8fd48a
2,7f91a90e8b18,7f91a90e8be8
2,5647a917dd18,0
3,5647ab8f5919,5647ab8f50b0
1,5647ab8fd518,5647ab8fd4c4
2,5647ab8f595f,5647ab8f5798
2,5647ab9ddd1f,0
3,5647ab95dd5e,5647ab95dab0
1,5647ab8f591e,5647ab8f583a
2,5647a937d11c,0
7,5647ab9dc51d,5647ab9d915e
3,5647ab8fd513,5647ab8d20d0
7,5647abad4913,7f91af48a0a1
3,5647ab8fd553,5647ab8e3220
5,5647ab9dc112,5647ab9dbcb0
2,5647a917dd50,5647a917dd68
2,7f91a90e8b53,0
1,5647ab95d151,0
2,5647ab9d5917,0
2,5647ab95dd16,5647ab95dd3f
2,5647ab95dd56,0
1,5647ab8d5516,5647ab8d54e2
2,5647ab95d156,0
2,5647a9275d14,0
3,5647a9275d54,5647ab8e47c0
3,5647a937d114,5647ab956d00
4,7f91ae9c1b50,7f91a7e1eb60
1,5647abad5114,5647abad4f75
2,5647ab9d5114,0
2,5647ab8fd114,5647ab8fd04a
2,5647ab8d58ab,0
1,5647ab8dd4eb,7f91a7e87ba0
3,5647ab8dd4eb,0
1,5647ab95dce9,5647ab8f0d00
2,5647ab8fd8ad,5647ab8fd8bd
3,5647ab8f58ec,5647a9149c70
2,5647ab9ddca3,0
2,5647a9275ca1,0
2,5647a8b7d4a0,5647a8b7d630
1,5647ab8f50a3,5647ab8f5002
1,5647ab95dca1,5647ab95dcbf
7,5647aba5cce0,5647aba22ded
2,5647a9275ca5,5647a9275c64
2,5647ab8d54e6,5647ab8d54ed
5,5647abad4ce6,5647ab8d7470
2,5647ab8fd8a6,0
1,5647ab9fd0a6,5647ab9fce0e
2,5647ab9dd4a5,5647ab9dd254
3,5647ab8d58e4,5647ab8cf6b0
3,5647ab8f58e4,5647a935c420
1,5647ab8f50fa,7f91a874e090
1,5647ab9dd4b9,5647ab9dd4c4
2,5647a93ddcbb,0
1,5647a8b7d4bb,5647a8b7d4ed
5,5647ab9dc4bf,5647ab9dbcb0
2,5647ab8f58ff,5647ab8f5906
2,5647ab8fd0be,0
2,7f91a90e8afc,0
2,5647ab8fd0fd,5647ab8fcf8f
2,7f91a90e8abf,0
3,5647ab8d58fc,5647ab8d6440
3,5647ab8dd4bc,5647ab8de100
1,5647abad54bc,5647abad5430
1,5647ab8f58fc,0
2,5647ab8dd4f2,5647ab8dd4e0
2,5647a93ddcb3,0
3,7f91a90e8af3,7f91a90df290
3,5647ab8d58f0,5647ab8cf6b0
2,5647ab8d54b7,0
2,5647ab8dd4f7,5647ab8dd670
2,5647abad54b6,0
1,5647ab9754b5,5647ab975452
5,5647ab9dc4cb,5647ab9dc2f0
2,5647a8b7d488,0
2,5647ab8d5889,0
2,5647ab95dcc9,5647ab95dce1
2,5647ab8d54c8,5647ab8d5510
5,5647ab9dc488,5647ab9df4e0
2,5647a917dc8a,5647a917dcf0
1,5647ab8d548f,5647ab8d5400
2,7f91a90e8acc,0
2,5647ab8d54cd,0
2,5647ab95d88d,5647ab95d922
2,5647ab9fd8cd,0
2,5647ab97d0c3,0
2,5647ab8fd8c3,0
3,5647ab8f5083,5647a96d1e40
2,5647ab8fd4c2,5647ab8fd510
2,5647ab97d0c1,0
7,5647ab8d4880,5647aba997f1
3,5647ab9dd880,5647ab9dd980
2,5647ab8f5887,5647ab8f5958
1,5647ab975487,7f91a7e2de80
2,5647ab8dd4c6,5647ab8dd5e8
1,5647a9275484,5647a9275512
1,5647ab8d5c84,5647ab8d5b75
3,5647ab8f58db,5647a8b87670
5,5647ab8fc09a,5647ab8fd3f0
1,5647ab8dd4da,5647ab8dd4e4
5,5647ab8fc0d9,5647ab8d7940
2,7f91a90e8adb,7f91a90e8bf0
3,5647ab8d58d8,5647ab8ff1d0
2,5647ab8fd4df,5647ab8fd4e8
3,5647ab9fd09e,5647ab9fded0
3,5647ab97549d,5647ab95aa20
3,5647ab8d589c,5647ab8ff1d0
2,5647ab95dc9c,0
3,5647ab9dd493,5647ab9dd7f0
2,5647ab8fd0d3,0
1,5647ab8f5093,5647ab8f4f8a
2,5647ab8d5892,5647ab8d5640
2,5647ab8d54d7,5647ab8d54e2
2,5647ab97d0d7,0
2,5647ab9dd896,0
1,5647a93ddcd4,5647ab93f4f0
3,5647ab8f50d5,5647ab8f5310
2,5647ab95dc94,5647ab95dcf8
2,5647ab8f5894,5647ab8f5923
2,5647ab95d82b,5647ab95d9dc
2,5647ab8fd46a,0
2,5647ab8fd82a,5647ab8fd831
2,5647ab8d5c2a,0
3,5647aba5582a,5647ab8e6b30
2,5647ab9fdc29,0
2,5647ab8fd828,0
2,5647ab8fdc28,0
3,5647a927542d,5647ab8d1850
3,5647ab9ddc2e,5647a880b760
2,5647ab9fd82e,0
3,5647ab8fdc2c,5647a936ac70
2,5647ab8d5c6c,0
2,5647ab8f5022,5647ab8f5070
2,5647ab8d5861,0
1,5647ab8f5061,5647ab8f4eef
3,5647ab8d5c21,5647ab8d6600
1,5647ab8d5460,5647ab8d6480
7,5647ab974820,5647ab9746f8
3,7f91a90e8e22,7f91a90df010
2,5647ab8f5c20,5647ab8f58ca
3,5647a9275822,5647aae26740
2,5647a9275467,0
2,5647ab9ddc64,5647ab9ddbbc
1,5647ab975824,5647a8809d10
3,5647ab8f5c3b,5647aba25fc0
1,5647ab8f507b,5647ab8f4f4a
2,5647ab8f5879,0
3,5647a8b7d47a,5647a8809b40
2,5647ab8fd478,5647ab8fd540
2,5647ab9ddc38,0
7,5647ab8d4878,5647aba997f1
1,5647ab9d5478,5647ab9d4b73
2,5647a917dc7d,0
5,5647ab8fc83e,5647ab8d7940
1,5647ab8f583e,7f91a875ffb0
3,7f91a90e8e3f,7f91a90df3d0
2,5647a927503e,5647a92751eb
2,5647abad543c,0
3,5647ab8fd432,5647ab8fd440
2,5647ab8d5831,0
2,5647ab975471,0
2,5647a937d032,5647a937d0ec
2,5647ab9dd477,0
1,5647ab8fd437,5647ab8d1410
2,5647a9275435,5647a9275ac9
2,5647a9275c74,0
2,5647ab8f5c36,0
2,5647ab8d5c76,0
1,5647a935d434,5647ab8d1410
3,5647ab8f5835,5647ab8f50b0
2,5647ab9dd874,0
2,5647a9275836,0
5,5647ab95c00b,5647ab8d6470
2,5647a9275849,0
2,5647a9275809,5647a92759bf
2,5647ab9fd84b,5647ab9fd8e8
2,5647ab8fd04a,5647ab8fcf8f
3,5647ab9d540a,5647ab9df0e0
2,5647ab8f5809,5647ab8f56f3
2,5647ab9dd449,5647ab9dd2c6
1,5647ab8fd849,5647ab8d7470
2,5647a8b7d40b,0
2,5647ab97500f,5647ab97544d
2,5647a927544d,5647a92753c9
2,5647ab9fdc0f,0
1,5647ab8f504f,5647ab8f4f4a
2,5647ab8d580e,5647ab8d5829
2,5647a9275c0c,0
1,5647ab97580e,5647ab9496e0
1,7f91a90e8e4e,7f91a90e8d99
2,5647ab97580c,5647ab975824
2,5647ab8d5c4c,0
1,5647ab8d580c,0
3,5647ab9dd843,5647a8813c00
3,5647ab975003,5647a8809510
2,5647ab8f5c03,5647ab8f58ca
1,5647ab8f5c43,5647ab8f58ca
2,5647ab8fd402,5647ab8fd409
2,5647a9275400,0
3,5647ab9d5442,5647ab9d67f0
2,5647ab8f5042,5647ab8f5020
2,5647ab9dd401,0
3,5647ab9fdc01,5647ab8f1710
1,5647ab8d5400,5647ab8d6470
3,5647ab8d5800,5647ab8d6440
2,5647ab8f5800,0
2,5647ab8f5847,5647ab8f5bf1
3,5647aba55806,5647ab8e2d20
2,5647abad5446,0
2,5647ab9dd445,5647ab9dd428
3,5647ab8fdc05,5647ab8eea20
2,5647ab8fdc45,0
1,5647ab8f585a,7f91a8737240
2,5647a9275418,0
5,5647ab9dc419,5647ab9dbcb0
3,5647ab8f5c19,5647a8809640
1,5647ab8f5c19,5647ab9113d0
2,5647ab9d5419,5647ab9d5434
7,5647ab8d4458,5647ab8d43e2
2,5647a927585a,5647a9275931
2,5647a917dc5d,5647a917e0b8
1,5647ab8dd45f,5647ab8d5480
2,5647a9275c1d,5647a9276073
1,5647ab8f5c5e,5647ab8f5bfb
1,5647ab8dd45d,5647ab8dd404
4,5647ab9d401d,5647ab95d6b0
1,5647ab8d585d,0
2,5647ab9dd41c,0
2,5647ab9d545c,0
2,5647a8b7d41f,5647a8b7d661
1,5647ab8dd413,7ffd0b153d40
7,5647ab8f4412,5647ab9d1a8f
7,5647ab8f4452,5647ab9d1848
3,5647ab8fd411,5647ab8fd440
2,5647ab8dd411,5647ab8dd45f
3,5647ab9ddc50,5647ab92f150
2,5647ab975450,5647ab97548f
2,5647a917dc55,0
1,5647ab8fd416,5647ab8d7b30
2,5647a9275c14,5647a9275c90
1,5647ab8f5016,5647ab8f502f
7,5647ab95cc15,5647ab9f70c7
2,5647ab8fdc15,0
2,5647ab8d5c15,5647ab8d5ef0
2,5647ab8d5c55,5647ab8d5ad8
3,5647ab8dd454,5647ab8d6440
1,5647abad5454,0
2,5647ab9563eb,0
7,5647a93f77a9,0
2,5647ab9d6faa,5647ab9d7710
3,5647ab9debaa,5647aba6a4c0
1,5647ab8d6fe9,5647a9260c90
2,5647abad6be9,5647abad6e08
2,5647ab8defe8,0
2,5647ab8d6ba8,0
2,5647ab9debef,5647ab9dece0
2,5647ab8de3af,0
2,5647ab9563ae,0
2,5647ab9d6bad,0
1,5647a93f67ef,5647a93f67fb
2,5647ab8fe3ac,5647ab8fe445
2,5647ab9d6fa1,0
2,5647ab9d6ba0,0
2,5647abad6be0,0
2,5647ab8de3a7,5647ab8de390
2,7f91afb6b9a3,7f91afb6ba08
1,5647ab8defa7,5647ab8dee70
2,5647ab8d67a6,5647ab8d6b25
1,5647ab9567a6,5647ab9563f8
2,5647a93f67e4,0
2,5647a8b76be7,0
2,5647ab95e3a4,0
2,5647ab95e3e4,0
2,5647ab9d6bfb,0
2,5647ab9d6ffb,5647ab9d7002
1,7f91afb6b9ff,7f91afb6b900
1,5647ab8d6fbb,7f91afb543e0
2,5647ab95e3f8,0
7,5647ab9ffbf8,5647ab9ff5ce
2,5647ab9debbf,5647ab9ded90
2,5647ab8d67bf,0
7,5647ab8d7bff,7f91a7e87420
3,5647abad6bbf,5647a880c5a0
2,5647ab8d6ffc,0
7,5647ab8ff3fc,5647ab8ff36d
2,5647ab8deff3,0
2,5647ab95e3f2,0
2,5647ab8d67b1,0
2,5647ab8defb1,0
2,5647a8b76bf3,0
2,5647ab8fe7b0,0
2,5647ab8de3b7,0
2,5647ab9563b6,0
2,5647ab8deff5,0
2,5647ab8d67f5,5647ab8d69e0
2,5647ab8fe3b4,5647ab8fe262
2,5647ab8def8a,5647ab8def97
3,5647ab9d6b8a,5647ab932f70
1,5647ab8de38a,5647ab8de39d
7,5647ab9d7fc9,5647ab9d8129
2,5647ab8d6b88,0
1,5647ab8deb88,5647ab8f3f20
3,5647ab9563cf,5647ab902f10
7,5647ab8ff38f,5647a913135a
3,5647ab956b8e,5647ab925b70
2,5647abad6bce,0
3,5647aa8d638d,5647ab8d6440
3,5647ab8d678c,5647ab8d6490
1,5647a9956b8e,0
2,5647a93f67c1,5647a93f6908
2,5647ab8defc2,5647ab8df07b
1,7f91afb6b9c5,7f91afb6b900
5,5647ab8d73c0,5647ab8d7470
2,5647ab8d67c7,5647ab8d6e52
1,5647ab95e7c7,5647ab95e2e3
1,5647aa8d63c4,5647aa8d6389
3,5647ab956b85,5647ab925bb0
2,5647ab9563c5,0
2,5647a9376f87,0
2,5647ab8de39b,0
1,5647a9376f98,0
2,5647ab8fe398,0
3,5647ab9563df,5647ab925020
1,5647ab8defdf,5647ab8def6f
2,5647ab8def9e,5647ab8defe1
7,5647aba5779e,5647aba205ca
2,5647ab95e39c,0
1,5647aa8d6392,5647aa8d62e7
2,5647ab8fe393,0
2,7f91afb6b997,7f91afb6b969
1,5647ab8fe3d3,5647ab8fe22a
2,5647a9956b90,0
2,5647ab8d6b92,0
2,5647ab8d6fd2,0
2,5647a93f67d0,0
3,5647ab956390,5647ab956b20
2,5647ab8def90,5647ab8def97
2,5647ab8d6bd0,5647ab8d6b70
2,5647ab8d6b97,0
7,5647a98f7fd5,5647ab96d836
2,5647ab9d6bd6,5647ab9d6bf0
1,5647ab8de3d6,5647ab8de665
2,5647ab8d6f94,0
2,5647ab8d6f6b,5647ab8d6ff0
3,5647ab95672b,5647ab9e2680
7,5647ab8d732b,5647ab8d6e6a
2,5647ab95ef2b,5647ab95f550
2,5647ab8f676b,5647ab8f6800
1,5647ab8de32a,0
2,5647ab8deb6a,5647ab8deb88
5,5647ab8ff76a,0
1,5647ab8deb29,5647ab8deb36
2,5647ab956f28,5647ab956d9b
2,5647ab8de32d,0
3,5647aa8d632d,5647a880b2c0
3,5647ab95636c,5647ab8eea20
2,7f91afb6b928,0
1,5647ab8de72c,5647ab8de309
2,5647ab8d6763,0
2,5647ab8def63,5647ab8df02d
2,5647ab8deb63,5647ab8deb50
3,5647ab8de723,5647ab8d20d0
3,5647ab95e362,5647ab8e4a70
3,5647ab956320,5647ab956c80
2,5647ab97eb60,0
1,5647ab9def20,5647ab9df080
2,5647ab8deb27,5647ab8deb5d
2,5647ab8d6b27,0
2,5647ab95e727,5647ab95e7c0
5,5647ab8ffb27,5647ab8d5400
3,5647ab9fe367,5647ab9fd800
3,5647ab95e326,5647ab8d6440
1,5647ab8d6b66,5647ab8d6b85
1,5647ab8fe726,5647ab8fe5a6
2,5647ab956365,0
5,5647ab8ff365,5647ab8ff220
2,5647a93f6727,0
5,5647ab8df724,5647ab8d5460
2,5647ab95e33b,0
2,5647ab8de37a,0
2,5647ab8f673a,0
7,5647ab8ffb79,5647ab94fdb3
1,5647ab8feb39,5647ab8fe79d
7,5647ab8f7778,5647ab8f758b
2,5647ab8d6b78,5647ab8d6970
2,5647ab8deb3f,5647ab8deb2c
2,5647ab95637f,0
2,5647aa8d637f,5647aa8d63a0
2,5647ab95633e,0
3,5647ab95e37e,5647ab8da330
2,7f91afb6b97a,0
2,5647ab8deb7d,5647ab8deb70
2,5647ab8f677d,5647ab8f6800
2,5647ab956b7c,0
7,5647ab8d733c,5647ab8d6e6a
2,5647ab8de33c,5647ab8de370
1,5647ab956733,5647ab9562e9
2,5647ab956333,0
2,5647ab956373,5647ab956648
2,5647ab9d6b73,0
2,5647ab8def72,0
2,5647ab8de332,5647ab8de3b1
2,5647ab9fe372,5647ab9fdf86
2,5647ab9d6f31,5647ab9d6f48
2,5647ab95e371,0
2,7f91afb6b935,7f91afb6b9d0
3,5647ab8d6b70,5647a8809ac0
1,5647a93f6732,5647a93f673b
3,5647aa8d6376,5647a880b2c0
7,5647aba57337,5647aba1db9c
2,5647ab8d6b36,0
7,5647ab957375,0
2,5647aa8d6335,5647aa8d6348
3,5647ab8feb34,5647ab8ff1d0
2,5647ab956b4b,0
2,5647ab95ef0b,5647ab95ece0
2,5647ab95630a,5647ab956528
3,5647ab9d6b4a,5647ab9ddc80
3,5647ab95e30a,5647ab8d6440
2,5647ab8def49,5647ab8defac
1,7f91afb6bd0d,7f91afb6bb5d
5,5647ab8d734f,5647ab8d7940
5,5647ab8ffb0f,5647ab8ffad0
1,5647ab8def4f,7f91a7e8b590
2,5647ab8d6b4e,5647ab8d69e0
2,5647ab9d6f0e,0
3,5647ab9deb4e,5647ab932da0
1,5647ab97eb0e,0
2,7f91afb6b90a,0
1,5647ab8deb4d,5647ab913d00
2,5647ab956f0c,0
2,5647ab95670c,0
2,5647ab8de303,5647ab8de720
2,5647ab956b41,0
2,5647ab956300,0
3,5647ab956700,5647ab925c20
3,5647ab95e300,5647ab8d6440
1,5647ab8d6740,0
1,5647ab8de300,0
2,5647ab956f07,0
3,5647ab97eb47,5647ab8cf6b0
3,5647ab8d6b07,5647ab8d72b0
2,5647ab8fe347,5647ab8fe369
2,7f91afb6bd03,0
2,5647ab8d6746,5647ab8d6780
3,5647ab8d6b46,5647a8809ac0
2,5647ab95e705,0
1,5647ab8fef05,5647ab8feb30
2,5647ab8f6705,0
7,5647ab8d7704,5647ab8d73c3
2,5647ab9def04,0
2,5647ab9d6b1b,0
5,5647ab8ffb5b,5647ab8d6470
2,5647ab9def1a,0
2,5647ab9deb59,0
2,5647ab95e719,0
1,5647ab8d6b18,5647ab8d6970
2,5647ab8d6f5f,5647ab8d6fd0
2,5647a93f675d,5647a93f679c
2,5647ab95635e,0
3,5647ab95e31e,5647ab8d6440
2,5647ab8f675e,0
7,5647ab8f7f1d,5647a914c2cd
2,5647ab95ef1d,0
1,5647ab8d6f5d,0
7,5647ab97771c,7f91a7e8bad0
2,5647ab97eb1c,5647ab97eb38
7,5647ab8fff1c,7f91a7e87420
2,5647ab8d6f53,0
2,5647ab9d6f53,5647ab9d7410
2,5647ab95e713,0
1,5647ab8d6f53,7f91a7e87420
3,5647ab9fe353,5647ab8da330
2,5647ab9d6b12,0
2,5647ab97eb12,0
2,5647ab8d6b12,0
2,5647ab956351,0
2,5647ab8def51,0
3,5647aa8d6351,5647ab8dd250
2,7f91afb6b914,7f91afb6b990
1,5647ab8d6f50,5647ab8d7940
2,5647ab8deb17,5647ab8deb4d
2,5647ab956317,0
5,5647ab8df757,5647ab8d9570
1,5647ab956f16,5647ab956e37
2,5647ab9d6b56,0
2,5647ab8de316,5647ab8de808
2,5647a93f6754,0
4,5647ab8d7755,5647aaefc820
7,5647ab8d7355,7f91af4ae576
2,5647ab8f6b15,5647ab8f688a
3,5647ab95e314,5647ab8d6440
5,5647ab8ffaab,5647ab8d6470
3,5647ab9566aa,5647ab902f10
2,5647ab9562aa,5647ab956700
2,5647ab9d6eea,5647ab9d6ef1
5,5647ab8df6ea,5647ab8e0770
2,5647ab8d66a9,0
1,5647ab97eae9,5647ab97ea30
2,5647ab8deea8,0
1,5647ab8d66e8,5647ab8d66b2
7,5647ab8f7eef,5647ab8f7965
2,5647ab8feeef,5647ab8fef00
1,5647ab8deeae,5647ab8deece
2,7f91afb6b8ea,7f91afb6b8a0
2,5647ab8d66ad,5647ab8d66d0
7,5647ab8df2ac,5647a96c099e
3,5647ab95e2ec,5647ab8d6440
3,5647ab956ee2,5647a880a050
2,5647ab95eea2,5647ab95eea8
7,5647ab8ffae1,5647ab8ffb17
7,5647ab8ffea1,5647ab8ffe56
2,5647a93f66e3,0
2,5647ab8feea1,0
7,5647ab8d7ee0,5647ab94b62c
2,5647ab9566a0,0
7,5647ab9d72a0,5647ab9d5316
2,7f91afb6bca3,0
3,5647ab8feea6,5647a90044f0
1,5647ab8deee5,5647ab8dee70
7,5647ab8f7ea4,5647ab946c77
2,5647ab9d6efb,0
7,5647ab9dfabb,5647ab9d8336
2,5647ab8d66ba,5647ab8d66c7
3,5647ab9566ba,5647ab925020
2,5647ab95e6ba,0
2,5647ab8feef9,0
2,5647ab956ef8,0
2,5647ab8fe2b8,5647ab8fe400
1,5647abad6eff,5647abad6c1b
1,5647ab8d66be,0
2,5647ab8feefe,5647ab8fee88
2,7f91afb6b8f9,7f91afb6b8b4
7,5647ab9df6b3,5647ab9dd538
2,5647a8b76ab0,0
2,5647ab95eeb3,5647ab95ee98
7,5647ab9ff6f3,7f91ae9d48f8
2,5647ab95e6b2,0
4,5647a93d7ef3,5647a93d8310
5,5647ab8ffef0,5647ab900460
2,7f91afb6bcb3,7f91afb6bd00
3,5647ab8feeb7,5647ab8ff220
2,5647aa8d62f7,0
3,5647ab95e2f6,5647ab8d6440
2,7f91afb6b8b2,7f91afb6b900
4,5647ab9ffef6,5647aba00188
7,5647ab977eb5,5647ab977bef
3,5647ab8fe2cb,5647ab96b8f0
2,7f91afb6b8cf,7f91afb6b8e4
1,5647ab9fe28b,5647ab9fe0fb
2,5647abad6acb,5647abad6db0
2,5647ab8f66cb,5647ab8f6850
2,5647ab956689,0
2,5647ab9566c9,0
7,5647ab8ffac9,5647ab8fb5a3
1,5647aa8d6688,5647aba32a10
7,5647ab95fa88,7f91af489430
2,5647ab95ee8f,0
1,5647aa8d628c,5647aa8d6254
2,7f91afb6b888,0
5,5647ab8d7a82,5647ab8d7470
1,5647ab8fe282,5647ab928c30
1,5647a9376e83,0
1,5647a9956e83,5647a9956c55
1,5647ab8fee81,0
2,5647ab8d66c0,5647ab8d66c7
1,5647ab8d66c0,7f91aded0230
2,5647ab9d6e87,5647ab9d7540
2,5647ab95e687,5647ab95e720
3,5647aa8d6287,5647a880e730
1,5647ab8dee85,5647ab8dee28
2,5647ab8fe2c5,0
2,5647ab8feec4,0
3,5647ab95ee9b,5647a880bce0
2,5647ab95eedb,0
2,5647ab95e29b,5647ab95e358
7,5647ab9ffa9b,5647ab9b2ccf
2,5647aa8d62db,5647aa8d6310
2,5647ab8deed8,5647ab8ded78
1,7f91afb6b89c,7f91afb6b8b4
7,5647ab8ff29f,5647ab8ff36d
2,5647ab97eade,0
3,5647ab8dee9d,5647ab97b780
2,5647ab956691,0
3,5647ab8deed1,5647ab8f7e90
5,5647ab9ff6d0,5647ab9b5280
2,5647ab95e296,0
1,5647abad6ad6,5647abad69b1
2,5647ab9566d5,5647ab9567a0
2,5647ab956ed5,0
1,5647ab9de6d5,5647ab9ddd12
2,5647a93f6a97,0
3,5647ab95e694,5647ab8da330
2,5647a9956e96,5647a9956e79
3,5647ab95666b,5647ab956b20
3,5647ab8d6e2a,5647ab8cff10
3,5647ab97ee69,5647ab8d6440
3,5647ab8fee69,5647ab8edb60
2,5647a8b76a6b,0
2,5647ab8fe26f,0
2,5647abad6a2f,5647abad698d
1,5647ab97ee6e,5647ab97ea30
1,5647ab956a2c,7ffd0b153f10
2,5647ab8d6622,0
2,5647ab8dee22,5647ab8dee7a
2,5647ab9de661,5647ab9ddd10
2,7f91afb6bc25,0
5,5647ab8d7660,5647ab8d7510
3,5647ab956260,5647ab8e3da0
2,5647aa8d6661,5647aa8d6683
7,5647ab8ffe20,5647aba3088a
2,5647ab956e26,5647ab956ece
3,5647ab95ee66,5647ab8e2d20
1,5647ab956265,5647ab956208
3,5647ab8d6e65,5647ab8d72b0
2,5647ab95e665,0
2,5647ab97ea25,5647ab97ee73
2,5647ab8dee65,5647ab8dedc1
7,5647a9357227,5647a98f819b
2,5647ab8fe224,5647ab8fe3c8
3,5647ab97ee7a,5647a936ac70
1,5647ab9fe27a,7f91a7e82510
2,5647ab95e679,0
2,5647aa8d6638,0
4,5647ab9ffe79,5647aba01270
2,5647ab8dee38,5647ab8df0c7
2,5647ab8dee78,5647ab8dee28
2,5647ab9dea78,0
1,5647aa8d6279,5647aa8d622a
2,5647ab956e3f,5647ab956e5b
3,5647ab95ee7f,5647ab8d6440
1,5647ab97ee7f,5647ab97ee0f
2,5647a9956e7d,0
2,5647aa8d623f,5647aa8d6280
2,5647ab8fe23e,5647ab8fe24f
1,5647ab9fe23e,5647ab9fdfc4
2,5647ab9d6e3d,5647ab9d7348
1,5647ab8d6e7d,5647ab8d6856
1,5647ab95663c,5647ab95644c
1,5647ab8d6e3c,5647ab8d6dd8
2,5647ab9d6e33,0
2,5647ab95e673,0
2,7f91afb6bc37,7f91afb6be74
2,5647ab8de672,0
2,5647ab8fe232,0
2,7f91afb6bc76,7f91afb6bc96
7,5647ab8f7631,7f91a7e87420
7,5647ab8ffa31,5647ab95c561
7,5647ab97fe31,0
2,5647ab8d6e70,5647ab8d69e0
2,5647a8b76a74,5647a8b76bc8
2,5647ab97ea37,5647ab97eb00
5,5647ab8ffa77,5647ab8d5460
3,5647aa8d6274,5647a880b2b0
3,5647aa8d6234,5647a880e200
1,5647ab8dee35,5647ab94f710
7,5647ab8d7a74,5647ab8f0a10
3,5647ab8d6a0b,5647ab8d6f50
1,5647ab8dee4b,5647ab942590
3,5647ab97ee4b,5647ab8e3000
2,5647a9956a09,0
2,5647abad6e0b,5647abad6ee4
1,5647ab8dee0b,7f91a7e8bf50
2,5647ab956e09,0
3,5647ab95664f,5647ab925300
2,5647ab8d6e0f,5647ab8d6dd8
2,5647ab956a0e,0
2,5647ab9d6e0e,5647ab9d6e28
2,5647ab8fe20e,0
2,5647ab8dee0d,5647ab8deee0
1,5647a8b76e0e,5647a8b76a9e
2,5647ab8d6a02,0
2,5647ab8fe202,5647ab8fe2b8
2,5647ab8d6e02,5647ab8d6e3e
2,5647a9956a00,0
2,5647a8b76a42,0
3,5647ab8d6640,5647ab8d66a0
7,5647ab8ffa00,5647ab8ff7e3
7,5647ab9d7a40,5647ab9d71a0
2,5647ab956e07,0
2,5647ab97ea06,5647ab97ea16
2,5647ab8fe246,5647ab8fe24f
2,5647ab8dee05,5647ab8def38
1,5647ab8d6e45,5647ab8d6d55
2,5647ab95ee04,5647ab95ee0a
2,5647ab95ee44,5647ab95f268
7,5647a93d7a46,5647a93d7f49
2,5647ab956e1b,0
2,5647ab97ee5b,0
2,5647ab8fe25b,0
2,5647ab95e61a,0
5,5647ab8ffe1a,5647ab8d7510
3,5647aa8d6258,5647a880dcd0
2,5647aa8d6658,0
2,5647ab8fe259,0
5,5647ab8ffa5f,5647ab8efa90
2,5647ab95665e,0
1,5647ab8d661e,0
2,5647ab97ee5d,0
1,5647aa8d625d,5647aa8d6183
2,5647ab97ea1c,0
2,5647ab8dee5c,0
1,5647ab8d6a1c,5647ab8d6970
2,5647ab97ee53,0
2,5647ab8dee53,0
5,5647ab8ffa13,0
2,5647aa8d6652,0
2,5647ab956e12,0
2,5647ab95e612,0
1,5647ab8d6652,0
2,5647ab8fe252,5647ab8fe262
2,5647ab95ee51,0
1,5647ab8d6a10,5647ab8d674f
2,5647ab97ea10,5647ab97e970
2,5647aa8d6211,5647aa8d6268
2,5647ab97ee16,0
2,5647ab8d6655,0
2,5647ab95ee15,5647ab95edf8
3,5647ab9de654,5647aba6a580
2,5647a93f6a56,5647a93f6a8a
2,5647ab8f65ab,0
2,5647ab956de9,0
3,5647ab8d6da9,5647ab8cff10
2,5647a99569eb,0
2,5647ab9565a8,5647ab9567f0
7,5647ab8d71e8,5647ab948f86
3,5647ab8d6de8,5647ab8cff10
2,5647ab95edaf,0
2,5647ab8d69af,0
2,5647ab8f65ee,5647ab8f66b0
7,5647ab8ff1ec,5647aaf22a10
2,5647ab95edec,0
7,5647ab9df1ec,5647ab9d540f
3,5647ab97e9e1,5647ab8d6440
2,5647ab9fe1a1,5647ab9fe078
1,5647ab8d65a0,5647ab8d64f0
2,5647ab95e5e7,5647ab95e680
3,5647aba561a7,5647aba226e0
2,7f91afb6b7a3,0
2,5647ab9d6de5,0
2,5647ab9565bb,5647ab956637
2,5647ab8dedbb,5647ab8dee50
1,5647ab8d65b9,5647ab8d6528
1,5647abad6db9,5647abad6bb8
2,5647a8b76dfc,0
4,5647ab9df1ff,0
5,5647ab9d79fe,5647ab9d8bd0
2,5647abad69be,0
3,5647ab95edfd,5647a880bce0
3,5647ab97e9bd,5647ab8e3000
3,5647aba561bd,5647aba2cbd0
3,5647ab97e9fc,5647ab8e4600
2,5647ab8f65bc,5647ab8f6750
2,5647ab956db3,0
2,5647ab8dedb2,0
7,5647ab8d71b2,5647a914c3ec
2,7f91afb6bbb6,7f91afb6bc0c
7,5647ab8ff1f0,5647aba3cd29
3,5647aa8d61f1,5647a880e1f0
2,5647ab9dedb7,5647ab9debcf
3,5647ab9569f6,5647ab924c10
7,5647a92771b4,5647ab8ec91b
2,5647a99569f4,0
2,5647ab956df5,0
3,5647ab8dedf4,5647ab8f2d70
3,5647ab95e5f4,5647ab8da330
1,5647ab8d6db4,5647ab8d6d5b
3,5647aba561b4,5647aba3eab0
3,5647ab8d65b4,5647a9262230
2,5647ab956d8b,0
2,5647ab9d6dcb,5647ab9d6dd2
5,5647ab9ff5cb,5647ab9ffc70
2,5647ab8d69ca,5647ab8d6ca7
2,5647ab8d6588,0
2,5647ab956dcf,0
1,5647ab95e9cf,5647ab95e4a5
2,5647ab97e98f,0
2,5647ab97e9ce,0
3,5647ab8d6d8c,5647ab8d6440
3,5647ab97e1cc,0
3,5647ab95edc3,5647ab8e2d20
3,5647ab97e983,5647a936ac70
5,5647ab8ff9c3,5647ab8d5480
2,5647ab956dc1,0
1,5647ab9ded81,5647ab9dec96
2,5647a9376d83,0
2,5647ab8fe5c1,5647ab8fe5b8
3,5647ab95ed85,5647a8809ac0
2,5647ab97e9c5,5647ab97e9dd
2,5647ab8d6985,0
5,5647ab8ff9db,5647ab8d5400
3,5647ab9ded9a,5647ab932da0
2,7f91afb6b79e,7f91afb6b762
2,5647ab8d699a,0
2,5647ab8f65da,5647ab8f6860
2,5647ab9d6dd9,0
2,5647ab9561d8,5647ab956248
7,5647a925fd9a,5647aba22cb4
2,5647abad6998,0
2,5647ab8ded9f,0
2,5647ab95ed9f,0
2,5647a99569df,0
2,5647abad699d,5647abad6ac8
2,5647ab956ddc,0
2,5647ab95659c,0
3,5647ab95eddc,5647ab8d6440
2,5647ab9561d3,0
1,7f91afb6bb97,7f91afb6ba97
2,5647ab9fe193,0
2,5647ab956592,0
2,5647aa8d6193,0
7,5647ab8d7d92,7f91af48647d
3,5647aba56192,5647aba29310
7,5647ab9df591,5647ab9d92bc
2,5647ab95ed91,0
1,5647ab8d6dd1,5647ab8d6e04
1,5647ab8d6d91,5647ab8d69fb
7,5647ab9571d1,7f91a7d2d8b0
1,5647a99569d3,0
3,5647ab8d65d0,5647ab8e3220
2,5647ab8d6990,5647ab8d6c9b
2,5647abad6990,0
1,5647ab97e1d7,5647ab97d310
2,7f91afb6b793,0
2,5647ab956d95,5647ab956f20
1,5647ab8d65d5,5647ab8d6528
3,5647ab8ded95,5647a914c260
5,5647ab957195,5647ab9667a0
2,5647ab97e9d4,0
2,5647a99569d6,0
3,5647ab8d692b,5647a8809ac0
1,5647a93f6929,5647a93f67b8
1,5647ab8de12b,0
2,5647a9956d28,5647a9956d00
2,5647ab9fe169,0
2,5647ab9d6d68,5647ab9d7510
2,5647ab8ded6e,5647ab8dee90
2,5647ab8de12d,5647ab8de2f0
2,5647aa8d616c,5647aa8d61d0
5,5647ab95712c,5647ab8d6470
3,5647aa8d6162,5647a880b2b0
2,5647aba56562,0
2,5647ab97e921,0
2,5647ab956d61,5647ab956d70
3,5647ab8ded67,5647ab8f7e90
2,5647ab8fe927,0
2,5647ab8d6966,5647ab8d6890
2,5647a93f6924,0
3,5647ab9fe126,5647ab8f1cc0
2,5647ab956565,0
2,5647ab9d6d25,0
7,5647ab8f7525,5647a9f61a87
2,5647a9276127,0
7,5647ab9df524,5647ab9dc48c
7,5647ab8d7564,5647ab8d7663
2,5647ab9fe164,0
2,5647ab956d24,5647ab956d48
1,5647a9956d26,0
7,5647ab8d7d7a,7f91af48a98b
2,5647aa8d613b,0
1,5647ab8de139,5647ab8d6470
3,5647ab8ded38,5647ab915280
2,7f91afb6b77c,7f91afb6b790
2,5647ab97e93f,5647ab97f078
2,5647ab8fe93f,0
2,7f91afb6b73a,0
2,7f91afb6bb79,0
2,5647ab8de13c,0
7,5647ab8d7d73,7f91af4ae3a6
2,5647ab8de133,0
1,5647a9276131,5647a9275ff8
2,5647ab8f6573,0
2,5647abad6172,0
5,5647ab8d7572,5647ab8d7470
3,5647aba56172,5647aba2cba0
2,5647aba56d72,0
2,5647ab8fe930,5647ab8fe8d0
3,5647ab956537,5647ab960320
2,5647ab9fe177,5647ab9fe184
2,5647ab956d37,0
2,5647ab97e976,0
2,5647ab8d6936,5647ab8d6a18
2,5647ab9d6d35,5647ab9d74ea
3,5647ab97e935,5647ab8e4600
3,5647ab8d6d35,5647ab8cff10
1,5647ab956d74,5647ab956d2a
2,5647ab8f6934,5647ab8f65e0
2,5647ab8de14b,0
2,5647abad6149,0
2,5647ab8d6d09,5647ab8d6d51
7,5647ab9ffd49,5647ab9c9191
1,5647ab8d6548,5647ab8d1410
2,5647ab8fe948,5647ab8fee60
2,5647ab97e94f,0
1,5647ab8d6d4f,5647ab8d6cf8
1,5647ab8d690e,5647ab8d691e
2,5647ab8f690e,0
1,5647ab95654d,5647ab95632c
3,5647ab8d694d,5647a8809590
2,5647aba56d4d,0
2,5647a9956d0e,5647a9956e90
2,5647ab97e90c,0
1,7f91afb6b747,7f91afb6b762
1,5647ab9fe103,7f91a7e87420
7,5647ab8f7542,5647a9f61a87
3,5647abad6141,5647ab8f8790
1,5647a9956d43,0
2,5647ab8d6500,5647ab8d65a8
7,5647ab8f7900,7f91a875ffb0
2,5647ab8d6940,5647ab8d6910
2,5647ab95e547,5647ab95e5e0
2,5647a9956d45,5647a9956cc4
2,5647ab8f6907,5647ab8f6919
1,7f91afb6bf41,7f91afb6bebb
2,5647ab9d6d1b,0
1,5647a917e119,5647a917dd4d
2,7f91afb6bb5f,7f91afb6bbab
2,5647ab8fed1b,5647ab8fe8ab
2,5647ab8d6d59,5647ab8d6d96
2,5647ab8d6918,0
3,5647ab9fe11e,5647ab8f8160
3,5647ab95655d,5647a8809560
2,5647ab95ed5d,5647ab95f688
2,5647ab8fe91d,5647ab8fe932
2,5647a927611e,0
2,5647ab8d6d13,0
3,5647ab956d53,5647ab953b00
2,5647ab956113,0
2,5647ab8d6512,5647ab8d65c0
2,5647aa8d6153,0
3,5647ab95ed51,5647a8809ac0
2,5647ab8ded57,5647ab8ded78
2,5647ab97e917,0
2,5647a9376d54,0
7,5647ab8df515,5647a984c111
7,5647a93d7d17,5647ab93f8b1
1,7f91afb6bf51,0
1,5647ab956115,5647a8809510
2,5647ab8d6954,5647ab8d6910
1,5647ab8de154,7f91a7e87ba0
2,5647ab9d6cab,5647ab9d6cb2
2,5647ab95e0ea,0
3,5647ab8d6caa,5647ab8dd250
2,5647ab8d64a9,0
2,5647a9376ceb,0
7,5647ab9574a9,5647a9130bd2
2,5647ab8fe8e9,0
2,5647ab9fe0ee,5647ab9fe270
2,5647ab95ecee,5647ab95ef04
2,5647ab8f68ee,5647ab8f68c8
3,5647ab956cec,5647a8809d10
2,5647ab95e4ac,5647ab95e540
2,5647ab9fe0e3,5647ab9fe0fb
1,5647aba560a2,5647ab8d6f50
2,5647ab95e0a0,0
2,5647a9956ca2,0
2,5647ab97e8e7,0
2,5647a92760e5,0
3,5647ab95ece7,5647a880a280
2,5647abad68a6,5647abad68ac
7,5647ab95f8a5,5647ab8f8c96
3,5647ab956cbb,5647a8809d10
2,5647ab8d68bb,0
2,5647a9376cb9,0
2,5647ab9d68bb,0
2,7f91afb6babf,7f91afb6bb90
2,5647ab8d64ba,5647ab8d6580
2,5647ab8fe0fa,5647ab8fe040
1,5647abad6cba,5647abad69b1
3,5647ab8fe8ba,5647ab8eb7c0
2,5647ab9d6cb9,0
2,5647abad68b9,5647abad6a20
7,5647ab8d74b8,5647ab8f0f16
1,5647ab956cf8,5647a8809d10
3,5647a917e0ba,5647a880a670
2,5647ab8f68b8,5647ab8f68bf
2,5647ab95e0bf,0
7,5647ab8ff4ff,5647ab982b56
2,5647ab9fe0ff,5647ab9fe113
2,5647ab8d6cbe,0
1,5647a93f68fc,5647a93f67d0
2,5647ab8f68fc,0
5,5647ab9570fc,5647ab8f3f20
2,7f91afb6bab7,7f91afb6ba60
2,5647ab9560b3,0
1,5647ab8f68b3,5647ab8f68c8
2,5647ab8fe8f3,0
2,5647ab97e8f2,0
2,5647ab8d68f2,5647ab8d6970
1,5647ab8d6cf2,5647ab8d6d0b
3,5647abad6cb0,5647a880c5b0
2,5647a93f68f4,0
2,5647ab9d6cf5,5647ab9d6d10
1,5647ab9560b5,5647a8809510
1,5647a9956cf6,5647a9956d1e
2,5647ab9fe0f4,0
7,5647ab9df8cb,5647ab9d8f0e
2,5647ab95e0ca,0
2,5647ab9de08a,0
2,5647a93f6888,5647a93f68aa
2,5647ab95e488,0
2,5647ab8d68c8,5647ab8d6ae8
2,5647ab8f688f,0
2,5647ab95e48e,0
2,5647a927608c,0
2,5647ab8f68cd,5647ab8f68bf
2,5647ab9d6ccc,0
2,5647a9956cce,0
3,5647ab9d688c,5647ab925bb0
2,5647a9956c8e,0
2,5647ab95eccc,0
2,5647ab95e083,0
3,5647a9276081,5647ab8d1940
2,7f91afb6bec6,0
2,5647a93f68c0,5647a93f6a3c
7,5647ab8ff881,5647ab8d7a40
2,5647a9956cc2,5647a9956d38
2,5647ab9fe087,5647ab9fe0a9
2,5647abad6c87,5647abad69b1
2,5647a9956c85,0
2,5647ab8f68c6,5647ab8f68f0
1,5647ab8fe8c6,5647ab8fe917
2,5647ab956cc5,5647ab956ce9
7,5647ab8d78c5,5647ab8d778e
2,5647ab9d68c5,0
1,5647ab8d6484,5647ab8e0770
2,5647a917e0c6,5647a917dc63
3,5647ab97e884,5647ab97e8b0
1,5647ab8d6084,5647ab8d5c5b
2,5647ab8f6884,5647ab8f6b0d
2,5647a9956c99,0
1,5647ab8d64da,5647ab8d64f0
2,5647ab95e0da,0
2,7f91afb6ba9e,0
1,5647ab8d649a,0
7,5647ab9df899,5647ab9df6de
3,5647ab95e098,5647a88097b0
2,5647ab8f68d8,5647ab8f68b8
2,5647ab95e49f,5647ab95e9a8
2,5647a92760dc,0
2,5647ab8d689d,0
2,5647a9376cdf,0
2,5647ab8d649c,5647ab8d64e0
1,5647ab8d60dc,5647ab8d57b3
7,5647a9277491,5647aba98887
7,5647a8b7fcd0,5647aba21139
2,5647ab8d60d3,0
2,5647ab956c91,5647ab956cb2
3,5647ab9fe0d0,5647ab8f2d70
2,5647ab97e896,0
2,5647aba56096,0
3,5647a92760d4,5647a92d12a0
7,5647ab95f895,5647ab8f8c96
2,5647ab9de095,5647ab9ddd10
2,5647ab8d6cd5,5647ab8d6db6
3,5647ab9d6895,5647ab925b70
2,7f91afb6ba91,7f91afb6bc68
2,5647ab95ecd5,0
2,5647ab8d6894,0
2,5647ab9d68d4,0
3,5647ab95642b,5647ab953b00
3,5647ab8d682b,5647a8809ac0
1,5647ab8d6468,5647ab8d7470
2,5647ab9d602f,0
7,5647ab977c2e,5647ab9776f5
2,5647ab9d686e,0
1,5647ab9fe06d,5647ab9fe14e
7,5647ab9df06d,5647ab9da818
2,5647ab97e82c,0
3,5647a9376c2e,0
7,5647ab8f742c,5647a990e071
2,5647ab9d6021,0
2,5647aba56027,5647aba56060
2,5647a99d6024,5647a99d5ff5
2,5647ab8fe425,0
2,5647ab8d6865,0
2,5647ab9d6825,0
2,5647ab9fe024,0
2,5647a9956c66,0
2,5647a8b76c39,5647a8b76df2
2,5647ab95e43a,0
2,5647ab95e47a,0
2,5647aba5643a,5647aba5654e
1,5647ab9d603a,5647ab9d5368
7,5647ab8d7439,5647aaf3c4c0
1,5647ab8fe479,5647ab8fe427
2,7f91afb6ba7d,7f91afb6bb90
2,5647a9956c7a,0
2,5647ab8fe43f,5647ab8fe262
2,5647ab9d687f,0
3,5647ab8d607f,5647ab8d6440
2,7f91afb6be7b,0
2,5647aba5603d,0
2,5647ab95643c,5647ab956558
3,5647ab9de833,5647ab932da0
2,5647a8b76c30,0
1,5647ab8d6833,0
2,5647a9956c71,0
2,5647ab95e432,0
2,5647aba56032,0
3,5647ab8fe471,5647ab8e3830
2,5647a93f6873,0
2,5647ab8fe871,5647ab8fed08
2,5647abad6c70,0
3,5647aba56077,5647a8809890
2,5647ab8d6836,5647ab8d69e0
2,5647ab95e076,0
2,5647abad6c75,0
1,5647ab8d6474,5647a9390b40
2,5647ab8fe44b,0
2,5647a8b76c08,0
1,5647ab8d680a,5647ab8d681e
1,5647ab8d644a,5647ab8d5400
1,5647ab8fe40a,0
2,5647ab956808,0
2,5647ab9d6c48,5647ab9d7528
7,5647ab8d7c48,7f91af4ae5ec
2,5647ab8d644f,5647ab8d6460
1,7f91afb6ba0b,7f91afb6b900
1,5647ab8d644f,5647ab94f710
2,5647ab8fe40e,0
2,5647a927600c,0
2,5647ab8d644d,5647ab8d6468
1,5647ab8d644d,5647ab8d6470
1,5647ab8de80d,5647ab8de31c
3,5647ab8d684d,5647a8809590
2,7f91afb6ba49,0
1,5647aba5604c,5647aba56007
2,5647ab9fe00c,0
1,5647ab8d6443,5647ab8e9650
3,5647a9276001,5647ab8d1b20
1,5647ab9de842,5647ab9de090
2,5647ab8d6840,5647ab8d6810
2,5647ab95e407,0
2,5647ab8d6446,5647ab8d6460
1,5647ab8d6446,5647ab91d5d0
2,5647ab8fe846,0
2,5647ab9d6c05,0
3,5647ab956404,5647ab956d80
7,5647ab8d7c44,7f91a7d2d8d0
2,5647ab9d685b,0
1,5647ab8f685a,5647ab8f66e0
2,5647ab956459,0
1,7f91afb6ba5d,7f91afb6baa0
1,5647ab956818,5647ab9565ae
1,5647ab8fe458,5647ab8fe262
2,5647ab8d6818,0
2,5647a9956c5d,5647a9957036
3,5647aba5601f,5647ab8d6f50
2,5647a93f681d,5647a93f685c
2,5647aba5641e,0
2,5647ab8fe41d,5647ab8fe46a
2,5647a8b76c1e,5647a8b76c27
7,5647ab95f85d,5647ab95f61a
3,5647abad6c5d,5647abad5d40
3,5647ab95641c,5647ab9561b0
2,5647ab8fe052,0
2,5647aba56012,5647aba56019
2,5647ab8f6811,5647ab8f65d4
2,5647a99d6013,0
7,5647ab8d7c10,7f91af48c7b0
2,5647ab9d6817,0
2,5647a93f6814,0
2,5647ab9d6c15,0
2,5647a9956c57,0
3,5647ab956414,5647ab93c3f0
3,5647ab95e414,5647ab8da330
1,5647ab8d6454,7f91af489430
2,5647ab8d6854,5647ab8d6810
2,5647a9276016,5647a9275c64
3,5647aba56014,5647a8809510
2,5647ab8fe854,0
2,5647ab8ffbab,5647ab8ffc50
3,5647ab977bea,5647ab977cb0
2,5647ab8d7be8,5647ab8d7c00
2,5647a93d7fad,5647a93d8600
1,5647ab8df3af,5647ab8df1b8
2,5647ab9dfbee,0
2,5647ab8d7fae,0
1,5647a93f77ef,5647a93f7788
1,5647ab8d73ad,0
2,5647ab9df7ec,0
3,5647ab8d73ec,0
5,5647ab9567a3,5647ab9569d0
2,5647ab8d7ba3,0
1,5647ab8ff7e3,5647ab8ff85d
2,5647ab8d7be2,5647ab8d7bf4
2,5647ab8dffe1,5647ab8e000e
2,5647ab9d7fe1,5647ab9d7fea
2,5647ab8d73e0,5647ab8d73f1
2,5647ab8d73e7,5647ab8d73f1
3,5647ab9ffbe7,5647ab9ffe80
2,5647ab8d73a6,5647ab8d7397
2,5647ab977ba6,0
2,5647ab8d77a4,0
1,5647ab8d73a4,0
1,5647ab8ff3fb,5647ab8d5480
2,5647ab8d7bba,5647ab8d7c18
1,5647ab8d7bfa,5647ab8f3f20
2,5647ab8d7fbf,5647ab8d8010
1,5647a93573bd,5647a935714f
2,5647ab8ff7bd,0
1,5647a98f7fff,5647ab8ebe60
7,5647ab956bbc,5647ab956395
1,5647ab8df7f3,5647ab8df6bf
2,5647ab977bf2,0
2,5647ab8d7ff2,0
2,5647ab9ffbf2,0
3,5647ab8ff3f1,5647ab904150
1,5647ab8d77b1,5647ab8d76c2
2,5647ab8d73b0,5647ab8d7390
2,5647ab9d7ff0,5647ab9d7ff9
5,5647ab9567f7,5647ab953b20
3,5647ab9d73f7,0
2,5647ab9df7f7,0
2,5647a93d7ff7,5647a93d8570
2,5647aba5778b,0
2,5647ab8ff7ca,0
7,5647ab8deb8a,5647aba25dd4
3,5647ab8d7789,5647ab8d77e0
7,5647ab8d6fc8,5647ab8e7051
2,5647ab8ff78f,0
2,5647ab977bcf,5647ab977c30
2,5647ab8d7bcd,5647ab8d7bd4
7,7f91afb6b989,7f91afb5f51b
7,5647ab8d6fc3,5647ab9272ef
1,5647ab8f7fc3,5647ab8d70e0
2,5647ab8d7382,5647ab8d73a0
2,5647ab8ff382,0
2,5647ab8d7bc7,5647ab8d7bd4
7,5647ab8fe7c7,0
2,5647ab8d73c6,5647ab8d73a0
2,5647ab8ff3c5,0
2,5647ab8d7b84,5647ab8d7b8c
1,5647ab8d7384,5647ab8d73d0
2,5647ab8ff7c4,0
2,5647ab8ff384,5647ab8ff38b
2,5647a93f7786,5647a93f77b0
3,5647ab977bc4,0
2,5647ab8f73c4,5647ab8f741e
2,5647ab8d7b9b,5647ab8d7c58
3,5647ab8ffb9b,5647ab9473a0
2,5647ab9ffbdb,0
3,5647ab8d7fd9,5647a936ac70
2,5647ab977b99,0
1,5647ab8f77d8,5647ab8f76e8
2,5647ab8d739e,5647ab8d73d0
3,5647ab8ff7de,5647ab8ff9a0
2,5647ab8ff3dd,0
1,5647a937739f,0
1,5647ab9ff79d,5647ab9ff599
3,5647ab8f7f9c,5647a8809520
1,5647ab8d7793,5647ab8d767d
5,5647ab95e3d3,5647ab8f0d00
2,5647ab8ff3d2,0
2,5647ab9ffbd1,0
2,5647ab8d7390,5647ab8d7397
2,5647ab8d7b90,5647ab8d7bab
3,5647ab8f77d0,5647ab8f7eb0
3,5647ab9ff790,5647a95bd870
2,5647ab8ff3d7,0
2,5647a93f7795,0
1,5647a98f7fd4,0
2,5647ab8d7b6b,5647ab8d7b4f
2,5647ab8df769,5647ab8df668
3,5647ab8ffb69,5647ab8d66a0
2,5647aba57329,0
2,5647ab8f7768,0
1,5647ab8d7b68,0
2,5647ab8df72e,5647ab8df818
2,5647ab8f7f63,5647ab8f7f90
3,5647ab8f7723,5647a914c260
1,5647ab8d7721,5647ab8d7689
2,5647ab8df761,0
2,5647a98f7f23,0
2,5647aba57766,0
2,5647ab8ff765,0
1,5647ab95f764,5647ab95f0b2
2,5647ab8ff37b,0
2,5647a98f7f39,0
7,5647ab8d677a,5647a9506793
1,5647ab8df339,5647ab8df184
2,5647ab8ff779,0
1,5647ab8d7b79,0
1,5647a98f7f3b,5647a98f80a7
2,5647ab8d7b3f,0
2,5647ab8df73f,0
2,5647a93f777d,0
1,5647ab8d773d,5647ab8d76fa
2,5647ab8d7b7c,5647ab8d7c50
2,5647a93d7f31,0
2,5647ab8ff373,5647ab8ff38b
2,5647ab8ffb32,5647ab8ffb50
2,5647ab8d7b71,5647ab8d7b8c
3,5647ab8d7730,5647a926f020
2,5647ab8d7737,5647ab8d75fa
7,5647ab97eb77,5647ab97e889
2,5647aba57777,5647aba5777e
1,5647ab9d7735,5647ab9d6fe5
1,5647ab8d7735,7f91a87353e0
2,5647ab8f7734,5647ab8f7748
2,5647ab8fff0b,0
2,5647aba5774b,0
7,5647aa8d630b,5647aa892fa7
2,5647ab8d730a,0
2,5647aba5770a,5647aba5772c
2,5647a93f7b0a,0
7,5647ab8deb4f,5647ab8d20e8
2,5647ab8d730f,5647ab8d732c
2,5647a93f7b4d,0
2,5647ab95734f,0
2,5647a93d7f4c,5647a93d7dc0
7,5647ab8f674e,5647a990d78d
2,5647ab8f774d,0
2,5647ab8df70c,0
1,5647ab8d7703,5647ab94f710
2,5647ab8df703,0
2,5647ab8f7702,0
1,5647ab8d7301,0
2,5647ab8f7f47,0
1,5647ab8d7307,0
3,5647a93d7f44,5647a93d79f0
2,5647ab8d7305,5647ab8d72f1
2,5647ab977705,0
3,5647ab8d775a,5647a93ecb10
2,5647aba5731a,0
1,5647ab9d7358,5647ab9d7482
2,5647ab8d7318,5647ab8d72e0
2,5647ab8f7f5d,0
1,5647ab95f75c,5647ab95f0e1
1,5647a98f7f1e,7f91a87c8830
2,5647ab8ff75c,0
2,5647ab8f7f13,0
1,5647ab95f753,5647ab95f084
2,5647ab9d7352,0
7,5647ab95e352,7f91a7d2d8d0
2,5647ab8fff11,0
2,5647ab8d7710,5647ab8d7689
2,5647a93d7f12,0
2,5647ab8ff350,0
2,5647a93d7f55,5647a93d7ed4
7,7f91afb6b513,7f91afb5fa0e
2,5647ab8d7b56,5647ab8d7c30
2,5647ab8f7f55,0
1,5647ab8d7354,5647ab974950
1,5647ab8d7754,0
2,5647a93d7ea9,0
2,5647ab8f76eb,5647ab8f7708
2,5647ab8d76a8,5647ab8d7798
7,5647a93f6aaa,5647a93a6615
7,5647ab95eeef,5647ab95e294
2,5647a98f7eec,5647a98f7fe0
1,5647ab8f7eee,5647aa0a8cd0
1,5647ab8d7aad,5647a9260c90
2,5647ab9ffead,5647ab9ffff8
1,5647ab9d72ac,5647ab9d7112
2,5647ab8f7eec,0
1,5647ab1ff2ac,0
3,5647ab1ff2e3,0
1,5647ab8d72e2,5647ab8d72fa
2,5647ab9ffee2,0
2,5647ab8df6a1,0
2,5647ab1ff2e1,0
3,5647ab9ff6a0,5647a95bd870
2,5647ab9ff6e0,0
2,5647ab9dfaa7,0
1,5647ab9df6e6,5647ab9df673
3,5647ab8f76fb,5647ab8f7e90
2,5647ab8d7eba,5647ab8d7ea0
2,5647ab8ffefa,5647ab8fff18
2,5647ab9ff6ba,0
2,5647ab8df6b9,0
3,5647ab8ffab9,5647ab8d66a0
2,5647ab8d72f8,5647ab8d731a
2,5647ab8d7af8,0
1,5647ab8df6ff,0
1,5647ab8d7aff,5647ab905470
2,5647a93d7eff,0
2,5647ab8d7afd,0
2,5647a93f7abe,0
2,5647ab8d72b3,0
3,5647ab9ff6b2,5647a95d3a70
2,5647ab8df6b0,5647ab8df7f0
2,5647ab9ff6b0,0
3,5647ab9776f0,0
2,5647a93d7eb5,5647a93d84e0
1,5647ab8d7af5,0
5,5647ab95e6f4,5647ab8f0d00
2,5647ab8d768b,5647ab8d7757
2,5647a93d7ec8,0
2,5647ab8ff28a,0
2,5647ab8ff2ca,5647ab8ff297
2,5647ab9df688,0
2,5647aba576cf,5647aba576f1
2,5647ab8ff28e,5647ab8ff297
1,5647ab8f76ce,0
3,5647ab8ffe8e,5647ab8d6f50
2,5647ab9ff68e,5647ab9ff696
3,5647ab1ff2ce,5647ab200320
1,5647ab8d7acd,5647ab8d7a31
1,5647ab95f68c,5647ab95ed7a
2,5647ab9d728c,0
2,5647ab8d7683,5647ab8d7708
7,5647ab8fe283,5647ab945fdd
3,5647ab8df6c2,5647ab8d6440
2,5647ab8ffa82,5647ab8ffaa0
2,5647ab9ff6c2,0
3,5647ab1ff2c2,0
2,5647ab8ff281,5647ab8ff2c8
5,5647ab9fe281,7f91a7e87ba0
2,5647ab8d7ac0,0
7,5647ab8d66c7,5647aaf22a24
2,5647ab9ffa87,0
7,5647ab8de686,5647ab8dd4c1
2,5647ab977686,0
1,5647ab8d7a85,5647ab8d7998
2,5647ab8df284,5647ab8df270
7,5647a8b76ac7,5647a9e23024
2,5647ab9ffec4,0
2,5647ab8d769b,0
7,5647ab8d66db,5647aba2bdd2
1,5647ab1ff29b,0
1,5647ab8d72da,0
2,5647ab8f7e99,0
7,5647ab9dea99,5647ab9dbee9
3,5647ab9df6d9,5647ab9df7d0
2,5647ab8df299,5647ab8df220
1,5647ab8ffed9,0
2,5647ab977698,0
2,5647ab9df69f,0
1,5647ab8ff29e,5647ab8d5480
2,5647ab977e9e,0
2,5647a93d7edf,5647a93d8310
2,5647ab8d72dd,0
2,5647ab8ffedd,0
2,5647a93d7e9e,5647a93d7f40
3,5647ab8d7e93,5647a8813210
2,5647ab8f76d3,5647ab8f77d0
2,5647ab8df6d2,0
2,5647ab1ff292,0
2,5647ab8d76d1,0
2,5647ab8d7e91,0
2,5647ab9ffed1,0
2,5647ab8f7ed7,5647ab8f7eee
5,5647ab8fee97,5647ab8d5400
2,5647ab8df696,0
1,5647ab8f7e96,7f91a87c8830
1,5647ab977e95,0
5,5647ab8feed5,5647ab8d5480
1,5647ab8f7ed4,0
1,5647ab8f766a,7f91afb51f60
3,5647ab8f766a,5647a8809610
2,5647ab95fa29,0
3,5647a93d7e2b,5647ab91ca40
2,5647ab9d7a29,0
1,5647ab8f7668,5647ab8f75fa
1,5647ab8df228,5647ab8df224
3,5647ab8d7e6f,5647ab8dd250
7,5647ab956a2d,5647ab924b6e
2,5647ab8df22d,0
2,5647ab977e2c,0
1,5647ab95f26c,5647ab95eeca
2,5647ab8d7623,5647ab8d7640
2,5647ab9df623,5647ab9df6cd
2,5647ab977662,0
2,5647ab8f7621,5647ab8f766a
3,5647ab8ffa21,5647ab8d66a0
3,5647ab95fa60,5647ab8d6440
7,5647ab956e60,5647ab956409
2,5647ab977e20,0
2,5647ab8d7e67,0
2,5647ab8d7666,5647ab8d7640
2,5647ab8ff266,0
2,5647ab977e26,5647ab977de0
1,5647ab8d7625,5647ab8d7670
2,5647ab8df265,5647ab8df286
2,5647ab95f625,5647ab95f051
2,5647a98f7e67,0
1,5647ab8d7e64,0
3,5647ab9ff624,5647aba45110
3,5647ab95763b,5647ab959d20
2,5647ab977e3b,0
2,5647ab95f23a,0
2,5647ab95fa39,0
2,5647ab8df678,0
2,5647ab8ff238,5647ab8ff248
2,5647ab977e78,0
2,5647ab9df67f,0
3,5647ab9ff67f,5647aba45110
2,5647ab8d763e,5647ab8d7670
1,5647ab8f767e,5647ab8d1f40
2,5647ab8d7e7d,0
2,5647a98f7e7e,5647a98f7fb0
1,5647ab8d7a73,5647ab8d7b30
5,5647ab8d6633,5647ab8d6470
7,5647ab956233,5647ab956421
2,5647a93d7a31,0
1,5647a93d7e30,5647a93d7dac
2,5647a98f7e70,5647a98f8030
1,5647ab9ff631,5647ab9ff46a
1,5647ab8ff231,0
2,5647ab8d7630,5647ab8d7637
1,5647ab8f7630,5647ab8d6470
2,5647ab8d7677,5647ab8d7786
1,5647a93d7a75,5647a93d7a42
3,5647ab9d7277,5647ab92cd60
1,5647ab1ff277,5647ab8d1410
3,5647ab8f7676,5647ab8d6440
2,5647ab977e36,5647ab977dfe
3,5647ab9ff676,5647ab9ffc80
2,5647ab95fa74,0
2,5647ab977674,0
2,5647ab8d7a0b,5647ab8d7a90
3,5647ab8f760a,5647ab8d9930
2,5647ab9ff60a,5647ab9ff610
3,5647ab95fa09,5647ab923630
3,5647ab8ffe49,5647aba2d5d0
1,5647ab957648,5647ab957495
2,5647ab8d7608,5647ab8d7740
2,5647ab8df20e,0
3,5647ab95fa4c,5647ab953740
7,5647ab8dee4c,5647aba41fa7
2,5647ab9d7a0c,0
2,5647ab95f243,5647ab95f41b
2,5647ab95fa42,5647ab95fd40
2,5647ab8df202,5647ab8df1f9
2,5647a9357200,0
2,5647ab977e01,0
2,5647ab8ff201,5647ab8ff1e7
2,5647ab8d7a40,0
2,5647ab97fe00,5647ab97fe09
2,5647ab8ffe40,0
1,5647ab8ffe07,5647ab8d6f50
1,5647ab957207,5647ab9570f2
2,5647ab8d7646,5647ab8d7637
2,5647ab9df605,0
2,5647ab9d7a05,5647ab9d79f0
2,5647ab95f605,0
2,5647ab8ff25b,0
2,5647a93d7a59,5647a93d7a70
2,5647ab8d7e5a,0
7,5647a9956a1b,0
2,5647ab95fa1f,0
1,5647ab8df65f,5647ab8df6f8
2,5647ab977e5f,5647ab977e17
1,5647ab8ffe5f,5647ab8ffd80
1,5647ab1ff21e,5647ab8f3e90
3,5647ab1ff21e,0
2,5647a93d7a1f,5647a93d7a50
1,5647ab8ffe1d,5647ab8ffdd0
2,5647ab95f61d,0
2,5647ab97fe1d,0
2,5647ab8d7a1c,5647ab8d7ab8
7,5647ab8d665c,5647ab8ee157
3,5647ab9ff61c,5647ab9ffc80
1,5647ab977e1c,0
1,5647ab97765c,0
2,5647ab9ff613,5647ab9ff66f
2,5647ab95fa11,0
3,5647ab8ffe51,5647ab8ffe70
2,5647a9357213,0
2,5647ab8d7650,5647ab8d7630
3,5647ab95fa57,5647ab8d6440
1,5647ab8d7e57,0
2,5647ab9df615,0
2,5647ab977e15,5647ab977e68
3,5647ab95f615,5647ab95f800
5,5647ab95e654,5647ab8f0d00
2,5647ab9df1ab,0
2,5647ab95f5aa,5647ab95f5b0
1,5647ab8ff1ea,5647ab8d7d10
1,5647ab8d7daa,5647abad4720
7,5647ab8fe5ea,5647a926b231
2,5647ab97fdea,0
1,5647ab9d75a9,5647ab9d70e8
2,5647ab8ffde9,5647ab8ffdd5
2,5647ab8ffda9,5647ab8ffde2
2,5647ab9d71a9,0
2,5647a93f79eb,5647a93f79a0
1,5647a93d7dea,5647a93d7cf6
2,5647ab9571a8,5647ab9571be
2,5647ab8d79ae,5647ab8d7977
2,5647ab977dee,0
2,5647a93571ec,0
1,5647ab9d79ed,5647ab9d79fb
2,5647ab9ff5ac,0
2,5647ab8ff1e3,0
3,5647ab95f5a3,5647a880bce0
2,5647ab97fde3,5647ab97fdf7
2,5647ab1ff1e3,0
1,5647ab8ff1e3,5647a926c800
2,5647ab8df1a2,0
7,7f91afb6b7a5,7f91afb5f74d
2,5647ab9ff5e1,0
3,5647ab9d75a0,5647a8809660
2,5647ab8ffde0,5647ab8ffe00
2,5647ab1ff1a0,0
1,5647ab8ff1e0,5647ab8d4da4
2,5647ab8d79a7,5647ab8d7998
3,5647ab95f9a7,5647ab918910
7,5647aa8d61a7,5647aa892d1d
2,5647ab8ff9e6,5647ab8ffa08
2,5647ab95f5e6,0
2,5647ab8ff1e5,5647ab8ff1f0
1,5647ab1ff1a5,7f91a7d2d8b0
3,5647ab1ff1a5,0
2,5647ab977de4,0
3,5647ab8d79e4,5647a9004540
2,5647a93571a6,0
1,5647a93571b9,5647a93571cd
3,5647ab8d79ba,5647ab8d7470
3,5647a93d7df8,5647ab91ca40
1,5647ab8d75b9,5647ab8d75e0
2,5647ab8d79b8,5647ab8d7970
2,5647ab8f75f8,5647ab8f7660
2,5647ab977df8,0
3,5647ab95f9bf,5647ab9188b0
1,5647a93d7dfd,5647a93d7d59
3,5647ab95f9fe,5647ab93dff0
2,5647ab8ffdbd,5647ab8ffdd0
2,5647ab9df1bd,0
2,5647ab9ff5fd,0
2,5647ab95f5bc,5647ab95f5a0
1,5647ab1ff1fc,0
3,5647ab95f9f3,5647ab953770
1,5647ab8d7db2,5647ab8d7340
3,5647ab95f9b1,5647ab9188d0
2,5647ab1ff1b1,5647ab1ff217
2,5647ab8ffdf0,5647ab8ffdb0
2,5647ab8ffdb0,5647ab8ffdb7
3,5647ab97fdb0,5647ab8f8160
2,5647ab9ff5f0,0
2,5647ab97fdf0,0
1,5647ab8d75f0,0
2,5647ab8d75b7,5647ab8d75c0
2,5647ab9d71b7,5647ab9d7265
2,5647a93f79f4,5647a93f7ab4
2,5647a93d7db7,5647a93d7d5c
2,5647ab9d79f5,5647ab9d7a07
1,5647ab8d79b5,0
2,5647ab8d75f4,5647ab8d7730
3,5647ab9df5b4,5647a880b780
2,5647a93d79f6,5647a93d7a10
2,5647ab1ff18b,0
2,5647ab8d798a,5647ab8d7998
2,5647ab8d7d89,5647ab8d7d78
2,5647ab8ffdc9,5647ab8ffdd0
7,5647aba56d89,5647aba20fef
2,5647a93571cb,0
3,5647ab95f9c8,5647ab918880
2,5647ab8d7188,5647ab8d7160
2,5647a93d7d8a,0
2,5647ab1ff1c8,0
1,5647ab8d79cf,0
3,5647ab97fdcf,0
2,5647ab9df18f,0
2,5647ab8f718f,5647ab8f73ba
1,5647ab8d75ce,5647a92730d0
1,5647ab1ff1cd,0
2,5647ab8d75cc,5647ab8d75b9
2,5647ab9d718c,0
2,5647ab95f983,0
1,5647ab8d79c3,5647ab8d7977
3,5647ab97fdc3,0
7,7f91afb6bb87,7f91afb5f7a7
3,5647ab1ff583,0
2,5647ab8d7182,5647ab8d71d5
1,5647ab9df5c2,5647ab9df578
7,5647abad6182,7f91a7e8bad0
1,5647ab8d7d82,0
3,5647ab8df581,5647ab8cf6b0
2,5647a9277183,0
1,5647ab8d7981,0
2,5647ab1ff581,0
2,5647ab9df587,0
5,5647ab95e9c7,5647ab8f0d00
2,5647ab8ffdc7,5647ab8ffe10
2,5647ab8ffd87,5647ab8ffe20
2,5647ab9df1c7,0
3,5647ab8f7187,5647ab8f74a0
1,5647ab8df586,5647ab8df4f1
3,5647ab9d7586,5647ab8cff10
2,5647ab8d7d85,5647ab8d7daf
2,5647a93d7dc7,0
3,5647ab95f585,5647ab8d6440
2,5647ab8d7984,5647ab8d7a78
1,5647ab8ffdc4,0
3,5647ab9d719b,5647ab9d7960
2,5647a93d7d98,5647a93d7e28
2,5647ab95f5da,0
1,5647ab8ff1d9,5647ab8d5400
2,5647ab9df199,0
2,5647ab8d79d8,0
2,5647ab8d799f,5647ab8d79c8
2,5647ab8d79df,5647ab8d79e9
1,5647ab8d7d9f,5647ab8d7d51
2,5647a93571df,0
2,5647ab95f99c,0
2,5647ab8ff1dc,0
2,5647ab8d719c,5647ab8d7160
1,5647ab977ddc,5647ab977e17
1,5647ab8d799c,0
2,5647a935719e,0
2,5647ab9df1dc,5647ab9df1f0
2,5647ab8df193,0
1,5647ab8ff1d3,0
2,5647ab9ff593,5647ab9ff789
3,5647ab95f991,5647ab93c2b0
2,5647ab8f7591,5647ab8f75f0
1,5647ab8d7d90,5647ab8d7470
2,5647a9277192,0
2,5647ab8ff1d7,5647ab8ff1f8
2,5647a93d7dd5,5647a93d8730
2,5647ab97fdd7,0
1,5647ab9d7596,5647ab9d7080
1,5647a93571d4,0
3,5647ab8d7195,5647a8809590
2,5647ab95f595,0
2,5647a93571d7,0
7,5647abad69d5,7f91a80fe613
2,5647ab95f9d4,0
2,5647ab9df1d4,5647ab9df1e4
3,5647ab1ff194,0
1,5647ab1ff194,0
2,5647ab8d796b,5647ab8d79a1
2,5647a93d7d69,0
2,5647ab9dfd6b,0
2,5647ab95716b,5647ab957173
3,5647ab9df56a,5647a880b780
2,5647ab977d29,0
3,5647ab9df169,5647ab925b70
3,5647ab9d7528,5647a8809660
2,5647ab8d7168,0
1,5647ab8f7968,0
1,5647ab9f712f,5647ab9e48ca
2,5647ab8d752f,5647ab8d7536
1,5647a935712d,0
2,5647ab9d712e,0
3,5647ab95f56e,5647ab8e2d20
3,5647ab1ff56e,5647ab200320
2,5647ab8d752d,5647ab8d7568
1,5647ab97f56d,5647ab97f538
1,5647ab8d796d,5647ab8d79c8
2,5647a925fd6f,0
1,5647ab8d7d6c,5647ab8f3f20
1,5647ab8d792c,5647ab8d78ad
2,5647ab8d7d6c,5647ab8d7d7a
1,5647ab95fd63,5647ab95fa53
1,5647ab8d7563,7f91a7d2d8d0
2,5647ab8f7523,5647ab8f7510
2,5647ab8d7522,5647ab8d7536
5,5647a93f6920,5647a939a370
3,5647ab1ff562,0
2,5647ab8d7d21,5647ab8d7d80
2,5647ab8d7920,5647ab8d7936
1,5647ab8d7520,0
3,5647ab9df160,5647ab925bb0
2,5647a9357162,5647a9357198
2,5647ab8d7d27,5647ab8d7d3e
1,5647ab8d7d66,5647ab900460
2,5647ab8d7d66,5647ab8d7d7a
2,5647ab9d7125,0
2,5647ab957165,0
1,5647ab8f753b,5647ab8f74b8
2,5647ab9ffd3b,0
3,5647ab1ff53b,0
1,5647ab1ff53b,0
2,5647a93d7d38,0
2,5647ab8d7979,5647ab8d7998
7,5647aba56579,5647aba45ad4
2,5647ab9d7178,0
1,5647ab8d7d78,5647ab8d1410
3,5647ab9ff578,5647a95d37d0
2,5647a93d7d7d,5647a93d7e38
1,5647ab8d793e,5647ab8d7922
2,5647ab95713d,0
3,5647ab9dfd3c,0
2,5647ab8d7d32,5647ab8d7da8
1,5647a93f7d30,5647a93f7741
2,5647ab1ff532,0
1,5647ab8d7d71,7f91a7e87420
2,5647ab95f531,5647ab95f268
2,5647ab8d7970,5647ab8d7977
2,5647a9357132,0
3,5647ab8d7177,5647a8809ac0
2,5647ab8d7d36,5647ab8d7d3e
2,5647ab9df576,5647ab9df598
2,5647ab957176,5647ab9571be
1,5647ab8d7575,5647ab8d7536
1,5647ab8d7934,5647ab8d7915
1,5647ab9d7534,5647ab9d6c8c
2,5647a9277136,0
2,5647ab9d714b,0
1,5647ab97f54b,5647ab9459c0
2,5647a9357149,0
1,5647ab9d750a,5647ab9d6d3b
7,5647ab8d6549,5647ab92728b
3,5647ab95fd48,5647a8809590
3,5647ab977d08,5647a8809e80
2,5647ab9ff908,5647ab9ffa54
5,5647ab8fe908,5647ab8d5480
2,5647ab95fd4f,0
2,5647ab8d7d4f,5647ab8d7d98
2,5647ab9dfd4f,0
2,5647a927710d,5647a9277160
2,5647ab9df50e,5647ab9df51c
2,5647ab9ff54e,5647ab9ff56c
1,5647ab9d754c,5647ab9d6ecb
2,5647ab9d710c,5647ab9d72a8
2,5647ab9df10c,0
2,5647ab95714c,0
1,5647ab1ff54c,0
2,5647ab95f502,5647ab95f508
1,5647ab95f542,5647ab95ed43
3,5647ab9ff542,5647a95b7b50
2,5647ab8df501,0
2,5647a93d7d03,0
2,5647ab8d7901,5647ab8d78ad
2,5647ab97fd41,0
7,5647ab956d41,5647a937d119
2,5647a93d7d42,0
3,5647ab9d7540,5647a8809660
3,5647ab9df507,5647a8809590
1,5647ab8f7506,5647ab8f7540
2,5647ab8d7545,0
2,5647ab97f545,0
2,5647ab8d7144,0
2,5647ab9d7144,0
2,5647ab8f7504,5647ab8f7518
2,5647ab977d1a,0
3,5647ab95fd59,5647ab953740
2,5647ab8df119,5647ab8df323
2,5647ab95f559,0
2,5647ab97fd58,5647ab97fd9c
1,5647a927715a,5647a9277174
3,5647ab9dfd5f,5647a8809d70
2,5647a927711d,0
2,5647ab9d715e,0
3,5647ab8f715e,5647ab8f5f50
2,5647ab8d711d,0
1,5647ab8d715d,5647ab8d716a
2,5647ab95715d,0
1,5647ab9d751c,5647ab9d6dac
1,5647a935715e,0
2,5647ab95f513,5647ab95f4f8
1,5647ab8d7953,0
2,5647ab957152,5647ab957159
3,5647ab9d7510,5647a8809660
2,5647ab8df110,0
1,5647ab957150,0
2,5647a93f7912,0
2,5647ab9df157,0
2,5647ab9ffd17,5647ab9ffd2e
1,5647ab1ff517,0
3,5647ab1ff517,0
2,5647ab8d7956,5647ab8d79e9
1,5647ab95f556,0
2,5647ab8f7516,5647ab8f7540
1,5647ab8d78eb,5647ab8d7845
2,5647ab97f0aa,5647ab97eade
2,5647ab8f78a9,5647ab8f78bd
2,5647ab8f74e9,5647ab8f7530
2,5647ab8df4a9,0
1,5647ab9574a8,5647ab8ff3b0
2,5647ab8ff4e8,0
2,5647ab95f4ef,0
7,5647ab9d68ef,5647ab9d5447
3,5647ab9df0af,5647ab92edd0
2,5647ab8f78ec,0
3,5647ab8df4ec,5647ab8d6440
3,5647ab95f0ec,5647a880b5e0
2,5647ab95f4ac,0
2,5647ab9574a2,0
1,5647ab9d74a2,5647ab9d6e5a
2,5647ab95f0a2,5647ab95f761
2,5647ab8ff4e2,0
7,5647ab97e8a1,7f91a7d2d8d0
3,5647ab8df4e0,5647ab8d6440
2,5647ab9d70a7,5647ab9d75a0
2,5647ab9ff4a6,0
2,5647ab97fce4,5647ab97fd38
5,5647ab8f68e4,5647ab8eb720
2,5647ab8f74bb,5647ab8f74f3
3,5647ab95f4fb,5647a880bce0
7,5647a9956cb8,7f91a7e87ba0
2,5647ab8d70f8,0
2,5647ab95f0f8,5647ab95f237
7,5647ab95e0ff,5647aad264b4
2,5647ab9d70fe,5647ab9d7105
2,5647ab9df0fe,0
1,5647ab8df4fe,0
2,5647ab9df4bd,0
1,5647ab8d74fc,5647a9260c90
2,5647ab8f74fc,0
2,5647ab9ff4bc,0
2,5647ab9574b3,5647ab957630
2,5647ab8d78f3,5647ab8d7931
3,5647ab8d78b3,5647ab8d6f50
2,5647ab9ffcf3,5647ab9ffd10
3,5647a8b7fcb1,5647a8809890
5,5647a93f68f0,5647a939a370
2,5647ab8f74f1,5647ab8f74d8
1,5647ab8d74b0,5647ab8eb720
2,5647ab8d70f0,0
3,5647ab9d74f7,5647ab8cff10
2,5647ab8f74f6,0
3,5647ab9ff8f6,5647aba06de0
2,5647ab9df0b6,0
2,5647ab95f4b5,0
2,5647a8b7fc88,5647a8b7fc8f
1,5647ab9df0cb,5647ab9df050
2,5647ab8d7489,5647ab8d74c8
7,5647ab8d6489,5647a90044ba
2,5647ab8d7889,0
3,5647a8b7fc8a,5647a8809510
3,5647ab9d748f,5647ab8cff10
2,5647a93d7ccd,0
1,5647ab8ff4cf,0
2,5647ab9ffccf,5647ab9ffcec
1,5647ab8df0ce,5647ab8dee0b
2,5647ab8f74ce,5647ab8f74ee
2,5647a9277481,5647a9277468
3,5647ab95f483,5647a8809fc0
1,5647ab95f883,5647ab95f81c
3,5647ab9ffcc3,5647ab9ff8d0
3,5647ab9f70c2,5647ab95caa0
2,5647ab8f78c2,0
2,5647ab95f881,5647ab95f870
3,5647ab95f0c1,5647a8809ac0
2,5647a93f7c83,5647a93f7ce4
3,5647ab9df0c1,5647ab92edd0
1,5647ab8d74c0,5647a9369f10
1,5647ab8df0c7,7f91a8737240
2,5647a93d7cc5,5647a93d7d20
2,5647ab9df8c7,0
3,5647ab8df0c7,5647a8809610
3,5647ab95f4c6,5647ab8e2d20
1,5647ab8d7485,0
2,5647ab9df884,5647ab9df870
1,5647ab9df4c4,5647ab9d8fa0
2,5647ab97f09b,5647ab97ea30
3,5647ab8f789b,5647a914c260
3,5647ab8df49a,5647a936c430
3,5647ab95f4df,5647ab8d6440
5,5647ab8fe8df,5647ab8d5400
2,5647a8b7fc9d,5647a8b7fc68
2,5647a93d7cde,0
3,5647ab97fcdc,5647a92b1fd0
2,5647ab8d7493,5647ab8d74e0
3,5647ab95f093,5647a8809ac0
2,5647ab8d7891,5647ab8d78f0
1,5647ab9574d1,5647ab957495
2,5647ab95f0d1,5647ab95f758
2,5647ab95f491,0
2,5647ab8ff4d1,0
1,5647ab8ffc91,5647ab947060
3,5647ab97f090,5647ab8e3000
2,5647a93f7892,0
1,5647ab8f74d0,5647ab8f7527
1,5647ab8d74d7,5647a9260c90
2,5647a93f78d5,0
3,5647ab8df097,0
2,5647ab9df896,0
7,5647ab9decd6,5647ab9db767
2,5647ab8f78d6,0
3,5647a8b7fc95,5647a8809510
3,5647ab8df4d4,5647ab8d6440
3,5647ab8f786b,5647ab8f7e90
2,5647ab9df86a,5647ab9df840
1,5647ab95f82a,5647ab95f888
5,5647ab95e469,5647ab8f0d00
3,5647ab95f069,5647a8809ac0
1,5647ab8df028,5647ab8dee70
2,5647ab95f828,5647ab95f842
2,5647a93f782d,0
2,5647ab8df82e,0
2,5647a927742c,0
3,5647ab95f46e,5647a8809ec0
2,5647ab9d706d,0
2,5647ab9df82d,0
2,5647ab8ff86d,0
3,5647ab95f42d,0
2,5647ab8df42d,0
1,5647ab9df86c,5647ab9df873
2,5647ab9d7063,0
2,5647ab9ff423,0
2,5647a9277460,0
2,5647a8b7fc62,0
7,5647ab8d6460,5647ab95e323
2,5647ab8d7820,5647ab8d78df
1,5647ab8d7c60,5647ab8d7340
3,5647ab8ffc65,5647ab97b780
1,5647ab95f864,5647ab95f879
1,5647ab8d7c24,5647ab8d7bbc
7,5647ab8fe064,0
3,5647a8b7fc78,5647a8809510
2,5647ab9d707a,5647ab9d7579
7,5647ab8d6479,5647a90044ba
2,5647ab8df839,0
2,5647a927743b,0
2,5647a93f7c3b,5647a93f7bf0
2,5647ab8d7478,5647ab8d74c0
1,5647ab8d7438,5647ab8d1410
2,5647ab95f438,0
2,5647a93f783a,0
3,5647ab1ffc78,0
3,5647ab97f07f,5647ab8da330
1,5647a995703d,5647a9956cac
3,5647ab9d743e,5647ab8cff10
2,5647ab8df43d,0
2,5647ab8ffc7d,0
2,5647ab8d7c3c,5647ab8d7c48
1,5647ab8d7c3c,5647ab8d1458
1,5647ab8d787c,5647ab8d7883
2,5647ab8f7872,0
7,5647ab97e831,5647ab968fcc
2,5647ab8df471,0
7,5647ab956470,5647aa69f051
2,5647ab8df030,0
2,5647ab95f877,5647ab95f81c
2,5647ab8df477,5647ab8df47e
2,5647ab8ffc77,0
2,5647a93f7875,5647a93f7850
1,5647ab9ffc77,5647ab9ffbc0
2,5647ab8d7c36,5647ab8d7c5d
2,5647ab9ff476,5647ab9ff493
2,5647ab8df435,0
2,5647a8b7fc76,5647a8b7fc7d
2,5647ab8df035,5647ab8defb3
2,5647ab95f074,5647ab95f74c
1,5647ab8d7474,5647ab8d6480
2,5647ab8df00b,0
2,5647ab8d740a,0
1,5647ab9d740a,5647ab9d6c1b
2,5647a93f7808,0
3,5647ab8d7849,5647ab8cf6b0
5,5647aba56049,5647ab8d7470
2,5647a93f7c4b,0
1,5647ab9d744e,5647ab9d6f74
1,5647ab8d700d,5647ab8d6f84
1,5647ab8d7c0d,5647a9e48450
2,5647ab95f84d,5647ab95f839
2,5647ab8df44d,0
2,5647ab9d700c,0
2,5647ab95f803,5647ab95f8a0
2,5647ab95f443,0
2,5647ab9d7042,5647ab9d7058
2,5647ab8df842,5647ab8dffde
1,5647ab8d7c41,5647ab8d1410
3,5647ab977c01,5647ab923870
2,5647ab8d7400,5647ab8d7447
2,5647ab95f840,5647ab95f888
2,5647a9277402,0
2,5647ab9ff407,0
3,5647ab977c46,5647a8809db0
2,5647ab8f785b,0
2,5647ab95f81a,5647ab95f860
2,5647ab977c1a,0
2,5647a8b7fc59,0
2,5647ab95f459,0
1,5647ab8d7c58,5647a9003930
2,5647ab9ff418,0
2,5647ab9d701f,0
3,5647ab8df81f,5647ab8ff1d0
2,5647ab8df41e,0
2,5647ab8df45e,0
3,5647ab9d741d,5647a88095e0
2,5647ab9df05d,0
1,5647ab8d745d,5647a9260c90
1,5647ab8d781d,7f91a7e8bf50
1,5647ab977c5c,5647ab977bd1
2,5647ab8df413,0
2,5647ab8df453,0
2,5647ab8d7811,0
2,5647ab95f851,0
1,5647ab8d7c50,5647abad4720
1,5647ab8df410,0
7,5647ab8d6456,5647ab95e32b
5,5647ab956815,5647ab953b30
2,5647ab977c55,0
2,5647ab95f454,0
3,5647ab970fab,5647ab8d6440
2,5647ab8f8fea,0
2,5647aba503aa,5647aba505dc
3,5647ab9d8baa,5647a8813e30
5,5647ab8f17e9,5647ab8e9cc0
7,5647a92d1baa,0
2,5647a92707ad,0
2,5647ab9d0baf,0
1,5647ab8f87ee,5647ab8f87ea
1,5647ab8f87ad,0
1,5647ab9503ac,5647ab94fff9
7,5647ab8f17a3,5647ab8eee56
1,5647ab950ba3,5647ab9503a3
1,5647ab8d03e3,5647ab8d01fd
1,5647ab8f03a3,5647ab8f0100
2,5647ab8f87e1,0
2,5647a93d87a3,5647a93d87c0
7,5647ab8d97e0,5647ab918617
3,5647ab970fa0,5647a880b160
3,5647a92707a5,5647ab8d1510
3,5647ab9503a7,5647ab8cf6b0
2,5647ab9d03a7,0
2,5647a9158be7,0
2,5647ab970be4,0
2,5647ab8d0ffb,5647ab8d1118
2,5647ab8d03bb,5647ab8d03de
2,5647ab970bbb,0
1,5647ab8f83b8,5647ab8f81c8
2,5647ab9d03b8,0
5,5647ab9d17f8,5647ab9d09b0
7,5647ab8d97be,5647ab918682
2,5647ab8f0fbe,0
2,5647aba587bd,0
3,5647ab9d8fbc,5647ab9d9420
2,5647ab9d8bbc,0
3,5647ab8d0ff3,5647ab8d1510
2,5647ab8f8fb2,5647ab8f9020
7,5647ab9517f2,5647ab950158
7,5647ab9717f2,5647aba3dc8f
1,5647ab9503f2,0
1,5647a93d87b3,5647a93d7e98
2,5647ab8f87b0,0
2,5647ab8f87f0,5647ab8f8813
2,5647ab9d8bf7,0
1,5647ab8d03b7,0
7,5647ab8f1fb7,5647ab8eff83
3,5647ab9d0bb7,5647ab9d0c60
2,5647ab9d0bb5,0
2,5647ab9503f4,5647ab950088
3,5647ab970fb4,5647ab8d6440
2,5647ab9d8fca,5647ab9d8ff8
5,5647ab8f178a,5647ab8f0d00
2,5647ab8f8fc9,5647ab8f8fde
1,5647a93d87cb,5647a93d7e98
2,5647ab9d0bc9,0
2,5647ab970fc8,0
2,5647ab8f0f8f,5647ab8f1299
2,5647ab950f8e,5647ab950ed8
2,5647ab8f87cd,0
2,5647ab8f0fcd,5647ab8f12d5
2,5647ab8d8f8d,5647ab8d8ec0
2,5647ab8f8fc3,0
2,5647ab8f0383,0
2,5647ab970b83,5647ab970d40
2,5647ab9d03c2,5647ab9d0550
3,5647ab8f87c1,5647ab8f8c10
2,7f91afb6d185,0
2,5647ab8d8b87,0
2,5647a92707c7,0
2,5647ab9d8fc5,5647ab9d9020
2,5647ab8d8f85,0
3,5647ab8d8fc4,5647ab8ff1d0
3,5647a93d87c6,5647ab91ca40
3,5647ab970f84,5647ab9710e0
2,5647ab970bc4,0
1,5647ab9d0784,5647ab9d0770
2,5647a93d8799,0
2,5647ab9d079b,0
2,5647ab950398,5647ab950b9e
2,5647ab9d0398,0
2,5647ab9f07df,5647ab9f70ab
2,5647ab8f8f9f,0
7,5647ab9d9b9f,5647ab9d9670
3,5647ab9d8b9f,5647a8813e20
3,5647ab950b9e,5647ab8d75b0
1,5647ab8f87de,5647ab8f87de
2,5647ab9d8fdd,0
2,5647ab8d03dc,5647ab8d03bd
2,5647ab8f8fd3,0
1,5647ab8d8fd1,5647ab8d8e30
2,5647ab950391,0
3,5647ab8f0391,5647ab8f13e0
3,5647ab9d0391,5647a8812e50
3,5647ab9d8b91,5647a8813e10
1,5647ab8d8b91,5647ab8d8a58
2,5647ab8f8fd7,5647ab8f8fde
2,5647ab970f97,0
5,5647ab9d9397,5647ab9e1a20
2,5647ab978fd7,0
7,5647a91d1b94,5647a91d1e82
7,5647ab9d97d5,5647ab9d7a00
7,5647ab971bd4,5647ab8fa8dd
3,5647ab9f076b,5647ab91bf70
2,5647a93d8329,5647a93d8790
4,5647a93d9b29,5647a93d9b68
3,5647ab9d8b2b,5647a8813e30
2,5647ab8d0369,5647ab8d04a8
1,5647ab9d8329,5647ab9d82e5
1,5647ab8f8328,5647ab8f81b3
7,5647ab8f932f,5647a9010e6c
3,5647ab970f6f,5647ab8d6440
1,5647ab8d836f,5647ab8d8316
1,5647ab9d836f,5647ab9d82c4
3,5647aba5032e,5647aba2aea0
3,7f91afb6d16a,7f91afb5f680
2,5647ab970f2d,0
3,5647ab95032c,5647ab8ff1d0
3,7f91afb6d128,7f91afb6c710
2,5647ab970b63,5647ab970b78
2,5647ab970723,5647ab970860
3,5647ab9d0b22,5647ab9d0b30
2,5647ab9d0f22,0
3,5647ab9d8f21,5647ab9df4b0
2,5647ab8d8f61,0
2,5647ab970b21,0
2,5647ab8d0320,0
3,5647ab970760,5647a8809510
3,5647ab9d8b20,5647a8813e20
5,5647ab979320,5647ab8f0d00
1,5647ab9d0b27,5647ab9d0af3
1,5647ab8f0f27,5647ab8f0e7a
1,5647ab9d8f26,5647ab9d8d96
3,5647aba50326,5647aba4ef30
1,5647ab9d0764,5647ab9d0750
3,5647ab970f64,5647ab94af90
2,5647ab950f7b,0
3,5647a93d8738,5647ab91ca40
2,5647ab8d033a,0
2,5647ab950f3a,5647ab9510a0
1,5647ab8f8f39,5647ab8f8e95
2,5647ab8d8f38,0
2,5647ab950338,0
2,5647ab9d8338,0
1,5647a93d873d,5647a93d7cf6
7,5647ab959f3f,5647ab959dd9
2,5647ab8f073f,5647ab8f08a0
5,5647ab979b7f,5647ab8f0d00
2,5647ab8f0f7e,5647ab8f1260
1,5647aba5037e,5647aba1dca0
2,5647ab8d8b7e,0
2,5647aba5033d,5647aba5037a
2,5647ab9d8b3d,0
7,5647ab8d1f73,5647ab8fa8dd
2,5647ab8d8f33,0
2,5647ab970f33,5647ab970f3a
2,5647ab950f72,0
2,5647ab970770,5647ab97068e
2,5647ab9d0b77,0
3,7f91afb6d172,7f91afb5f290
2,5647ab970f76,0
1,5647ab970776,5647ab970693
2,5647ab9d0f74,5647ab9d1190
2,5647ab8d830b,0
2,5647ab8d8f0b,0
2,5647ab970b0b,5647ab970c20
3,5647ab970f0b,5647a88097b0
3,5647ab970f4a,5647a8809520
2,5647ab8d870a,0
3,5647ab9d8f09,5647ab9d92f0
2,5647ab9d0f0f,5647ab9d1019
3,5647ab9d830f,5647ab9d89c0
2,5647ab8d870f,0
1,5647ab9d8f0e,5647ab9d8da9
2,5647ab95030e,5647ab9501c0
3,5647ab97074c,5647ab970920
3,5647ab950f43,5647a90044f0
2,5647ab9d0b03,0
7,5647ab9d1302,5647ab9964db
2,5647ab9d8342,0
2,5647ab9d0f01,5647ab9d0f38
2,5647ab970f41,0
3,5647ab9d8b00,5647a8813e10
3,5647ab8d8347,5647ab8d20d0
2,5647ab970707,0
5,5647ab979b07,5647ab8f0d00
2,5647ab950346,0
3,7f91afb6d102,7f91afb511a0
1,5647ab8f0f04,5647ab8f0d38
2,5647ab950f1b,0
1,5647ab950f5b,0
2,5647ab8d035a,0
2,5647a93d831b,5647a93d8790
7,5647aba51f59,5647aba401e5
3,5647ab8f831f,5647ab8d20d0
2,5647ab950f5f,0
1,5647ab8d871f,0
2,5647ab97075e,5647ab970765
2,5647ab970b5e,0
3,7f91afb6d159,7f91afb510e0
7,5647ab9d935c,5647ab9d8129
3,5647aba5031c,0
3,5647ab9d0b13,5647ab9d0b90
2,5647ab9d0f53,5647ab9d0f71
2,5647ab970f13,0
2,5647ab950f12,0
3,7f91afb6d116,7f91afb6c410
3,5647ab9d8b12,5647a8813e20
1,5647ab8d8350,5647ab8d8280
3,5647ab970710,5647a8809520
2,5647ab8d8f57,5647ab8d8fc0
3,5647ab970f57,5647ab8e2d20
1,5647ab8f0f16,5647ab8f0def
2,5647ab8d8715,0
2,5647a93d8316,0
2,5647ab8d8314,5647ab8d8358
2,5647ab950354,5647ab950370
2,5647ab8f0eab,5647ab8f0f09
2,5647ab8d82eb,0
2,5647ab8d8eeb,5647ab8d8f03
2,5647ab950ee9,0
4,5647ab9d12a8,5647ab9d12b0
3,5647ab970ae8,5647a880a3b0
3,5647a98f82aa,5647a92b1fd0
2,5647ab970aef,5647ab970b50
3,5647ab9706ef,5647ab970a50
2,5647ab9502ae,0
1,5647a93f82ac,5647a93f8267
2,5647ab8f0ead,5647ab8f0def
1,5647ab8f0eed,5647ab8f0def
2,5647ab8f0ee3,5647ab8f0def
2,5647ab8d86e3,0
2,5647ab8d0ea2,0
2,5647ab9d8aa2,5647ab9d8aaa
2,5647ab8f0ea0,5647ab8f0def
3,5647ab8d8ee0,5647ab8e30e0
1,5647ab8f0ee0,0
2,5647ab8d86e7,5647ab8d86a4
2,5647ab9502e6,0
2,5647ab970ee6,0
7,5647ab8d1ae5,5647ab95d68a
1,5647ab950ee5,0
2,5647ab9d0ea5,0
3,5647aba506e5,5647a8809540
2,5647ab9d0ae4,5647ab9d0b10
2,5647ab9706a4,5647ab9706ab
2,5647ab970afb,0
2,5647ab8d82ba,5647ab8d8330
1,5647ab8d8eba,5647ab8d8f2b
1,5647ab8d0eba,0
1,5647ab8f0eb8,5647ab8f0def
2,5647ab8d82ff,0
7,5647ab9512bf,5647ab950ee1
7,5647ab8f16ff,5647ab8f167d
1,5647ab8d82bf,0
1,5647ab8f02fe,5647ab8f011f
2,5647ab8f06fd,0
7,5647ab9d1abd,5647ab9cf789
3,5647ab8f0efc,5647ab8f0f30
2,5647ab8d0ebc,5647ab8d0e8f
2,5647ab9d0efc,0
2,5647ab8d8efc,0
3,5647ab9706b2,5647ab8d6440
2,5647ab970ef2,0
2,5647a98f82b2,0
2,5647ab8d82f7,5647ab8d82e0
3,5647ab950eb7,5647ab8ee670
2,5647aba506f7,0
1,5647ab9706b7,5647ab9705b2
2,5647ab9d82b7,5647ab9d8330
1,5647ab8d82b7,0
2,5647ab8d8ef6,0
5,5647ab9d92b4,5647ab9df530
2,5647ab8d86b4,0
2,5647ab9d82f4,0
7,5647ab9d92c9,5647ab9d8cfb
3,5647ab970a89,5647a8809520
5,5647ab9d1a89,5647ab9d0a80
2,5647ab9d8a89,0
1,5647ab8f0ec8,5647ab8f0d46
2,5647ab9502c8,5647ab9502a0
7,5647ab8d168f,5647ab8d8618
2,5647ab8d0ecf,0
3,5647ab8d8e8f,5647ab8eb7c0
2,5647ab8d82ce,0
2,5647ab9502ce,0
2,5647ab970ace,0
2,5647ab9d0ace,0
3,5647ab97068e,5647a8809510
2,5647ab9d82ce,5647ab9d8308
3,5647ab9d8a8e,5647ab92ef30
2,5647ab8d0e8d,5647ab8d0eb8
3,5647ab8f0ec3,5647ab8d20d0
1,5647ab8d0ec3,5647ab8d0e8f
1,5647ab8f8e83,0
2,5647ab8d82c2,5647ab8d82a0
7,7f91afb6c4c6,7f91afb5f4ca
1,5647ab9d8281,5647ab9d824e
1,5647a98f82c3,5647a98f81d8
7,5647ab9d1680,5647ab9cf84e
2,5647ab8f0e87,0
7,5647ab8f1687,5647ab8f005e
1,7f91afb6d082,7f91afb6cf30
2,5647ab8d0e85,0
2,5647ab8f8e85,5647ab8f8f34
5,5647ab9792c5,5647ab8f0d00
2,5647ab9d0edb,5647ab9d0eeb
3,5647ab9d0ada,5647ab9d0c00
1,5647ab8f0ed8,5647ab8f0d38
1,5647ab8d8298,5647ab8d82b3
2,5647ab9502d8,5647ab9505fd
2,5647ab9d0ad8,0
1,5647ab8f0a98,5647ab8f0949
7,5647ab951edf,7f91a7e87420
1,5647ab8d82de,5647ab8d82ed
3,5647ab970ede,5647ab94ac30
3,5647ab950edc,5647ab9511c0
2,5647ab970a9c,5647ab970cf0
3,7f91afb6d8d8,0
2,5647ab8f0e91,5647ab8f0e9e
1,5647ab950ed1,5647ab950f0a
3,5647ab8f0ed0,5647ab9114a0
2,5647ab8f0e97,5647ab8f0e9e
1,5647ab950297,5647ab9502be
1,5647ab8f8696,5647ab8fb130
2,5647ab970ad6,5647ab970af8
1,5647ab8d0ed5,5647ab8d0e8f
2,5647aba506d5,0
5,5647ab8d962b,5647ab90bc00
2,5647ab95026b,5647ab950808
5,5647ab979a2b,5647ab8f0d00
1,5647ab970a2a,5647ab9709e4
2,5647ab8f0229,0
2,5647ab8f8268,0
1,5647a93d862a,5647a93d7e98
3,5647ab9d8a28,5647ab9d8ac0
2,5647ab8d8e68,0
5,5647ab8d922d,5647ab8d5480
3,5647ab8f822c,5647ab95f800
1,5647a93f826e,5647a93f8164
2,5647ab8d8a6c,0
1,5647a93d8661,5647a93d7e98
2,5647ab8f0e63,0
3,5647ab8d8a61,5647ab8d1b20
2,5647aba50620,0
3,5647a8af0623,0
2,5647a93f8222,0
2,5647ab950667,5647ab9502de
2,5647ab8f0e27,0
7,5647ab9d9e67,5647ab9d9b44
2,5647a98f8225,0
2,5647ab8f8666,0
2,5647aba50a26,0
2,5647ab970a25,0
2,5647ab950224,0
7,7f91afb6c460,7f91afb6d6c8
2,5647ab95063b,0
2,5647ab8f023b,5647ab8f00c0
3,5647ab8f863a,5647a92b1fd0
2,5647ab8d827a,5647ab8d8340
2,5647ab970a7a,0
5,5647ab8f167a,5647ab8f16a0
2,5647ab8f823f,0
7,5647ab8d963d,5647ab90b745
2,5647ab95023d,5647ab950260
7,5647ab97123d,5647aba16100
2,5647ab8f067d,5647ab8f0c89
2,5647ab8d0e7c,5647ab8d0ec8
2,5647aba5063c,5647aba50918
3,5647a93f823e,0
2,5647a91d0e3e,5647a91d0e58
5,5647ab8f9e73,5647ab8fb130
2,5647ab950633,0
1,5647ab8d0233,5647ab8d0218
2,5647ab8f0673,5647ab8f0718
2,5647ab9d8233,5647ab9d8270
2,5647aba50630,0
2,5647aba50a37,0
2,5647aba50237,0
1,5647ab8f0e37,5647ab8f0e51
2,5647ab8d8a76,0
2,5647a93d8637,0
2,5647aba50a35,0
2,7f91afb6d031,0
3,5647ab8d8e75,5647ab8edb60
2,5647ab8f0e74,5647ab8f0f1b
2,5647ab8f0e4b,0
2,5647ab8f860a,5647ab8f8628
2,5647ab8d0e0a,0
7,5647ab8d1a0a,5647ab8d1649
7,7f91afb6c84e,7f91afb5f7b6
2,5647ab8f8e0a,5647ab8f8d66
1,5647ab8d8e0a,0
5,5647ab8d1209,5647ab8d1410
7,5647aba51609,5647aba4f824
2,5647a93d864a,0
3,5647a8af064b,5647a926f700
2,5647ab9d8a48,5647ab9d8a34
2,5647aba50a0f,0
3,5647ab9d8a0f,5647ab9d8b60
2,5647ab97060f,0
2,5647ab8f0e0e,5647ab8f0e69
7,7f91afb6c44a,7f91afb6d6c8
3,5647a93f824f,0
2,5647ab8d8e0d,5647ab8d8e58
2,5647ab8f824c,0
2,5647ab8f020c,5647ab8f0162
2,5647ab8d864c,0
5,5647ab8d964c,5647ab8d7940
2,7f91afb6d008,7f91afb6d020
3,5647a98f820e,5647a92b1fd0
2,5647aba50a03,0
1,5647aba50a42,5647aba5099b
2,5647a93f8200,0
2,5647ab8f8641,5647ab8f860c
3,5647a91d0e03,5647ab8d6f50
1,5647ab8f8241,0
2,5647ab8d8e40,0
3,5647ab950600,5647a90044f0
7,5647ab8f9640,7f91a875ffb0
2,5647ab8f8200,0
2,5647ab950207,0
3,5647ab8f0247,5647ab8da330
1,7f91afb6d043,7f91afb6d020
3,5647ab8d0206,5647ab8cff10
2,5647a93d8607,0
2,5647ab8f8244,0
1,5647ab9d8e44,5647ab9d8caf
3,5647aba50a1b,5647ab8cf6b0
2,5647ab8d861b,0
7,5647ab8d965b,5647ab90b745
2,5647ab8f0e5b,5647ab8f0e40
7,5647ab8d961a,5647ab90b745
2,5647ab970a1a,0
7,5647a885121a,5647aba1ce2f
3,5647ab8f0218,5647ab8e2d20
1,5647aa850e19,0
2,5647aba50658,0
2,5647a93f825f,0
2,5647ab8d8e5d,0
2,5647ab95021c,0
3,5647ab95065c,5647ab9667b0
2,5647a91d0e5e,5647a91d0e4f
2,5647ab8f0253,5647ab8f0100
3,5647ab8d8613,5647ab8d1510
1,5647a8af0650,5647a8af04c5
1,5647ab8f0e13,7f91afb51f60
1,5647ab8f8213,5647ab8f81cb
1,5647ab8f0a10,5647ab8f06f0
2,5647a93d8615,0
2,5647ab8f0e17,0
2,5647ab9d8a57,0
2,5647ab8f0656,5647ab8f0920
5,5647ab8d9256,5647ab8d5400
2,5647ab950614,0
2,5647ab8d8654,5647ab8d86d0
3,5647a93f8216,5647a880aa00
2,5647a91d0e56,5647a91d0df8
2,5647ab970614,5647ab9706e8
3,5647ab9501eb,5647a90044f0
2,5647aba509eb,0
7,5647ab8d1deb,5647a9275d6a
2,5647ab8f81ea,5647ab8f8218
2,5647aba509aa,0
5,5647ab8d95e9,5647ab9109a0
2,5647a91d0dab,5647a91d0d70
2,5647ab8f0de8,5647ab8f0def
2,5647ab9709e8,5647ab9709fa
3,5647ab9709ee,5647ab970ea0
3,5647ab9d89ee,5647a8809520
5,5647ab979dae,5647ab8f0d00
2,5647ab8f81ad,5647ab8f8318
2,5647aba58dac,0
2,5647ab9d8da3,5647ab9d8f00
2,5647ab8d89a3,0
2,5647ab9501e2,5647ab950328
3,5647ab8f01e2,5647ab8ef120
2,5647ab9709e2,5647ab970a10
1,5647ab970de2,5647ab970c70
7,5647ab8d95a1,5647aba6b800
3,5647ab9d0da1,5647ab9d0bf0
2,5647ab8f81e0,0
7,5647a88511a4,5647a8851211
2,5647a98f81e5,0
2,5647ab8d89e7,0
7,5647ab959de6,7f91a7e87420
1,5647ab8f81e6,0
1,5647ab8f0de6,0
2,5647aba509e5,0
1,5647ab9d09a5,5647ab9d0e80
2,5647ab9709a5,5647ab97096c
2,5647a91d0da7,0
5,5647ab9d19e4,5647ab9aba40
7,5647a88511f8,5647aba22c82
2,5647a9158db9,0
2,5647ab9501b8,0
3,5647ab8f01b8,5647ab8d6440
7,7f91afb6c3bc,7f91afb5f52a
1,5647ab8f0dff,5647ab8d1410
5,5647ab9d9dbf,5647ab9819f0
3,5647ab9d89ff,5647ab9d8b60
2,5647a98f81fc,0
2,5647aba509fd,0
2,5647ab9709bd,0
2,5647ab8d8dbc,0
7,5647ab9d99fc,5647ab9d9b5b
2,5647a98f81be,5647a98f82a0
2,5647a91d0dfe,0
2,5647ab9d8db3,5647ab9d8db9
2,5647ab8f01f1,5647ab8f0462
1,5647ab8d01b1,0
3,5647ab8f01b0,5647ab8eea50
2,5647ab9d8df0,5647ab9d8e30
2,5647ab8f81f0,0
5,5647ab951df7,5647ab8d9570
2,5647ab8d01f7,5647ab8d02f8
2,5647ab9709b7,5647ab970978
2,5647ab9d0db6,0
7,5647ab8d19f5,5647ab8d1539
2,5647ab8f85f5,0
3,5647ab970db5,5647a88095e0
2,5647ab8d01b4,5647ab8d0230
2,5647aba509f4,0
1,5647aba58dcb,0
1,5647a9158dc9,5647ab941b20
5,5647ab951dca,5647ab8d5460
3,5647ab8f018a,5647a8809520
2,5647a93f81c8,0
3,5647ab9d8d89,5647ab92f150
3,5647ab9d8dc9,5647ab92f150
2,5647ab970989,5647ab970958
3,5647aba509c8,5647ab8e95b0
2,5647ab9d09c8,5647ab9d0a78
1,5647ab8f8d88,5647ab8f8d79
5,5647ab8d1dcf,5647ab8d1f40
2,5647ab8f01ce,0
2,5647ab8d01cd,0
3,5647aba5098d,5647aba2d5a0
2,5647ab8f8d8c,5647ab8f8da3
2,5647ab9501c3,0
3,5647ab950183,5647ab8ee670
2,5647ab8f01c3,5647ab8f01db
2,5647ab8f81c2,5647ab8f83b0
1,5647ab8f0dc2,5647ab8f0dbd
2,5647aba50981,0
2,5647ab8f0181,0
2,5647aba58d81,0
2,5647ab9705c1,0
2,5647ab8f0987,0
2,5647a93d8585,0
7,5647ab8f1185,5647ab8f0f01
2,5647ab8f0dc4,5647ab8f0dcb
7,5647ab8f9184,5647ab92505c
2,5647ab8f0ddb,5647ab8f0ee0
2,5647ab8f81db,5647ab8f8241
2,5647ab8d89db,0
2,5647a93d819b,5647a93d8500
5,5647ab951d99,5647ab8e0770
3,5647ab9709d9,5647a8809590
3,5647a98f81db,5647ab961d80
2,5647ab8f0d98,5647ab8f0d70
2,5647ab9d8dd8,0
1,5647ab8f81d8,7f91a7e0d240
1,5647a93d859a,5647a93d7e98
2,5647a98f819d,0
2,5647ab8d01de,0
2,5647ab97099e,0
7,5647ab9d99de,5647ab9daa51
2,5647a91d0d9c,0
2,5647ab8f0d9d,5647ab8f0d82
3,5647ab9d8d9c,5647ab92f150
2,5647aba58d93,0
3,5647ab970dd2,0
2,5647a93f8193,0
2,5647a91d0d93,5647a91d0e30
5,5647ab959dd1,5647ab959e20
2,5647ab9d8d90,5647ab9d8f18
2,5647ab9d8dd0,0
2,5647ab9709d0,0
7,5647ab959d97,5647ab9e54a7
2,5647aba50997,5647aba509c0
3,5647ab8f0197,5647ab8e2d20
1,5647ab8f0d96,0
1,5647ab8f0995,5647ab8f06f0
2,5647ab970995,0
2,5647ab8f8194,0
2,5647ab8f01d4,0
2,5647ab9d0d94,0
1,5647ab8d0194,5647ab8d0099
3,5647a98f8196,5647a9357100
3,5647ab9d8d2b,5647ab9d9110
2,5647ab95016b,0
2,5647a9158d69,5647a9158db0
2,5647ab8f016a,0
2,5647ab97096a,5647ab9709b0
3,5647ab970d6a,5647ab8cff10
2,5647ab8f8d29,5647ab8f8d35
2,5647aba58d2f,0
1,5647a91d0d6d,5647a91d0d99
2,5647ab8f092e,0
2,7f91afb6d72a,0
2,5647a91d0d2c,0
1,5647a93d852f,5647a93d7e98
7,5647ab8d9923,7f91af489430
3,5647a92d0d61,5647a8809520
1,5647a92d0d61,0
2,5647ab8d8122,5647ab8d8180
1,5647aba50922,0
7,5647ab8f1d22,5647ab9fcb5b
2,5647ab8f0121,5647ab8f0138
2,5647a9270922,0
7,5647aba59960,5647aba30dcd
1,5647a93d8562,5647a93d7e98
1,5647ab8f0d67,5647ab8f0d8c
1,5647ab970d27,5647ab970ab8
2,5647ab8f0d26,5647ab8f0ef8
2,5647ab970966,5647ab97098b
7,5647a91d1924,5647a91d1b73
7,5647a93d9d26,5647ab93e8dd
2,5647ab8d813b,5647ab8d8116
5,5647ab9d157a,5647ab9d0760
2,5647aba58d3a,0
1,5647ab970d7a,5647ab970ba0
2,5647ab9d8139,0
2,5647ab8f0178,0
1,5647ab8f0d78,0
7,5647ab8f153f,5647ab8efb3e
2,5647a91d0d3d,0
2,5647ab8f013e,5647ab8f0156
2,5647a93d853f,0
2,5647ab8f0d7c,5647ab8f0e08
2,5647ab8f097c,0
2,5647aba58d7c,0
7,5647ab959d33,5647ab957640
2,5647ab9d8d33,5647ab9d8d83
2,5647ab8f0d32,5647ab8f0ed0
2,5647ab8d8132,5647ab8d8110
2,5647ab9d8132,5647ab9d8120
2,5647ab8f0970,5647ab8f06f0
2,5647a9270972,0
7,5647ab9d9177,5647ab9d8d30
2,5647ab8d8137,5647ab8d8116
2,5647a91d0d35,0
2,5647ab970976,5647ab9709b9
7,5647a91d1177,0
2,5647a93d8577,0
1,7f91afb6d730,7f91afb5e770
2,5647ab8f010a,0
7,5647ab8d9d08,5647ab8d990a
2,5647a927094d,0
2,5647a93d854d,0
2,5647aba58d4e,0
3,5647ab970d4d,5647a88095e0
2,5647ab8f850c,0
2,5647ab8f0943,5647ab8f0a90
2,5647ab8f8d03,5647ab8f8d20
2,5647ab8d8102,0
3,5647ab8f8501,5647ab8f85f0
2,5647a93d8503,0
2,5647ab8f0901,5647ab8f0a08
1,7f91afb6d705,7f91afb5e770
2,5647ab8f8d41,5647ab8f8e08
2,5647ab8f0d40,5647ab8f0ec0
2,5647ab9d8d00,0
2,5647ab970940,0
1,5647ab8f8d00,0
5,5647ab9d9147,5647ab9dc2f0
1,5647ab8d8107,5647ab8d8124
2,7f91afb6d703,7f91afb6d710
3,5647a91d0d04,5647ab8d6490
7,5647ab8d1905,5647a9e48413
2,5647aba58d05,0
3,5647aba58d45,0
7,5647ab8d191a,5647a97f5091
2,5647a93f8158,0
7,5647ab8f1d19,5647ab96d37a
2,5647a91d0d5b,0
3,5647ab970d18,5647ab8cff10
3,5647a927091a,5647ab8d1510
3,5647ab95015f,5647ab950e90
1,5647ab9d815f,5647ab9d8098
3,5647ab97095f,5647a8809590
7,5647ab1f951e,5647aba01889
1,5647ab9d811e,5647ab9d8124
3,5647ab8f015d,5647ab8d6440
3,5647ab950153,5647ab951730
2,5647ab9d0553,5647ab9d0469
3,5647a9270510,5647a9158d60
5,5647ab979d51,0
1,5647ab970950,5647ab970978
2,5647ab8f0910,5647ab8f06f0
7,5647ab979510,5647a91c1216
2,5647a9270955,0
2,5647a93d8115,5647a93d8538
1,5647a9270515,5647a9270477
2,5647aba58d16,0
2,5647ab8f0115,5647ab8f02f0
2,5647a93d8516,0
2,5647ab8d8114,0
2,5647ab8f08ab,0
3,7f91afb6d6af,7f91afb511a0
1,7f91afb6d6af,0
1,5647ab8f04aa,5647ab8efcf8
2,5647ab9500ea,0
2,5647ab8f08ea,5647ab8f06f0
3,5647a92d0ca8,5647a8809510
1,5647a92d0ca8,7f91a7d42110
2,5647ab9500a9,0
3,5647ab8f00e9,5647a936ac50
2,5647ab8d8ce8,0
2,5647a93d80aa,5647a93d8860
1,5647a98f80ad,5647a98f7fe6
2,5647ab8f0caf,0
2,5647a92d0cec,5647a92d0d10
7,5647ab9d90ad,5647ab9d8c1b
2,5647ab9d0cad,0
5,5647ab9798ac,5647ab8f0d00
1,5647ab970ce3,5647ab970b11
2,7f91afb6d6e6,7f91afb6d6f1
2,5647ab8f0ca2,0
1,5647ab9d8ce1,5647ab9d8c3d
2,5647ab9d0ca1,0
2,5647a92d0ce3,0
2,5647ab8f00e0,0
2,5647ab9d0ca7,0
7,5647ab8d98a6,7f91a7e87f80
2,5647ab9d80a5,0
2,5647aba500e5,5647aba50228
1,5647a93d84e6,5647a93d7dc0
2,5647a92d0ca6,5647a92d0cad
2,5647ab9500bb,0
5,5647ab8d98bb,5647ab8d7940
3,5647ab8d04bb,5647ab8e3220
2,5647ab9d0cb9,5647ab9d0d90
2,5647a92d0cfb,5647a92d11e5
1,5647ab8f0cb9,5647ab8d1410
1,5647ab8f8cb8,5647ab8f8c31
1,5647ab8f00b8,5647ab8f01f7
1,5647a93d80bf,5647a93d7e98
3,5647ab970cfc,5647a88095e0
2,5647aba58cfc,0
2,5647a8af04bf,5647a8af0648
2,5647ab9d8cbc,0
3,5647ab8f8cb3,5647ab8d20d0
2,5647ab9d0cb3,0
2,5647ab9500b2,0
1,5647a92d0cb0,5647ab984e30
7,5647ab8d14f1,5647abac32c5
7,5647ab8f1cf1,5647ab8f29b5
5,5647ab9d10b0,5647ab98ef00
7,5647ab9d94f7,5647ab9d8d14
3,5647ab9d8cf6,5647ab9d91a0
2,5647ab8f08f6,0
3,7f91afb6d6f1,7f91afb50fd0
5,5647ab9d10f4,5647aba03340
2,5647ab970cb4,0
7,5647ab8d98cb,7f91a7e8b590
2,5647ab970c8b,0
2,5647a92d0c89,5647a92d0c90
7,5647ab9510ca,5647ab950164
2,5647ab9d0489,0
2,5647ab9d0c89,0
3,5647ab970889,5647ab8cff10
3,5647a92d0c8b,5647a8809510
1,5647a92d0c8b,5647ab8f9790
3,5647ab8d00c8,5647ab8cfef0
2,5647ab8f0cc8,5647ab8f0cb6
2,5647ab95008f,0
2,5647ab9d0c8f,0
2,5647a8af04cc,0
7,5647ab8d148e,5647ab8cfcb2
2,5647ab8f00ce,5647ab8f0380
2,5647a93d808f,5647a93d8630
7,5647a93d94cf,5647ab93e8dd
2,5647ab9d0c83,0
1,5647ab8f8c82,5647ab8d7d10
2,5647ab8f0082,0
2,5647ab8f08c0,0
2,5647ab8f88c7,5647ab8f89e0
2,5647ab8f0487,5647ab8f04a3
3,7f91afb6d6c3,7f91afb6c410
5,5647ab9d10c6,5647ab9d1200
2,5647a9270484,0
2,5647ab8d0085,0
1,5647ab8d04c4,5647ab8d037c
1,5647ab9d04c4,5647ab9d043b
2,5647ab9d0c9b,0
1,5647ab970899,5647ab97073c
2,5647ab8f8c98,5647ab8f8c57
3,5647ab8d00d8,5647ab8cfef0
2,5647ab970cd8,0
2,5647ab95009e,0
3,5647ab970cde,5647a8809510
2,5647a93d809c,0
2,5647ab9500dc,0
3,5647ab8f0c93,5647a8ffebc0
2,5647ab8f0cd3,5647ab8f0caf
1,5647ab8f0cd3,0
3,5647ab8f8c91,5647ab95f800
1,5647a92d0c93,7f91a7e87ba0
7,5647ab8d1090,5647a96f81bb
2,5647ab8f00d7,5647ab8f0241
3,7f91afb6d6d3,7f91afb510e0
7,7f91afb6c293,7f91a7e87ba0
2,5647ab8f8cd7,0
7,5647ab9d9496,5647ab9d7a00
2,5647ab9d0c95,0
4,5647ab9d1894,5647ab9d0790
2,5647ab970c94,0
1,5647ab8f8cd4,0
7,5647ab9d942b,5647ab9d8fc1
2,5647ab9d8c6b,5647ab9d8cf0
2,5647ab97042b,0
1,5647ab95006a,0
3,5647a93d8868,5647ab91ca40
1,5647ab8f8c2a,5647ab8f8c26
2,5647ab8f0469,0
2,5647ab8f8c2f,5647ab8f8cb0
3,5647ab8f006f,5647ab8ef180
1,5647a93d886d,5647a93d7e98
2,5647ab9d8c2e,0
1,5647ab8d006e,0
2,5647ab8d802e,0
2,5647ab9d0c2d,0
3,5647a92d0c2f,5647a91d2df0
2,5647ab95006c,0
3,5647ab97086c,5647a88095e0
1,5647a98f806e,5647a98f7eca
3,5647ab8d8063,5647ab8eea20
5,5647ab9d1023,5647ab9d09b0
3,5647ab8f8022,5647ab8f8160
2,5647ab970422,5647ab970453
2,5647ab9d0c21,0
1,5647ab8d0020,0
2,5647ab9d0c27,0
2,5647ab9d8c26,0
2,5647ab9d8c66,0
2,5647ab8d0026,0
2,5647ab8f0064,0
2,5647ab8d803b,5647ab8d805e
2,5647ab9d0c3b,0
3,5647ab8f8038,5647ab8f85f0
3,5647a92d0c7a,5647a8b26a80
1,5647ab8d8078,5647ab8d8038
2,5647ab95007f,5647ab9503ef
3,5647ab9d047e,5647aba18220
2,5647ab8d003d,0
2,5647ab8f047d,0
2,5647ab9d0c7d,0
2,5647ab8d8073,5647ab8d803d
2,5647ab9d0c33,0
7,5647ab8f9032,5647ab8d20e8
2,5647ab970432,5647ab970440
2,5647ab970c32,5647ab970c48
2,5647ab9d8c37,5647ab9d8cd0
3,5647ab8f0077,5647ab8ef120
2,5647ab8d0076,0
2,5647ab8f8c75,5647ab8f8c48
7,5647ab9d1c75,5647ab9cf4e0
7,7f91afb6c670,7f91afb6cfc7
2,5647ab8f8c4b,5647ab8f8c9a
3,5647ab95080b,5647ab8d20d0
2,5647ab8d804a,5647ab8d7fd0
3,5647ab97044a,5647ab970eb0
3,5647ab970c0a,5647a8809510
2,5647a9270408,5647a9270510
3,5647ab9d8c09,5647aba6a580
3,5647ab8f8049,5647ab8d6440
2,5647ab8d8c09,0
2,5647ab9d0c09,0
2,5647ab9d0448,0
2,5647ab970c08,0
2,5647ab9d0c0f,0
4,5647a93d940c,5647a93d9690
7,5647ab8f900e,0
2,5647ab8f880d,5647ab8f88c0
5,5647ab8f980d,5647ab8d1f40
1,5647ab8f8c43,5647ab8f8c43
2,5647ab8f8043,0
2,5647ab9d0c03,0
2,5647a92d0c41,5647a92d0c48
5,5647ab9d1842,5647ab9d0a90
2,5647ab9d0c41,5647ab9d0c50
1,5647a92d0c43,5647ab9d4010
3,5647a92d0c43,5647a8809510
2,5647ab8f8800,0
3,5647ab950000,5647ab967290
2,5647ab8f8c46,5647ab8f8c77
2,5647ab9d8005,0
3,5647ab9d8c5b,5647a880b760
2,5647ab9d0c1b,0
2,5647ab9d805a,5647ab9d80c0
3,5647ab8f0059,5647ab8f1650
2,5647ab8f8c5f,5647ab8f8c40
2,5647ab9d8c1e,0
2,5647ab8f805e,0
3,5647ab8d801e,5647ab8eea20
2,5647ab95001c,0
2,5647ab970c53,5647ab970da8
1,5647ab970c13,5647ab970af8
5,5647ab9d1852,5647ab9d0aa0
7,5647ab9d9c51,5647ab9ddf49
2,5647aba58411,5647aba587b0
2,5647ab970451,5647ab970434
5,5647ab9d1810,5647ab9d0a80
5,5647ab979810,5647ab8f0d00
1,5647ab950810,5647ab950271
2,5647ab8f8817,5647ab8f89e0
2,5647ab8d0056,0
2,5647ab8f8c55,5647ab8f8c88
7,5647ab9d9415,5647ab9d91bb
2,5647ab9d0c15,0
3,5647ab8d9fea,5647ab8da330
1,5647a92d1bab,5647ab8d5480
3,5647ab9d93e9,5647ab9d92f0
3,5647ab9717a9,5647ab8d6440
2,5647ab979be9,5647ab97a7ee
1,5647ab8f13e8,5647a8809f30
4,5647ab9d8fef,5647ab9df8c0
2,5647ab971faf,5647ab971fc6
2,5647ab8d13ed,0
1,5647a92d1bee,5647a92d1bcb
1,5647ab9d93a3,5647ab9d9343
2,5647ab8f1fa3,0
7,5647ab978fe2,0
2,5647a92d1ba3,5647a92d1bab
1,5647a91d1ba3,5647a91d1b21
1,7f91afb6c9a4,7f91afb6c822
3,5647ab9717a0,5647ab8d6440
2,5647ab8f97a6,5647ab8f9e58
2,5647ab9d1ba6,5647ab9d1dc9
2,7f91afb6c5e1,7f91afb6c5b4
3,5647a92d1be6,5647a8809630
1,5647a92d1be6,5647ab8d6470
2,5647ab8d13e4,0
3,5647ab979bfb,5647a97f5080
3,5647ab971ffa,5647ab946b70
2,5647ab971fb9,0
4,5647ab9d07b8,5647ab8eb780
2,7f91afb6c5fc,7f91afb6c678
2,5647ab971fbf,0
4,5647a9158bff,0
1,5647ab8d9ff3,5647ab8d9d5a
1,7f91afb6c9b7,0
7,5647ab9d0bf2,5647ab9d0da6
3,5647ab9717b2,5647ab8d6440
2,5647ab8d17f1,5647ab8d1681
2,5647a93d93f3,0
1,5647ab8f17f1,5647ab8f1792
3,5647ab9797b1,5647ab8da330
2,5647ab8f97b0,0
1,5647ab8d97b7,5647ab8edcc0
1,5647ab8d17f7,5647ab8d1670
1,5647ab8d13f7,5647ab8d11f8
1,5647ab9717b7,5647ab9717ce
2,7f91afb6c5b2,7f91afb6c5e8
2,7f91afb6c5f2,7f91afb6c646
3,5647ab9d93cb,5647aba6a580
3,5647ab8f938a,5647ab906680
7,5647ab9d8bca,5647ab9d8a14
1,5647a92d1388,7f91a7e87ba0
1,5647ab959f8a,0
7,7f91afb6d18d,5647a93317fe
1,7f91afb6c9cd,7f91afb6c822
2,5647a92d138b,5647a92d1392
2,5647ab979bc8,5647ab979ef8
1,5647a92d138d,7f91a7e8b590
3,5647a92d138d,5647a8809510
2,5647ab9797cf,0
2,5647a92d1b8c,0
3,5647ab971bce,5647ab8fd440
2,5647ab8f97ce,5647ab8f97f8
2,5647ab97978d,0
1,5647a92d1b8e,5647ab8d5480
7,5647ab9d0bcc,5647ab9d0b18
1,5647ab8d1f83,5647ab8d1f65
2,7f91afb6c587,0
1,5647ab1f9783,5647ab1f966f
3,5647ab9d9782,5647a880aed0
2,5647a91d1b80,0
2,5647ab979bc0,0
1,5647ab8d97c7,5647ab8d97d8
2,7f91afb6c9c3,0
2,5647a92d1bc4,0
3,5647a92d1bc6,0
7,5647ab970fda,5647ab97044f
2,5647ab9d9798,5647ab9d98f0
3,5647ab9d93df,5647aba6a580
2,5647ab979bdf,0
7,5647a92707dc,5647aad3f40a
2,5647ab8d97de,5647ab8d97d0
2,5647a92d1bdc,0
2,5647ab9717de,0
2,5647ab971fde,0
3,5647a92d1bde,0
1,5647a92d1bde,5647ab8d6470
2,5647a91d1f9e,0
1,5647ab971bd3,5647ab8fbb10
1,7f91afb6c597,7f91afb6c5b4
2,5647ab8f17d2,5647ab8f1775
2,5647ab971f92,0
2,5647ab971fd1,0
2,5647ab9d9b91,0
2,5647ab8f1f91,0
7,5647ab9d8f97,5647ab9d92ae
3,5647ab971797,5647ab8d6440
3,5647a92d1395,5647a8809630
1,5647a92d1395,5647ab911ad0
2,5647ab9797d7,0
2,5647ab8d97d6,5647ab8d97e0
3,5647ab9d93d5,5647ab9df4b0
2,7f91afb6c5d1,7f91afb6c5a0
3,5647ab8f9794,5647ab967270
7,5647aba587d4,5647aba302a0
2,5647ab8f9394,5647ab8f9350
3,5647ab971f94,5647a8809510
1,5647ab8d97d4,0
2,7f91afb6c96f,0
1,5647ab959f6a,5647ab959e61
3,5647ab9d1b6a,5647ab9d20a0
2,7f91afb6c92e,7f91afb6c947
2,5647aba51f2a,0
2,5647ab8f1769,0
7,5647ab8d8329,5647aa773fad
3,5647ab8d1f68,5647a926b190
2,5647ab959f28,5647ab959f35
2,5647ab959f2e,5647ab959f35
2,5647ab8f176e,5647ab8f17c8
4,5647ab9d072e,5647ab8f43f0
2,5647ab9d9b2d,0
2,5647ab8f1f6c,0
3,5647a91d1b6e,5647a91d1820
2,5647a91d1f2e,0
1,5647ab8f9362,5647ab8f92e1
3,5647ab971f62,5647a8809510
2,5647a91d1f20,0
3,5647ab9d1321,5647ab997170
2,5647ab9d9761,5647ab9d98e0
2,7f91afb6c965,7f91afb6c9c0
5,5647ab8d8f20,5647ab8e0770
2,5647ab971f60,0
3,5647ab971767,0
2,5647ab9d9367,5647ab9d9390
1,5647ab9d1326,5647ab9d12e0
3,5647ab9d9725,5647ab9d9bf0
3,5647a91d1f67,0
3,5647a92d1366,5647a8b82d90
2,5647ab979764,0
3,5647ab8d1f7b,5647ab8f0f30
7,5647ab8d833a,5647ab900460
2,5647ab97977a,5647ab9798b9
2,5647ab979b3a,0
3,5647ab959f79,5647a92d24a0
2,5647ab8f1f79,5647ab8f20e0
2,5647ab8d1b38,5647ab8d1db0
2,7f91afb6c97c,0
3,5647ab9d9b3f,5647ab9d9cd0
1,5647ab959f3e,5647a926c800
2,5647ab97177e,0
2,5647ab97973e,0
2,5647a91d1b3c,5647a91d1b50
2,5647a93d9b7f,5647a93d9d18
7,5647ab9d0b7d,5647ab9d0b27
2,5647a935973f,0
3,5647ab971f7c,5647ab948250
2,5647ab9d1b73,0
2,5647ab9d9333,5647ab9d9360
3,5647a91d1b31,5647ab8e30e0
1,5647ab8d1f72,5647ab98d680
7,5647ab9d0f32,5647ab9cf856
3,5647a91d1f73,0
2,5647a93d9b72,0
5,5647ab950f30,5647ab8d5400
3,5647a92d1372,5647a92d0bc0
7,5647ab9d0770,5647ab9b81ce
3,5647ab8f1737,5647ab8e4a70
2,5647a92d1b74,5647a92d1b7b
5,5647ab8d8f76,5647ab8d9570
2,5647a91d1f34,0
7,5647ab970b35,5647ab968bfd
3,5647ab971735,5647a93a9000
2,5647ab1f9775,0
1,5647a92d1b76,5647ab8d6470
2,5647ab9d9734,0
5,5647ab9d8334,5647ab9dfaa0
2,5647ab979334,5647ab979468
2,5647ab8f174b,0
2,5647ab9d1b4b,0
2,5647ab9d9b4a,0
3,5647ab9d970a,5647ab9d9bf0
7,5647ab9d0349,5647ab99ef54
1,5647ab971f09,5647ab971e8d
2,5647ab9d9b08,5647ab9d9b11
1,5647ab959f4f,5647ab959e61
7,5647aba5070e,5647aba40af8
2,5647ab971f4e,0
1,5647ab8d170d,5647ab8d1681
5,5647ab8d8f4d,5647ab8d5460
7,5647ab9d0b0d,5647ab74b33c
3,5647a91d1f0f,0
1,5647ab8f1703,5647ab8f16d2
3,5647ab959f43,5647ab9114a0
2,5647ab979b43,5647ab979cee
3,5647a91d1f01,5647ab8decf0
2,5647aba51f42,0
4,5647ab9d0741,5647ab8f43d0
2,7f91afb6c945,7f91afb6c930
2,5647ab9d1b40,5647ab9d1c18
7,5647ab9d8300,5647ab9d827b
1,5647ab9d9307,5647ab9d8fa0
7,5647ab9d0307,5647ab77b500
2,5647a91d1f45,0
3,5647ab971745,0
3,5647ab9d9745,5647a880aed0
1,5647ab1f9704,5647ab1f966f
2,5647ab8d1f5b,5647ab8d1f65
2,5647ab971f1b,5647ab9720d0
2,5647a91d1f59,0
2,5647ab971719,0
2,5647ab9d9719,0
2,5647ab979b18,5647ab979b33
2,5647ab97171f,0
5,5647ab9d831f,5647ab9da650
3,5647a92d1b5c,5647a91d2df0
3,5647ab959f5e,5647ab8f0f30
1,5647ab8d171e,5647ab8d1676
3,5647ab9d9b1e,5647ab9816c0
3,5647ab97971e,5647ab8e4a70
3,5647ab8d1f5d,5647ab9114a0
2,5647ab8f931d,0
2,5647ab9d9b5d,5647ab9d9b80
1,7f91afb6c919,7f91afb6c8b1
2,5647a91d1b1f,5647a91d1b98
2,5647a935971f,0
2,5647a93d971e,5647a93d967a
3,5647a91d1b5e,5647ab8e30e0
5,5647ab8f0f13,5647ab8d7470
2,5647ab951753,5647ab951888
2,5647ab979713,0
2,5647a93d9b13,0
7,5647ab8f0711,5647aba6b74c
2,5647ab971751,0
2,5647a91d1f53,0
7,5647ab9d0750,5647ab9d157d
2,7f91afb6c954,7f91afb6c7ac
3,5647ab971f50,5647a8809510
7,5647ab9d8b50,5647ab9d8a2d
2,5647a91d1b12,0
2,5647ab8d1f57,5647ab8d1f78
3,5647ab9d1b56,5647a8809560
3,5647ab9d9b56,5647ab9d99e0
2,5647a9359714,0
3,5647ab9d9755,5647a880aed0
1,5647ab8f1355,5647ab8f0fa4
2,5647ab8f1754,0
2,5647ab8d16ab,0
4,5647ab9d0aab,5647ab8f4780
7,5647ab970eab,5647ab9709f3
2,5647ab9712aa,0
1,5647ab8d92ea,0
2,5647a91d1aa8,0
2,5647a91d1ae8,0
2,5647a91d1ea8,0
3,5647ab9d92a9,5647ab9d8f90
2,5647ab8f16e8,5647ab8f16c0
2,5647a93d96ea,0
2,5647ab9512a8,5647ab9512b1
1,5647ab8d16a8,0
3,5647ab979aa8,5647ab8da330
2,5647ab9796a8,0
2,5647ab959eef,5647ab959ed8
2,5647ab951eaf,5647ab9522c5
1,5647ab8d1aaf,5647ab8d1ac5
2,5647ab8f16ae,0
1,5647ab8f12ee,5647ab8f0fe0
2,7f91afb6c8ea,7f91afb6cb2a
2,5647a93d96ae,0
2,5647ab8f12a1,5647ab8f134e
2,5647ab8f16e0,5647ab8f16fe
7,5647ab8f8ea0,5647ab90550d
2,5647a91d1ae2,0
2,7f91afb6c8a3,7f91afb6ca77
2,5647a93d96a4,0
3,5647ab8f12e5,5647ab8e3220
3,5647ab8d92e5,0
3,5647a92d1aa6,5647a8b82d90
2,5647ab9d92a4,0
1,5647ab8d12e4,5647ab8d1254
3,5647ab8d92a4,0
2,5647ab9716e4,0
5,5647ab9502fb,5647ab8d5480
1,5647ab8d12fb,5647ab8d106f
2,7f91afb6c4bf,7f91afb6c49a
2,5647ab9796fb,5647ab979705
3,5647ab9792fa,5647ab97ba20
2,5647a93d96fb,5647a93d99c0
1,5647ab8d16f9,5647ab8d1611
3,5647ab971ef9,5647ab8cff10
2,5647ab8f92f8,5647ab8f9310
2,5647ab9716f8,0
2,5647ab971eb8,0
2,7f91afb6c8fc,7f91afb6cb95
5,5647ab950eff,5647ab8d5480
2,5647ab979eff,5647ab979bce
2,5647ab9796ff,0
1,5647ab8f16fe,7f91a7e8b590
2,5647ab9712be,0
2,5647ab9d96fe,0
3,5647a91d1afc,5647ab8da330
2,5647ab9d92fd,0
2,5647ab9716fd,5647ab9717f8
2,5647ab971ebd,5647ab971f10
2,5647ab8f16fc,5647ab8f16e2
2,7f91afb6c8b8,7f91afb6c9b0
1,5647a93596be,5647a9e48450
1,5647ab8f12b2,5647ab8f0fa4
3,5647ab9d96f2,5647ab9dbcc0
2,5647ab8f92b1,0
3,5647ab8f92f1,5647a8809590
2,5647ab9d9af1,0
1,5647ab8d96b0,5647a8809d10
2,5647ab8d92b0,0
2,5647ab1f96f0,0
7,5647ab9d8ab0,5647ab9da824
2,7f91afb6c4b3,7f91afb6c488
2,5647ab9796b7,0
2,5647a93596f4,0
2,5647ab9d1ab5,0
1,5647ab8f16b4,5647ab8f16e2
2,5647ab8d16b4,5647ab8d1718
7,5647ab8d0eb4,7f91a87353e0
3,5647ab9d96b4,5647a8809520
2,5647a91d1eb6,5647a91d1ed2
2,5647ab8d1a8b,0
5,5647ab9d0ecb,5647ab9d0720
2,5647ab97128b,0
1,5647ab97968b,5647ab979708
3,5647a93d96cb,5647aba10580
2,5647ab951ec8,0
7,5647ab8d86c8,5647a96f857d
2,5647ab8d1acf,0
2,5647ab8d92cf,0
2,7f91afb6c48b,0
1,5647a92d12cd,7f91a7e87ba0
3,5647ab8f128f,5647a9266d70
1,5647ab959ece,0
4,5647ab9d0a8e,5647ab8f4410
2,5647ab979ace,0
1,5647ab8d12ce,5647ab8d1184
2,5647ab9712cd,5647ab971210
1,5647ab1f968c,5647ab1f94fd
2,5647ab97928c,0
2,5647ab8f16c3,5647ab8f1700
1,5647ab8d1a83,0
2,5647ab8f92c2,5647ab8f9350
2,5647ab9d12c2,5647ab9d1302
2,5647ab979a82,0
3,5647ab8d9281,5647ab905730
2,5647ab8d92c1,0
1,5647a93d9682,5647a93d94b0
2,7f91afb6c4c4,0
3,5647ab9d96c0,5647a8809520
2,5647ab9d12c7,0
1,7f91afb6c483,7f91afb6c49a
2,5647ab8d1a86,0
3,5647ab9712c6,5647ab968b30
1,5647ab8d9286,5647ab8d919b
2,7f91afb6c882,0
2,5647ab979ac6,0
2,5647ab971284,0
1,5647ab8f1284,5647ab8f0fe0
2,5647ab979284,0
2,5647ab8d169b,5647ab8d16f0
2,5647a91d1ad9,0
2,5647ab97129a,5647ab971210
2,5647ab9d9ada,0
7,5647ab8f8699,5647a914cb61
3,5647a93d96db,5647a8809520
2,5647ab9716d9,0
2,5647ab9d12d8,0
3,5647ab951e9f,5647ab8ff1d0
2,5647ab8d1a9f,0
2,5647ab9d969f,5647ab9d98d0
2,5647ab97969f,5647ab9796bd
2,5647ab9796df,5647ab9794af
4,5647ab9d0a9e,5647ab8f4450
2,5647ab9d12de,5647ab9d1318
2,7f91afb6c89a,7f91afb6ca2f
3,5647ab971e9d,5647a880aae0
1,5647ab8f9a9c,5647ab8f9600
2,7f91afb6c498,7f91afb6c4c1
3,5647ab971edc,5647a88095e0
1,5647a92d1ad1,5647ab8f3f20
2,5647ab8d1a93,0
2,5647ab8f92d3,5647ab8f9378
2,7f91afb6c8d7,7f91afb6c870
3,5647ab971293,5647a880b160
3,5647a92d1ad1,0
3,5647a91d1ad1,5647ab8e30e0
2,5647ab9d1a92,5647ab9d1aa8
2,5647ab959ed1,5647ab959ef1
2,5647a91d1e93,0
2,5647ab979a90,0
2,5647ab8d1ad7,0
3,5647ab9796d7,5647ab97b780
2,5647a92d12d4,5647a92d12f9
2,5647ab9792d6,5647ab9792f1
3,5647ab8f9a94,5647ab967290
2,5647ab8d162b,5647ab8d1670
3,5647ab9d966b,5647ab9d9ac0
2,5647ab8d122b,0
2,5647ab8d166a,5647ab8d17e0
1,5647a9359228,7f91a7e87ba0
2,5647ab8f166a,0
2,5647ab8f9629,0
5,5647ab950629,5647ab9667a0
7,5647ab8d0229,5647aba36b1e
2,5647ab971229,0
2,5647ab8d9a28,5647ab8d9d09
3,5647ab8d926e,5647a90044f0
2,5647ab8f122e,0
2,5647ab9d166c,0
2,5647ab979a6c,0
2,7f91afb6c867,7f91afb6c8be
2,5647ab9d9662,5647ab9d9840
2,7f91afb6c825,7f91afb6c85c
2,5647ab8f1221,5647ab8f10c3
2,5647ab8d9260,0
1,5647ab8d1a20,5647ab8d1960
2,5647ab971260,0
2,5647ab1f9660,5647ab1f9760
7,5647ab9d0267,5647aba30859
7,5647ab9d8267,5647ab9d8129
7,5647a91d0e25,5647a91d122f
7,5647ab9d0e66,5647ab74b0dd
2,5647ab979226,0
3,5647ab979266,5647ab8da330
2,5647ab8d1265,0
2,5647ab8d9265,0
7,5647ab9d8a65,5647ab9d8314
3,5647a91d1e27,5647ab8e2d20
3,5647ab979a65,5647ab97b9a0
7,5647ab8f8624,5647ab8f8506
4,5647ab8f867b,5647ab8f8690
7,7f91afb6d03f,7f91afb54c1d
7,5647a98f8239,5647ab961cdc
3,5647ab8f127b,5647a92607b0
3,5647a91d1e38,5647ab8edb60
3,5647ab971279,5647ab8d6440
2,5647ab9d9679,0
2,5647ab8d1638,0
2,5647ab8d9a38,5647ab8da0b4
4,5647ab9d0a78,5647ab8f46e0
2,5647ab971e78,5647ab971ed0
3,5647ab9d9e38,5647ab981a40
5,5647ab9d8278,5647ab9d8290
1,5647ab8f963f,7f91a7d2d4c0
3,5647a93d967d,5647a8809d10
7,5647ab8d823f,5647ab97e988
3,5647a91d1e7d,5647a91d1a70
2,7f91afb6c47a,0
2,5647ab8f9e7d,5647ab8f9a8d
2,7f91afb6c439,7f91afb6c450
7,5647ab8f827c,5647abaa947e
7,5647ab9d023c,5647ab9a4a3f
2,5647ab1f967c,0
3,5647ab8d123c,5647ab8d28f0
2,5647ab979a3c,5647ab979a57
2,5647ab951233,0
2,5647a9359231,0
2,5647ab8d1272,5647ab8d12f0
1,5647a91d1233,0
3,5647ab979631,0
2,5647ab8d9a30,5647ab8d9d1b
2,7f91afb6c434,7f91afb6c460
2,5647ab959e37,5647ab959f70
2,5647ab951277,0
7,5647ab9d0e77,5647ab77ae94
2,5647ab9d9637,0
2,5647ab979236,5647ab97ace6
3,5647ab979a75,5647ab8f7f10
2,5647ab8d1674,5647ab8d169d
2,5647ab8f960b,5647ab8f961c
2,5647ab1f964a,0
2,5647ab951e09,0
7,5647aba50249,5647aba204d6
3,5647ab971249,5647ab94b260
2,5647ab979649,0
2,5647ab8d9608,5647ab8d9632
7,5647ab970a08,5647ab970751
2,5647ab8d160f,5647ab8d1676
2,5647ab95124f,5647ab951228
3,5647a885120c,5647a8851170
2,5647ab8f124f,0
1,5647ab8d9a4f,5647ab8d9ce0
2,7f91afb6c80a,7f91afb6c9a0
7,5647a93f820c,5647aae0db9f
2,5647ab97920d,0
2,5647ab97964d,0
2,5647ab8d164c,5647ab8d1670
5,5647ab8f0a0c,5647ab8d7940
2,5647ab9d964c,5647ab9d97e0
1,5647ab8f9242,5647a880a670
2,7f91afb6c446,7f91afb6c41c
2,5647ab951e01,0
7,5647ab8f0e00,5647abab14a6
3,5647ab951e40,5647ab953310
2,5647ab8d9240,0
1,7f91afb6c404,7f91afb6c3d0
2,5647ab9d9e40,0
2,5647ab979600,0
2,5647ab951e47,5647ab951d50
2,5647ab8d1247,5647ab8d12d8
1,5647ab8f9607,0
2,5647ab8d9606,5647ab8d9648
1,7f91afb6cc02,7f91afb6c82f
2,5647ab8d9245,0
3,5647ab8d1644,5647ab8d1940
2,7f91afb6c840,0
2,5647ab8f1244,0
2,5647ab959e5b,5647ab959f40
4,5647ab8d0e1b,5647ab8d7b30
1,5647ab8f125b,5647ab8f1080
3,5647a91d1e18,5647ab8cf6b0
2,5647ab9d1219,5647ab9d12a8
2,5647ab9d9659,0
2,5647ab8d1618,0
2,5647ab8d9218,0
2,5647ab951e1f,0
1,5647ab95121f,5647ab951243
2,5647ab95125f,0
1,5647ab9d1e1f,5647ab9d1c51
2,5647ab9d1a5f,0
2,5647ab8d125e,0
7,5647ab9d025e,5647ab9ac554
2,7f91afb6c41a,0
3,5647ab8d9a1d,5647ab8d6440
1,5647ab8f921c,5647ab8f90eb
1,5647ab8f1213,5647ab8f10d8
2,5647ab8d1653,0
2,5647ab8d1213,5647ab8d109b
2,5647ab8f9613,5647ab8f961c
2,5647ab9d9e53,0
3,5647a91d1e51,5647ab8e30e0
2,5647ab979611,0
1,5647ab8d1611,0
2,5647ab959e50,5647ab959f58
3,5647ab8d9a10,5647ab8da360
1,7f91afb6c454,7f91afb6c417
2,5647ab1f9650,5647ab1f96ca
2,5647a9359252,5647a93596b9
3,5647ab8d1a17,5647ab8d20d0
2,5647ab8f1657,0
2,5647a92d1a14,0
2,5647ab1f9656,0
7,5647ab8d8e54,5647ab8d8daf
2,5647ab951254,0
3,5647ab971214,5647ab8d6440
3,5647ab979254,5647ab8e4a70
7,5647aba505ea,5647aba2aa02
2,7f91afb6c3ae,0
2,7f91afb6c3ee,7f91afb6c3b0
2,5647ab9799ea,0
3,5647a91d1da8,5647ab8e94a0
5,5647ab9d8de8,5647ab9d9040
2,5647ab8d99af,0
2,5647ab8d19af,0
7,5647ab8f8daf,0
2,5647ab9511ee,0
2,5647ab9d95ae,5647ab9d95f0
2,7f91afb6c3e9,7f91afb6c400
2,5647ab8f91ac,5647ab8f9200
2,5647ab951dac,0
3,7f91afb6cfe8,7f91afb510e0
2,5647ab9d9dac,0
2,5647ab8d19a3,5647ab8d1980
2,5647ab9d9da3,5647ab9d9d90
2,5647ab9d99e3,0
2,5647a91d1de1,0
2,5647ab9791a3,0
2,5647ab951de2,0
1,5647ab8d11a1,0
1,5647ab959da0,7f91afb543e0
2,5647ab8d19e7,0
2,5647ab9d1de7,5647ab9d1e15
3,5647a92d11e5,0
2,5647ab9d15a5,0
4,5647ab8d0de5,5647ab8d7d10
2,5647a91d19a7,5647a91d1876
2,5647ab8d99e4,5647ab8d99eb
2,5647ab8d11a4,0
2,5647a93591a6,0
1,7f91afb6cbe0,7f91afb6c82f
2,5647ab8d15fb,5647ab8d1700
1,5647a92d11f9,0
2,5647ab8d99ba,0
7,5647aba509ba,5647aba2c397
1,7f91afb6c3fe,7f91afb6c3d0
3,5647ab9d95fa,5647ab9d99c0
7,5647ab8d05f8,0
2,7f91afb6cffc,0
2,5647ab8d95ff,0
1,5647ab8d19bf,5647ab8d19d5
2,7f91afb6c7fb,0
1,7f91afb6cbf9,7f91afb6cb75
2,5647ab8d1db3,0
1,5647a92d11f1,0
2,5647ab9799f2,0
7,5647ab8f89f1,5647a914c69c
3,5647ab9d99f1,5647a8809640
2,5647ab8d95f7,0
3,7f91afb6cfb3,7f91afb511a0
2,5647a93591b5,5647a9359568
3,5647ab9d91b6,5647ab9d93b0
2,5647ab9d15b6,5647ab9d165f
1,5647ab979db6,5647ab979b90
3,5647a91d1db4,5647ab8cf6b0
2,5647ab951db5,0
1,5647ab9d19f5,5647ab9d1806
2,5647a88511f6,0
2,5647ab8f91b4,5647ab8f91a0
2,7f91afb6cff0,0
2,5647a9359188,5647a935920e
2,5647ab8d9989,5647ab8d999f
2,5647ab9791c9,0
3,5647ab9d91c8,5647ab932da0
1,5647ab9d9d88,5647ab9d9d9d
3,5647a91d1d8a,5647a91c1a80
3,5647a93d99cd,5647ab8cff10
1,5647ab8d958f,0
7,5647ab8d818e,5647ab8fdbe4
2,7f91afb6c78a,7f91afb6c750
3,5647a885118d,5647ab8d6490
2,5647ab8d158d,5647ab8d1700
2,5647ab9d158d,0
2,5647ab9d9dcd,0
2,5647ab8d95cc,0
3,5647ab9799cc,5647ab8da330
3,5647ab9d9d83,5647a880b400
1,5647ab8d9983,0
1,5647ab8d99c2,0
2,5647ab1f9582,0
2,7f91afb6cbc5,0
7,5647ab9d0dc0,5647ab9d0bbc
2,5647ab9d1580,0
2,5647ab8d95c7,0
7,5647ab8d8dc7,7f91a7e87ba0
2,5647ab8d1187,5647ab8d13e1
1,5647ab9d99c7,5647ab9d99d3
2,5647ab8d9586,5647ab8d959d
3,7f91afb6cfc2,7f91afb6c550
2,5647ab8d99c5,0
2,5647ab8d1584,0
2,5647ab951d84,0
7,5647a9270986,5647a93e8d6d
2,7f91afb6cb80,7f91afb6cbfe
2,5647ab9d9dc4,5647ab9d9d90
2,5647ab979184,0
1,5647ab8f1184,0
2,5647ab8d199b,5647ab8d19e9
3,5647a8851198,5647aba1df90
2,5647ab9d99db,5647ab9d99d0
2,7f91afb6cf9e,0
1,5647ab1f95da,5647ab1f9637
2,5647a9359198,0
1,7f91afb6c39d,7f91afb6c3c0
2,5647ab8d9999,0
1,5647ab979199,5647ab9794af
5,5647ab9501d8,5647ab8d5400
2,5647ab9d1198,5647ab9d0f03
7,5647ab9705d8,5647aba15ec8
1,5647ab8d959f,5647ab8e0770
2,5647ab8f119f,5647ab8f1207
2,5647ab8d19df,5647ab8d19c8
2,7f91afb6c39b,7f91afb6c3a3
2,5647ab8d99de,0
2,5647ab9511de,5647ab9511e5
2,7f91afb6c79a,7f91afb6c76d
1,5647ab8f919d,5647ab8f91b1
2,5647ab8d1ddd,0
2,5647ab8d919d,5647ab8d9210
2,5647ab8d95dc,5647ab8d9620
2,5647ab959ddc,0
2,5647ab97999c,5647ab979cb0
2,5647ab8d95d3,0
2,5647ab8d19d3,0
1,5647ab8d1993,5647ab8d5460
2,5647ab1f95d2,0
2,5647ab8d9591,5647ab8d959d
2,5647ab8d99d1,0
5,5647ab8f0991,5647ab8d7940
2,5647ab8d9991,0
3,5647ab9d1597,5647ab9b55f0
3,7f91afb6cf93,7f91afb5f6e0
2,5647ab9d9d97,0
2,5647ab979197,0
3,5647a91d1dd5,5647ab960950
2,5647ab979997,5647ab9799c5
2,5647ab8d1996,5647ab8d1a00
2,5647ab8f1196,0
5,5647ab9d0996,5647ab9d0730
1,5647a93d99d7,5647a93d970f
2,5647ab9d91d4,0
2,5647ab951dd4,5647ab951e98
3,5647ab9d1dd4,5647ab9d2740
2,7f91afb6cbd0,0
2,5647ab9d916b,0
3,5647ab951d6b,5647ab952c40
2,5647ab8d112b,5647ab8d1220
2,5647ab979d6b,0
2,5647ab8f152a,0
3,7f91afb6cf6d,7f91afb5f240
2,5647ab979529,0
2,5647ab8d9d68,5647ab8da0a2
1,5647a935956a,5647ab941b20
2,7f91afb6c76b,0
2,5647ab97112f,0
3,5647ab97912f,0
2,5647ab8d9d6e,5647ab8d9ce0
2,5647ab9d992d,5647ab9d97a9
2,5647ab1f9563,5647ab1f9550
2,5647ab8f1162,5647ab8f1118
5,5647ab8f0962,5647ab8f0d00
2,5647a91d1163,0
1,5647ab8f1d20,7f91a7e87420
2,5647ab8d1567,5647ab8d15f8
5,5647ab9d8127,5647ab9d7fb0
2,5647ab1f9526,0
2,5647ab959d25,5647ab959d2e
2,5647ab8d9d25,5647ab8d9d35
7,5647aba58d24,5647aba1a66c
1,5647ab8d1564,0
2,5647ab8d157b,0
2,5647ab8d117b,0
1,5647ab8d197a,5647ab8d1990
1,5647ab8d9d79,5647ab8d9ce0
2,5647aba51579,0
2,5647a91d1d3b,0
3,5647a91d1d7b,5647ab8d6440
2,5647ab1f9578,0
2,5647ab959d7f,5647ab959da0
2,5647ab9d913f,0
7,5647ab8d857d,0
2,7f91afb6c739,0
2,5647a91d113f,0
2,5647ab8d153c,5647ab8d1690
2,5647a885117f,0
2,7f91afb6cf78,7f91afb6d040
1,5647a92d113e,7f91a875ffb0
2,5647ab1f9533,0
2,5647ab979173,5647ab97a853
2,5647ab979533,5647ab979036
2,5647ab8f9172,0
2,5647ab9d1572,0
3,5647a91d1d30,5647a88097b0
2,5647ab8f1171,0
2,5647ab9d9131,0
1,5647a91d1933,5647a91d18d0
2,5647ab979d71,0
3,5647ab8d9d30,5647ab8d48e0
3,5647ab9d9d70,5647a880b400
1,5647ab979170,7f91a8737240
2,5647ab8d9d37,5647ab8d9fdb
2,5647ab8f1137,5647ab8f1155
3,5647ab951d77,5647ab8d6440
2,5647ab979137,0
2,7f91afb6cb32,7f91afb6cbed
2,5647a92d1134,0
3,5647ab8d1534,5647ab8d1940
3,5647ab8f9174,5647a880a050
2,5647ab959d74,0
1,5647ab8f1134,0
2,5647ab971134,5647ab971240
1,5647a92d1136,7f91a87370f0
3,5647a92d1136,0
2,5647a9359109,0
7,5647a92d0d09,5647a92d1377
2,5647ab8f150a,0
3,5647ab8f1d0a,5647a92b1fd0
2,5647ab1f950a,0
3,5647a91d1d08,5647ab8d6440
2,5647ab8d1549,0
3,5647a92d154b,0
1,5647ab8d1508,5647ab8d142e
3,5647ab951d0f,5647ab8d54a0
2,5647ab8f110e,0
5,5647ab9d8d0e,5647ab9d94a0
1,7f91afb6c749,7f91afb6c76d
1,5647ab9d1143,5647ab9d10aa
2,5647ab951d02,0
3,5647ab9d1102,5647aba03110
2,5647ab979140,0
1,5647ab9d9507,5647ab9d94cc
1,5647ab8d9d07,0
1,5647ab9d1107,5647ab9d0f15
3,5647ab971107,5647ab949d40
2,5647ab1f9547,5647ab1f955c
2,5647ab979146,0
2,5647ab8f1105,5647ab8f1289
1,5647ab8d1545,0
3,5647ab8d9905,5647ab8d9930
3,5647a91d1d47,5647a91c1aa0
2,5647ab8d9d45,0
1,5647ab951d44,5647ab951da4
1,5647a92d1146,0
2,7f91afb6cf5f,0
2,5647ab8d195a,5647ab8d1a10
2,5647ab8f151a,0
2,7f91afb6c75e,7f91afb6c920
2,5647ab1f955a,0
1,5647ab8d9d5a,0
3,5647ab9d9159,5647ab9dc3a0
7,5647ab8f8519,5647abaa9489
1,7f91afb6cb1d,7f91afb6c82f
2,5647aba59958,0
1,5647aba5995f,0
2,5647ab97951f,5647ab979036
2,5647ab97111e,0
2,5647a92d111c,0
2,5647ab8d9d5d,0
2,5647ab979d5d,0
2,5647ab8d991c,0
2,5647ab8f111c,0
2,5647ab8d111c,5647ab8d114d
2,5647a935911e,0
1,5647a92d111e,0
2,5647ab8f9113,5647ab8f9168
2,5647ab8f1153,5647ab8f1140
2,5647ab971113,0
1,5647a91d1d10,7f91a8737240
2,5647a91d1910,0
2,5647ab8f1d11,5647ab8f1cda
2,5647ab9d9910,0
3,5647ab951d57,5647a9004490
3,5647ab979156,5647ab8cf6b0
1,5647ab8d1955,0
2,5647ab8d9d15,5647ab8da0d4
2,5647a91d1d17,5647a91d1db9
2,5647ab979515,5647ab979036
2,5647ab8d14ab,0
2,5647ab8d18ab,5647ab8d18f9
1,5647ab9d98eb,5647ab9d9773
1,5647ab979cab,5647ab979690
1,5647ab9794aa,5647ab9795ee
3,5647a91d18ab,5647ab8d66a0
2,5647a91d18eb,0
7,5647ab8f8ca8,5647ab8f87c6
2,5647ab8d18ef,5647ab8d18d8
2,5647aba598af,5647aba5994b
2,5647ab8f90ee,0
2,7f91afb6caaa,7f91afb6ca6e
2,5647ab8f10ad,5647ab8f1218
1,7f91afb6c6e9,7f91afb6c5e8
2,5647a91d1caf,0
2,5647ab9790ad,0
1,5647ab8d9ced,5647ab8d6470
2,5647ab8d18e3,5647ab8d1890
3,5647ab9d94e2,5647a880b780
3,5647a91d18e0,5647ab8e30e0
2,5647ab8f10a1,5647ab8f10a9
1,5647ab9518e1,5647ab9517e6
3,5647ab9790a1,5647ab8f0d00
2,5647ab8d14e0,0
2,5647ab8f14e0,0
2,5647ab1f94e0,5647ab1f9520
3,5647ab9794e0,5647ab8cf6b0
2,5647ab8d18a6,5647ab8d1910
2,5647ab9790e6,5647ab979111
3,5647ab979ca6,5647ab8d6440
2,5647ab9d90a5,0
3,5647ab9510a4,5647ab8ff1d0
1,5647ab8d14bb,5647ab8d14cd
2,5647ab979cbb,5647ab97a025
1,5647ab9d90b9,5647ab9d906e
2,5647ab9794f9,5647ab97b5dc
2,5647ab979cf9,5647ab979d78
3,5647ab8d14ff,5647ab8d20d0
2,5647ab8d18bf,0
2,5647a93d94bd,0
2,5647ab8f14ff,0
2,5647a91d18fc,0
2,5647ab979cfe,0
7,5647ab9d80bc,5647ab9d7a00
2,5647ab8d18b3,5647ab8d1890
2,5647ab9d14b3,0
2,5647ab9790b3,5647ab9790bc
2,5647ab9518b2,5647ab9518ca
7,5647ab8d00f1,5647ab8cfe74
1,5647ab8d14f0,7f91a7e2de80
7,5647ab8d8cf0,7f91a7e87420
1,5647ab8d18b0,0
2,5647ab8f10b7,5647ab8f1080
1,7f91afb6c6f3,7f91afb6c5e8
2,5647ab9510b6,0
2,5647ab9798f6,5647ab979990
2,5647ab8d9cf4,5647ab8da2b4
2,5647ab8f10f4,5647ab8f10eb
2,5647ab9d94f4,0
2,5647ab951cf4,0
7,7f91afb6d6f0,5647a9331969
1,7f91afb6c6b0,7f91afb6c5e8
2,5647a91d18f6,0
2,5647ab8d14cb,0
1,5647ab8d188a,5647ab8d18a0
2,5647ab9d94ca,5647ab9d9500
1,5647a92d1488,0
2,5647ab979c8a,0
2,5647ab9d9089,5647ab9d9096
1,5647ab9d90c9,5647ab9d906e
2,5647ab9d14c9,0
2,7f91afb6c68d,7f91afb6c6f0
1,5647ab8d14c8,0
1,5647ab8d18cf,5647ab8d18e5
2,5647ab8f10cf,5647ab8f1089
2,5647ab8d988e,5647ab8d989e
7,5647ab9d8cce,5647ab9d7a00
2,5647a91d188c,5647a91d18a4
1,5647ab8d148d,7f91a7e8b590
3,5647ab9518cd,5647ab90bc10
1,5647ab8f10cd,7f91a8737240
2,5647a91d18ce,5647a91d1928
7,5647ab8f8c83,5647ab91f3d0
2,5647a91d18c1,0
2,5647ab8f10c1,5647ab8f1080
2,5647ab8d1480,5647ab8d1467
3,5647ab9d9080,5647a880a580
2,5647ab8f1087,5647ab8f10d8
3,5647ab979487,5647ab8e3000
3,5647a91d1884,5647ab8e30e0
2,5647ab9d94c5,0
2,5647ab9798c5,0
2,5647ab8f1cc4,5647ab8f1d20
1,5647ab959cc4,7f91a838cc10
2,5647ab9d1c84,5647ab9d1b46
2,7f91afb6c680,7f91afb6c652
2,5647ab1f94c4,0
2,5647a91d1cc6,5647a91d1ff8
3,5647ab979084,5647ab8e2d20
2,5647a92d1486,0
5,5647ab9d8cdb,5647ab92d640
2,5647ab9518db,0
3,5647ab1f94d9,5647a8809b00
2,5647ab8d14d8,5647ab8d14c0
2,5647ab8f1cd8,5647ab8f1cf8
1,5647a92d14da,0
2,5647ab979498,0
2,5647ab8d149f,0
2,5647ab8d109f,5647ab8d106f
2,7f91afb6ca9b,0
2,5647ab9798df,5647ab9798e6
2,5647ab8f90de,0
5,5647ab8d8cde,0
2,5647ab95189d,0
5,5647ab8f08dc,5647ab8f0d00
2,5647ab951893,0
2,5647ab9d10d3,5647ab9d10de
2,5647ab9794d3,0
2,5647ab9d14d2,5647ab9d1544
3,5647ab9790d2,5647ab8f0d00
1,5647a92d1490,0
2,5647ab979492,0
2,5647ab8f1090,5647ab8f1080
2,5647a91d1cd2,0
2,5647ab979c90,0
2,5647ab8d1497,5647ab8d14e2
2,5647ab8f1097,5647ab8f10a9
1,5647ab9d98d7,5647ab9d96b0
2,5647ab8d9897,5647ab8d989e
7,5647a9270494,5647aae16089
2,5647ab8d9895,5647ab8d98b0
2,5647ab9798d5,0
1,5647ab8d14d5,0
1,5647ab8d1494,5647a9e48450
2,5647ab8f902b,5647ab8f900e
2,5647ab9d102b,5647ab9d103f
2,5647a92d1469,0
2,5647ab8d186a,0
2,5647ab8f9069,5647ab8f90d8
1,5647a92d146b,7f91a7e87ba0
2,5647ab8d1428,5647ab8d14f8
2,5647ab979028,5647ab979036
2,5647ab979068,5647ab979162
1,7f91afb6ca2a,0
2,5647ab9d906c,5647ab9d90b0
1,5647ab8d1423,0
2,5647a92d1421,0
2,5647ab979862,5647ab97986b
2,5647ab9d1c61,0
3,5647a92d1423,5647a8809510
1,5647a92d1423,5647ab8d7470
2,5647ab979821,5647ab97983c
1,5647ab8d1460,0
7,5647a9158c62,5647ab91ef79
2,5647ab9d9067,5647ab9d90c0
7,5647ab9d8027,5647ab9d7a00
2,7f91afb6c663,0
1,5647a91d1065,5647a91d0cf6
3,5647ab9d9026,5647ab9d9420
2,5647ab8d1465,5647ab8d1490
3,5647ab9d9c25,5647a880a000
2,5647ab8f9025,5647ab8f903f
2,5647ab8d147b,5647ab8d1458
3,5647ab9d9c3b,5647ab8cff10
2,5647ab8f907b,5647ab8f9198
1,5647ab8f983a,5647ab8f9a90
7,5647ab97043a,7f91a7e8b590
1,5647ab8f1079,5647ab8f1089
1,5647ab8d1479,5647ab8d1467
2,5647ab9d943f,5647ab9d9490
3,5647ab979c7f,5647ab8e3000
2,5647ab8d107c,0
2,5647ab8f9073,0
7,5647ab950033,7f91a7e8bf50
3,5647ab979073,5647ab8e4a70
1,5647ab9d9032,5647ab9d8fc7
2,5647ab9d1871,0
3,5647ab971831,5647ab8d6440
1,5647a92d1473,0
2,5647ab9d9c30,0
3,5647ab9d9070,5647ab932e60
7,5647ab8f8070,5647a914d045
1,5647ab8f9030,5647ab8d7360
2,5647ab979030,5647ab979511
2,7f91afb6ca32,7f91afb6cb10
1,5647ab971836,5647ab9717ce
1,7f91afb6ca72,7f91afb6c82f
3,5647ab979875,5647ab97ba20
2,5647ab8f1074,0
2,5647ab9d9009,5647ab9d8fdf
7,5647ab8d8009,7f91a7e8bad0
2,5647ab9d1049,5647ab9d1140
2,5647ab97984f,0
2,5647a91d184c,0
3,5647ab9d9c0d,5647a8809520
3,5647a92d140f,5647a91d2df0
1,5647ab8f900c,5647a93a9700
2,5647ab979c03,5647ab979c60
1,5647ab8f9042,5647ab8d7340
2,5647ab8f9001,0
1,5647ab8f9001,7f91a7d2d890
3,5647ab971801,5647ab94b260
2,5647ab9d1800,5647ab9d19d0
2,7f91afb6c644,7f91afb6c5f4
1,5647ab8f9007,5647ab8d1410
2,5647ab8f9007,0
2,5647ab9d9847,5647ab9d9668
2,5647ab8d101b,5647ab8d1098
3,5647ab8f905a,5647ab8ed1e0
2,5647ab8f981a,5647ab8f9837
2,7f91afb6c61e,7f91afb6c6b8
2,5647ab9d1819,5647ab9d182e
5,5647ab9d8c18,5647ab9d9040
2,5647ab971818,0
3,5647a92d145a,5647a8b26a80
7,5647ab9d045d,5647ab9d292c
2,5647ab8f105c,5647ab8f1186
2,5647ab9d1c1c,5647ab9d1c80
7,5647ab97045c,7f91a7e8b590
1,5647ab8d1453,5647ab8d1471
2,5647ab8d1013,0
2,5647ab8f1057,5647ab8f103a
7,5647ab9d0c57,5647ab9d0adf
2,5647ab9d1857,5647ab9d1863
2,7f91afb6c610,7f91afb6c652
1,5647ab8f1054,5647ab8f0fef
2,5647ab9d9814,5647ab9d9652
2,5647a91d1856,5647a91d1998
2,5647ab972bab,0
1,5647ab8dabaa,5647ab8daa94
2,5647ab9d2fea,0
2,5647ab8dabe9,0
2,5647ab8da7a9,0
1,5647ab8dabef,5647ab8da574
2,5647ab8da3ae,0
2,5647ab972be3,0
7,5647a9373ba1,5647aba2b409
7,5647ab9533e2,5647ab951e45
2,5647a91d2fe3,5647a91d2fc6
2,5647ab8f27a5,0
3,5647ab95aba5,5647aa52b050
2,5647ab8dabe5,0
3,5647ab8daba5,5647ab8ff1d0
3,5647ab9daba5,5647ab8cff10
2,5647ab9dabba,5647ab9dab50
5,5647ab9537f9,5647ab918d30
5,5647ab9dbfb9,5647ab9dbcb0
2,5647ab8da7ff,0
3,5647ab9dafbd,5647ab9db970
1,5647ab9dabbc,5647ab9daae6
2,5647ab95abb2,0
2,5647ab9d2ff2,0
3,5647ab9daff1,5647ab9db970
2,5647ab952fb1,5647ab9530ff
3,5647ab8dabb0,5647ab8d7470
2,5647a91d2ff2,5647a91d38b6
2,5647ab8d2bb0,0
7,5647ab97b7f7,5647ab8ffc6a
3,5647ab8da3f7,5647ab8db560
2,5647ab8da3b6,0
2,5647ab97a7f6,5647ab979bef
3,5647a91d2fb4,5647a8809b50
3,5647ab8d2bf5,5647ab8e2d20
2,5647ab8d2bb5,0
3,5647ab9daf89,5647ab9db970
2,5647ab8f2788,5647ab8f28e0
2,5647ab95ab88,0
2,5647ab8dabc8,0
2,5647ab8dab88,5647ab8daf6f
1,5647ab8daf88,7f91a7e87420
2,5647ab9d2fc8,0
2,5647ab9dafcf,0
2,5647ab8da3cf,0
3,5647ab972bce,5647ab8d6440
7,5647ab95b3ce,5647abaa3deb
1,5647ab8dabce,5647ab8da93e
2,5647ab8dab8e,5647ab8dab95
1,5647ab8daf8e,0
2,5647ab8da78d,5647ab8da9d0
2,5647ab8da7cc,0
2,5647ab8da3c2,0
2,5647a91d2f80,0
2,5647ab8f2781,0
3,5647ab95ab81,5647aa005e70
2,5647ab8dabc0,0
2,5647ab8dafc0,0
2,5647a91d2fc4,0
5,5647ab9dbfc5,5647ab9dc2f0
3,5647ab95abc4,5647aa528d40
2,5647ab9daf9b,0
2,5647a91d2f98,0
2,5647ab8daf99,5647ab8dafb1
3,5647ab8dabd8,5647ab8d7470
3,5647a91d2f9a,5647a8809510
2,5647ab95abdf,5647ab95aad8
3,5647ab8da79d,5647ab8d6600
1,5647a91d2fdf,7f91a7e87ba0
1,5647ab8dafdd,5647ab8da430
3,5647ab8dab9c,5647ab8d6440
1,5647a91d2fd1,5647a91d2fe5
1,5647ab8da3d3,0
5,5647ab8fb7d2,5647ab8f0d00
3,5647ab95ab91,5647ab95aa20
1,5647ab95abd0,5647ab95ab2f
3,5647ab9dab97,5647ab9dc550
2,5647ab9d2396,5647ab9d23a2
7,5647ab95b3d5,5647abaa3deb
2,5647ab8da3d5,5647ab8da3dc
2,5647ab8da7d5,0
2,5647ab972b94,0
2,5647ab9723d4,0
2,5647ab8f272b,0
2,5647ab8f2f2b,5647ab8f3398
2,5647ab9d276b,0
2,5647a91d2f29,0
1,5647ab95a76a,5647ab95a8c1
3,5647ab9dab2a,5647ab9dc550
1,5647ab95ab2a,5647ab95ab2a
3,5647ab9da769,5647ab9da8f0
2,5647ab8dab29,0
2,5647ab972b2f,0
7,5647ab97376f,0
2,5647ab8d272e,5647ab8d2742
2,5647ab95ab2d,0
7,5647ab95376c,5647ab95fd5e
2,5647ab8d2f63,5647ab8d2e31
3,5647ab8f2723,5647ab8d6440
2,5647ab8da763,0
7,5647ab8f3f22,5647a8b82e29
2,5647ab9faf62,0
3,5647ab95ab62,5647aa006760
2,5647a91d2f20,5647a91d3010
1,5647ab8daf21,5647ab8dab95
3,5647ab9daf27,5647ab9ddc80
2,5647ab9daf67,0
2,5647ab8dab67,5647ab8da52c
2,5647ab95ab25,5647ab95ab58
2,5647a9272367,5647a9272540
2,5647ab8f273a,0
2,5647ab9d277a,5647ab9d2815
2,5647ab9da77a,5647ab9da808
2,5647ab8f2f79,5647ab8f3045
1,5647ab8fa739,5647ab8fa6c0
2,5647ab9da739,0
2,5647ab972b3f,0
3,5647ab9dab7f,5647ab8cff10
2,5647ab8d2f3e,0
3,5647ab9daf3e,5647ab9ddc80
2,5647ab9dab3e,0
2,5647ab8dab7d,5647ab8dab95
2,5647ab8da33c,5647ab8da350
2,5647ab95ab3c,0
2,5647ab8d2b7c,5647ab8d2bab
1,5647ab8daf7c,0
3,5647ab8d2f33,5647ab8d3490
2,5647ab8da333,5647ab8da358
3,5647ab972b73,5647ab9620b0
2,5647ab972731,0
2,7f91ae9cfd34,7f91ae9cfd4e
3,5647ab9dab71,5647ab9dc550
2,5647ab9da770,0
2,5647ab8d2b70,0
7,5647ab953737,5647ab9533c5
2,5647ab9dab37,0
2,5647ab8dab37,5647ab8daf81
3,5647ab95ab76,5647ab95aa20
1,5647ab8daf76,5647ab959e20
3,5647ab8f2775,5647ab8f2d70
2,5647ab9d2f34,0
2,5647ab8d2f4b,0
3,5647ab8dab4b,0
2,5647ab8d2f49,0
2,5647ab8f2749,0
2,5647ab8f2f4f,5647ab8f30fa
1,5647ab97230f,5647ab972231
2,5647ab8d2f0e,0
3,5647ab972b4e,5647ab8dd250
2,5647a91d2f4c,0
7,5647ab95b34d,5647ab95a5f2
7,5647ab8fbb0d,5647ab8fba56
1,5647ab8d274d,5647ab8d2627
2,5647ab95a743,5647ab95a74d
2,5647ab972302,0
2,5647ab8d2f01,0
3,5647ab8f2701,5647ab8f8160
2,7f91ae9cfd04,0
3,5647ab8d2700,5647ab8d6f50
2,7f91ae9cfd42,7f91ae9cfe68
2,5647ab95a706,5647ab95a740
7,5647ab9dbb46,5647ab9db082
4,5647ab953346,5647ab9533f5
2,5647ab8daf06,5647ab8daf93
1,5647ab8da345,5647ab8f3f20
2,5647ab8f2f04,5647ab8f2f38
2,5647ab8d2f1b,0
1,7f91ae9cfd5e,7f91ae9cff18
1,5647ab8d275b,5647ab8d26ac
3,5647ab9dab5b,5647ab9da8c0
4,5647ab1f3b1a,5647ab1f3b20
3,5647ab95a75a,5647a99102d0
3,5647ab95ab5a,5647ab95aa20
2,5647ab97271a,5647ab972721
2,5647ab9dab1a,0
5,5647ab953759,5647ab8d96b0
2,5647ab8f2f18,5647ab8f30fa
1,5647ab8d2718,5647ab8d2603
1,5647ab8da358,5647ab8e0770
2,5647ab972b5e,0
3,5647ab95ab1d,5647ab95b240
2,7f91ae9cfd58,0
1,5647ab8fab53,5647ab8fa902
7,5647ab97bb13,5647ab97987a
7,5647ab953b12,5647ab956430
2,5647a91d2f10,5647a91d3010
2,5647ab8f2751,5647ab8f2757
7,5647ab1f3b51,5647abad510e
1,5647ab8daf11,5647ab8da430
2,5647ab95a750,5647ab95a5e0
3,5647ab9daf10,5647ab9ddc80
3,5647a91d2f52,5647abad44d0
2,5647ab8d2f55,0
3,5647ab9daf55,5647ab9ddc80
3,5647ab8f2714,5647ab8f2990
3,5647ab8dab54,0
2,5647ab8d2ee9,0
2,5647a91d2eea,5647a91d2efe
2,5647ab8f2eef,0
2,5647ab8d26ef,0
1,5647a92d26ac,5647ab91b970
3,5647a92d26ac,5647a8809630
3,5647ab9daee2,5647ab9ddc80
7,5647ab8f3ee2,5647aba3ccc0
3,5647a91d2ea3,5647a91c1300
2,5647ab95a6e0,5647ab95a6fb
1,5647ab8daaa0,5647ab8da430
2,5647ab8d22a0,5647ab8d2250
2,5647a92d26a2,5647a92d26a9
2,5647ab95aae7,0
2,5647aba522a7,0
1,5647a92d26a4,5647ab8d7470
3,5647a92d26a4,0
2,5647ab9726e5,0
2,5647ab9daae4,5647ab9dab10
2,5647ab95aabb,5647ab95aad8
1,5647ab8faabb,5647ab8fa67a
2,7f91ae9cfcbe,7f91ae9cfd00
1,5647a91d2ef9,5647ab92d9e0
2,5647ab8f2efa,5647ab8f3320
2,5647ab8daeba,5647ab8db045
2,5647ab8daefa,0
3,5647ab9daef9,5647ab9ddc80
3,5647ab9722f8,0
2,5647ab8d26fe,0
7,5647ab8f32bc,5647ab8dedf9
2,5647ab8d2ef3,0
4,5647ab8fbab3,5647ab8fbe80
7,5647ab8f3eb2,5647aba366bc
2,5647ab8d26b2,0
2,5647ab8d2eb0,0
2,5647ab9726f0,0
1,5647ab8d22b7,5647a9e48467
3,5647ab97aab7,0
1,5647ab8da2b4,7f91a7e87420
2,5647ab8daef4,5647ab8daf01
5,5647ab9dbe8b,5647ab9dc2f0
1,5647a92d2689,5647ab8d1410
1,5647ab9d228b,5647ab9d226d
2,5647ab8d26cb,0
2,5647ab8f2e8a,5647ab8f3260
2,5647ab9daaca,0
3,5647ab8d2ec9,5647a88097b0
2,5647ab95aac8,5647ab95aad8
2,5647ab8f2ecf,5647ab8f3300
7,5647a927ba8d,5647ab966a79
2,5647ab95aace,5647ab95abd8
7,5647ab9dbece,5647ab9dbba1
1,5647a92d26cc,5647a92d2691
2,5647ab9daace,5647ab9dac48
7,5647ab95b2cd,5647ab95ab22
2,5647ab8fa6cd,0
7,5647ab8f3e82,5647ab95b617
3,5647a9272680,5647a9262230
2,5647ab8f2e80,0
1,5647ab8da2c0,5647ab8d5480
2,5647a92d26c5,5647a92d2691
1,5647ab8da2c6,5647ab8da212
3,5647ab9d2286,5647ab9d2380
1,5647a92d2684,5647a92d2550
1,5647a92d26c7,5647ab945d20
3,5647a92d26c7,5647a8809510
2,5647a91d2ec7,5647a91d30b0
2,5647a9272287,5647a9272360
2,5647ab95aac4,5647ab95aad8
3,5647ab8daa9b,5647ab8cf6b0
2,5647ab8d2e9a,0
3,5647ab95aa9a,5647ab95aa20
2,5647ab8dae9a,5647ab8daf16
1,5647ab8d269a,5647ab8d26b4
2,5647a91d2e98,5647a91d30e0
2,5647ab9daad9,5647ab9dac20
1,5647ab8d2298,7f91a7e87ba0
2,5647ab9726df,0
2,5647ab8d26df,5647ab8d2758
2,5647ab8f2edd,5647ab8f2ee6
1,5647a91d2e91,5647ab8cff10
7,5647ab8f3e92,5647a91d5722
7,5647ab95b2d2,5647ab95ab22
2,5647ab8dae92,0
2,5647ab8d2692,5647ab8d26f8
2,5647ab8d2ed1,0
1,5647ab8da691,5647ab8da430
3,5647ab95a6d1,5647ab95aa60
1,5647ab9522d0,5647ab951eb8
2,5647aba522d7,5647aba522c0
2,5647a91d2ed4,5647a91d3090
2,7f91ae9cfc90,0
2,5647ab9dae6b,0
2,5647ab95a629,0
5,5647ab9dbe69,5647ab9dbcb0
2,5647ab95a268,5647ab95a280
2,5647ab8daa6f,0
2,5647ab9d2a2f,0
2,5647ab97262e,5647ab972870
1,5647ab8dae6d,0
2,5647ab8d2e6c,0
2,5647ab8f2e6c,0
2,5647ab9daa63,0
2,5647a92d2661,5647a92d2668
2,5647ab8dae23,5647ab8daee0
3,5647ab8da222,5647ab8cf6b0
3,5647ab8d2662,5647ab8d6490
1,5647a92d2663,7f91a7d42110
2,5647ab972620,0
3,5647ab8daa20,5647ab8cf6b0
1,5647ab8dae67,0
2,5647ab8f2e26,5647ab8f2e2d
1,5647ab8daa25,5647ab8da430
3,5647ab8daa64,5647ab8ff1d0
3,5647a91d2e39,5647ab915280
2,5647a92d2679,0
2,5647ab9daa3a,0
3,5647ab8f2e79,5647ab8f2d40
7,5647ab9d3a79,7f91a7e87ba0
2,5647ab95a279,5647ab95a280
2,5647a927227b,0
2,5647ab8d2e3f,0
2,5647ab9da67f,5647ab9da750
2,5647ab8fa67e,0
2,5647ab8d2a3d,0
1,5647ab8d2e7d,7f91afb51f60
3,5647a92d267f,5647a8809510
1,5647a92d267f,5647ab94f710
2,5647ab8f2e33,5647ab8f2e49
3,5647ab8d2673,5647a8809890
1,5647ab95aa33,0
2,7f91ae9cfc77,7f91ae9cfc8a
2,5647ab9daa72,5647ab9dad60
2,5647aba52271,5647aba52287
1,5647ab8f2e31,0
2,5647ab95a270,0
2,5647ab95a277,0
3,5647ab8d2a36,5647a8809db0
2,5647ab8d2e36,0
2,5647ab95a636,5647ab95a900
2,5647ab95aa36,5647ab95aa4f
2,5647ab8dae36,5647ab8da430
1,5647ab8f2674,5647ab8f25ae
2,5647ab8fa674,5647ab8faab0
7,5647aba5b234,5647aba33c4d
2,5647ab9da674,0
1,5647ab8d2a4b,5647ab8d2a03
2,5647a91d2e49,5647a91d30d0
3,5647a92d2649,5647a91d2df0
3,5647ab97224a,5647ab8efac0
2,5647ab8d264a,0
2,5647ab8d2e49,0
3,5647ab8f2a09,5647ab9fcd90
3,5647ab8f2e08,5647ab915280
3,5647ab8daa08,5647ab8ff1d0
5,5647aba5b208,5647aba36a00
1,5647ab8d220f,5647ab8d6470
7,5647ab95320e,5647aba25706
2,5647ab8da60e,5647ab8da4e0
2,5647ab95aa4d,0
2,5647ab97260c,0
3,5647ab9daa4c,5647ab9d99c0
2,5647ab8f2e43,5647ab8f3220
2,5647ab972603,0
2,5647ab95a243,0
7,5647ab8fb641,0
2,5647ab8f2a01,0
2,5647ab8d2200,5647ab8d24c8
7,5647ab9dbe00,5647ab9dba8f
2,5647ab9d2a40,5647ab9d2961
3,5647ab8da605,5647ab8d6600
2,5647ab8dae45,5647ab8dae60
3,5647ab9daa44,5647ab9dadc0
2,5647ab9dae1a,5647ab9dae88
2,5647a91d2e5b,5647a91d2fd8
2,5647ab972618,0
7,5647ab97ba1d,5647a939a2e6
5,5647ab95b613,5647ab8f3e80
2,5647ab9daa53,0
7,5647ab97ba12,5647a939a2e6
2,5647ab8d2212,5647ab8d25a8
2,5647ab972251,5647ab9723c0
3,5647ab8f2a11,5647ab8f1cc0
2,5647a91d2e52,5647a91d2fd8
7,5647ab8dba50,5647ab8da3fc
3,5647ab8d2e57,5647ab8ef5b0
2,5647ab9d2257,5647ab9d2280
3,5647ab8da216,5647ab8ff1d0
2,5647ab8d2615,5647ab8d2720
3,5647ab8daa14,5647ab8cf6b0
1,5647ab9725ab,0
2,5647ab8d21e9,5647ab8d2440
1,5647ab8da1a9,5647ab8d9ce0
2,5647ab8f2de8,0
2,5647ab9725e8,0
2,5647ab9dade8,5647ab9dadd0
3,5647ab95a5ed,5647ab95b2e0
2,5647ab9725ad,5647ab972810
1,5647ab8d25ad,5647ab8d22a2
2,5647ab9da9ec,5647ab9da9fb
2,5647ab8d29e3,5647ab8d2a2b
3,5647a92d25e0,5647a8b82d90
1,5647ab8d21e2,7f91af489430
2,5647ab9dade0,5647ab9daded
3,5647ab8d29a7,5647a8809520
2,5647ab9da9e6,0
3,5647ab8d2de5,5647a9270790
2,5647ab8f29fb,0
2,5647ab8d2df8,5647ab8d2e90
2,5647ab8f29b8,0
2,5647ab95a5f8,5647ab95a756
2,5647ab8d25fe,5647ab8d2640
2,5647ab9da9fe,5647ab9dabc8
1,5647ab8d21fd,5647ab8e0770
2,5647ab8da9b3,5647ab8da760
3,5647ab9725f1,5647ab8edb60
2,5647ab8d2df0,0
3,5647ab8f29b0,5647ab8f1cc0
3,5647ab8d25f7,5647a8809b40
3,5647ab8d29b5,5647ab8d21d0
2,5647ab8da5f5,5647ab8daa60
2,5647ab8f2df4,5647ab8f2e04
2,5647ab8f25cb,0
2,5647ab8da5cb,0
2,5647ab8da98b,0
1,5647ab9dadca,5647ab9dade5
7,5647ab97b98a,5647ab9796dc
2,5647ab8f2dc8,0
7,5647ab8fb18f,5647ab8f9e7a
2,5647ab8da18f,0
3,5647ab9dad8e,5647ab8cff10
3,5647ab8da58d,5647ab8d6440
2,5647ab8da583,0
2,5647ab8da5c2,0
2,5647ab8f2581,5647ab8f2670
2,5647a92d2583,5647a92d2550
2,5647ab9dad81,0
3,5647ab8f25c0,5647ab8f26c0
2,5647ab8f29c7,0
7,5647ab97b9c7,5647ab979a6a
2,5647ab9725c6,0
1,5647ab9d2984,5647ab9d29e6
2,5647ab8f2ddb,0
2,5647ab8d299a,0
2,5647ab8da59a,0
2,5647ab8da9df,0
2,5647ab9725de,0
2,5647ab8f2dd3,5647ab8f2dee
2,5647ab9da992,5647ab9dace0
2,5647ab9725d0,5647ab9725d7
3,5647ab95a5d7,5647a9910010
2,5647ab8d29d6,0
2,5647ab9dad96,5647ab9daabc
1,5647ab8f25d4,7f91a87353e0
3,5647ab8da9d4,5647ab8ff1d0
2,5647a92d2529,5647a92d2550
2,5647ab8da16b,5647ab8da180
1,5647ab8f2d6a,5647ab8e5358
2,5647ab8da929,0
2,5647ab9dad29,0
1,5647a92d256a,5647ab8e30e0
2,5647ab8da52f,5647ab8dae90
3,5647ab8d296f,5647ab8d2b50
3,5647ab8d2d6e,5647a8809db0
2,5647ab8da56e,0
3,5647ab9dad6e,5647ab9dc550
2,5647ab9da92d,0
1,5647ab8da52c,5647ab8e0770
2,5647ab8d2d23,5647ab8d2d63
2,5647ab8da923,5647ab8dabb0
2,5647a92d2560,5647a92d2689
1,7f91ae9cff27,7f91ae9cfee0
2,5647ab9dad22,0
2,5647ab9da921,0
2,5647ab8da960,5647ab8da97b
1,5647ab8d2d20,0
3,5647ab9d2927,5647ab9d0350
2,5647ab9da167,0
2,5647ab8da524,0
3,5647ab9da964,5647ab932da0
2,5647ab8d2939,0
2,5647ab8da938,0
2,5647ab9da13f,0
3,5647a92d257c,5647a91d55d0
3,5647ab8da97e,5647ab8d6440
2,5647ab8da57d,0
2,5647ab8d2d7c,0
2,5647ab8da53c,0
5,5647ab9d3133,5647ab9667a0
2,5647ab9d2932,5647ab9d2a28
3,5647ab9da170,5647a8809640
3,5647ab95a930,0
2,5647ab9da177,0
2,5647ab8d2977,0
2,5647ab8d2d75,0
2,5647ab9dad34,0
3,5647ab8da50b,5647ab8db560
2,5647ab8da94a,0
1,5647ab8da90a,0
5,5647ab9d310a,0
2,5647ab972548,0
2,5647ab8da90c,0
2,5647ab9da103,5647ab9da110
1,5647ab95a902,5647ab95a659
2,5647ab8da542,0
2,5647ab9dad42,0
1,5647a92d2542,5647ab94f710
3,5647ab972100,5647ab8cff10
2,5647a92d2545,5647a92d2570
2,5647ab9da147,5647ab9da154
2,5647ab8da906,0
5,5647ab8fb906,5647ab8d7940
1,5647ab8fa905,5647ab8fa736
2,5647ab9d2904,0
2,5647ab9dad04,0
2,5647ab8da559,5647ab8dabd8
2,5647a92d251d,5647a92d2570
2,5647ab8da55f,5647ab8da566
7,5647ab95b91d,5647abaa7061
7,5647ab8d351c,5647ab8d2f38
2,5647ab8da51c,5647ab8dab60
2,5647ab8da91c,0
3,5647ab8d291c,5647ab8d2950
1,5647ab8d295c,5647ab8d2964
1,5647ab972113,5647ab971f38
2,5647ab8da552,0
2,5647ab9dad12,0
2,5647a9272550,5647a927266a
7,5647ab8d3110,5647ab8d34d0
2,5647ab8da950,0
2,5647ab9dad50,5647ab9da9b0
2,5647ab95a117,0
2,5647ab8d2d16,0
1,5647a92d2516,5647ab8d5480
2,5647ab9d2914,0
2,5647ab8da8eb,0
1,5647ab97acea,5647ab979240
2,5647ab952ca9,5647ab952cd0
1,5647ab8da0a9,5647ab959e20
2,5647ab95a8e8,0
2,5647ab8da0e8,0
2,5647ab9dace8,0
5,5647ab9d30a8,5647ab8d5480
1,5647ab8da0af,0
2,5647aba524ae,0
2,5647ab8da0ee,0
2,5647ab9da0ee,0
1,5647ab8f28ed,7f91a7e87f80
2,5647ab95a0ec,0
1,5647ab8f20ec,5647ab8f1f93
3,5647ab8d20e3,5647ab8d21d0
2,5647ab8fa8e3,5647ab8fa902
2,5647ab8da8e3,0
2,5647ab9724e2,0
3,5647ab9720e0,5647a88095e0
3,5647ab8d2ce7,5647a8809520
3,5647aba524a7,5647a8809590
2,5647ab9728a6,0
2,5647ab8f20e6,0
2,5647ab95a8bb,5647ab95a5ce
3,5647ab95a0f9,5647ab95a230
2,5647ab8fa8f9,5647ab8fa902
1,5647ab95a8f9,0
2,5647ab952cb8,0
7,5647ab9dbcbf,5647ab9dc4c1
1,5647ab8da0bf,5647ab8d9ce0
2,5647ab9728be,5647ab972890
2,5647ab8da0fc,5647ab8da163
1,5647ab8f28f3,5647ab8f2795
2,5647ab8fa8f3,5647ab8fab40
1,5647ab8da8f3,7f91a7e87420
3,5647ab9728b2,5647ab8ff220
2,5647ab97a8b1,5647ab97a8ce
1,5647ab8d20f0,5647ab8d1410
2,5647ab97a8f0,5647ab9791e9
1,5647ab8d24b7,7f91a7e82510
3,5647ab8d24b7,5647a8809a40
2,5647ab8da8f6,5647ab8daeb8
2,5647ab9dacf6,0
3,5647ab8d2cf5,5647ab8d21d0
2,5647ab8d248b,0
2,5647ab97a88a,0
3,5647ab952c89,5647ab8f7e90
2,5647aba52488,0
2,5647ab9da8c8,0
1,5647ab95a0ce,0
2,5647aba5248d,5647aba52478
3,5647ab8da8cc,5647ab8db560
2,5647ab8d24c2,5647ab8d2206
1,5647ab9728c0,5647ab9726da
2,5647ab952c84,0
2,5647aba524c4,0
1,5647ab952cdb,5647ab952cab
2,5647ab95a89b,5647ab95a8a5
2,5647ab8d2cda,0
2,5647ab97a8d9,5647ab97b14b
2,5647aba52498,0
4,5647ab8f34de,0
2,5647aba5249d,0
3,5647ab952c9c,5647ab952c30
1,5647ab9da89c,5647ab9da725
5,5647ab9d30d3,0
2,5647ab95a0d2,0
2,5647ab952c90,0
2,5647ab8da890,0
1,5647ab8d24d7,5647ab8deb10
3,5647ab9da897,5647ab95dab0
2,5647a92d24d4,5647a92d24f9
2,5647ab972896,0
2,5647ab8fa896,5647ab8fa8c0
7,5647ab95b495,5647abab48a3
2,5647a91d2069,0
7,5647ab8fb829,7f91a7e87420
3,5647ab952c6d,5647ab915280
2,5647ab8fa86d,0
2,5647ab8da86d,5647ab8da888
2,5647ab97a86d,0
3,5647ab97a02c,5647ab8d6440
2,5647ab9d2823,5647ab9d2846
2,7f91ae9cf627,0
3,5647ab9dac62,5647ab9d9bf0
2,5647ab8da821,0
1,5647ab952c20,5647ab8d8260
2,5647ab9da826,5647ab9da890
2,5647a91d2067,0
1,5647ab8d2c64,5647ab8d2c22
2,5647aba52464,0
2,5647ab97a87a,0
3,5647a91d2038,0
2,5647aba52439,0
2,5647ab95a839,0
2,5647ab8da838,0
1,5647ab8d2c3f,5647ab9833f0
2,5647aba5247f,0
2,5647ab97203f,0
3,5647ab97a03d,5647ab8d7940
2,5647ab97287c,0
1,5647a91d207e,0
2,5647ab8d2c32,0
7,5647ab8db470,5647ab9260a4
1,5647ab952c30,5647ab952f70
2,5647aba52470,5647aba5248a
2,5647ab8d2470,5647ab8d24ad
3,5647ab9dac30,5647ab9dadc0
2,5647ab8fa877,0
1,5647ab9dac75,5647ab9daad4
2,7f91ae9cfe70,7f91ae9cfd4e
3,5647a91d2077,0
2,5647ab97a034,0
3,5647ab8d244a,5647a8809a30
1,5647ab8d244a,7f91af489430
3,5647ab8d2c08,5647ab8d2cc0
1,5647ab972848,5647ab972721
2,5647ab8da40e,5647ab8dae18
2,5647aba5240c,0
1,5647ab8dac0c,5647ab8da84d
3,5647ab8da403,5647ab8d6440
2,5647ab8da843,5647ab8dabf8
1,5647ab97a042,5647ab979690
5,5647ab95b441,5647ab8d1410
1,5647ab9dac40,5647ab9daadf
3,5647ab972006,5647ab8d6440
3,5647a91d2044,0
2,5647a91d2007,0
2,5647ab8da444,0
7,5647a91d3006,5647a92d264e
2,5647a91d2059,0
2,5647ab8d2c5a,0
2,5647ab9da81a,0
3,5647ab97a85a,5647ab915280
2,5647ab972818,5647ab9725bb
3,5647ab9da81f,5647ab9d8a70
1,5647a91d201d,7f91a87c8830
2,5647ab95a85f,5647ab95a898
2,5647ab8da41e,5647ab8da680
2,5647ab8d2c1c,5647ab8d2c48
3,5647ab8da813,5647ab8d6600
2,5647ab9d2853,0
3,5647ab9da813,5647ab9deee0
3,5647ab8d2c52,5647ab8d2980
7,5647a927b410,5647ab95a262
1,5647ab9dac11,5647ab9daa30
2,5647ab8da850,5647ab8da864
3,5647ab9dac50,5647ab9dadc0
1,5647ab8da457,7f91a7e87830
2,7f91ae9cf612,7f91ae9cf621
2,7f91ae9cf652,7f91ae9cf663
2,5647ab8da416,5647ab8dae29
3,5647ab8d2c14,5647ab8d6440
2,5647ab8d2454,5647ab8d21ef
2,5647ab9537eb,5647ab953800
2,5647ab97b7ab,5647ab97b7f8
2,5647ab8fb7eb,0
2,5647ab97b7eb,5647ab97b7f1
2,5647ab8db7a9,0
1,5647ab8dbba8,5647ab8db808
1,5647ab8dbbe8,5647ab8db859
2,5647a927bbaa,0
2,5647a935bfea,5647a935bfa0
2,5647ab9fbfef,5647ab9fc061
2,5647ab8f33ac,0
3,5647a935bfae,5647a93590c0
2,5647ab9dbba3,0
2,5647ab8fb7a3,5647ab8fb910
1,5647ab9537e1,5647ab9537ed
1,5647ab9533e1,5647ab8d6480
2,5647a927bba2,0
5,5647ab9d2fe0,5647ab9667a0
2,5647ab95b3a7,5647ab95b3d0
2,5647ab95bfe7,0
1,5647ab97b7a7,0
2,5647ab9fbfe6,0
2,5647ab8fb7e5,0
7,5647ab9723e4,7f91af489430
3,5647ab9537bb,5647ab93d3e0
7,5647ab8d2bbb,5647ab8d2974
2,5647ab8dbbfa,0
2,5647ab8f33ba,5647ab8f2f38
2,5647ab8dbff9,0
7,5647ab8f27b9,5647ab8f25c5
2,5647ab95b3b9,0
2,5647a935bfba,5647a935bcf1
3,5647ab9533ff,5647aba69270
3,5647ab8fbbff,5647ab8cf6b0
2,5647ab8fb7ff,5647ab8fb8f8
2,5647ab9537fe,5647ab9537e8
1,5647ab8fb7fc,0
7,5647ab972bf3,7f91a87353e0
2,5647ab9533b3,0
3,5647ab8fbbf3,5647ab8e94a0
1,5647ab8fb7b3,0
2,5647ab8dbff2,0
1,5647ab9dbbb2,5647ab9dbb25
2,5647ab95bff2,5647ab95c150
2,5647ab9dbfb1,0
5,5647ab8da7f1,5647ab8d5400
2,5647ab95b3b0,0
2,5647ab97b7b0,0
2,5647ab8fb7b6,0
2,5647ab97b7b5,5647ab97b7d3
2,5647a927bbb6,0
2,5647ab9537cb,0
2,5647ab9dbb89,5647ab9dbc00
3,5647ab97b389,5647ab8cf6b0
2,5647ab8fbfcf,5647ab8fbae7
2,5647ab9fbfcf,0
1,5647a927bbcd,5647a927ba6c
1,5647a935bfcf,5647a935bfde
2,5647ab9dbfcc,5647ab9dbf38
2,5647ab97b783,5647ab97b988
7,5647ab9d23c3,5647ab9d228b
2,5647ab95b3c2,0
2,5647a927bb80,0
3,5647ab9533c0,5647ab9536b0
2,5647ab953787,0
2,5647ab9fbfc6,0
2,5647ab9dbfdb,5647ab9dc2b6
3,5647ab95bfdb,5647ab90a160
2,5647a927bb98,0
1,5647ab8fbfda,0
2,5647ab9fbfd9,0
2,5647ab8f339f,0
1,5647ab8fb7df,0
2,5647ab8fb7dd,5647ab8fb80c
3,5647ab9dbb9c,5647ab9dbe20
2,5647ab9537d3,0
2,5647ab953f93,0
2,5647ab9533d2,0
1,5647ab95b390,5647ab8f85f0
3,5647ab8dbbd7,5647a92d24a0
1,5647ab9fb7d7,5647ab9faf58
2,5647ab9dbf97,5647ab9dc0a8
2,5647a927b395,5647a927b3f0
2,5647ab97b7d6,5647ab97b7e8
2,5647ab9dbfd5,0
1,5647ab953f95,5647a8809510
3,5647ab97b395,5647ab8d6440
1,5647ab9db72b,5647ab9db672
3,5647ab1f3b2a,5647a8809fc0
2,5647a927b36b,0
2,5647ab8dbf28,5647ab8dbfe7
1,5647ab9dbf2f,5647ab9dc0ec
3,5647ab8db72d,5647ab8dd210
2,5647ab9dbf2d,5647ab9dbf9d
1,5647ab97372d,0
2,5647ab8f336c,5647ab8f2f00
2,5647ab9dbf6c,5647ab9dc080
3,5647ab8f3363,5647ab8ebf70
2,5647ab9dbf62,5647ab9dc0f0
3,5647ab9db762,5647ab9deb30
1,5647ab8f3f20,5647ab8d5400
2,5647ab8f3326,5647ab8f3428
2,5647ab9db725,0
1,5647ab953b24,5647ab924cc0
2,5647ab953724,5647ab953708
2,5647ab8dbb64,0
3,5647a927bb79,0
4,5647ab9faf79,5647ab9fc3f5
3,5647ab9dbb79,5647ab8cff10
5,5647ab8da77f,5647ab8d5400
2,5647ab95377e,0
3,5647ab1f3b3d,5647a8809fc0
2,5647ab953b33,0
2,5647ab953333,0
2,5647ab9dbb32,0
2,5647ab8dbb72,0
2,5647ab9db770,5647ab9db6cb
2,5647ab973730,5647ab973830
1,5647ab953b35,5647a8809510
2,5647a927b376,5647a927b430
7,5647ab9d2f4b,0
2,5647ab95b34a,0
2,5647ab9db30a,0
2,5647ab8f330a,5647ab8f2ed9
2,5647a927b34b,5647a927b35a
7,5647ab9da749,5647ab9d8324
1,5647ab8db749,0
2,5647ab95b308,5647ab95b340
2,5647ab9dbf4f,5647ab9dc030
3,5647ab95370e,5647a880b480
3,5647a927bb4f,5647ab96b8f0
1,5647ab8fbb0c,5647a9e48450
2,5647ab8db74c,0
2,5647ab953743,0
2,5647ab953b03,0
2,5647a927bb40,5647a927bc18
2,5647ab8dbf00,5647ab8dbf10
3,5647ab8dbb40,5647ab8d6f50
1,5647ab8f3f00,5647ab8e3160
7,5647ab8da347,5647ab95e419
7,5647ab9dab07,5647ab9da76e
2,5647ab1f3b06,0
1,5647ab8dbb45,5647ab8dba6a
7,5647ab972745,0
2,5647ab973745,0
2,5647ab95b344,0
2,5647ab8db71b,0
2,5647ab95371b,0
2,5647ab9db31a,5647ab9db488
1,5647ab8f3318,5647ab8f2ed9
2,5647a927bb5e,0
7,5647ab8da35c,5647ab8f3f20
7,5647ab95ab53,5647ab95a6d6
2,5647ab973753,5647ab97375e
2,5647ab953750,0
5,5647ab8fab50,5647ab8d7940
2,5647ab8dbf17,5647ab8dc188
2,5647ab953717,0
2,5647ab8fbb17,5647ab8fbbd0
3,5647ab9db716,5647a880be20
7,5647ab8da354,5647ab97f084
2,5647ab8dbea8,0
2,5647ab8f32a8,5647ab8f34be
2,5647ab8db6ef,0
1,5647ab97baae,5647ab97bc90
2,5647ab8fb2ad,0
2,5647ab97baed,0
2,5647ab9db2ec,0
2,5647ab97baac,5647ab97bad3
2,5647ab95b2a3,5647ab95b2d0
2,5647ab8fbea1,5647ab8fc080
7,5647ab8fa6e1,5647abac337c
1,5647ab8f3ee0,7f91a7e8b590
3,5647ab8db6e0,5647ab8d6440
2,5647ab9d3aa0,5647ab9d3a15
2,5647ab97bae0,0
2,5647ab9dbea6,5647ab9dbee0
2,5647ab9db6a6,5647ab9db756
2,5647ab8db6a5,0
3,5647ab95b2e4,5647aba90d00
3,5647ab9dbee4,5647ab9dea60
1,5647ab8f32bb,5647ab94f710
1,5647ab95b2bb,0
3,5647ab8f36bb,0
2,5647ab9dbeba,0
2,5647ab9db2fa,0
4,5647ab8d22ba,5647ab984e30
1,5647ab8dbefa,0
5,5647a91d2efb,5647ab94da02
2,5647ab95b2f8,0
2,5647ab8db6b8,0
1,5647a935bebd,5647ab8d5400
2,5647ab97baff,0
2,5647ab95b2be,5647ab95b2a0
2,5647ab9536be,0
2,5647ab1f3afd,5647ab1f3ae0
2,5647ab9db6fc,0
1,5647ab8f32f3,5647ab8f3091
2,5647ab9dbef0,0
3,5647ab9db6f0,5647ab9dda20
1,5647ab8f3eb0,5647ab8fbe80
2,5647a935beb2,0
2,5647ab1f3af7,5647ab1f3ae0
2,5647ab8fbaf6,0
2,5647ab8fb2b5,5647ab8fb2c2
2,5647ab8f36b5,0
2,5647ab9536f4,0
3,5647ab9536cb,5647a880a280
2,5647ab9fbeca,5647ab9fbfbb
3,5647ab9dba8a,5647ab9dbcc0
1,5647ab8f328a,7f91a8737240
2,5647ab97baca,5647ab97bc96
2,5647ab8f328e,5647ab8f329b
1,5647a927ba8c,5647ab8d5480
2,5647ab8fbe8d,5647ab8fc148
3,5647ab1f3acc,5647a880ab60
2,5647ab9fbec2,0
7,5647ab9dae82,5647ab9d7a00
1,5647ab8db6c2,0
1,5647ab973a81,0
1,5647ab8f3e80,5647ab97f568
2,5647ab95b2c7,0
2,5647ab8db6c4,5647ab8db6cb
7,5647ab95a284,5647aba97bef
1,5647a935be99,5647ab8d5480
2,5647ab97badb,0
2,5647ab97ba98,5647ab97bad8
2,5647ab9536df,5647ab9536f0
1,5647ab8f329f,7f91a7e8b590
2,5647ab8fb29e,0
3,5647ab9dbe9e,5647ab9dc3a0
2,5647ab8fba9c,0
2,5647ab8fba93,5647ab8fc0e8
1,5647ab8f3e90,7f91a7e87420
1,5647ab8dbed7,5647ab8dbf1d
1,5647ab95b297,5647ab95b2ac
1,5647ab953296,5647ab9531ad
4,5647ab8fa696,5647ab8fa860
2,5647ab97bad6,5647ab97bab8
1,5647ab8fb2d5,5647ab8fb172
3,5647ab9d3a95,5647aba695b0
1,5647ab1f3ad4,5647ab1f3ae6
2,5647ab9dba94,5647ab9dbb50
2,5647ab9db6d4,0
2,5647ab8db694,5647ab8dcaa6
2,5647ab97ba6a,0
2,5647ab9d3a2e,0
3,5647a91d326c,5647a9754580
3,5647ab8db66d,5647ab8e9700
2,5647ab8fb62d,0
7,5647ab9da22c,5647ab9d8129
2,5647ab9dba23,0
2,5647ab953221,5647ab953229
2,5647ab8db660,0
2,5647aba5b220,0
3,5647ab8f3267,5647ab947500
2,5647ab9dba65,0
2,5647ab9d3a65,0
2,5647ab9d3a24,0
3,5647aba5be64,5647aba1de30
2,5647a927ba79,0
3,5647ab8dbe38,5647ab8d6440
2,5647ab9d3a38,0
2,5647ab9dbe7f,5647ab9dbe85
7,5647ab9d227f,5647ab9d1b6f
7,5647ab8d2e7e,5647ab8d2c64
1,5647a91d327c,5647a91d3025
1,5647ab8dbe3d,5647ab8dbb8c
1,5647ab9db67d,5647ab9db1a9
7,5647ab8d263d,5647ab95d264
2,5647ab8dba3c,0
2,5647ab8db67c,0
2,5647ab973a7c,0
2,5647ab8dba73,0
2,5647aba5be73,5647aba5c5c0
2,5647ab9dba32,5647ab9dba67
2,5647ab973a72,0
3,5647ab8fbe70,5647ab8fc580
2,5647ab8f3270,5647ab8f2e90
2,5647ab8dba77,5647ab8dba28
2,5647ab9dbe77,0
1,5647ab8fbe77,5647ab8fbae9
2,5647ab953237,0
2,5647ab8f3234,5647ab8f2e86
2,5647ab9d3a0b,5647ab9d3a80
2,5647ab8dbe08,5647ab8dcbf2
1,5647a935b20a,0
1,5647ab8dbe4f,5647ab8dbc73
2,5647ab9dbe4e,0
2,5647ab97ba4d,0
1,5647a935b20f,5647a935b1d0
2,5647ab9d3a43,0
7,5647ab9d2a03,5647ab9cf537
3,5647ab9dba02,5647ab9dc550
1,5647ab9db201,5647ab9dae5e
1,5647ab95b600,5647ab95b471
1,5647ab953240,5647ab9531cd
2,5647ab95ba07,5647ab95b8ee
2,5647a927ba05,5647a927bb40
2,5647ab97ba07,0
1,5647ab9dbe06,5647ab9dbd50
2,5647ab95b646,5647ab95b849
3,5647ab9dba5a,5647ab9dd9b0
5,5647ab95a25a,5647a927b330
7,5647ab8d2a19,5647ab8d2c57
2,5647ab97ba5f,0
2,5647ab9dbe5e,0
2,5647a935be1c,0
2,5647a935be5c,0
2,5647ab9d3a1e,0
1,5647ab8f321c,5647ab8f3286
2,5647a935be50,5647a935bfc8
2,5647aba5b211,0
3,5647ab9d3a50,5647ab8d6440
7,5647ab95aa57,5647ab95aa9f
1,5647ab95b617,5647ab95b448
1,5647ab8fba56,5647ab8fb80e
1,5647ab9dbe15,5647ab9dbdde
3,5647ab8db655,5647ab8d6490
2,5647ab97b9a9,5647ab97ba18
5,5647ab8da5af,5647ab8d5480
1,5647ab8db9af,0
1,5647ab97b5ef,7f91a7e87ba0
3,5647ab9d39ae,5647ab8d6440
7,5647ab9dadee,5647ab9dac35
3,5647ab9db9ad,5647a8809520
2,5647ab9dbdad,0
1,5647ab97b9ed,5647ab97b9fd
2,5647ab9db1a3,5647ab9db2e0
1,5647ab8fb5a3,5647ab8fb61d
1,5647ab9dbde2,5647ab9dbdbd
3,5647ab9d39a2,5647ab8d6440
2,5647ab9531a1,0
3,5647ab8db1e1,0
3,5647ab9db9e0,5647ab9dc550
5,5647ab8da9a0,5647ab8d5480
1,5647ab9d31a0,0
2,5647ab9531a7,5647ab95327f
5,5647ab8da5e7,5647ab8d5400
1,5647ab9d31e7,5647ab9d3034
2,5647ab9db5e6,5647ab9db6a0
2,5647ab8db5e6,5647ab8db99a
2,5647a9273da4,0
2,5647ab9db9a4,0
1,5647a9273da6,5647a9273566
2,5647ab9531e4,0
2,5647ab97b9bb,0
3,5647ab9d31bb,5647a9004490
3,5647ab9d39ba,5647ab8d6440
2,5647ab9d39f9,5647ab9d3cc0
2,5647ab9db9b8,0
2,5647a935bdfa,0
2,5647ab9dbdfd,0
1,5647a92735be,5647a9273566
2,5647ab9d39f1,0
2,5647ab8dbdf1,0
2,5647ab9531f0,5647ab953200
2,5647ab9531b7,0
2,5647ab9dbdb5,5647ab9dbe10
2,5647ab8db9b5,5647ab8db630
1,5647ab97b5f5,5647ab97b382
3,5647ab9d31ca,5647a9004490
3,5647a9273d8b,5647a8809b90
2,5647ab8dbd88,0
2,5647ab8dbdc8,5647ab8dbe80
2,5647a935bdca,0
1,5647a927358d,5647a9273134
2,5647ab95318f,5647ab953178
2,5647ab9d39cf,5647ab9d39eb
3,5647ab9d318f,0
1,5647ab97b98e,5647ab97b890
2,5647ab9db18e,0
1,5647ab8fb18e,5647a9396e80
2,5647ab9dbdcd,5647ab9dbda0
2,5647ab9db9cc,0
3,5647ab9db5cc,5647a880be10
2,5647ab9d398c,0
2,5647ab953183,0
2,5647ab97b9c3,5647ab97b9d0
3,5647ab9d39c3,5647ab8d6440
2,5647a9273580,5647a9273d03
2,5647ab9d3982,0
3,5647ab9db9c1,5647a8809520
1,5647a927bd83,5647a927bc66
1,5647ab97b980,5647ab97b8c2
2,5647ab9531c7,0
2,5647ab9db586,0
2,5647ab95b5c5,5647ab95b641
3,5647ab8db984,5647ab8db460
1,5647a935bdc6,7f91a7e87ba0
3,5647ab9d319b,0
2,5647ab8dbd9a,5647ab8dc8a8
2,5647ab97b9da,0
2,5647ab9dbdd9,5647ab9dbdf0
2,5647ab9d3998,0
2,5647ab8dbdd8,0
1,5647a935b1da,0
1,5647a935bddd,0
2,5647ab9531dd,5647ab9531ec
3,5647ab97b5dc,5647a8809610
3,5647ab9d31dc,5647ab905730
7,5647ab8d2d92,5647ab8d2c0d
1,5647ab8db1d2,0
3,5647a9273d93,5647ab8d6f50
3,5647ab8db990,5647ab8d6440
2,5647ab8fb190,5647ab8fb290
2,5647ab95b9d0,5647ab95ba00
3,5647ab8db5d0,5647ab8dd470
2,5647ab8db5d7,0
2,5647ab953197,0
1,5647ab9dbd96,5647ab9dbdca
2,5647ab9db5d6,0
1,5647ab8db995,5647ab8dbb3d
7,5647ab8f29d5,5647a914c4e7
1,5647ab97b995,5647ab97b7f1
2,5647ab9db12b,5647ab9db142
2,5647ab8f316a,5647ab8f34a1
5,5647ab8d292a,5647ab8d2bc0
7,5647a92d256b,5647ab8dbbdc
2,5647ab9dbd28,5647ab9dbe01
2,5647a927312a,5647a9273580
7,5647ab8f2d6e,5647ab946d27
2,5647ab9dbd6e,0
1,5647ab95312e,5647ab953141
2,5647ab95b92d,5647ab95b8f7
2,5647a9273d2e,0
2,5647ab95b963,0
2,5647ab9dbd23,0
2,5647ab8fb162,5647ab8fb169
2,5647ab9db561,5647ab9db57c
2,5647ab953161,0
2,5647a935bd62,5647a935c000
3,5647ab9dbd66,5647ab932da0
2,5647ab9db126,0
3,5647ab8db926,5647ab941fc0
2,5647a9273564,5647a9273592
1,5647a935bd26,5647a935bd41
3,5647ab8fb164,5647ab8e3c20
3,5647a9273d79,5647a8809580
3,5647ab8db939,5647ab8dd3d0
1,5647a927357b,5647ab8d75e0
3,5647a927bd7b,5647ab8e3830
3,5647ab8db978,5647ab8d6440
2,5647ab8f3178,5647ab8f33e8
2,5647ab8fb17f,0
2,5647ab95313f,0
7,5647ab8d297f,5647ab8d2921
2,5647ab9d313d,0
2,5647a9273d70,0
3,5647ab9db531,5647ab9dc720
2,5647a9273d33,5647a9273d52
1,5647ab953171,5647ab953185
2,5647ab95b970,5647ab95b9d0
2,5647ab9db177,5647ab9db186
1,5647ab973937,5647ab97373e
1,5647ab8fb176,5647ab8fb2d1
2,5647a9273137,5647a9273122
2,5647ab973935,0
1,5647ab8f3174,5647ab93f510
7,5647ab97254b,0
2,5647ab9db14a,0
3,5647ab9db54a,5647a880be00
7,5647ab95a14a,7f91a7d2d890
2,5647ab95b909,0
1,5647ab8fb909,5647ab8fb80c
2,5647ab8db948,5647ab8dce10
2,5647ab953148,5647ab95320f
7,5647ab8d2948,5647ab8d1241
1,5647ab973948,5647ab973725
2,5647ab8d350e,0
2,5647ab9dbd4e,5647ab9dbd63
2,5647ab9db10e,0
2,5647a9273d0e,5647a9273d30
2,5647ab95310c,0
2,5647a927bd03,5647a927ba6c
2,5647ab8d3107,0
7,5647ab972507,7f91a7d2d8d0
2,5647ab9d3145,5647ab9d2fb0
2,5647ab9dbd44,5647ab9dbd18
2,5647ab8fb15b,5647ab8fb190
2,5647ab9db15a,0
2,5647a935bd5b,0
1,5647ab8fb158,5647ab8fb130
2,5647ab9db15f,5647ab9db16f
2,5647a9273d5d,5647a9273d69
1,5647ab8d311e,0
2,5647ab9d311e,0
3,5647ab8f311d,5647ab8f56a0
1,5647ab9dbd13,5647ab9dbd41
2,5647ab9db113,5647ab9db123
1,5647a9273d50,5647a9273d30
3,5647a935bd50,5647a93590c0
2,5647ab9db551,0
2,5647ab8db910,5647ab8dcd3b
2,5647ab8fb917,5647ab8fb7a9
2,5647ab973916,0
1,5647ab97b156,5647ab97a8df
2,5647ab95b955,0
2,5647ab953155,5647ab953130
1,5647ab9dbd54,5647ab9dbd34
2,5647a9273116,5647a9273556
2,5647ab9d3114,0
2,5647ab97b8ea,5647ab97b7f1
1,5647a91d30e8,5647a91d2ea8
3,5647ab8f34ea,5647a8809560
2,5647ab9d30e9,0
3,5647a91d38ec,0
2,5647ab8d34ed,0
7,5647ab9724ed,7f91a7e87420
2,5647ab95b8ec,5647ab95b948
2,5647ab8d34e3,0
2,5647ab9fbca3,0
3,5647a91d38e0,0
2,5647ab8db8e1,5647ab8db8f0
2,5647ab9fbce1,5647ab9fbebc
2,5647ab97b8a1,5647ab97b970
2,5647ab8dbca1,0
3,5647a91d30e3,5647a91c1130
1,5647ab97bca1,5647ab97ba95
2,5647ab95b8e0,0
1,5647ab8f34e0,0
2,5647a91d30a5,0
2,5647ab8db8a6,5647ab8dbbf0
5,5647ab8da8a5,5647ab8d5480
2,5647ab8dbca5,5647ab8dc550
2,5647ab9738e5,0
1,5647ab8db8a4,5647ab905253
1,5647ab8db8fb,7f91a87379a0
7,5647ab95a8fa,7f91af489430
1,5647ab8f34b9,5647ab8f3214
3,5647ab95b8b8,5647ab8eb900
2,5647ab8db8fe,0
1,5647ab8f34be,5647ab941b20
3,5647ab8f34be,5647a8809610
3,5647a91d30bc,5647a91c6de0
2,5647ab9d30be,0
2,5647ab8d34bd,0
2,5647ab8db8bd,5647ab8dc94f
2,5647a935bcff,5647a935c055
2,5647ab8d34fc,0
2,5647ab9fbcbc,0
2,5647ab8db8b3,5647ab8db8c3
2,5647ab9738f3,0
2,5647ab9d30f2,0
3,5647ab8d34b1,5647ab92c370
7,5647ab8d20f1,5647ab94cd0d
2,5647ab8dbcb7,5647ab8dbc6c
3,5647ab9db4f6,5647ab9dc720
2,5647ab95b8f5,5647ab95b920
2,5647ab9fbcb4,0
7,7f91ae9cfef1,7f91ae9d18b3
3,5647a91d38b6,5647a8809610
1,5647a91d38b6,0
3,5647ab8d34cb,5647ab8d3100
2,5647ab9db48b,0
2,5647ab8db8cb,5647ab8dc548
2,5647ab8db88a,5647ab8db8ac
2,5647ab8dbc8a,5647ab8dbc68
2,5647ab8d34c9,0
2,5647ab9fbc89,0
2,5647ab97b8c9,5647ab97b8d2
1,5647ab8db8c8,0
1,5647ab8db88f,5647ab8da60a
2,5647ab97b88e,0
2,5647ab8f34ce,0
2,5647ab9db08d,0
7,5647ab952ccc,5647ab951d70
1,5647ab9d3ccc,5647ab9d3a08
2,5647ab95b483,0
1,5647ab8db8c3,5647ab8e9cc0
2,5647a927bc80,5647a927bd00
3,5647a91d3083,5647a91c22c0
2,5647a91d38c2,0
1,5647ab8db887,5647ab8d6470
2,5647ab8db8c6,5647ab8db8dc
1,5647a91d30c4,5647a91d2ee0
2,5647ab973885,0
2,5647ab9fbcc4,0
2,5647ab9db0c4,5647ab9db418
2,5647a927bc86,0
3,5647ab9d3cc4,5647aba6db90
7,5647aba524db,5647aba300e6
1,5647ab8f34db,5647ab943a68
2,5647ab9fbc9a,0
1,5647ab8dbc9a,7f91a87379a0
2,5647ab9fbcd9,0
1,5647a91d30da,5647a91d2e6b
2,5647ab8db89e,5647ab8dbbf0
1,5647a927bc9f,5647a927ba6c
2,5647ab8dbc9c,0
3,5647a91d309e,5647a91d1c80
2,5647ab8db893,5647ab8db8ac
2,5647a927bc92,0
2,5647ab8dbc90,5647ab8dbe48
2,5647ab9d3090,0
7,5647ab9da8d7,5647ab9dab60
5,5647ab8fa8d6,5647ab8d1f40
2,5647ab8db8d6,5647ab8dbb50
2,5647ab97b8d5,5647ab97b8e7
2,5647ab97b894,5647ab97b993
2,5647ab973894,0
2,5647ab95b46b,5647ab95b5f8
2,5647ab8dbc6a,0
1,5647ab8db86a,5647ab8d5400
2,5647ab8f382a,0
1,5647ab8db468,5647ab8d7470
2,5647ab9fbc6f,0
2,5647ab8dbc2e,5647ab8dc588
2,5647a927bc2c,5647a927bc41
2,5647ab8db06e,0
2,5647ab9d302e,5647ab9d31b8
2,5647ab8db86d,5647ab8db873
1,5647ab8f346d,5647ab8f3335
2,5647ab8f306d,5647ab8f32e0
3,5647ab9db02d,5647a880a620
3,5647ab8f382c,0
5,5647ab8d2c62,5647aad3f3d0
2,5647a927bc60,0
2,5647ab8db062,5647ab8db069
2,5647ab953421,5647ab9533ad
2,5647ab95b421,0
3,5647ab9d3021,5647ab905730
2,5647ab9d3061,5647ab9d307c
2,5647ab97b827,0
7,5647ab9d2867,5647ab9d1dd9
2,5647ab8db466,5647ab8db470
1,5647ab8db466,0
3,5647ab9db025,5647ab9db970
3,5647a91d3066,5647a91c1a80
2,5647ab8dbc7a,5647ab8dbd70
1,5647ab95b87a,5647ab95b476
1,5647a927b43b,5647a927b37c
1,5647ab8fbc38,5647ab8fbe68
2,5647ab9d307f,0
3,5647ab9db07d,5647ab9db970
2,5647ab9d303d,5647ab9d3058
1,5647ab95383c,5647ab95c9b0
7,7f91ae9cf676,7f91ae9d45d7
3,5647a927b430,5647ab8e3c20
1,5647ab8f3831,0
2,5647ab9fbc76,0
3,5647ab95b875,5647a96f6a30
1,5647ab8db075,5647ab8dab20
2,5647ab95b434,0
3,5647ab9dbc0a,5647ab8cff10
3,5647ab953809,5647ab9150f0
1,5647ab9dbc0f,5647ab9dbb8b
2,5647ab8f344d,5647ab8f3469
2,5647ab8dbc0c,0
2,5647ab95b84c,5647ab95b875
2,5647ab9db003,0
3,5647ab8db842,5647a880b510
7,5647ab8d2c40,5647ab8d292c
2,5647ab953807,0
1,5647a91d3005,5647ab94f710
2,5647ab953406,5647ab953410
2,5647ab8dbc45,0
1,5647ab8f3405,5647ab8f3199
2,5647ab8fb805,5647ab8fb80c
2,5647ab973845,0
2,5647ab95b404,5647ab95b5c0
2,5647a91d3046,0
2,5647ab9db41b,5647ab9db104
2,5647ab8fb81b,0
3,5647ab95341a,5647aba69270
2,5647ab97b819,5647ab97b98b
2,5647ab8db818,0
7,5647ab8da458,5647ab8d9a15
2,5647ab95b418,5647ab95b608
1,5647ab8dbc5f,5647ab8dbc80
2,5647ab9db05f,0
3,5647ab8f381f,0
2,5647a927bc1f,0
2,5647a91d301f,5647a91d3260
7,5647a91d201e,0
2,5647ab8db05c,0
2,5647ab8db853,5647ab8dbbd0
2,5647ab8fbc13,5647ab8fbc2e
3,5647ab9db050,5647a8809b10
3,5647ab953817,5647ab9150f0
2,5647a927bc54,5647a927bd74
2,5647ab973856,0
2,5647ab953815,0
7,5647ab972054,7f91af489430
3,5647ab8f3814,0
1,5647ab9a4fab,5647ab9a4df0
2,5647aa8047eb,0
4,5647ab9057aa,5647ab905838
3,5647aba2c3a9,5647aba56150
2,5647ab9a4ba9,5647ab9a4bb0
7,5647aba2dbe9,5647aba33165
2,5647ab9847a8,0
2,5647aba243a8,0
2,5647a8b247eb,5647a8b24d2a
1,5647ab9847ae,5647ab984688
7,5647ab925bad,5647ab956b93
2,5647aba24fed,0
2,5647ab0acfed,0
3,5647a8ba4bae,5647ab2388b0
2,5647a8ba4bee,0
2,5647aba2c3ed,5647aba2c425
2,5647aba243ad,5647aba24400
5,5647ab92dbec,5647ab92d640
7,5647aba0d3ec,5647aba0cf56
2,5647aba247e3,5647aba24a20
2,5647ab984ba3,0
3,5647ab0acfe2,5647a880ac40
3,5647aba2c3a1,5647aba2fe70
2,5647ab9a4be1,0
2,5647ab0acfa0,0
3,5647aba24ba0,5647a8809560
1,5647abaa43a0,5647ab9833f0
2,5647aba04be7,0
3,5647aba2c3e5,5647aba22130
2,5647ab924ba4,0
3,5647ab984fa4,5647a8809520
2,5647aba047a4,5647aba04723
2,5647ab9acffb,0
2,5647ab984bbb,0
2,5647aba2cbfa,5647aba2cc05
3,5647aba2c3ba,5647a942f690
3,5647aba04bfa,5647aba06600
3,5647ab9a4bf8,5647a8809660
3,5647aa804bbe,0
3,5647aba2c3bf,5647aba30cd0
2,5647aa8047bc,0
2,5647ab22cbbd,0
3,5647aa804bfd,5647ab8d6440
2,5647aba0cffc,0
7,5647aba2dffc,5647aba4ed69
7,5647ab9a53fc,5647ab999e45
3,5647aba243bc,5647ab9842c0
4,5647a880d7f0,7f91aaf38820
2,5647ab9a4ff3,0
2,5647abaa4ff2,5647abac0d00
2,5647aba243b2,0
3,5647ab984fb1,5647ab8e2d20
1,5647aba2c3b1,7f91a874e090
2,5647ab92c3f7,0
2,5647aba24bb7,5647aba24bd8
2,5647aba243b7,0
2,5647aba047b7,0
2,5647aba247f6,0
2,5647aa0a47f7,0
1,5647ab9843f5,5647ab984421
2,5647aba24ff5,0
2,5647abaa4fb5,0
2,5647ab984bb5,0
1,5647aa0a47f4,0
1,5647ab924bb4,5647ab924b0a
1,5647abaa43f4,5647abaa4380
3,5647ab9a4bb4,5647ab99ea60
2,5647ab98438a,5647ab9843b9
2,5647aba243ca,0
2,5647aba2438a,0
2,5647aba0438a,0
2,5647aba24f89,0
2,5647ab92c38f,5647ab92c3f0
2,7f91ad319d89,0
2,5647aba24f8e,0
2,5647aba247ce,0
2,5647abaa438d,0
7,5647ab9057cd,7f91af48a98b
3,5647ab0acf8d,5647ab8dd250
3,5647abaa4fcc,5647a9005bf0
2,5647aa804bcd,0
5,5647ab98d7cc,5647ab8e30e0
3,5647aba2c3cc,5647aba2fe70
2,5647aba04bcc,0
2,5647ab92c383,0
2,5647ab904bc3,0
2,5647aba0cf83,0
3,5647aba24b83,5647a8809700
2,5647ab0acf82,0
2,5647ab9ac782,0
1,5647abaa47c0,5647abaa4380
3,5647aba2cbc0,5647aba2d5d0
2,5647aba04bc0,5647aba04b98
2,5647ab92c387,0
2,5647aa8047c6,0
2,5647aba2c3c7,5647aba2c3d1
2,5647aba047c7,5647aba047d1
2,5647ab92cf86,5647ab92d048
2,5647ab984386,0
1,5647ab984bc6,5647ab984691
2,5647ab9843c5,0
2,5647ab98c385,5647ab98c3e5
2,5647aba04385,0
1,5647a9004787,5647a90045f6
2,5647ab9a4bc4,5647ab9a4bd4
2,5647aba243c4,0
7,5647ab925bdb,5647ab956b8a
2,5647ab98479b,0
1,5647ab9acfdb,5647ab9acff5
2,7f91ad319ddd,7f91ad319d80
2,5647aba047d8,0
2,5647abaac79e,5647abaac7ef
2,5647abaa43dd,0
2,5647ab9843dc,0
2,5647aa80479d,5647aa8047b5
2,5647aba2c39c,0
3,5647aa804792,5647ab8d6440
3,5647aba2c3d3,5647aba2fd20
2,5647ab9a4f93,5647ab9a5010
2,5647ab984b93,5647ab984b9a
2,5647aba04393,0
3,5647aba2c392,5647aba50960
2,5647aba243d1,0
2,5647aa8047d1,0
7,5647ab90df90,5647aba22ded
1,5647aba04b90,5647aba04b9b
1,5647ab924bd6,5647ab924ba1
2,5647abaa4fd6,5647abaa8be0
7,5647aba2d795,5647aba3b16d
2,5647ab9847d4,0
2,5647abaac794,0
1,7f91ad31996d,7f91ad3197a0
3,5647ab98472b,5647a8809510
3,5647aa80472b,5647a8809d10
2,5647a8ba4b69,0
2,5647ab984329,5647ab9842f8
2,5647ab984729,5647ab984730
3,5647ab984b29,5647a9245640
2,5647aba04729,0
3,5647ab98c368,5647a8809520
2,5647aba0cf68,0
2,5647ab9ac728,5647ab9ac730
1,5647ab924b6e,5647ab924aea
1,5647ab984f2d,5647ab984eca
2,5647ab904b6d,0
1,5647ab98c32d,5647ab98c1a8
3,7f91ad31992a,7f91ad316f20
2,5647aba24b6c,5647aba24b7b
1,5647aa804f6d,7f91aaf3d3d0
2,5647ab984363,5647ab9843b9
2,5647ab904b23,0
2,5647aba24b63,0
2,5647aba04b23,5647aba04b41
2,5647aa804f63,0
2,5647aba24362,5647aba2438c
1,5647a8b24721,0
3,5647aba0cf61,5647aba6c420
1,5647ab904761,0
2,5647aba0cb21,0
3,5647a8b24763,5647a8809da0
3,5647ab924b27,5647ab924c10
2,5647ab9ac766,5647ab9ac76e
5,5647a9005f24,5647ab8efa90
2,5647aba24f65,0
2,5647aba04765,5647aba04c60
3,5647ab984f24,5647a8809660
1,5647abaac324,5647abaabc50
2,7f91ad319d22,0
7,5647aba2573b,5647aba22ec4
3,5647aba04b7b,5647aba03470
2,5647aba0473b,5647aba04790
2,7f91ad31993c,0
3,5647aba24f7a,5647a8809f30
3,5647ab984f39,5647a8809660
2,5647aba24b39,0
2,5647aba24379,0
2,5647ab924b3f,0
3,5647ab98437f,5647a8809590
2,5647ab98473f,5647ab984e1f
1,5647ab984f3e,5647ab984ee7
1,5647aba24f3e,5647aba24e3c
2,5647ab0acf3d,0
1,5647ab904b7c,5647ab904bc0
3,5647ab98c37c,5647a88097c0
2,5647aba24b33,0
3,5647aba04b73,5647aba06600
2,5647aba24371,5647aba243a0
2,5647ab984f37,0
2,5647aba24777,0
2,5647ab984376,0
1,5647ab98c335,5647ab98c1f0
1,5647ab904735,5647ab9044ea
2,5647a8b24776,5647a8b24751
2,5647ab984b74,5647ab984b88
2,5647ab9a4b0b,5647ab9a4c08
2,5647ab92c70a,5647ab92c711
2,5647ab98430a,5647ab984350
1,5647aa0a474b,0
3,5647aa80470b,5647ab8dd250
2,5647ab0acf4a,0
2,5647ab984b4a,5647ab984cd3
2,5647aba0474a,0
2,7f91ad31990f,0
2,5647a900474a,5647a90046c0
1,5647aba04708,5647aba04723
2,5647ab9a4b4f,5647ab9a4bf8
3,5647ab9ac74e,5647ab9acd30
2,5647abaac30e,0
5,5647a93a574f,5647a939a280
2,5647ab98470c,0
2,7f91ad319945,0
3,5647abaac302,5647ab969800
2,5647aba0cb02,0
2,5647ab984b42,0
2,5647ab984701,0
2,5647aba24701,0
2,7f91ad319906,7f91ad319a33
3,5647aba24340,5647a8809e00
7,7f91ad318146,7f91ad319f98
2,5647ab984306,0
2,5647ab92cf45,5647ab92cf6d
7,5647ab9a5f05,5647ab99e94f
2,5647ab924b04,5647ab924bc0
1,5647abaac744,5647abaabf07
3,5647aba04b5b,5647aba06600
1,7f91ad31995c,7f91ad3198a9
3,5647a8b24759,5647a8809630
3,5647ab9ac719,5647ab9b49c0
7,5647ab9ad319,5647ab9ac753
2,5647aba24758,0
2,5647ab90475f,0
1,5647ab924b5f,0
1,5647a8b2471c,7f91a7e87ba0
2,5647ab92c71e,0
3,5647ab98c35d,5647a8809520
2,5647aba0471d,5647aba047b0
1,5647a8b2475e,7f91a7e87ba0
1,5647ab984f1c,7f91a87c8b20
1,5647ab90475c,0
2,5647abaa4f53,0
2,5647aa804752,5647aa804bb0
2,5647aba24b52,5647aba24b98
2,5647aba04752,0
1,5647a8b24751,7f91a7e87ba0
3,5647aba0cf51,5647aba0d230
7,5647aba25311,5647aba2082c
2,5647ab9acb10,0
3,5647aa804f51,5647aa804580
2,5647ab984357,5647ab984318
2,5647ab0acf57,0
2,5647aba24b57,0
2,5647aba04b17,0
2,5647ab984316,5647ab984359
2,5647ab984f15,0
2,5647abaac314,5647abaac31d
2,5647ab984aeb,5647ab984dd5
2,5647aa0a46ab,5647aa0a46b2
1,5647aba04ae9,5647aba04af3
2,5647aa0a46a9,0
7,5647ab98dae8,5647ab98d72e
1,5647aba0cee8,0
7,5647aba2d6a8,5647aba2cbc5
3,5647ab92c6ef,5647a8809510
3,5647ab9846ef,5647ab9842c0
2,5647ab984aaf,5647ab984cc8
3,5647ab984eee,5647ab984f90
2,5647aba04eee,5647aba045a8
2,5647ab92c6ed,0
1,5647ab98c2ec,5647ab98c0b1
2,5647a90046ee,5647a9004828
2,5647abaac2ac,0
3,5647aba0caec,5647a880adf0
2,5647ab9ac2e3,0
2,5647aba246a2,0
7,5647ab98dae2,5647a93a70a1
3,5647ab9a4ae1,5647ab99eb00
2,5647ab984ee0,5647ab984ee7
3,5647ab92cea0,5647a8809530
3,5647ab98c2e7,5647ab98c410
2,7f91ad319ca1,7f91ad3197a0
2,5647a8b246a4,0
2,5647a8b242e4,0
1,5647aba24ee6,5647aba24e59
7,5647ab92daa5,5647ab92d231
1,5647a9004ea7,5647a9004e16
1,5647ab9046e5,5647ab904572
2,5647aba2c2e5,5647aba2c38a
2,5647aba04ea4,5647aba04ee0
2,5647ab924afb,0
3,5647aba04abb,5647aba06600
3,5647aba246ba,5647a8809590
2,5647ab92c6f9,0
1,5647a8b242ba,7f91a7e0d240
2,5647a9004eba,0
2,5647aa0a46b9,5647aa0a4730
4,5647aba2d6f8,5647ab8eb720
3,5647ab9842ff,5647a8809590
2,5647ab984efe,5647ab984f05
2,5647a9004ebc,5647a9004ea0
2,5647a8b242bd,5647a8b24710
2,5647ab9ac6fd,5647ab9ac713
2,7f91ad3198fa,0
2,5647aba0cabc,0
2,5647aba0cafc,0
1,5647ab9842f3,5647ab984318
2,5647ab92ceb2,0
2,5647ab9ac2f2,0
2,5647ab924af1,0
2,5647ab9846b1,5647ab9846bc
2,5647a9004eb3,0
3,5647abaac2f1,5647ab900a80
3,5647aba0cab1,5647ab8dd210
2,5647aa8046f0,0
2,5647abaa42b0,5647abaa47a8
2,5647ab9846f7,0
1,5647abaa42b6,5647abaa41ae
3,5647a8b242f5,0
2,5647ab98468b,5647ab9849c0
3,5647ab92ce8b,5647a8809520
2,5647abaac2cb,0
2,5647aba2468b,0
1,5647aba24ecb,5647aba24df5
2,7f91ad319c8d,7f91ad3197a0
1,5647ab984e8b,7f91a8735380
2,5647ab984a89,0
2,5647ab984ac9,0
2,5647a8b242ca,0
2,5647aba246c8,5647aba24920
7,5647ab92d68f,5647ab92dbf2
4,5647abaad68f,5647abaa4258
2,5647ab984e8e,5647ab984f20
2,5647aba046ce,0
2,7f91ad319c88,0
2,5647a9004e8f,5647a9004eb0
3,5647aba0ca8c,5647ab8d6490
2,5647ab924ecc,5647ab924d86
7,5647aa005ec2,5647ab95ab86
2,5647aba04a83,5647aba04aa1
3,5647aa8046c2,5647a8809e80
1,5647a9004ec0,5647a9004e16
2,5647ab904281,5647ab904260
2,5647abaac2c1,0
3,5647ab984ac1,5647ab8d6490
2,5647ab9846c7,5647ab984860
2,5647ab904a87,0
2,5647ab92ce86,0
2,5647ab904286,0
2,5647abaac6c6,0
2,7f91ad3198c0,7f91ad319af8
2,5647aba0ce86,0
3,5647ab92c685,5647a880aa00
2,5647ab92c6c5,5647ab92c6d0
5,5647a93a5687,5647ab8d4270
2,7f91ad319883,0
2,5647aba0ce84,0
2,5647aba0cac4,0
2,5647ab92c6db,0
2,7f91ad3198dd,7f91ad319f50
2,5647abaac29b,5647abab37ce
2,5647ab9ac69a,0
2,5647aa8046d8,0
2,5647ab984698,0
2,5647ab9842df,0
2,5647aa0a469e,0
2,5647ab924ade,5647ab924b68
1,7f91ad319898,7f91ad3198ec
3,5647ab9acede,5647a8809560
2,5647ab984a9e,5647ab984ab5
3,5647ab92c6dd,5647a8809510
3,5647aba2c2dd,5647aba2dbf0
2,5647abaa429c,5647abaaa5f8
2,5647a90046d1,0
2,5647aba24ed3,5647aba24f30
3,5647aba04ad3,5647aba06600
2,5647ab984a92,0
2,5647ab9846d1,5647ab984970
2,5647abaac6d0,5647abaac728
2,5647aba246d0,0
1,5647ab904297,5647ab8d1410
2,5647ab9a4e97,5647ab9a4ff0
2,5647aba0ca97,0
2,5647ab924ad6,5647ab924aea
2,5647ab984ad6,0
2,5647ab904295,0
2,5647ab904a95,0
2,5647a8b242d7,0
2,5647ab984e6b,5647ab984f30
2,5647ab90426b,5647ab904290
3,5647ab9a4a6b,5647ab99eaf0
2,5647aba2462b,5647aba24670
3,5647ab92ce68,5647a8809520
2,5647aba24668,5647aba2462d
5,5647ab92d22e,5647ab92d9e0
2,7f91ad319c28,0
2,5647ab984a6e,5647ab984ab5
3,5647aba2c26d,5647a8ba4b10
2,5647ab22ca6d,5647ab22cc60
2,5647ab98462c,5647ab984988
2,5647aba24a2c,5647aba247e9
2,5647a9004661,0
2,5647ab9ace23,5647ab9ad498
7,5647ab925e62,5647ab925421
3,5647aba2c222,5647aba330a0
1,5647aba2c262,7f91a8737240
2,5647aba04a22,0
2,5647a9004e23,0
3,5647ab98c621,5647a88095e0
2,5647aba24661,0
3,5647aba24e21,5647a8809f30
3,5647aba24620,5647a8809590
2,5647aba24e60,5647aba24e6a
5,5647a93a5625,5647ab8d9570
2,5647ab9ac227,5647ab9ac230
2,5647ab9a4e27,5647ab9a4e90
2,5647aba24627,5647aba2464e
2,5647ab984a26,5647ab984d61
2,5647aba0ce65,0
2,5647ab9a4a65,0
2,5647aba0ca64,0
7,5647ab92d63b,5647ab92db09
2,5647ab9a4a7b,5647ab9a4c20
3,5647aba0ca7b,5647ab8d66a0
2,5647abaa427a,0
3,5647ab9a4a3a,5647ab9d0220
2,5647aba24e7a,0
2,5647ab98467a,5647ab9849c0
2,5647ab9ac239,0
7,5647aba25a38,5647aba256d4
2,5647aba24638,5647aba2467a
2,5647aba24678,5647aba2463a
3,5647aba2c23e,5647ab8d6440
3,5647ab92ce7e,5647a8809530
2,5647ab9a4e7e,0
7,5647ab98d67d,7f91af4ae576
3,5647ab98c63d,5647ab8cff10
2,7f91ad31983b,7f91ad3196f8
2,5647aba0ce7d,5647aba0ce90
7,5647aba25e7d,5647aba259d4
2,5647a9004671,5647a9004747
7,5647ab9ade32,5647ab9ad740
2,5647aba24e32,5647aba24ed0
2,7f91ad319c37,7f91ad31a01f
2,5647a9004635,5647a90047f8
3,5647aba04a37,5647aba06600
2,5647aba04a77,0
2,5647ab92c676,0
2,5647ab904a76,0
7,5647ab925a36,5647aa698690
1,7f91ad319c70,7f91ad3197a0
1,5647ab984e75,0
2,5647a9004609,5647a9004848
1,5647ab98c64a,5647ab98c4d9
2,5647aba2c24a,0
2,5647a938c608,0
1,5647ab98c209,5647ab98c00b
2,5647ab9a4e49,0
2,7f91ad319c4e,7f91ad319712
3,5647ab98460e,5647a8809e00
2,5647ab9aca0e,0
2,5647ab98464d,5647ab9847d0
2,5647a9004e0f,5647a9004e88
2,7f91ad31980b,0
3,5647ab984a4d,5647a8809e00
1,5647aba04a4d,5647aba04a53
5,5647abaa5a4c,5647ab8d9570
2,5647aba2464c,5647aba24618
2,5647ab984a03,5647ab984a11
2,5647aba2c201,0
3,5647aba24e01,5647ab8d6440
2,5647ab9ace07,0
1,5647ab984206,5647ab9840f6
7,5647ab92d244,5647ab92bd21
2,5647ab984644,0
2,5647aba04604,5647aba04a02
2,5647ab92ce5b,0
3,5647ab92ce1b,5647a880aa00
2,5647ab9aca5b,5647ab9acb00
2,5647ab984659,5647ab984670
2,5647aba24658,0
1,5647aba0ce18,5647aba0cda0
2,5647aba0ce5f,0
2,5647ab9a4e5f,5647ab9a50b8
1,5647ab984e1f,7f91a8735380
7,5647aba0d21d,0
2,5647ab22ca5d,0
7,5647aba2565c,5647aba25682
2,5647ab984a1c,5647ab984d22
2,5647ab9ace13,0
2,5647ab9a4e53,0
1,5647aba24613,5647aba2463a
1,5647a938c611,5647a938c5d8
2,5647aba24e11,5647aba24ee0
2,5647ab9a4e10,0
2,5647aba24e50,5647aba24ee2
2,5647ab924e10,0
1,5647ab98c657,5647ab98c5af
2,5647aba2c257,5647aba2c133
2,5647aba0ce57,0
1,5647ab904255,5647ab904277
1,5647aba0ce54,0
2,5647aba245eb,0
3,5647ab924dab,5647ab925020
1,5647ab98c9eb,7f91a7e87ba0
2,5647ab924dea,5647ab924e03
2,5647a9004deb,0
2,5647abaa41a8,5647abaa47a8
2,5647aba045e8,0
1,5647ab9041e8,0
2,5647ab98cdef,0
2,5647ab22cdaf,5647ab22d117
2,5647aba24def,0
2,5647ab9acdae,0
2,5647ab9acdee,0
7,5647aba255ec,5647aba4fc6d
2,5647ab9a4de2,5647ab9a4f90
2,5647aba24da2,5647aba24da9
2,5647aba24de2,5647aba24ec0
2,7f91ad3197a7,7f91ad319cc0
2,7f91ad319fa1,7f91ad319c75
2,5647a938c5e5,0
1,7f91ad319fe0,7f91ad319a8f
2,5647ab22cda6,0
2,5647ab9845e5,0
2,7f91ad3197a3,7f91ad3197ad
3,5647ab9ac5a5,5647ab9aca30
2,5647ab9acda5,0
7,5647aba251a5,5647aba221c3
2,5647ab9849e5,0
1,5647ab984de5,5647ab984afd
3,5647aba0cda4,5647ab8d6440
1,5647abaacdbb,5647abaaad64
5,5647a93a55f8,5647ab8d5460
3,5647ab98c1f9,5647ab8cff10
7,5647aba0d1b9,0
2,5647ab9a4df9,0
2,5647ab9845b8,5647ab9845d0
4,5647aba2d5be,5647ab9041f0
1,5647ab22cdbe,5647ab22cbad
2,5647ab9849fe,0
2,5647ab924dbd,0
2,5647a90045bf,0
2,5647aba24dbc,5647aba24dd0
3,5647aa8045bd,5647ab98a530
4,5647a880d1b0,7f91a83151f0
2,5647ab9acdf3,0
2,5647a90045b1,0
2,5647ab9845f2,5647ab9848c1
2,5647a9004df0,0
2,5647ab98c5b2,5647ab98c5bc
3,5647aba2c1f2,5647aba22670
1,5647ab9ac9f2,5647ab9aca08
3,5647ab98cdb1,5647ab8d6440
3,5647ab98c1b1,5647ab8cff10
2,7f91ad3197b7,7f91ad319858
2,5647abaacdb0,5647abaaad64
1,5647a938c5f2,5647ab8fbe80
1,5647ab9a4db7,5647ab9a48d0
1,5647ab98c5f6,5647ab98c464
2,5647aba0cdb6,0
1,5647abaa41b5,5647abaa47a8
3,5647ab924db5,5647a8809560
3,5647ab9ac5b4,5647ab9aca30
2,5647aba045f4,0
2,5647aba049b4,5647aba049be
2,5647aba049cb,0
2,5647a8ba4d8a,0
2,5647aba24d88,0
2,5647aa8045c9,0
2,5647ab98458e,5647ab984910
2,5647aba0498d,0
1,5647ab9acdcc,5647ab9acde8
3,5647aba045cc,5647ab72f520
1,5647ab98c1c1,5647ab98bfa8
3,5647aba04981,5647aba06600
7,5647ab90dd80,5647aba4fc5c
2,5647ab98cd87,0
2,5647ab9a4987,0
1,5647ab9a49c7,5647ab9a4a23
2,5647a9004dc4,0
2,5647ab984585,0
5,5647a93a55c7,5647ab8e0770
2,5647ab9acd85,0
2,5647aba04585,5647aba04ea0
2,5647ab98cdc4,0
2,5647ab9845db,0
2,5647ab98cddb,5647ab98cdd0
2,5647ab98c5db,0
7,5647aa0a5198,0
7,5647a990dddb,5647ab8f3824
2,5647aba24d98,0
2,5647aba24dd8,0
2,5647ab9849d8,0
2,5647ab98459f,0
2,5647ab9acd9f,0
2,7f91ad319799,7f91ad319f90
2,5647a90045dd,5647a9004760
3,5647ab98cd9e,5647a936ac70
2,5647ab9a499e,0
2,5647a93a49df,0
2,7f91ad319b9b,7f91ad3198d3
2,7f91ad319bdb,7f91ad319aa0
2,5647aba045dd,0
2,5647aba0499d,0
2,5647ab22cd9c,0
2,5647a8b241df,5647a8b242b1
1,5647ab98499c,5647ab984688
3,5647ab98c1dc,5647a88095e0
2,5647aba245d3,0
2,5647ab924d92,0
2,5647ab9a4991,0
2,5647ab924991,5647ab9248f6
3,5647ab9849d1,5647ab983f90
1,5647a8b241d2,7f91a7e87420
3,5647a8b241d2,5647a8809e50
1,5647a8ba4d93,0
7,5647ab90dd90,5647aba4f754
4,5647abaad1d0,5647abaa4258
2,5647ab98cd97,0
3,5647ab98c9d7,5647ab915280
2,5647ab9acd96,0
2,5647ab984996,0
3,7f91ad319f93,7f91ad317fb0
2,5647abaa4194,0
3,5647ab98c194,5647a88095e0
7,5647aba2d594,5647aba2df1e
2,7f91ad319b92,0
2,5647aa8045d5,5647aa8046be
2,5647ab92492b,0
1,5647ab9ac16a,5647ab9abf78
2,5647aba2492a,0
3,5647ab904128,5647a926af90
2,5647a900456a,5647a90046e0
2,5647ab984d68,0
3,5647ab984d2f,5647a88095e0
7,5647a91ad96c,5647aa69d16d
2,5647ab22cd6e,5647ab22cd57
1,5647ab984d6e,5647ab984d43
2,5647ab90416d,0
1,5647aba04d6d,5647aba04c80
1,7f91ad319f6a,7f91ad319a43
3,5647aba04922,5647aba06600
2,5647a8ba4d22,0
7,5647ab985561,0
2,5647ab904567,5647ab904543
2,5647ab004127,5647ab004158
2,5647ab22c566,0
3,5647ab9a4925,5647a8809b70
3,5647ab984164,5647ab8cff10
3,5647ab98cd7b,5647ab8e45c0
3,5647a8ba4d78,0
1,5647aba2493b,5647aba246ce
1,5647aba2c13a,5647aba2c2d4
7,5647ab9a593a,5647ab9a53d8
2,7f91ad31977c,0
2,5647ab904579,5647ab9044f7
3,5647ab9a4978,5647ab9a5100
1,5647ab984538,5647ab9844bc
2,5647aba24d7e,0
1,5647ab98497d,5647ab984881
7,5647ab9a5d3d,5647ab9a5ab1
2,5647ab92cd7c,5647ab92cda0
2,5647ab92cd73,0
1,5647ab984133,5647ab98405a
1,7f91ad319b35,7f91ad319b90
2,5647abaa4172,5647abab47f9
2,5647ab9a4972,0
2,5647ab984532,0
1,5647ab984171,5647ab98400d
7,5647ab90dd70,5647aba4f74f
2,5647ab904177,0
2,5647ab984977,0
2,5647aba24937,0
3,5647aba04937,5647aba06600
2,7f91ad319770,7f91ad319968
1,5647aba04d36,5647aba04710
3,5647aba04575,5647aba03470
1,5647ab9ac134,5647ab9abd41
3,5647aba24d74,5647aba24fd0
2,5647a8b24d37,5647a8b2672d
3,5647ab9a494b,5647ab9c2200
3,5647ab22cd4b,5647a8809b10
1,5647ab984d0b,5647ab984b71
2,5647aba0450b,0
2,5647aba0490a,0
2,5647a9004d48,0
7,5647aba25109,5647aba23eb7
1,5647a900454b,5647ab8d6470
2,5647ab92c948,0
2,5647aba04548,0
2,5647ab90450f,0
3,5647ab9ac54f,5647ab9d0250
1,5647a8b24d4d,5647ab9119f8
1,5647a8b2490d,0
3,5647ab984d4c,5647ab8cff10
2,5647a938c54e,0
3,5647ab9a4943,5647a8809b80
2,5647a8b24901,0
3,5647ab92c901,5647a880aa00
2,5647ab9a4500,0
2,5647a9004d42,0
1,5647ab004107,0
2,5647ab004107,0
3,5647ab9ac505,5647ab9d0310
2,5647ab22cd05,0
7,5647ab98dd05,0
3,5647ab9a4904,5647ab9a9680
1,5647ab984544,5647ab98452f
2,5647ab90411b,5647ab904125
2,5647ab90455a,5647ab9046e0
2,5647ab98495a,5647ab9845a5
2,7f91ad319f5e,0
5,5647a9005d1d,0
3,5647aba0495e,5647aba06600
2,5647a8b2491d,0
7,5647ab90551d,5647ab90514b
7,5647aba2d55d,5647aba2ba09
1,5647ab984d5c,5647ab984a37
3,5647ab904553,5647ab904a40
2,5647a9004d51,0
2,5647aba04552,5647aba05330
2,5647ab98c111,0
2,5647ab904117,0
2,5647ab984917,0
2,5647ab984116,5647ab98412e
2,5647a9004554,0
3,5647ab924916,5647ab8d6440
2,5647ab22cd15,0
3,5647aba04515,5647aba03470
2,5647ab9840eb,5647ab9841f7
1,5647ab9244aa,5647ab92446f
2,5647abaac8aa,0
2,5647ab9a44ea,0
3,5647aba0c0aa,5647ab8cff10
2,5647a8b248ea,0
5,5647ab9858a8,5647ab8f0d00
2,5647ab9844ee,0
2,5647ab98c4ed,5647ab98c64f
2,5647ab9ac0ac,0
3,5647ab9840ac,5647ab9842c0
1,5647ab924ce3,5647a8809d10
3,5647ab22cca3,5647a8809ec0
2,5647ab984ce3,0
1,5647abaac8e2,5647abaaad64
2,7f91ad319aa7,7f91ad319c20
2,5647ab9840e0,0
2,5647abaacca0,5647abaac898
2,5647ab98c4a0,0
2,5647ab9ac0a0,0
2,5647ab9844e5,0
2,5647ab98c4a5,5647ab98c4b8
2,5647ab9840bb,0
7,5647ab9250ba,5647ab9563e4
7,5647a9005cb8,5647abaa4fd1
1,5647aba0c0ba,5647aba0c04f
2,5647ab9840f9,5647ab984110
2,7f91ad3196ff,7f91ad319889
3,5647ab98c0ff,5647a8809510
1,5647ab9ac0bf,5647ab9abe93
2,5647ab984cff,0
1,5647ab9844be,5647ab984390
3,5647ab98c0be,5647a8809510
1,5647a90044fc,0
2,5647a90044ff,0
2,5647ab98c0fd,5647ab98c104
3,5647aba2c4bd,5647ab8cff10
2,5647ab98c0bc,5647ab98c0c3
1,5647ab9844f3,5647ab984480
2,5647ab9044f1,0
2,5647aba044b1,5647aba05090
2,5647abaaccb0,5647abab13f0
3,5647aba24cb0,5647a8809560
2,5647ab9044f7,5647ab904500
7,5647aba0d0b7,5647aba0d3cb
7,5647ab9a50f7,5647ab9a497d
2,5647aba04cb6,0
3,5647aba04cf6,5647ab8cff10
2,5647ab9840b4,5647ab984058
2,5647ab22ccb4,5647ab22ccbe
2,5647ab984cf4,0
2,5647ab924ccb,5647ab924cda
1,5647ab9844cb,5647ab984411
2,5647ab98448b,5647ab98438c
3,5647ab9044cb,5647ab905730
3,5647ab9848ca,5647ab8cff10
3,5647ab98488a,5647ab8cff10
2,5647ab98c4ca,0
2,5647ab924489,0
7,5647ab0ad089,7f91af489430
2,5647ab9ac08f,0
3,5647ab9248cf,5647ab924c50
1,5647ab984cce,5647ab984a8f
3,5647ab924ccd,5647a8809d10
3,5647ab98c0cd,5647a8809db0
3,5647aba0c08c,5647a88095e0
2,5647ab984482,5647ab984540
2,5647aba04882,5647aba048cf
5,5647a9005c82,5647ab8f3f20
2,5647ab98c4c0,5647ab98c618
2,5647ab98c487,0
2,5647aba24487,0
2,5647aba24cc7,5647aba24ce8
2,5647aba04cc6,0
2,5647ab92c884,5647ab92c8f8
1,5647ab9848da,5647ab9845f8
1,5647ab98489a,5647ab9846e3
3,5647a8ba4cd9,0
2,5647ab9044df,5647ab9044bb
2,5647ab9248de,5647ab924980
2,5647ab924cdd,0
2,5647a900449f,0
3,5647abaac8dd,5647a96d8940
2,5647ab22ccdd,5647ab22ccc8
2,5647aba0449c,0
1,5647a8b248df,7f91a7e8b590
4,5647a880dcd0,7f91aecc0360
2,5647ab924c93,0
2,5647ab98c4d3,5647ab98c633
3,5647aba24c93,5647a8809700
3,5647aba2c493,5647a88095e0
3,5647aba04cd3,5647ab8cff10
2,5647ab9840d2,0
2,5647abaac892,5647abaacc97
2,5647ab9044d2,0
2,5647aba24490,5647aba245c0
1,5647aba2c4d0,5647aba2bb45
2,5647ab9248d7,0
2,5647aba048d7,5647aba05849
2,5647ab98c0d4,5647ab98c0f2
7,5647ab92d06b,5647aba202da
2,5647ab924c2b,5647ab924c38
3,5647ab98c46b,5647a8809560
7,5647aba2d82b,5647aba2c3d8
2,5647aba04c6b,5647aba04d68
3,5647ab22cc6a,5647ab9a4dc0
2,5647aba24029,0
1,5647aba2cc28,5647ab9113d0
2,7f91ad319a6e,7f91ad319fb8
2,5647aba0c068,0
2,5647ab98c02e,5647ab98c2e0
2,5647ab98446d,0
2,5647a900482f,0
3,5647ab98486d,5647a88095e0
2,5647a8b2486e,0
1,5647a900486f,5647a9004622
2,5647aba0446c,0
4,5647a880d820,7f91aaf3f530
4,5647a880d860,7f91aaf3d3d0
7,5647aba25022,5647a9234389
2,5647aba24c62,5647aba24ca8
2,5647aba04c21,0
3,5647aba04861,5647aba06600
2,5647ab92c420,0
2,5647ab924467,5647ab924498
7,5647ab925c67,5647ab956705
3,5647ab984067,5647a8809510
2,5647ab9a4c27,0
2,5647aba24c67,0
2,5647aba04827,5647aba05280
2,5647ab984026,5647ab9840a8
2,5647a8b24865,5647a8b252f7
2,5647ab984065,5647ab98406c
2,5647aba2c465,0
2,5647ab98407b,0
2,5647aba2447b,0
2,5647aba2403b,5647aba24050
2,5647aba0c03b,5647aba0c080
1,5647abaacc78,5647abaac880
3,5647aba2c438,5647a8809510
2,5647ab924c78,0
1,5647a8b2487b,5647a8b248ca
1,5647aba2c438,5647ab8d4270
1,5647aba2c478,5647aa0c7f00
2,5647a8ba4c7c,0
2,5647ab98443e,0
2,5647ab98447e,5647ab9844d8
2,5647a900483c,5647a9004622
3,5647ab924c7e,5647ab925fb0
2,5647aba24c7c,5647aba24c8b
2,5647ab924c7c,0
2,5647aba0447c,5647aba0448c
2,5647aba24c73,0
2,5647ab984432,5647ab984400
2,5647ab984831,5647ab984798
2,5647ab924c71,0
2,5647aba04c31,0
3,5647a8ba4c33,0
3,5647ab984477,5647a8809590
2,5647aba2c436,0
3,5647aba2440b,5647a8809590
2,5647ab98c44a,5647ab98c5f0
2,7f91ad319a4c,7f91ad319bd1
2,5647aba24c49,0
2,5647aba04809,0
3,5647ab984408,5647a8809590
1,5647abaac808,5647abaabcd1
2,5647ab98440f,5647ab984434
7,5647a93a5c0c,0
2,5647aba2c44e,0
2,5647ab92c44d,0
3,5647ab92c40c,5647a88097b0
2,5647ab92c443,0
1,5647aa804c02,5647aa80478b
4,5647a880d800,7f91aaf3f420
2,5647aba2cc03,0
2,5647aba24c43,0
1,5647ab924c42,7ffd0b153f10
1,5647ab9a4c01,5647ab9a4b93
2,5647ab984447,5647ab9844c8
3,5647ab984807,5647a8809590
7,5647a9805445,5647a9f62075
2,7f91ad319a41,0
1,5647ab9a4c47,5647ab9a4ad0
2,5647ab984007,5647ab98415b
2,7f91ad319e01,7f91ad3196f8
4,5647aba25005,5647aba25060
2,5647ab98c005,5647ab98c332
2,5647aba04c44,0
2,5647ab92c45a,0
2,5647ab92445a,0
2,5647abaacc1a,5647abaacc5f
3,5647a8b2485a,5647a8809ac0
1,5647a8b2485a,5647a926c800
1,5647ab9a4c18,5647ab9a4b2b
2,5647ab924c1f,0
2,5647ab98441f,5647ab984452
3,5647ab98c01e,5647ab9a1ff0
1,5647aba2405d,5647aba23ec5
1,5647a900481f,5647a900464e
1,5647aba2441c,5647aba243af
2,5647ab984413,5647ab984449
3,5647ab9a4c13,5647ab9a4dc0
4,5647a880d850,7f91aaf46030
7,5647ab925c12,5647a8b7d392
2,5647aba2cc12,0
3,5647aba04c12,5647aba06600
2,5647aba04812,5647aba05d45
1,5647ab984852,0
1,5647ab984411,0
2,5647ab984450,5647ab984421
2,5647abaacc10,0
3,5647aba2c450,5647a8809510
1,5647aba2c450,0
2,5647ab92c417,0
2,5647ab984456,0
2,5647aba24416,0
2,5647aba24016,0
2,5647aba0c016,5647aba0c030
7,5647ab925454,5647ab956654
3,5647aba2dfab,5647aba44fd0
3,5647aba257eb,5647ab8e3220
2,5647aba2dbaa,0
3,5647ab9a5be8,5647a88097c0
7,5647aba2cbaf,5647aba56177
3,5647aba25fef,5647ab8d21d0
2,5647ab98d7ae,5647ab98d9a0
3,5647ab925fee,5647ab8dd210
4,5647aba243ed,5647aba25090
2,5647ab9857ac,5647ab985b30
2,5647ab925be2,5647ab925bf6
7,5647abaa43a1,5647ab95b2e9
2,5647a93a5be3,0
1,5647aba25fa0,5647aba25de9
2,5647a93a5be5,0
1,5647a9005ba5,0
2,5647aba2dfe5,0
2,5647ab9a53e5,0
2,5647a8b253a6,0
7,5647aba24fa4,5647aba1fff6
2,5647a9005bb9,0
2,5647ab9adbfb,0
2,5647ab925bf9,0
2,5647abaa5fb9,0
2,5647aba2dfb9,5647aba2dfd8
2,5647aba2dbb9,0
7,5647aa0a47f9,0
2,5647a93a5bfc,0
7,5647ab98c3f3,5647ab98bfc7
1,5647ab92dbf2,5647ab92da3b
2,5647ab9adbf2,0
5,5647ab924bb1,5647ab953b30
3,5647a8b253b2,5647a8809540
7,5647ab90c3b0,5647aba4ec52
1,5647aba257f0,5647aba257c0
7,5647ab90c3f0,5647aba22ded
7,5647aba24bf0,5647aba24715
2,5647ab9253f6,0
2,5647ab925bf4,5647ab925be4
5,5647aba2c3b4,5647ab8d5400
7,5647ab9a4bf4,5647ab99e944
1,5647a8b253b7,5647a8b24d2a
2,5647a990dff6,0
3,5647a9005b89,5647a8809610
2,5647ab9adb8a,5647ab9adbd0
2,5647ab9857ca,5647ab9857a0
3,5647a990d788,5647ab8f6530
5,5647aba24789,5647aba24c40
2,5647aba2d789,0
3,5647a9005bca,5647ab8d75b0
3,5647ab9253cf,5647ab925b70
7,5647aba2cbce,5647aba33281
1,5647a9005bcf,5647a9005bc2
1,5647ab9057cc,5647ab8d7470
2,5647ab905783,5647ab9057c7
2,5647ab925382,0
1,5647abaa5fc2,5647abaa4380
2,5647ab9253c1,0
7,5647ab984fc0,5647ab984ef3
1,5647a9005bc2,5647a9e48450
3,5647a9005bc2,5647a8809600
7,5647ab90c3c0,5647aba4ec57
5,5647aba04380,5647ab9c3a40
5,5647ab924bc7,5647ab953b20
3,5647ab9253c6,5647ab925bb0
3,5647aba0d3c6,5647aba0d0b0
2,5647aba257c6,5647aba256c9
2,5647a8b25385,0
2,5647ab9adb84,0
3,5647aba2d7c4,5647ab8cff10
1,5647aba2dbc4,5647aba0f5f0
2,5647ab98d79b,0
2,5647aba0d3d8,0
2,5647aba2df9f,0
1,5647a9005b9d,5647ab8d2bc0
7,5647aba0439f,5647aba02ccc
2,5647a91adfdd,0
7,5647ab98439e,5647aba243c1
2,5647a93a5bdc,0
5,5647aba247dc,5647aba24c40
7,5647aba2439c,5647aba23eb7
7,5647a88247df,5647ab9347a3
2,5647ab905793,0
3,5647ab9a53d3,5647ab9a57f0
4,7f91a8311990,7f91a838e3b0
7,5647ab9ac792,5647ab9abdde
1,5647aba2d7d1,5647aba2d770
2,5647ab925390,0
4,5647ab904bd7,5647ab905140
2,5647ab98d7d7,5647ab98d660
3,5647a9005b95,5647ab8cf6b0
2,5647a91adfd4,0
7,5647aba0cf95,5647ab8cff24
2,5647a990d797,0
7,5647ab22cbd4,5647ab99651a
7,5647aba24b94,5647aba23e44
5,5647ab924b6b,5647ab9569d0
2,5647ab9ad76b,5647ab9ad72b
2,7f91ad31812d,7f91ad318062
2,5647ab98572b,5647ab985b30
2,5647aa005f68,5647aa005fb0
3,5647ab98d729,5647ab98da70
7,5647ab92c72f,5647ab929e45
7,5647aa804f6e,7f91af489430
2,5647aba2d76e,5647aba2d7be
2,5647aba2df2d,5647aba2ea28
2,5647aba2572d,0
3,5647aba2df62,5647a880a860
7,5647ab924b60,5647aa69bad2
2,5647aba2d760,0
5,5647aba24766,5647aba24b30
2,5647aba2d766,0
2,5647ab905765,0
2,5647ab9ad725,5647ab9ad768
5,5647aa804725,5647aa80e1a0
2,5647aba2df24,0
3,5647ab9ad73b,5647ab9adb50
3,5647aba0533b,5647aba03bd0
1,5647a9005f38,5647a9005d7d
2,5647a8b25f79,0
2,5647ab92db39,5647ab92dc00
1,5647a8b2537a,7f91a7e87ba0
2,5647aba2d73f,5647aba2d758
7,5647ab904b7d,5647ab904558
2,5647ab90577d,0
3,5647aba05333,5647aba03470
3,5647ab92db32,5647ab92e870
3,5647ab98d732,5647ab8cf6b0
2,5647a8b25f71,0
3,5647a9005f33,5647ab8cf6b0
4,5647ab904b37,5647ab905253
1,5647ab98d737,5647ab98d660
2,5647ab925336,5647ab9254a8
7,5647aba0cb35,5647aba2b9d8
3,5647aa005f4a,5647aa066ca0
3,5647a93a5709,5647a939d3e0
2,5647ab9ad74a,5647ab9ad752
3,5647aa005f08,5647a97f5080
2,7f91ad31810f,0
2,5647ab92db0c,5647ab92db1d
2,5647aba2570c,0
7,5647ab9ac302,5647ab9ac080
3,5647aba25701,5647ab952f70
1,5647ab985b41,5647ab985838
5,5647aa804700,0
1,5647aba05340,5647aba04558
5,5647aa0a4744,5647ab8d7940
2,5647ab9ad305,0
2,5647a9005f07,0
3,5647ab92db04,5647ab92d620
2,5647a8b25f58,0
5,5647ab984719,5647a91814a0
3,5647aba2df19,5647aba2d560
2,5647aba25719,0
2,5647aa005f19,5647aa005f2f
7,5647ab9acb18,5647ab9ac5b9
1,5647ab9a5b1f,5647ab9a59c7
1,7f91ad318158,7f91ad3180e0
7,5647ab984f1d,5647ab9840cc
1,5647ab9ad75d,5647ab9ad2f8
5,5647aba24713,5647aba24b30
3,5647ab9a5b12,5647a8809660
2,5647aa005f10,0
2,5647a990d712,5647a990de20
2,5647ab92db17,0
2,5647aba25717,0
7,5647ab984756,5647ab9839e2
2,5647ab905756,0
1,5647a8b25315,5647a8b25365
1,5647a93a5756,5647a93a557a
2,5647a9005f16,0
2,5647aba256ea,0
2,5647aa005ee8,0
4,5647ab904aa9,5647ab904bc0
2,5647aba256a9,0
1,5647a9285aab,0
2,5647a9005aaa,0
1,5647aba25aae,5647aba258b4
2,5647a9005eaf,0
2,5647aa005ead,0
3,5647ab9a5aac,5647ab9a5bb0
2,5647a9285aa0,0
1,5647a93a56e4,5647a93a49cb
2,5647ab98daa5,5647ab98dac5
2,5647aba2dee5,0
3,5647a9005ea7,5647ab8f7f10
1,5647ab98d6e4,5647ab98d722
1,5647a9285aa6,5647ab8d7470
2,5647a9005ab9,0
2,5647a9005ef9,0
2,5647ab9856fb,0
2,5647aba2deba,0
2,7f91ad3180ff,0
2,5647abaa5ab8,5647abaa47a8
3,5647a93a56bd,5647ab9667b0
2,5647a9005efd,0
2,5647aa005efc,0
2,5647a9005abf,0
2,5647aba252fd,0
2,5647a990d6fe,0
2,5647ab9a5ab3,0
2,5647a9005ef1,0
2,5647aba2def2,0
2,5647ab9a5ef1,0
2,5647aba256b7,5647aba257d8
2,5647a990d6b5,5647a990e001
3,5647aa005ef4,5647a97f5080
7,5647ab90428a,5647abad4dae
3,5647aba2deca,5647aba44fd0
2,5647ab98da89,0
1,5647a9005aca,5647a9005a25
3,5647aba256cf,5647aba25840
2,5647aba25a8f,5647aba25aab
1,5647a9285a8d,5647ab8d7d10
2,5647ab98dace,5647ab98dae8
1,5647ab98dace,5647ab8d7d10
7,5647aba0ce8d,5647aa0a92b3
2,5647abaa5a8c,5647abab6aa2
7,5647ab9a4e8c,5647aba251b5
7,5647aba24e8c,5647aba23fe6
7,5647ab92cec2,5647ab929cc2
1,5647ab9a5ac2,5647ab9a5919
2,5647aba2d681,0
2,5647ab92d680,0
1,5647a93a56c2,5647a93a5586
3,5647aba2de80,5647a880a860
2,5647abaad280,0
2,5647a93a5685,0
2,5647ab98d687,5647ab98d6c8
2,5647a9285685,5647a9285800
1,5647aba05287,5647aba0484e
2,7f91ad318080,7f91ad318050
3,5647ab92dadb,5647a880aed0
2,5647aa005e9a,5647aa005ec8
2,5647ab98dadb,0
2,5647ab98569b,0
2,5647abaa5a9a,5647abaa5aae
3,5647aba2ded9,5647ab9a0ba0
3,5647a9005a9b,5647ab962ac0
2,5647aba256d8,0
3,5647ab98d6df,5647ab8e3000
2,5647a990d6dc,5647a990dcb8
3,5647a93a56df,5647ab8ff1d0
7,5647a90046df,5647ab8d79e9
2,5647ab9a5e9d,5647ab9a5ee4
7,5647ab90429c,5647aba3eb2e
2,5647a93a569e,0
2,5647a9005ede,0
2,7f91ad31809a,7f91ad318150
2,5647a93a5690,5647a93a5568
5,5647aa8046d3,0
2,5647ab98d690,5647ab98d6c8
7,5647aba0ce90,5647aa0a92b3
3,5647a9005ed2,0
2,5647aba2d690,5647aba2d6a0
2,5647aa005ed6,0
2,5647aba2d697,5647aba2d6dc
2,5647ab9856d7,0
2,5647ab98d695,5647ab98d6c8
2,5647ab98dad5,0
1,5647abaad295,5647abaad150
1,5647ab9a5ad4,5647ab9a58c5
1,5647a9285a29,5647ab8d5460
2,5647aba2d62a,0
2,5647aba25a2a,0
2,7f91ad31802c,7f91ad318032
2,5647aba25629,0
2,5647aba0d26f,0
2,5647aba2d66f,0
2,5647aba25e2f,0
3,5647aba2522e,5647aba46c10
2,5647ab925e2d,5647ab925e34
2,5647a93a562f,0
2,5647a93a566f,0
2,5647ab98d66d,0
2,5647aba2de6d,0
2,5647abaad26d,0
1,5647a9285a21,5647ab8efa90
3,5647a9285a21,0
2,5647abaa5a61,0
7,5647ab924e20,5647ab9248c3
2,7f91ad318066,0
2,5647aba2d667,0
2,5647ab92da26,0
2,5647ab925a26,0
2,5647a990de27,0
1,5647aba25264,5647aba252ed
2,5647aba25624,0
2,5647aba0d27b,5647aba0d3c3
3,5647aba2de3b,5647aba2d560
2,5647aba2d67b,0
3,5647ab92d678,5647a880a520
5,5647ab984e78,5647a92c8b40
2,5647aba25238,0
2,5647ab98da7f,0
2,5647abaad67f,0
7,5647aa0a4e3f,0
2,5647aba2d63e,0
2,5647abaa5a7d,0
3,5647aba2567d,5647aba255f0
1,5647ab98d67c,5647ab8d7d10
2,7f91ad31807a,7f91ad318050
7,5647a9004e31,5647abaa81e9
1,5647a9285a31,5647a9285a0e
7,5647aa0a4633,0
2,5647aba2d632,5647aba2d610
2,5647a990de30,5647a990d73c
2,5647abaa5a31,0
2,5647ab9a5a31,0
2,5647a9005a32,5647a9005b89
2,5647ab98da77,0
2,5647ab92da35,5647ab92dbe0
2,5647a93a5637,0
2,5647ab9a5a75,5647ab9a5aa9
2,5647aba2520b,0
3,5647a9285a09,5647a8809510
2,5647ab925a0a,0
3,5647aba25649,5647ab8e0d70
2,5647aba25a09,5647aba25a1d
1,5647aba2d608,5647aba2d623
2,5647aba2de4f,5647aba2de6a
1,7f91ad318049,7f91ad31806c
2,5647ab925e4e,0
4,5647ab9ac20e,5647ab8f4730
1,5647aba2d64e,5647aba2d65d
2,5647ab92d20d,0
3,5647abaad24d,5647ab8f1cc0
7,5647ab98ce03,5647ab98b868
3,5647aba25e43,5647a8809590
2,5647abaa5a02,5647abaa5a19
2,5647ab92d201,0
2,5647a93a5602,5647a93a56db
5,5647a9004e05,5647ab8d5400
2,5647aba2de07,0
2,5647ab9a5a07,0
2,5647aba2de46,0
7,5647ab9ac246,5647ab9abca1
2,5647aba25246,0
2,5647ab92da45,0
2,5647ab985605,0
2,5647a9285a07,0
2,5647a990d646,0
2,5647aba0d25b,0
2,5647ab9ade1b,0
2,7f91ad31805c,7f91ad318133
1,5647ab905259,5647ab904b60
2,5647abaa5a59,0
3,5647ab92d658,5647a880a520
2,5647abaad258,0
2,5647ab985618,5647ab985690
2,5647ab92d65f,0
2,5647aba2521e,0
2,5647aba25e5e,0
7,5647ab9aca1d,5647ab77af4e
2,5647a9285a1f,5647a9285a26
3,5647a93a5651,5647a9004490
1,5647aba2da13,5647aba2d80b
1,5647abaada52,5647abaad9a3
2,5647a93a5610,0
2,5647aba25e52,0
2,5647ab9a5a51,0
2,5647ab92da10,5647ab92dd40
2,5647ab92da50,5647ab92dab0
3,5647ab925a10,0
2,5647ab985610,0
3,5647aba25217,5647aba46c10
2,5647aba2de14,0
2,5647aba25254,0
2,5647a990d656,0
7,5647ab9041aa,5647a91b8459
2,5647aba2d5ea,0
2,5647aba2d5a9,0
2,5647a90059ab,0
3,5647aba259a8,5647ab952f70
1,5647aba059a8,5647aba0469c
7,5647ab98c5ef,5647ab98c2ec
2,5647ab9a59ef,0
2,5647aba25de3,5647aba25f98
4,5647a880c5a0,7f91a80fc780
7,5647aba049e2,5647aba033a9
2,5647a93a55e3,0
2,5647a93a55a3,0
3,5647aba259e1,5647ab952f70
3,5647ab925de0,5647a8809640
2,5647abaa59e0,5647abaa59f8
3,5647ab925da7,5647ab927510
2,5647ab925de7,5647ab925e20
3,5647abaa59a7,5647ab8d6600
2,5647ab98d9a6,5647ab98d7b4
1,5647ab9055e5,5647ab905500
3,5647ab9a5da4,5647a88097c0
2,5647ab925dbb,0
2,5647aba25dfb,5647aba25e28
3,5647aba05dbb,5647aba06600
2,5647ab9259fa,0
4,5647ab9ac1fe,5647ab8f4740
7,5647aba0cdbe,0
2,5647ab9a5dbd,5647ab9a5cf8
2,5647abaad1bd,0
4,5647a880c5b0,7f91a80fc7b0
7,5647ab92cdb2,5647ab929e39
2,5647ab9259f1,0
7,5647a938c5f3,5647ab96ae20
2,5647a93a55b2,0
2,5647ab9a5db0,0
3,5647aba251b0,5647ab9a4dc0
2,5647abaad9b7,5647ababa66a
2,5647abaa59b6,0
2,5647aba0d1b6,0
1,5647aba251b5,5647aba2518b
7,5647a93a49f6,5647a93a5bd1
3,5647aba25db4,5647a8809520
3,5647aba259b4,5647aba25da0
2,5647aba259f4,0
2,5647ab92d1cb,5647ab92d180
3,5647ab9259cb,0
2,5647ab9a598b,5647ab9a5b0e
2,5647ab92d18a,5647ab92d1c4
2,5647ab90558f,0
3,5647aba25dcf,5647ab8d21d0
3,5647aba259cf,0
2,5647a93a558f,5647a93a55aa
2,5647aa0a518c,0
2,5647a9005d8f,0
3,5647aba2598d,5647ab952f70
3,5647ab92d183,5647ab0e0610
2,5647abaa59c3,0
3,5647aba259c3,0
2,5647ab905583,0
2,5647a93a5580,0
3,5647ab9259c2,0
3,5647aba05d80,5647aba06600
1,5647aba05dc0,5647aba04818
5,5647ab924987,5647ab924ab0
2,5647a9005d84,0
2,5647a990ddc4,0
2,5647abaa5984,0
5,5647a9004dd9,5647ab8d5480
2,5647aba2519b,0
1,5647ab90559a,5647ab905500
2,5647aba05d9a,0
3,5647aba25999,5647aba25da0
2,5647ab925dd8,0
2,5647a93a55da,0
1,5647a9005d9a,5647a9005cfc
2,5647a93a559d,0
3,5647ab925d9d,5647a8809520
2,5647ab9a59dd,5647ab9a59ec
3,5647aba0599c,5647aba06600
3,5647aba05d9c,5647a8809510
2,5647abaa59d2,5647abab5176
1,5647a9005dd0,5647a9005c70
1,5647aba0d1d4,5647aba0d1a9
4,5647a938c569,5647a938c5f8
2,5647ab9a5d29,0
2,5647a990dd2b,0
5,5647ab9ac128,5647ab9ac1f0
2,5647abaa596f,0
2,5647ab9a516f,5647ab9a53d0
2,5647aba2512e,5647aba25168
2,5647abaad16e,0
1,5647abaad92d,5647abaabdf7
3,5647aba2592d,5647aba25da0
3,5647aba25963,5647aba25da0
2,5647aba05963,0
2,5647abaa5961,5647ababe3b3
7,5647ab904521,7f91a7d2d8d0
3,5647aba25921,5647ab952f70
1,5647ab9a5160,5647ab9a5175
3,5647ab98dd20,0
3,5647aba05d67,5647aba0a500
2,5647ab9a5926,0
2,5647abaad166,5647abaad179
7,5647ab98c125,5647ab98b946
2,5647a9005d27,0
7,5647a9004d67,5647a9138ba4
1,5647ab98dd25,0
7,5647a9004526,5647ab8ec1cc
2,5647abaad924,5647abaabdf7
2,5647abaa5924,0
2,5647ab985524,0
3,5647abaa593b,5647a9005bf0
3,5647a9005d78,5647a9005980
2,5647a91ad93a,5647a91ad94f
2,5647aba2517e,5647aba251b0
3,5647aba2597e,5647aba25da0
1,5647a9005d3f,5647a9005c9d
7,5647ab92493d,7f91a7e2de80
2,5647aa0a517d,0
2,5647ab9a517c,5647ab9a5168
3,5647aba2593c,5647ab952f70
7,5647ab904133,5647ab9af044
3,5647aba25972,5647ab952f70
3,5647ab985532,0
2,5647a990dd30,5647a990d6e2
1,5647ab905571,5647ab905585
3,5647aba05931,5647aba06600
2,5647a990dd73,0
2,5647a9005d73,0
2,5647ab92d176,0
2,5647a93a5574,5647a93a56fe
7,5647ab22c576,5647ab9cf540
2,5647abaa5975,0
2,5647aba25175,0
2,5647abaad174,0
1,5647ab90514b,5647ab904b60
2,5647ab98554a,0
7,5647ab004109,5647aba30dcd
2,5647ab9a5948,0
3,5647aba25948,5647aba25da0
2,5647a91ad90d,0
2,5647a9005d0c,0
2,5647ab90554d,5647ab905500
2,5647ab90550d,0
2,5647aba0590c,0
2,5647a9005d03,0
7,5647aba24d00,5647aba2478b
2,5647a990dd42,0
3,5647a91ad905,5647a8809560
2,5647ab9a5147,0
1,5647ab9a5107,5647ab9a50f0
3,5647ab905146,5647ab905470
3,5647aba25906,5647ab952f70
2,5647abaa5905,0
2,5647abaa5945,0
1,5647ab92dd44,5647ab92da21
3,5647aba05d5b,5647aba06600
2,5647ab90555a,0
2,5647abaad91a,5647abaabdf7
1,5647ab22d11a,5647ab22d04f
7,5647ab92c959,5647ab92a66f
2,5647a990dd1b,5647a990dd24
7,5647ab004158,5647aba22ded
2,5647ab92d15f,0
2,5647ab9a595f,0
2,5647a91ad95c,0
2,5647a9005d5e,5647a9005e98
2,5647ab9a5952,0
3,5647aba25912,5647aba25da0
1,5647aba2d552,7f91a874e090
5,5647a9004513,5647ab8d6470
7,5647ab9a4517,5647ab9a2914
3,5647a9005d55,5647a9275350
3,5647aba25957,5647ab952f70
3,5647ab98dd17,0
2,5647aba2d555,5647aba2d55a
2,5647ab9a5154,0
2,5647a990dd56,0
2,5647ab9054ab,5647ab905540
3,5647aba258eb,5647ab952f70
2,5647ab9854eb,0
1,5647aba250ea,5647aba250f2
2,5647a9005caa,0
2,5647ab9058ef,5647ab9058d8
2,5647a9005cec,5647a9005d48
2,5647ab9a58ac,5647ab9a5ad0
1,5647ab9058ec,0
2,5647abaa58a3,0
7,5647aba0cce3,5647aba196e4
2,5647ab9058e3,0
2,5647ab9858a2,0
2,5647ab9054a0,5647ab905540
2,5647a91ad8e2,0
2,5647a990dce2,5647a990d6e2
2,5647ab9058a6,5647ab9057c7
2,5647ab9854e5,0
3,5647ab9a58a4,5647a8809ac0
7,5647aba24ca4,5647aba23e7b
2,5647ab9058bb,0
1,5647ab9a50bb,5647ab9a507e
3,5647aba258bb,5647aba25da0
2,5647ab9858bb,5647ab9855e0
1,5647ab9058fa,5647ab9057c7
1,5647ab9254ba,5647ab925372
3,5647aba250ba,0
3,5647a91ad8fb,5647ab925020
2,5647aba250ff,0
2,5647abaad8fe,5647ababd9b3
2,5647ab9854fd,0
3,5647ab9254b1,5647ab8e2d20
5,5647a90044b3,5647ab8d6470
2,5647a91ad8b3,0
2,5647ab98dcf1,0
3,5647ab9adcb7,5647ab9c6ce0
3,5647aba258f7,5647aba25da0
2,5647ab9054b6,0
2,5647abaad88a,5647abab88b2
5,5647ab9ac08a,5647ab9aba40
5,5647ab9840c9,5647a9180c30
2,5647aba250c8,0
1,5647ab9058cf,5647ab9058e5
3,5647ab92508f,5647ab8ed150
2,5647ab90548f,5647ab9055e0
3,5647ab9054cf,5647ab906680
2,5647ab90588e,0
2,5647ab9adcce,5647ab9ade07
7,5647ab98408d,5647ab983d7d
2,5647aba2588d,5647aba25a80
3,5647aba258cd,5647ab952f70
3,5647a91ad8c1,5647ab925010
3,5647ab9a5883,5647a8809ac0
2,5647a990dcc0,0
2,5647aba250c1,0
1,5647ab9858c1,0
2,5647abaad880,5647abab893d
2,5647a9005cc2,5647a9005ce0
2,5647ab98dcc0,0
3,5647ab9a5085,5647ab8cff10
7,5647a90044c6,5647aaf2299c
7,5647ab924c9b,5647aa698060
1,5647ab9ad49b,5647ab9aced9
5,5647ab9ac09b,5647ab9aba40
3,5647aba258d9,5647aba25da0
2,5647ab9054d9,5647ab905540
2,5647ab9a58de,5647ab9a5940
2,5647aba250de,0
2,5647a91ad8d0,0
2,5647abaa5092,5647abaa47a8
1,5647ab9a5092,5647ab9a4e65
3,5647ab925097,5647ab8ed110
2,5647ab9adc96,5647ab9adcac
7,5647ab924494,0
2,5647aba05094,5647aba04503
1,5647ab22d06b,5647ab22cdb5
3,5647ab92dc2a,5647ab930d60
3,5647a9805428,5647a9802f10
7,5647ab92c469,5647ab8d34b6
7,5647aba2cc29,5647aba3d08f
3,5647ab925068,5647ab8e3da0
3,5647aba2d86f,5647ab8d6f50
2,5647a9005c2c,5647a9005c9d
3,5647ab92542d,5647ab8d6440
1,5647aba0586c,5647aba04900
2,5647a9005c21,0
2,5647abaa5063,5647abab6b28
1,5647a9285820,0
1,5647aba25021,7f91a87c8b20
2,5647ab9a5820,0
1,5647ab905820,5647ab9057c7
2,5647a9005c65,5647a9005c70
3,5647aba2d867,5647ab8db460
3,5647aba05867,5647aba06600
2,5647ab9adc26,0
3,5647ab9a5866,5647a8809ac0
1,5647aba25065,5647aba25012
2,5647aba2dc65,5647aba2e3f0
2,5647aba2d87b,5647aba2da00
3,5647aba2dc39,5647aba30520
2,5647ab0ad079,0
7,5647aba2c479,5647aba2102e
3,5647abaa5038,5647ab8d6600
2,5647aba2dc78,5647aba2de00
2,5647ab9a583f,0
3,5647aba2d83f,5647a880ae10
1,5647ab90583f,5647ab905810
1,5647aba2d83f,7f91a874dfa0
1,5647ab92dc3e,5647ab92da97
3,5647ab0ad03d,5647ab8d6440
5,5647ab9ac07d,5647ab9ac2c0
7,5647aba0c07d,5647aba0a559
2,5647ab90583d,0
3,5647a91ad87e,5647ab925b70
2,5647ab925033,0
2,5647abaad873,0
2,5647a9005c31,0
2,5647abaa5071,5647abaa5088
2,5647a9805435,5647a9805420
3,5647a91ad875,5647ab925bb0
3,5647ab9adc77,5647a880adf0
2,5647a9005c74,5647a9005c7b
2,5647ab9a5836,0
7,5647ab924c34,5647aba69be1
2,5647ab92504b,0
1,5647ab9ad00b,5647ab9ad721
2,5647aba2d84b,5647aba2d863
7,5647ab924c4a,5647ab924b2c
3,5647ab0ad049,5647a880ac30
1,5647aba2d849,0
2,5647ab925c08,5647ab925bff
2,5647a928580d,5647a9285a8d
1,5647ab0ad04e,5647ab0ad069
2,5647a9005c4f,5647a9005dc8
7,5647aba2480d,5647aba23e27
2,5647ab925c4c,0
3,5647ab9adc4c,5647a8809560
2,5647ab9a584c,5647ab9a5830
7,5647aa804802,5647aa804f56
2,5647ab925402,0
2,5647ab925442,0
2,5647ab925042,0
3,5647ab9a5c02,5647a88097c0
1,5647ab9a5002,5647ab9a4e31
2,5647ab985842,0
2,5647abaa5000,0
2,5647a990d802,5647a990d6ab
2,5647abaa5047,0
2,5647ab92dc06,5647ab92da97
2,5647abaa5006,5647abaa500d
2,5647a9005c47,0
2,5647a9805407,0
2,5647ab925c44,0
2,5647ab925c5b,0
1,5647ab92501a,5647a880a000
2,5647aba2dc5a,5647aba2e060
5,5647aba2405a,5647ab8d7470
2,5647a980541b,0
2,5647ab92d058,0
3,5647aba0d018,5647ab8d6440
3,5647ab92dc18,5647ab9325a0
4,5647aba04c58,5647aba05905
2,5647aba2501f,0
2,5647ab98585f,0
1,5647aba0d01d,5647aba0cf41
3,5647ab92541c,5647ab925d70
3,5647ab22d05c,5647ab8cff10
1,5647aba2d813,5647ab8e0770
2,5647ab92dc13,0
4,7f91a8311a50,7f91a838cc90
2,5647ab9a5c13,5647ab9a5d98
1,5647ab9a5052,5647ab9a4fa2
2,5647ab985852,0
2,5647a9005c13,5647a9005cc0
2,5647aba2dc51,0
2,5647aba2d811,5647aba2d830
3,5647ab925057,5647ab8f9050
2,5647ab9adc57,0
2,5647aba2d817,0
2,5647ab925416,0
2,5647a9005c57,0
2,5647abaa5015,5647abaa47a8
2,5647abaa5054,0
2,5647ab0ad014,0
7,7f91ad31a1ad,7f91ad31b1ed
2,5647aba067aa,0
3,5647a93a6bab,5647a8809d10
2,5647aba067e9,0
1,5647aba0ebe8,5647aba0eb68
2,5647a9006bea,5647a9006d90
3,5647aba0ebaf,5647ab8dd3d0
2,5647aba067ae,0
1,5647ab92efad,3ffffffc0788d60
2,5647ab9263ec,0
3,5647aba0ebe3,5647ab91ca40
2,5647aba267a3,0
2,5647a9006be3,0
2,5647aa0067a1,5647aa006938
2,5647a9006ba2,5647a9006be0
2,5647ab98efe0,5647ab98f090
2,5647ab92eba7,0
2,7f91ad31b1a1,0
1,5647ab906fa6,5647ab906e61
2,5647aba067a4,0
2,5647ab906ffb,0
2,5647aba267fb,0
3,5647a8b263b8,5647aba3aa60
2,5647ab92efba,5647ab92ef98
2,5647aba2e3fa,0
2,5647ab9263f9,5647ab926bc0
2,5647ab92eff8,5647ab92f0e0
3,5647aba0ebb8,5647ab8db460
1,5647aa0067be,5647aa0067c6
2,5647a9006bbd,5647a90067b9
2,5647a93a63bd,0
3,5647aba26bfd,5647a8809520
3,5647aba263bd,5647aba23200
2,5647abaa6ffc,0
3,5647ab92ebb3,5647ab92ef30
2,7f91ad31b1b5,0
2,5647aba26bf1,0
3,5647aba267b0,5647aba267e0
2,5647a93a63b2,0
1,5647a93a6bb5,5647a93a70ab
1,5647aa0067f7,5647aa006803
2,5647abaae7f6,5647abaae810
2,5647a93a67f4,5647a93a680f
1,5647ab92efb6,0
2,5647ab906bf5,0
2,7f91ad31b1f3,0
1,5647aba267b5,5647aba26787
1,5647ab9a6ff4,5647ab9bf440
2,5647abaa6fcb,5647abaaa5c8
2,5647a9006bc8,0
1,5647a8b26389,0
2,5647ab92efca,5647ab92efa4
2,5647ab82ef89,5647ab82eeda
2,5647ab9aebc9,0
3,5647ab92eb8f,5647ab92edd0
2,5647ab92ebcf,5647ab92e9e5
7,5647aba0fb8f,7f91af4ae3a6
2,7f91ad31b1c9,0
2,5647aba0eb8e,0
2,5647aba0ebcd,0
3,5647ab92638c,5647ab9271a0
2,5647a982efce,5647a982ef50
2,5647ab906fc3,5647ab906fc8
1,5647ab926b83,5647ab926070
2,5647a982efc3,5647a982ef50
3,5647ab926bc7,5647ab8cff10
3,5647aba263c7,5647aba231f0
4,5647aba0fbc6,5647aba0fcf0
2,5647ab92ef85,0
2,5647aa006784,5647aa006888
2,5647a90067c6,0
2,5647a93a63c6,0
2,5647abaa6f9b,0
3,5647aa00679a,5647a9e07d80
2,5647aa0067da,5647aa006898
1,5647a90067d9,7f91af489430
7,5647ab98f7db,5647ab98f1bf
2,5647ab906f9a,0
2,5647ab9aebd9,5647ab9aeb1b
2,5647aba26398,5647aba263ac
2,5647aba263d8,0
1,5647aba263df,5647aba262f9
2,5647ab92ef9e,5647ab92f0f8
2,5647ab906fde,5647ab906ff4
7,5647ab92fbde,5647ab96cc87
7,5647a93a739f,5647a939a588
2,5647a93a6b9e,5647a93a6640
3,5647ab9263d3,0
2,5647aba06793,0
1,5647ab92ef91,5647ab92efa4
1,5647ab926391,5647ab926070
2,5647aa0067d0,0
1,5647a9006bd3,5647a90067b9
2,5647aa006791,0
2,5647ab906fd0,0
1,5647ab926bd0,5647ab926070
2,5647aba26797,0
2,5647ab92eb96,0
2,5647aba0eb96,5647aba0eb20
3,5647a8b26395,5647a8809550
1,5647a8b26395,0
2,5647ab906f95,0
2,7f91ad31b1d2,0
2,5647ab92eb6b,5647ab92eb84
2,7f91ad31b12c,0
2,5647aa006728,0
2,5647a93a6b6b,0
1,5647aba06769,5647aba066a8
2,5647ab9aeb28,0
2,5647aba26368,5647aba26332
3,5647a8b26b2b,5647a8b24190
2,5647aba0eb6f,5647aba0eba8
3,5647ab92672e,5647ab9271a0
2,5647a93a636c,0
1,5647a8b2672d,7f91a7e8b590
2,5647aba26b6c,0
7,5647ab927b6c,0
2,5647a93a6321,0
2,5647ab92eb62,0
1,5647ab926760,0
2,5647a93a6b65,0
2,5647a900eb64,5647a900ead0
2,5647aba06725,5647aba066bb
7,5647ab987f24,5647ab987c2d
3,5647ab926b7a,5647ab8cff10
3,5647a8b26739,5647ab2002c0
2,5647ab92ef79,0
2,5647aa006738,5647aa00674c
4,5647ab98f338,5647ab98f6a0
2,5647a93a637a,5647a93a638f
2,5647aba2633f,0
2,5647a93a633c,0
1,5647ab926733,5647ab926070
1,5647a8b26b30,7f91a7e87420
2,5647a900eb73,5647a900ec3d
1,5647a9006773,0
2,5647aba26770,5647aba267a0
2,5647aba26330,5647aba26360
2,5647a9006775,5647a9006808
7,5647ab9af774,5647ab9af1a4
2,5647aa006775,0
3,5647aba0674b,5647aba068e0
2,5647ab98ef0a,0
2,5647a93a6b0b,5647a93a67f0
2,5647aba06709,0
2,5647aba0eb48,0
2,7f91ad31b109,0
2,7f91ad31b149,0
2,5647aa00670f,5647aa006720
1,5647a8b26b4d,5647ab94f710
3,5647aa00674c,5647a98cc740
2,5647aba0670d,0
2,5647a900eb0e,0
2,5647ab82ef03,0
2,5647aba06703,0
1,5647a8b26742,0
2,5647ab98e340,5647ab98e3f2
2,5647a8b26b43,5647a8b26b4a
2,5647a93a6b05,0
3,5647a900eb44,5647a8809570
2,5647a93a6304,0
3,5647a8b26b45,5647a8809510
1,5647a8b26b45,0
2,7f91ad31b103,0
3,5647a900eb07,5647ab8f9290
2,5647a982ef06,5647a982ef50
2,5647aba26304,5647aba2632e
1,5647a938ef46,5647a938ed98
3,5647ab92eb5b,5647ab92edd0
2,5647ab92ef5b,0
2,5647ab9ae35a,5647ab9ae4cf
7,5647a8b87719,5647ab8f58e0
7,5647ab92f318,5647ab92bd36
2,5647a900eb1a,0
2,5647aba2e71f,5647aba2ecad
2,5647a8b2631d,0
2,7f91ad31b11b,7f91ad31b125
2,5647a93a6b5e,0
3,5647a8b26b1f,5647a8b247b0
2,5647aba0eb13,0
1,5647a9006f53,5647a90069cb
3,5647a93a6353,5647a8809560
1,5647a8b26b52,5647a8b26b35
2,7f91ad31b151,7f91ad31b240
3,5647ab98ef17,5647ab98f340
2,5647a93a6b55,5647a93a7092
2,5647aba06757,0
7,5647ab927316,5647ab9261c1
2,5647a982ef56,0
2,5647aba0eb54,5647aba0ebe0
2,7f91ad31b0ed,0
2,5647ab906ea9,5647ab906e80
2,5647aba262e9,5647aba26388
3,5647ab9266e9,5647ab8ed110
2,5647aba066e9,5647aba06790
3,5647ab82eee8,5647ab82d540
3,5647aba2e6e8,5647a880a860
2,5647a900eaea,5647a900eafc
2,5647a93a62ea,0
2,5647a93a6aea,5647a93a67f0
3,5647ab926aaf,5647ab927890
2,5647aba2e6ae,0
1,5647a9006aac,5647a900686d
7,5647aba0f6ae,5647aba3dcf7
2,5647ab9066ad,0
2,5647ab9266ac,0
2,5647a93a62ee,0
2,5647a9006aa1,0
2,5647a93a6aa0,0
5,5647ab9a72a1,5647ab9a7000
2,5647aba262e0,0
2,5647aba0eae7,0
2,5647a900eae5,5647a900eb58
3,5647ab92eea6,5647ab8cff10
2,5647a900eaa4,0
2,5647a982eef9,0
2,5647ab9066b9,5647ab9067f8
2,5647a982eeba,0
2,5647a900eaba,5647a900ed1e
2,5647a93a6afa,0
5,5647ab9afab8,5647ab8d5400
2,5647aba0eaff,0
7,5647aba272bf,5647aba26c28
2,7f91ad31b0f8,0
2,5647ab9266be,0
2,5647ab906eb2,5647ab907bc0
2,5647a982eef0,0
2,5647aba066f2,5647aba06727
2,7f91ad31b0b7,7f91ad31b0cd
1,5647ab9266f1,5647ab9264c6
2,5647a8b262f2,0
3,5647a982eeb2,5647ab8f8c10
2,5647aba2e6b7,5647aba2e6ce
2,5647ab926ab6,0
2,5647ab82eeb4,0
3,5647aba0eaf4,0
2,5647a900e689,5647a900eaa0
2,7f91ad31b08e,0
3,5647a9006a8a,5647ab8cf6b0
1,5647a982eeca,0
2,5647a982eecd,0
2,5647ab9a62cd,0
2,5647a93a668e,5647a93a687c
2,5647ab906e83,5647ab9070f0
2,5647ab98e6c0,5647ab98e448
1,5647ab9a6680,5647ab9a62c0
2,5647a93a6a82,5647a93a6c80
2,5647ab926687,0
2,5647ab9a6687,0
5,5647ab9afa87,5647ab8d5480
2,5647ab906ec5,5647ab90704c
1,5647ab926ac5,5647ab9263c5
2,5647ab92ee9a,5647ab92ee79
1,5647ab92669a,5647ab926070
2,5647aba0ead9,0
5,5647ab9a72d9,5647ab9a6ff0
2,7f91ad31b0de,7f91ad31b0ea
2,5647a982eedc,5647a982efc0
3,5647ab9266de,5647ab8f9050
3,5647a900eade,5647ab8f9290
2,5647a93a62de,0
2,5647ab92ee92,0
2,5647ab9a6692,5647ab9a6091
2,5647aba2e6d1,0
2,5647ab9266d1,0
2,5647a93a62d3,0
2,5647a93a6a93,0
3,5647aba066d1,5647ab8cff10
2,7f91ad31b093,7f91ad31b0a8
2,5647a9006a96,0
2,5647ab906e2b,0
2,5647ab906e6b,5647ab907130
2,5647aba2ea2b,0
2,5647ab98e62b,5647ab98ea00
3,5647aba06a6a,5647a880ae20
7,5647aba2fe69,5647aba307f8
1,5647aba06669,5647aba066ef
2,5647aba06e28,0
3,5647ab92666f,5647ab8eea20
2,7f91ad31b069,0
2,5647a93a662d,0
1,5647a93a666c,5647a93a6820
2,5647aba2e666,0
2,5647a9006a67,0
7,5647ab9a7265,5647ab9a6680
2,5647a9006a26,0
3,5647ab906e24,5647a8809b00
2,5647ab92667b,0
2,5647aba06e3b,0
7,5647aba0fa3b,7f91a87353e0
2,5647a9006a39,0
2,5647ab9ae63b,5647ab9aebc4
3,5647ab9a667b,5647ab9a7140
7,5647aba2fe39,5647aba30863
2,7f91ad31b83b,0
2,5647aba2e67c,0
2,5647aba0663c,5647aba06654
1,5647aba06a72,5647aba06a00
2,5647ab906e31,0
1,5647aba2ea31,5647aba2df51
2,5647a8b26272,0
7,5647ab987a70,0
2,5647aba06a0b,0
2,5647aba2e64b,0
2,5647a9006a49,0
2,5647aba06e0a,5647aba06e1c
2,5647ab98ea0a,5647ab98e8d0
7,5647ab98f649,5647ab98f53e
2,5647ab906e4e,0
2,5647ab98e60e,0
2,5647ab9a660c,5647ab9a6685
3,5647aba06a03,5647a8809e80
2,7f91ad31b845,0
2,5647a9006a41,0
2,5647aba26243,0
7,5647a982f240,5647a96c67b8
2,5647aba2e601,0
2,5647ab98e601,0
7,5647aba27a40,5647aba26d2b
2,5647ab906e45,0
2,5647ab906e5b,5647ab906f88
2,5647aba06a1b,0
2,5647aba0665b,0
1,5647ab926a19,5647ab926070
2,5647aba2e619,0
2,7f91ad31b05e,0
3,5647a9006a1a,5647ab9155d0
5,5647ab9afa5f,5647ab8d5480
2,7f91ad31b85a,7f91ad31b095
2,5647ab82ea13,0
3,5647a93a6610,0
3,5647aba2e610,5647a880a340
1,5647ab906e10,5647ab906e1c
7,5647aba2fe57,5647aba30868
2,7f91ad31b053,0
2,5647a9006a57,5647a9006a63
3,5647ab926a14,5647ab9271a0
2,5647ab82ee14,0
2,5647aba2e654,0
1,5647aba26dab,5647aba26cbb
2,5647aba2e5e9,0
3,5647a90069ab,5647ab8d1850
2,5647aba069a8,0
3,5647a8b269ac,0
2,7f91ad31b3a8,0
7,5647ab9a75ee,5647ab9a7230
2,5647a90069ee,0
5,5647ab98f1ac,5647ab9d1200
2,5647a938eda5,0
3,5647a90069e5,5647a9275350
3,5647aba26da6,5647ab8d6440
2,5647ab92ede5,0
7,5647a982f5a7,5647a96bc3ea
2,5647ab9069bb,0
2,5647ab92edfa,5647ab92ee88
1,5647abaae9b9,5647abaae7f0
1,5647ab9069b9,0
2,5647aba069fe,5647aba06a68
3,5647ab9261bc,5647ab9271a0
5,5647ab98f1bc,5647ab98f290
2,5647ab92e9f2,0
2,5647a90069b3,5647a9006f51
2,5647ab92edb7,0
2,7f91ad31b3b1,7f91ad31b19a
1,5647aa80e1b7,7f91afb51f60
2,5647aba2e5f6,0
7,7f91ad31abb0,5647ab0acf35
2,5647a90069f7,0
2,5647aba261f5,0
3,5647abaae9b4,5647ab8d6440
2,7f91ad31b38d,0
2,5647aba26d8b,5647aba26d9f
7,5647ab9af1cf,7f91a7e8bac0
2,5647a90069cf,5647a9006855
2,5647aba2698d,0
2,5647ab9069cc,0
1,5647a8b26981,0
1,5647ab9261c1,5647ab926070
2,5647ab9ae580,5647ab9ae633
5,5647ab9a75c0,5647ab9a6ff0
1,5647a9006985,5647a90067b9
2,5647ab9069db,0
3,5647aba06999,5647a8809e80
2,7f91ad31b39f,0
1,5647a9006ddb,5647a90068b1
7,5647aba0f9df,5647aba0f716
7,5647ab82f19c,5647a936c726
1,5647a9006d9e,5647a9006bb8
2,5647aba2e193,5647aba2ec98
2,5647a9006dd0,0
1,5647ab906dd1,5647ab906c50
2,5647a9006993,0
2,7f91ad31b396,0
7,5647ab98f196,5647ab98e624
2,5647aba2e12b,5647aba2e142
2,5647a900ed29,0
2,5647abaae929,0
2,5647a900696a,5647a9006980
2,5647abaae92f,5647abaae936
2,5647a900692f,0
3,5647ab92652c,5647ab9271a0
3,5647aba2652c,5647aba26bb0
3,5647ab926922,5647a8809520
2,5647aba2e122,0
2,5647aba26121,0
2,5647a938ed64,0
3,5647aba26d26,5647aba278e0
2,5647a990e927,0
7,5647ab987964,5647ab9878c6
1,5647a9386d38,5647a9386c8a
7,5647ab92797a,5647ab926ab4
3,5647aa006938,5647a9ea4400
2,5647aba26d79,0
2,5647aba26539,0
2,5647a93a653b,0
2,5647ab926938,0
2,5647a900693a,0
2,5647aa00693f,0
3,5647ab92ed3d,5647a880b770
7,5647aba2717d,5647aba28d2b
2,5647aba2e53d,5647aba2ecc2
2,5647aba26533,0
1,5647ab926531,5647ab926070
1,5647a900ed32,5647a900eac0
2,5647aba26d30,0
2,5647aba26975,5647aba26980
1,5647aba26134,5647aba260ff
1,5647aba2610b,5647ab94f710
2,5647abaae94a,5647ababb808
2,5647aba26d4a,0
2,5647ab92ed49,5647ab92eda7
2,5647a9386d0b,0
2,5647aba26548,0
2,5647aba2610f,0
2,5647aa80e10f,5647aa80e0f8
1,5647aa80e10f,5647aa80e1a0
2,5647a900690c,0
7,5647ab98f54c,5647ab98e454
1,5647ab906d02,5647ab906c50
2,5647abaae942,5647abaae948
3,5647aa006900,5647a98cc740
2,5647aba26d40,0
2,5647ab98e507,0
3,5647aba2e506,5647a880a860
3,5647aba26d06,5647ab949d40
2,5647ab926945,5647ab926b70
2,5647aba2e145,0
1,5647aa006945,5647aa0067a7
2,5647a9006906,5647a9006913
1,5647a990e946,0
7,5647ab9af959,0
2,5647ab82ed18,5647ab82ed29
2,5647ab98e51f,0
7,5647ab92f15c,5647ab92ed1a
3,5647aba2e15c,5647a880a860
2,5647aba26d5c,5647aba26d75
1,5647a990e95e,0
7,5647aba2fd13,5647aba4208a
2,5647abaae912,0
2,5647ab98e511,0
1,5647aa006911,5647aa00688a
2,5647ab82ed10,0
2,5647ab98e556,5647ab98e5fe
3,5647ab92ed15,5647ab92f150
2,5647aba26115,0
2,5647a9006916,5647a900692c
1,5647a990e956,5647a990e87e
2,5647aa0068e8,0
2,5647aa80e0e8,0
2,5647aba260a9,0
2,5647a90068ab,5647a9006dcb
1,5647aba2eca8,5647aba2dc60
2,5647aba2e4ef,0
2,5647ab82ecee,0
2,5647aa0068a2,5647aa0068b7
2,5647aba26ce3,0
2,5647a90068a2,5647a9006b9a
1,5647abaaeca0,5647abaad648
2,5647ab9a60a0,0
7,7f91ad31aaa0,7f91ad31aaee
5,5647ab98f0a6,5647ab98ef00
2,5647a93a64e7,0
2,5647a990e8a7,0
2,5647ab82eca4,0
1,5647aba2ece4,5647aba2e5e2
1,5647a9386cb9,5647ab8d1410
2,5647aa0068fa,0
1,5647ab92ecb9,5647ab92eb34
2,5647aba068f9,5647aba06990
7,5647ab927cb9,0
2,5647ab906cbd,5647ab906c50
1,5647aba2ecbd,5647aba2dc6b
2,5647a93a64bf,0
2,5647aba2e0bc,0
5,5647abaa7cf2,5647ab8d9570
2,5647ab92e8b1,5647ab92ecb0
2,5647aa80e0f0,0
2,5647aba2e0f0,0
2,5647ab9a60b0,5647ab9a6678
2,5647aba260f7,0
2,5647ab906cf7,0
2,5647ab906cb5,0
2,5647aba268f5,5647aba26830
2,5647a93a64f7,5647a93a7191
2,5647ab9260b4,0
3,5647aba2ecb4,5647aba44fd0
2,5647a90068f6,0
2,5647a90068c9,0
2,5647aba26c8b,5647aba26d00
2,5647ab90688b,5647ab9067f8
2,5647aba2e08a,0
3,5647a990e888,5647ab8d6490
2,5647ab906cc9,5647ab906dcc
3,5647aba2ecc9,5647aba44fd0
3,5647ab9264c9,5647ab940120
2,5647ab82ec8f,0
1,5647ab9264ce,5647ab926070
2,5647a990e8cc,0
2,5647a938eccf,0
7,5647a93a70cf,5647aa5be3cb
2,5647aba2e4cc,0
2,5647aba26ccc,5647aba26cd3
2,5647a93a6481,0
1,5647aa0068c3,5647aa0067e0
3,5647ab82ecc2,5647ab8cff10
2,5647a90068c0,0
1,5647aa80e0c0,5647aa80e0e0
3,5647aba2e081,5647a880a340
2,5647a93a6883,5647a93a6a50
2,5647aa0068c1,0
2,5647ab9a6080,5647ab9a65ff
2,5647aba26c80,0
1,5647ab9260c7,5647ab8d75b0
7,5647ab98fcc7,5647ab99188a
2,5647ab906886,0
2,5647aba2e0c5,0
5,5647ab98f0c5,5647a95b5430
2,5647aba2e484,0
2,5647ab82ecdb,5647ab82ece1
3,5647aba260db,0
2,5647a93a6c99,5647a93a6a99
2,5647aba2e49a,0
2,5647aa0068d8,0
3,5647ab92609f,5647ab8db460
3,5647aba2ec9f,5647aba44fd0
2,5647a9386c9c,5647a9386cac
2,5647aba2ecde,0
1,5647ab906cdd,5647ab906ced
2,5647ab98e8dd,0
2,5647ab9ae4dc,0
7,5647ab9878d1,7f91a87353e0
2,5647abaaec91,5647abaaec9a
3,5647a93a6492,5647a8809e80
2,5647aba2e0d7,0
3,5647ab926096,5647ab8dd3d0
4,5647abaafc96,5647abaa1dc0
2,5647aba2e4d5,5647aba2e4ec
2,5647a93a64d7,0
3,5647ab9a6094,5647ab9b5cb0
3,5647ab9a606a,5647ab9a73f0
2,5647aba2e469,0
2,5647abaae828,0
2,5647ab92602e,5647ab92666a
2,5647ab82ec6e,0
3,5647aba2e42e,5647a880a340
3,5647a990e06c,5647ab8f7130
1,5647abaaec6c,5647abaad648
7,5647aba2786c,5647aa0a92a7
1,5647a9006821,0
3,5647aba26c23,5647aba271e0
3,5647a9006860,5647a9005980
2,5647abaae822,0
3,5647aba26c62,5647ab8d6440
2,5647a93a6423,0
2,5647a91ae023,0
2,5647aa006821,5647aa006837
7,5647ab92f027,5647ab92ebb8
2,5647aba2e067,0
2,5647a9006825,5647a900698a
7,5647ab907026,5647ab8f00ee
2,5647a990e864,5647a990e950
3,5647ab926024,5647ab8eea20
1,5647aba26064,5647ab94f710
2,5647aba26824,0
2,5647ab92607a,5647ab926018
2,5647aa00687b,5647aa0068d0
7,5647ab927c3a,5647ab8e32d7
3,5647aba26c39,5647ab8d6440
2,5647aba26839,5647aba268e0
7,5647a8ba707b,5647aba28c3a
2,5647aba2607f,0
3,5647ab92643c,5647ab9271a0
5,5647ab9af03c,5647ab904100
2,5647a900687e,0
1,5647ab98e43c,5647ab98e68b
2,5647aba26073,0
7,5647ab9a7073,5647ab9b5d65
1,5647a990e071,5647a990d6bb
2,5647aba2e072,0
2,5647aba2e472,0
2,5647a93a6470,5647a93a62c0
2,5647ab9a6071,0
2,5647a91ae032,0
1,5647ab906c77,5647ab906c47
2,5647aba2e437,0
2,5647a9006875,0
5,5647ab9a7037,5647ab9bf770
2,5647ab906c75,0
2,5647aa006835,0
2,5647ab90680a,0
2,5647ab98e40a,0
3,5647aba26c0a,5647ab8e2d20
2,5647a990e008,0
2,7f91ad31b24f,7f91ad31b38a
3,5647aba26809,5647ab8e2d20
2,5647aba2604f,0
2,5647ab9a604f,0
2,5647ab92600f,0
2,5647a93a644f,5647a93a6410
2,5647aba26003,0
2,5647aba26843,5647aba268e0
2,5647a91ae041,0
1,5647a990e841,0
2,5647ab9a6042,0
1,5647ab926441,5647ab926070
2,7f91ad31b246,0
2,7f91ad31b206,7f91ad31b838
2,5647aa006846,0
2,5647aba2e407,0
2,5647aa006007,5647aa005e9e
2,5647ab906c06,5647ab906c50
3,5647aba26c46,5647aba26750
2,5647a91ae004,0
2,5647ab906c45,5647ab906c50
2,5647a990e807,0
2,5647a93a6406,0
7,5647a990f459,5647aba2276a
2,5647a9006858,0
2,5647a93a641a,0
2,5647a93a681a,5647a93a6b40
2,5647ab906c1f,0
2,5647aba2e41f,0
2,5647a93a685d,5647a93a6678
2,5647ab98e45e,5647ab98e500
3,5647a91ae05c,5647ab93c3f0
2,5647ab92601d,5647ab926088
2,5647abaaec5d,5647abaaec66
2,5647aba2601c,5647aba26048
2,5647ab9a605c,0
7,5647ab987c52,5647aaf0f616
2,5647aa006810,5647aa006800
2,5647a91ae052,0
2,5647a93a6855,0
7,5647ab9a7016,5647ab9982a2
2,5647a91ae014,0
1,5647ab906c55,7f91a7e8b590
2,5647aa006815,0
2,5647aba2e414,0
7,5647ab9af054,5647aba3eb7c
2,5647abaae854,0
3,5647ab9273ea,5647ab8cff10
2,5647ab9afbaa,0
1,5647aba0f7e9,5647aba0f701
2,5647ab907be8,5647ab908e21
5,7f91ad31b1e9,7f91ad3196d0
2,5647abaa7be3,0
5,5647a93a63e1,5647ab8d5400
2,7f91ad31a9e7,7f91ad31a9f0
2,5647ab927be0,0
2,5647aba2ffa0,0
2,5647aba27fe0,5647aba27a06
2,7f91ad31a9e1,0
3,5647ab987be7,5647a8809d50
2,5647abaa7bfb,0
5,5647a93a63f9,5647ab8f3f20
7,5647aba067f9,5647aba04986
1,5647ab9afbf9,0
2,7f91ad31a9be,0
2,7f91ad31a9fe,0
2,5647ab9afbb8,0
3,5647aba27ffc,5647aba28710
3,5647aba0f7bc,5647a88095e0
1,5647ab9273f3,5647ab9272e7
2,5647aba0fbb2,0
3,5647a990f3f0,5647a880a860
2,5647aba27bf2,5647aba27bf9
2,5647aba2fff1,0
1,5647ab927bb1,5647ab947060
5,5647ab92efb0,5647ab92ece0
7,5647ab90e7b0,5647ab9cf843
2,5647ab98f7b6,5647ab98f838
2,7f91ad31a9b3,0
2,5647a990f3b6,0
3,5647ab9afbf4,0
2,7f91ad31a18d,7f91ad31a1fd
2,5647ab98f7c9,0
2,5647a990f3cb,0
2,7f91ad31a9c9,0
2,5647a8b877cc,5647a8b878e8
2,5647ab98f78f,5647ab98f7a1
1,5647aba0fb8e,5647ab8efa90
2,5647a93a738c,5647a93a7399
1,5647ab9277cd,5647ab925bdc
3,5647ab9afb8d,5647ab8ff1d0
3,5647ab927bc3,5647ab8ffd80
1,5647a8b877c1,5647a8b87812
5,5647ab92efc2,3ffffffc0789610
3,5647a990f3c3,5647aba44fd0
2,5647abaa7b80,0
2,5647ab92fbc7,0
3,5647a990f384,5647a880a860
3,5647ab927b85,5647ab97b780
3,5647ab9afb84,5647ab8ff1d0
3,5647aba2ffda,5647a8809650
2,5647ab907bd9,5647ab906ebf
3,5647aba0f7d9,5647ab8cff10
2,5647ab927bd8,0
7,5647a90067da,7f91a7e8bad0
7,5647aba2679f,5647aba26c4b
1,5647ab92fbdd,5647ab91bf50
7,5647aba0ebdd,5647aa804bc3
2,5647ab927b9d,0
2,5647ab9afb9c,0
2,5647aba2ff97,0
2,5647ab927b97,0
3,5647ab92fb2a,5647ab931330
2,5647a990f328,5647a990f350
3,5647aba2736a,5647a8809520
2,5647ab9afb2a,5647ab9afa50
2,5647a93a736f,0
4,5647a880e760,7f91aece0570
2,5647aba0f723,0
2,5647a93a7360,0
2,5647ab9af760,0
3,5647a93a7362,5647a93b2510
2,5647aba27365,0
2,5647aba27b25,0
3,5647aba0f725,5647a8809510
3,5647a93a7379,5647a93b2510
2,5647ab9a733a,5647ab9a72af
2,5647ab9af739,0
7,5647a982ef7b,5647a96d4d12
2,5647abaaf738,0
7,5647aba26b78,5647aba20296
2,5647aba0fb7f,0
7,5647ab9aeb3f,5647ab982f47
2,5647ab98f77f,0
1,5647aba2737c,5647aba2728f
2,5647aba27b7c,5647aba28067
4,5647a880e730,7f91aecc06f0
3,5647ab9af731,5647ab93f4f0
3,7f91ad31a177,7f91ad325320
3,5647ab98f731,5647ab990980
2,5647aba27337,0
3,5647aba27377,5647ab8e2d20
2,5647ab92fb36,5647ab92f9dd
2,5647aba27b35,0
2,5647aba0f735,0
2,5647abaaf774,5647ababa417
2,5647ab98f774,0
3,5647ab9af74b,5647ab8db460
1,5647ab92fb0b,5647ab92fadb
1,5647ab98f349,5647ab9b55f0
3,5647aba27349,5647ab8e2d20
2,5647ab9af708,0
2,5647a8b8774c,5647a8b87790
1,5647a8b8770d,5647ab8d5400
2,7f91ad31a148,0
2,5647abaa770d,5647abaa7032
2,5647ab987b43,0
2,5647ab98f343,0
3,5647ab9af742,5647ab8dd3d0
3,5647a8b87701,5647a8b82d90
2,5647aba27342,0
2,5647ab92fb01,5647ab92fa98
3,5647ab9afb01,5647a90044f0
2,5647ab98f740,5647ab98f749
2,5647abaaf707,0
7,5647aba26346,5647aba2310e
1,5647ab987b45,5647a8809520
2,5647ab92f304,0
2,5647aba27b1b,0
3,5647aba27b5b,5647a8809540
1,7f91ad31a11f,7f91ad31a02f
1,5647a8b8771a,7f91a875ffb0
3,5647a8b8771a,5647a8809610
7,5647aa00675e,5647aa017e2d
2,5647ab9af71e,0
2,5647ab927b5e,0
3,7f91ad31a15b,7f91ad325510
7,5647ab98ef1d,5647ab98f0a9
2,5647ab98f71d,0
2,5647a990f35f,0
3,5647ab9afb1d,5647ab916100
3,5647aba2735c,5647ab8d6440
3,5647aba0f711,5647aba0f860
2,5647ab987f10,0
1,5647ab92f317,7f91a87353e0
2,5647ab9af715,0
2,5647abaaf715,0
2,5647a8b87716,5647a8b8771a
3,5647a990f357,5647aba44fd0
3,5647aba2ff54,5647a8809560
2,5647ab92faeb,5647ab92fb10
2,5647aba07eeb,5647aba0802a
3,5647ab9272aa,5647a8809ef0
3,5647ab9272ea,5647ab8d6f50
2,5647abaa76a9,5647abaa8780
3,5647aba2fee8,5647a8809560
2,5647aba0f6e8,5647aba0f7b0
2,5647a990f2ad,0
2,5647aba272af,0
2,5647abaaf6ed,0
2,5647ab9a72ad,5647ab9a72e8
2,5647aba27aac,5647aba27ee0
1,5647aba27eec,5647aba27eb6
2,5647aba27ee3,0
2,5647ab9afaa3,0
2,5647ab927ae2,0
1,5647ab987ee2,5647ab987f00
2,5647aba27aa2,0
2,5647abaa76e1,0
2,5647ab9afae1,0
2,5647ab92faa6,0
2,5647ab987ea6,0
7,7f91ad31b0a3,5647ab0acfe7
2,5647ab98f2a5,5647ab98f338
2,5647ab98f6e5,0
2,5647ab9afae5,0
7,5647ab9a62e4,5647ab995b75
2,5647ab987abb,5647ab987a55
7,5647ab92eeba,5647ab92eb60
3,5647ab92faba,5647ab8cff10
3,5647a990f2ba,5647aba44fd0
3,5647aba0f6b8,5647ab970a50
2,5647ab9272ff,0
2,5647aba2febf,0
2,5647ab98f6ff,0
3,5647aba27ebf,5647ab8cff10
2,5647ab987ebd,5647ab988148
2,5647aba07ebd,0
3,5647ab9af6bc,5647ab8dd210
2,5647aba27afc,5647aba27b10
3,5647ab9afaf2,5647a90044f0
3,5647ab92faf1,5647ab930280
2,5647ab9af6f0,0
3,5647ab9272b7,5647a8809520
1,5647aba2feb6,5647ab8e0770
2,5647ab9272b5,0
2,5647ab9a72f5,5647ab9a7338
2,5647ab9a72b4,5647ab9a72be
3,5647a990f2f6,5647a880a860
3,5647ab9afacb,5647a90044f0
3,5647aba07ecf,5647aba020d0
2,5647a990f2cc,0
2,5647ab9af6cc,0
2,5647aba0f6cc,0
2,5647ab9afac2,5647ab9afb80
2,5647ab9a72c1,0
3,5647aba27a81,5647a8809520
2,5647a990f2c2,0
2,5647ab98f6c7,0
2,5647ab9a72c7,0
3,5647ab927286,5647ab8d6490
2,5647ab9272c6,0
3,5647aba0f686,5647a8809510
7,5647ab92ee84,5647ab92eb94
2,5647aba07edb,0
2,5647a8b87699,5647a8b876bb
2,5647aba0f69a,0
2,5647ab9afa9a,0
2,5647ab9272d9,5647ab9273e0
2,5647ab9afad9,0
2,5647aba2fe9e,5647aba30420
2,5647aba27ade,5647aba28190
3,5647ab987edd,0
2,5647ab98f6dd,0
3,5647aba2729d,5647ab8d6440
5,5647a93a6adf,5647ab8e30e0
2,5647ab9a729c,0
1,5647ab9a72dc,5647ab9a7246
2,5647ab9a7292,0
1,5647aba27ed2,5647aba27abc
1,5647ab92fa91,5647ab92faed
2,5647aba27ad1,0
1,5647ab927ad0,0
2,5647ab92fad5,5647ab92fadb
3,5647aba0f6d5,5647a8809520
2,5647ab927ad4,0
2,5647ab92f22b,5647ab92f438
3,5647ab9a722b,5647ab9a73f0
7,5647aba2626b,5647aba2a7b3
1,5647ab98f669,5647ab98f62a
2,5647aba27a29,0
7,5647ab82ee28,5647ab82f157
2,7f91ad31a029,7f91ad31a0d2
3,5647aba2722e,5647a8809fd0
3,5647ab92fa2d,5647ab930380
2,5647ab92fa6d,0
5,5647a93a6a61,5647ab8d6470
2,5647ab987a62,0
5,5647ab98e621,5647ab76d850
3,5647ab92f220,5647ab930280
2,5647ab82f220,0
1,5647aba2fe60,7f91a874dfa0
7,5647ab82ea26,5647ab82eeed
7,5647aba06a64,5647aba43c52
2,5647ab92fa7b,0
2,5647ab9af23a,5647ab9af170
2,5647ab92fa39,0
2,5647aba27239,5647aba27334
2,5647aba27a78,0
2,5647a982f23c,0
2,5647ab98f63d,0
2,5647abaa7673,0
3,5647a990f271,5647a880a860
2,5647ab9a7232,5647ab9a7288
2,5647ab9afa72,0
2,5647ab9af231,0
1,5647ab82f271,0
2,5647aba0fa31,0
5,5647a9006a75,5647ab8efa90
2,5647ab92f235,5647ab92f450
2,5647ab987e74,0
2,5647aba27a4b,0
2,5647a990f24a,0
2,5647a8b87a0c,0
3,5647ab92fa0d,5647ab930380
3,5647aba27a0d,5647ab8d6440
1,5647a8b87a0e,0
2,5647aba2720c,0
4,5647a880e200,7f91aecc1f60
2,7f91ad31a045,7f91ad31a139
1,5647ab92f206,5647ab92f219
7,5647ab92ea06,5647ab92db37
2,5647ab98f206,5647ab98f11b
1,5647a8b87a18,0
2,5647ab92fa18,0
3,5647ab82f218,5647ab82d540
2,5647ab98f258,5647ab98f175
2,5647aba0f618,0
3,5647aba2721e,5647a8809fd0
2,5647a990f25f,0
2,5647ab9a7253,0
7,5647aba06e52,5647aba1d55b
2,5647ab98f252,0
1,5647aba27a12,5647aba27a1a
3,5647a990f212,0
3,5647a990f257,5647aba44fd0
3,5647ab98f5aa,5647aba068e0
2,5647a990f5ab,0
1,7f91ad31abaf,0
1,5647a990f5ea,0
1,5647a8b879ac,5647ab940790
2,5647ab92f1ad,5647ab92f1bd
2,5647ab92f9ec,0
2,5647ab9a75ac,5647ab9a75ca
2,5647a990f1e1,0
2,5647a8b879a2,0
3,5647ab9af1a7,5647ab969340
1,5647a8b879a4,5647ab943a68
2,5647ab98f5e6,5647ab98f650
3,5647a990f1e7,5647aba1ce70
2,5647a990f5a6,0
7,5647aa80e1ba,5647aa804728
3,5647a990f5bb,5647aba1ce70
2,5647a8b879fa,5647a8b87a01
1,5647a8b879bd,5647ab942590
1,5647ab98fdbd,5647ab98fc92
2,5647ab9af1bc,0
2,5647a982f5be,0
2,5647a8b879ff,0
4,5647a880e1f0,7f91aecc3af0
2,5647ab92f9f2,5647ab92fcce
1,5647a8b879b1,0
3,5647a8b879b1,0
7,5647a938edb3,5647aba94bb6
2,5647ab9071b1,5647ab908fa3
3,5647ab98f1ca,5647ab998cc0
3,5647ab98fd89,5647ab9902e0
3,5647ab92f1c8,5647ab96ce70
2,5647aba27d88,0
2,5647aba0f9cf,0
2,5647ab92f18e,0
1,5647ab9af1ce,5647ab916eb3
2,5647ab9a718e,5647ab9a721b
1,5647a8b8798f,5647ab941b20
2,5647ab98f1c2,0
2,5647ab98f182,0
2,5647aba27182,0
2,5647ab98f580,5647ab98f59c
7,5647ab92edc7,5647ab92efb6
3,5647ab9af186,5647ab969490
3,5647ab92f985,5647ab96ce70
3,5647ab92f185,5647ab931330
2,5647ab82f185,0
2,5647a982f5c7,0
1,5647aba2719b,5647aba27170
1,5647aba271db,5647aba27177
5,5647a9006d9b,5647ab8d7940
3,5647ab9af19f,5647ab9af680
2,5647ab9a759f,0
2,5647ab98f1df,5647ab98f166
7,5647aba2699f,5647aba1a7fb
2,5647ab9271dc,5647ab927207
2,5647aba27d92,5647aba27ff0
2,5647ab907190,5647ab9071ab
2,5647ab9a75d7,0
2,5647a982f5d4,5647a982f505
2,5647ab98f1d6,0
3,5647aba27196,5647a880b5e0
1,5647a93a7196,5647a93a6539
2,5647a8b879d7,0
2,5647ab82f16b,0
2,5647ab98f12b,0
2,5647ab92f96a,0
3,5647ab9af92a,0
2,5647ab98f169,0
2,5647ab9a7168,0
2,5647ab98f16f,5647ab98f240
1,5647aba2fd6e,5647aba2d7f0
3,5647aba0f92d,5647a8809590
2,5647aba2fd2c,0
2,5647abaa7d23,5647abab9e52
2,5647ab98f122,0
1,5647ab92fd21,5647ab92fbba
3,5647aba2fd60,5647aba2d550
2,5647ab927527,0
7,5647aba26927,5647aba267b5
2,5647ab82f126,0
2,5647aba27965,5647aba27a48
2,5647ab98f164,5647ab98f1a0
2,5647aba0f924,0
2,5647ab98f13a,5647ab98f159
2,5647aba2793a,0
2,5647ab987d39,0
3,5647ab98f539,5647ab98f550
2,5647aba0f938,5647aba0f9c0
3,5647ab92f93f,5647ab931330
5,5647ab98e53f,5647ab9aaac0
3,5647ab98793e,5647ab95dab0
2,5647ab92753e,5647ab9277c0
4,5647a938ed7c,5647a938ef40
2,5647aba2fd3e,0
2,5647ab9a717e,0
2,5647aba2713e,0
2,5647aba27173,5647aba271d6
3,5647ab82f173,5647a8b1a990
3,5647aba27933,5647ab8eea20
2,5647ab907133,5647ab90717b
2,5647abaa7d32,5647abab5ba0
2,5647ab98fd72,0
2,5647aba27136,0
2,5647ab987934,0
2,5647aba0f934,0
3,5647ab98794b,5647ab9d9bf0
2,5647a982f50b,0
2,5647aba27909,0
2,5647ab92f948,0
2,5647abaa7d4d,0
2,5647aba0f90d,0
2,5647aba27103,0
2,5647ab987d42,5647ab987e6c
2,5647ab9af942,0
2,5647abaa7d40,0
3,5647ab82f147,0
2,5647aba2fd07,5647aba2fd10
2,5647abaa7d07,0
2,5647abaa7d47,0
1,5647ab907105,5647ab906e96
1,5647aba0fd04,5647aba0fb72
3,5647ab92f95b,5647ab932da0
3,7f91ad31ab1f,7f91ad316ee0
2,5647a982f51a,5647a982f590
1,5647aba0fd5f,5647aba0fb72
2,5647abaa7d5e,5647abaa47a8
4,5647a9386d1f,5647a9386d2d
2,5647ab98f15c,0
7,5647aba2655c,5647aba2070b
2,5647aba27153,5647aba27180
3,5647ab82f152,0
3,5647aba27951,5647ab949d40
7,5647aa80e111,5647aa804703
2,5647aba27917,0
2,5647a982f514,5647a982f590
3,5647aba2fd56,5647aba307d0
5,5647a9006957,5647ab8d9570
2,5647ab98f115,5647ab98f200
5,5647aba26514,5647aba21e20
1,5647aba27114,5647aba27130
2,5647abaa7caa,5647abaa7cc1
2,5647ab98fcaa,0
2,5647ab9070a9,0
3,7f91ad31aae9,7f91ad31a9b0
3,5647aba0f8af,5647a8809590
1,5647ab92f0ef,5647ab92effe
4,5647a938ecec,5647a938ed60
1,5647ab92f4ad,5647ab92f2f7
2,5647ab92fced,0
7,5647ab9ae4ec,5647aba0175c
1,5647aba0f8a3,5647aba0f8c8
1,5647a93a70a1,5647a93a6b5b
2,5647ab98f8a1,0
2,5647ab92fce0,0
5,5647a90068e5,5647ab8d6480
2,5647ab987ca6,5647ab987d20
3,5647ab92f0e6,5647ab95dab0
2,5647ab9070bb,5647ab908f7c
1,5647ab92f0fa,5647ab92eff5
2,5647a8b878f9,5647a8b87988
2,5647ab98f4fa,5647ab98f520
2,5647ab98f0ba,0
7,5647aba26cfa,5647aba26531
2,5647aba0f8ba,0
2,5647a93a70b8,0
2,5647ab9278ff,5647ab927922
2,5647abaa7cff,0
2,5647a982f4ff,5647a982f5b0
2,5647aba270fc,0
3,5647aba0fcf3,5647aba10430
2,5647ab9070f3,0
2,5647ab98f0f3,0
2,5647a982f4f0,0
1,5647ab98f8f2,5647ab98f7bc
2,5647ab92fcf6,5647ab92fcfe
2,5647aba0f8b6,0
2,5647ab927cb6,0
2,5647ab9070b5,0
2,5647ab9278f5,0
2,7f91ad31aaf2,0
7,5647ab98e8f4,5647ab983086
7,5647ab9260c8,5647ab924c83
2,5647aba27888,5647aba2785c
2,5647ab98fc8c,0
2,5647abaafc83,5647abab9717
2,5647ab907081,0
2,5647aba27881,0
7,5647aa80e0c6,5647aa8046d6
3,7f91ad31aa80,7f91ad317740
2,5647abaa7c86,5647abaa7ca0
2,5647aba0f8c6,5647aba0f909
3,5647ab92f485,5647ab0b99b0
2,5647ab98f885,0
2,5647ab98fc84,5647ab98fd60
1,5647ab987884,5647ab987870
2,5647ab98f09a,0
3,5647ab98f899,5647ab990980
2,5647aba0f8d9,5647aba0f8a8
2,5647ab98fc98,0
2,5647a982f4dd,0
3,5647a93a709c,5647ab98da70
2,5647aba0f893,0
2,5647ab98f8d2,5647ab98f8e8
7,5647aa006890,5647ab95ab67
3,5647a982f4d5,5647ab8f8c10
2,5647abaa7cd7,0
3,7f91ad31aa93,7f91ad3250a0
5,5647a9006897,5647ab8d5460
2,5647ab92f494,0
2,5647ab98fc94,0
2,5647a8b87828,0
2,7f91ad31aa2c,0
3,5647aba27c6a,5647aba28cf0
2,5647abaa7c69,0
3,5647ab987c28,5647ab987c80
2,5647ab98f868,0
3,5647a990f42a,5647aba44fd0
2,5647a8b8786c,5647a8b8780e
2,5647abaa702c,0
2,7f91ad31aa6a,0
2,5647aba2782c,5647aba27870
2,7f91ad31aa65,0
2,5647a990f421,0
3,5647aba27c62,5647ab8d6440
2,7f91ad31a227,0
2,5647aba27821,0
2,5647abaa7c20,5647abaa47a8
2,5647ab9a7420,0
2,5647ab9af027,0
4,5647abaae867,5647aba9e1a0
2,5647a8b87824,5647a8b877c8
2,7f91ad31aa23,0
2,5647abaa7c78,5647abab7ebe
3,5647ab92f43e,5647ab0b7910
2,5647ab9a743c,0
1,5647abaa7073,5647abaa4380
2,5647a8b87830,0
1,7f91ad31a237,7f91ad31a18f
7,5647a91ae073,5647a937d10b
3,5647ab9a7430,5647ab9a8280
2,5647a990f432,0
2,5647a8b87834,0
4,5647ab906c36,5647ab906c70
2,5647aba27c76,5647aba27d7e
5,5647aba26c75,5647a952e770
2,5647aba27874,0
3,5647aba27c34,5647aba36a50
1,5647ab987874,5647ab9ff3d0
3,5647abaa7c4b,5647ab8d6600
3,5647abaa704a,5647ab8eb730
2,5647ab9af04a,0
3,7f91ad31a20c,7f91ad316f20
1,5647ab92f00a,3ffffffc08f841c
7,5647a900ec4b,5647a913065a
2,5647ab98f849,0
5,5647a93a684b,5647ab9667a0
2,5647ab927c08,0
2,5647ab90700f,0
3,5647ab987c0f,5647a880a3e0
2,5647ab9a744c,5647ab9a7590
1,5647ab907c01,5647ab907bd3
2,5647ab987c41,0
5,5647a93a6442,5647ab8d5480
1,5647a938f445,5647a938ed98
1,5647ab9a7007,5647ab9a90a0
2,5647a990f445,0
3,5647aba27c07,5647aba3a690
1,5647ab92f445,5647ab92f2f7
4,5647ab926045,5647ab926378
2,5647a8b87847,0
2,5647ab98f85b,0
2,5647aba2785a,0
3,5647ab987c1a,5647ab987b40
2,5647abaa7c5a,0
2,5647ab9a705a,5647ab9a706f
3,5647abaa7c19,5647a9004da0
2,5647aba27819,0
2,5647ab92f458,5647ab92f463
7,5647ab90681e,5647ab8f938f
1,5647a8b8785d,7f91a7e8bf50
3,5647a8b8785d,5647a8809540
3,5647abaa705c,5647ab95b890
2,5647aba2785c,5647aba27863
2,5647ab92f013,0
2,5647aba27853,0
2,5647aba27812,0
2,5647ab98f852,0
5,5647ab98e451,5647ab76c6a0
2,5647abaa7c10,5647abab4c0a
2,5647ab907050,0
3,5647aba27c17,5647ab8e2d20
7,5647ab906c56,5647aba94d8e
3,5647aba27c56,5647ab8d6440
2,5647ab9a7014,5647ab9a7020
2,5647ab9a0fab,0
2,5647a9180be8,5647a9180bf7
2,5647aba28baa,5647aba28bf0
3,5647aba20fea,5647aba56d20
3,5647aba287e8,5647aba289b0
3,5647aba20fef,5647aba22c50
2,5647ab9207ae,5647ab9207d5
2,5647ab9007ed,0
2,5647aba08bed,0
7,5647ab929bec,5647ab929ceb
3,5647aba287ac,5647a8809520
1,5647aba20fac,5647aba20f16
2,5647a9180be1,0
1,5647ab9a0ba3,7f91a8737240
2,5647aba20fa3,0
3,5647aba207e3,5647a8809520
2,5647ab9883e1,0
2,5647ab9207a1,0
2,5647ab9a0fa1,5647ab9a120f
2,5647ab900fa0,0
2,5647a90087e2,0
3,5647ab9a0be0,5647ab9a0ba0
2,5647ab9a0fe7,0
2,5647aba08ba7,0
2,5647aba28ba6,5647aba28bcb
2,5647a90087e7,5647a9008800
2,5647aba28be5,5647aba28bac
7,5647ab929bfb,5647ab92a68a
2,5647aba287fa,5647aba28801
2,5647ab9883f9,0
3,7f91a83151fa,7f91a8311a50
2,5647aba287bf,0
2,5647ab9883fe,0
3,5647ab9887fd,5647a880aae0
5,5647aba29fbd,5647ab95dab0
2,5647aba28bfd,0
2,5647aba207fd,5647aba20f40
2,5647a9180bfe,0
4,5647a88097b0,7f91a87353e0
1,5647ab900fb3,5647ab8d7470
7,5647aba29ff3,5647aba29b42
4,5647a88097f0,7f91a7e87420
2,5647aba08bf3,0
3,5647ab9a0ff0,5647a8809520
2,5647aba08bb0,0
2,5647a9180bf5,0
1,5647abaa87f7,5647abaa47a8
2,5647aba28bf7,5647aba28bb8
2,5647aba28bb6,0
2,5647ab9007f4,5647ab9007fb
2,5647ab9a0fb4,5647ab9a1b6d
2,5647aba207b4,0
2,5647aba28bc9,5647aba28b98
2,5647aba287c9,0
1,5647ab908fc9,5647ab907bf5
2,5647abaa0f88,5647abaa91d0
3,5647aba20388,5647a8809510
3,5647aba20fcf,5647a880af20
3,5647ab9883ce,5647a880ae20
3,5647ab9a0f8e,5647a8809520
2,5647aba08bce,5647aba08d70
2,5647abaa878d,5647abab3c16
3,5647aba2038d,5647aba1c800
2,5647aba2078d,5647aba20fa0
2,5647a93a8bce,5647a93a8beb
7,5647aba093cc,5647aba08da1
4,5647a8809fc0,7f91a7d42110
4,5647a8809b80,7f91aded17a0
4,5647a88097c0,7f91a87ca5a0
2,5647aba28b83,0
2,5647aba20783,0
1,5647aba20f82,5647aba20818
1,5647ab288b81,5647ab288b4e
1,5647ab200380,5647a926c800
7,5647aba01780,5647aba0019b
7,5647aba29b87,5647aba29c9a
2,5647aba20386,0
2,5647ab9a0f85,0
2,5647aba2879b,0
3,5647aba20fdb,5647ab9c2200
2,5647aba08bdb,0
2,5647aba207da,0
2,5647aba08b9a,0
2,5647abaa0fd9,0
3,5647ab9883d9,5647a8809e80
3,5647a9180bda,5647a9233190
2,5647ab9887d8,5647ab988830
3,5647aba28b9f,5647a8809590
1,5647ab908f9e,5647ab906fb9
2,5647ab9207de,5647ab91f390
2,5647aba28bde,0
3,5647aba203dd,5647aba2cbd0
2,5647aba2039c,5647aba20430
4,5647a8809b90,7f91a874e380
4,5647a8809fd0,7f91a7e8afa0
1,5647aba28b93,5647aba28bb8
3,5647aba28792,5647aba28b50
2,5647aba287d2,5647aba28983
2,5647aba28bd5,0
2,5647aba2072a,0
2,5647ab920729,5647ab9205d0
2,5647aba28769,0
3,5647aba20769,5647a8809520
1,5647abaa8b28,5647abaa3e08
1,5647ab200368,5647ab945d20
3,5647ab200368,5647a88096d0
1,5647ab20032f,5647ab8d1410
3,5647aba20f6f,5647ab8cff10
3,5647ab20032f,0
2,5647ab92076e,0
7,5647ab9a976e,5647ab9a9440
3,5647aba20323,5647a8809520
4,5647a8809b60,7f91aded33f0
2,5647ab928f21,5647ab928f35
2,5647ab288b61,0
2,5647aba20760,0
7,5647ab989b60,5647ab917375
2,5647ab928f65,5647ab929018
2,5647a93a8f26,5647a93a8ec2
2,5647ab920724,0
2,5647ab288b7b,0
2,5647ab9a833a,0
2,5647aba2073a,0
2,5647aba28738,0
2,5647abaa0f7f,0
2,5647ab908f7f,0
1,5647ab20033d,5647ab8f9790
7,5647aba2977d,5647aba29251
2,5647aba2033d,5647aba20670
3,5647ab20033d,5647a8814120
2,5647aba2877c,5647aba2898b
4,5647a8809f30,7f91a7d42110
4,5647a8809b30,7f91a7e895f0
4,5647a8809b70,7f91adecffa0
4,5647a8809770,7f91a7e0c760
3,5647aba28333,5647ab8cff10
2,5647aba28773,0
7,5647aba29f72,5647aba29de5
1,5647aba28b32,5647aba28a86
1,5647aba20f32,5647aba2079e
7,5647aba29330,5647aba3d258
2,5647ab988330,5647ab9883c8
1,5647ab200370,5647ab8d7470
3,5647aba20370,5647aba3b870
1,5647ab920f36,0
1,5647ab9a0f35,5647ab9a0f4a
1,5647ab920774,5647ab9205ea
2,5647ab9a830b,0
7,5647ab981749,5647ab9d9b23
1,5647ab200308,7f91a7d2d890
2,5647ab928f0f,5647ab928f1e
2,5647ab9a0f4f,0
2,5647ab9a830d,0
2,5647aba2874d,0
2,5647ab92074c,0
3,5647aba20f4c,5647a88095e0
4,5647a8809b40,7f91a875ffb0
2,5647ab9a8303,0
4,5647a8809700,7f91a8735390
4,5647a8809b00,7f91a7d2d5a0
3,5647a93a8f04,5647ab8d7470
3,5647aba20706,5647aba26470
1,5647aba28346,5647aba28230
2,5647aba28b06,5647aba28b30
2,5647ab928b45,0
2,5647aba2031a,0
3,5647a93a8f1b,5647ab8d01a0
2,5647ab988319,0
2,5647ab920719,0
2,5647ab9a8319,5647ab9a8353
7,5647ab929f18,5647ab92990d
2,5647ab928f58,0
2,5647aba28b1f,0
3,5647aba20f1f,0
2,5647ab92071e,0
3,5647aba2071e,5647a8809510
3,5647ab920f1d,0
1,5647ab20035d,7f91a7d2d8d0
3,5647ab20035d,5647a88096c0
1,5647ab9a835c,5647ab9a8327
2,5647aba2071c,0
4,5647a8809b10,7f91a7e2f010
4,5647a8809f10,7f91a7d2d600
4,5647a8809b50,7f91a8735c70
1,5647ab200310,7f91a7d2d8b0
7,5647aba21f50,5647aba2651a
7,7f91ad31cd11,5647ab0ad04e
2,5647ab928f16,0
3,5647aba28756,0
2,5647aba202eb,0
2,5647ab9206ea,0
2,5647ab9a82ea,5647ab9a8906
2,5647ab928ea9,5647ab928eb0
5,5647aba29ead,5647ab92d9e0
3,5647aba282ec,5647a8809660
4,5647a88096a0,5647aaf81da5
4,5647a88096e0,5647ab94da02
2,5647ab928ee2,0
1,5647aba282e0,5647aba27ae4
2,5647ab900aa7,5647ab900aae
2,5647a93a8ea5,5647a93a8f18
2,5647ab9206a7,5647ab9210b2
2,5647ab288aa6,0
1,5647aba20ee6,5647aba204a6
3,5647aba206e6,5647aba1cc10
2,5647aba28aa6,5647aba28b12
5,7f91ad31cce2,5647ab0aaad0
2,5647ab900abb,0
2,5647ab920afb,0
2,5647ab9a82bb,0
2,5647ab9a0efa,0
2,5647ab928ef9,0
1,5647aba282f8,5647aba282af
2,5647abaa8afd,0
1,5647ab2002fd,5647a9e48450
2,5647aba28afd,0
3,5647ab2002fd,5647a88096c0
4,5647a8809ef0,7f91a7e2f0c0
3,5647ab920af3,0
5,7f91ad31ccf4,5647ab0aaad0
1,5647aba206b2,5647aba20356
3,5647aba202b1,5647aba226e0
2,5647ab9a82f7,5647ab9a82d4
2,5647ab928eb5,0
3,5647ab288ab5,5647aba02540
5,7f91ad31ccb2,5647ab0aaad0
2,5647ab9a82cb,0
2,5647a93a8ec8,0
2,5647ab920689,5647ab920693
2,5647ab9a0ec8,0
2,5647aba28a88,0
2,5647aba00e88,0
1,5647ab2002cf,5647a9e48450
2,5647aba282ce,5647aba282d5
2,5647a93a8ecf,5647a93a8f04
2,5647ab92068d,0
7,5647ab9a968c,5647ab94cf0d
5,7f91ad31ccca,5647ab0aaad0
4,5647a8809e80,7f91afb53610
4,5647a8809ac0,7f91a7e87420
4,5647a8809ec0,7f91a7e8bac0
4,5647a8809680,5647ab8d5400
4,5647a88096c0,5647ab91b200
7,5647aba21ec2,5647aba2057a
2,5647ab288ac1,0
3,5647aba202c0,5647aba21e60
7,5647a9801a84,0
1,5647abaa8e86,5647aba97901
2,5647aba28a84,5647aba28af0
2,5647ab9a82db,5647ab9a82f0
2,5647ab928eda,5647ab929120
2,5647ab92069a,5647ab92086d
2,5647aba282da,0
2,5647abaa0e99,5647abab7471
3,5647aba20299,5647aba2b140
2,5647a8b8829b,0
2,5647a93a8e9d,0
3,5647aba2069f,5647ab8cff10
7,5647ab981a9f,5647ab9d9e3d
2,5647ab900a9e,0
3,5647ab920add,0
1,5647ab2002dd,5647a9e48450
2,5647ab9a82dd,5647ab9a8906
7,5647ab9a929d,5647ab9a72a4
3,5647ab2002dd,0
5,7f91ad31cc9a,5647ab0aaad0
2,5647aba28a9c,0
4,5647a88096d0,7f91a87c9880
3,5647aba20ed3,5647ab8cff10
3,5647aba20291,5647aba26b60
2,5647abaa8ad0,0
2,5647ab288ad0,5647ab288b78
2,5647a93a8e95,0
1,5647ab900696,5647ab9005fa
3,5647aba202d5,5647ab92cf10
3,5647aba28a95,5647aba289a0
7,5647aba092d5,5647aba08c05
5,5647aba21e94,5647aba21e00
1,5647ab288e2b,5647ab288db8
7,5647ab981a2b,5647ab9d9dc2
2,5647abaa0e6a,0
2,5647aba2822a,5647aba2862d
2,5647aba00e6a,5647aba00e7b
5,5647a9181268,5647a92c89e0
2,5647aba20669,5647aba206d8
2,5647aba28a29,5647aba289f8
2,5647ab908e28,5647ab90940f
2,5647ab920e68,0
3,5647aba20a6f,5647a880af30
7,5647aba2926c,5647aba4ecff
5,5647aba0966c,5647a95d5b00
4,5647a8809660,7f91a87c8b20
2,5647ab908e63,0
4,5647a8809620,0
2,5647ab920622,0
2,5647ab920661,0
3,5647ab988a60,5647ab8cff10
3,5647ab900620,5647ab8d7470
2,5647ab900667,5647ab900676
5,5647aba21e27,0
3,5647ab288e26,5647ab288a80
1,5647ab900625,5647ab900577
2,5647aba00e24,0
2,5647aba00e64,0
2,5647ab908e3b,5647ab908e54
2,5647ab98863a,0
7,5647aba29e78,5647aad3453e
3,5647a8b8827d,5647a880aa00
2,5647aba28a3e,0
1,5647ab98863e,5647ab9885f5
1,5647ab90067d,5647ab9005c2
2,5647ab92063d,0
2,5647ab92067d,5647ab920693
3,5647aba28a7d,5647a8809590
3,5647aba2067c,5647a88095e0
2,5647aba2063c,0
2,5647aba20a7c,5647aba20fc8
4,5647a8809630,7f91adeced90
1,5647ab988a73,5647ab988898
4,5647a8809a30,5647ab8ea540
7,5647ab981a33,5647ab9d9dc2
2,5647ab900671,0
1,5647ab908e30,5647ab908e3d
1,5647aba28630,5647aba2832d
1,5647ab920e76,0
1,5647ab9a0676,5647ab99fb2f
1,5647ab908e75,5647ab907bf5
2,5647aba28a35,0
2,5647abaa0e74,0
3,5647ab920674,5647ab91de00
2,5647aba28a74,0
2,5647ab908e4b,0
2,5647ab92064b,0
2,5647ab90060a,5647ab9004f1
3,5647abaa8e4a,5647ab8e4a70
2,5647aba28a0a,5647aba28a50
7,5647aba0964a,5647ab74d6a9
1,5647ab900649,5647ab900481
2,5647a98a0e4c,0
7,5647a93a960e,5647aaf66dc7
4,5647a8809640,7f91a7da6e70
4,5647a8809e00,7f91a87370f0
4,5647a8809600,7f91afb51f60
2,5647aba20203,5647aba20230
4,5647a8809a40,7f91a7e87ba0
2,5647ab288a42,0
2,5647ab988602,0
2,5647ab920601,0
3,5647ab900640,5647ab9114a0
3,5647ab988a40,5647a88095e0
2,5647aba00e40,0
4,5647abaa1e47,5647abaac874
7,5647aba21e47,5647aba22ced
2,5647ab908e46,5647ab908e32
2,5647aba20646,5647aba21933
2,5647aba28a06,5647aba28a2b
2,5647aba00e46,0
2,5647aba28a45,5647aba28a0c
1,5647ab288e44,5647ab9c8e60
2,5647aba00204,0
1,5647ab90061b,5647ab9004f1
3,5647ab92061b,5647a8809590
2,5647ab908e5a,5647ab908fbb
2,5647aba2821a,0
7,5647aba21e18,5647aba372ee
2,5647aba28258,5647aba282e5
3,5647aba00e18,5647ab9c3620
3,5647aba2061f,5647a8809520
2,5647aba28a5d,0
3,5647aba20a5c,5647ab9a9680
3,5647aba00e5c,5647aba08b70
4,5647a8809610,7f91a7e87420
4,5647a8809650,7f91a87c90f0
4,5647a8809e50,7f91a7e87ba0
1,5647ab908e52,5647ab908e39
1,5647ab288a51,5647ab2889d6
2,5647aba28210,0
1,5647ab9a0a17,5647ab9a0bb0
2,5647aba28a57,5647aba28a18
1,5647aba00217,5647ab9ffff8
3,5647ab900616,5647ab911c40
2,5647aba20616,0
2,5647aba28a16,0
2,5647aba00e16,0
2,5647ab988655,5647ab9885f5
1,5647ab288e54,5647ab288e40
3,5647aba20214,5647a88097f0
3,5647aba00e54,5647ab9c4840
2,5647abaa81eb,5647abaa47a8
1,5647ab9201eb,5647ab91efd2
2,5647aba001eb,5647aba001fd
2,5647ab9005ea,5647ab900682
2,5647ab9885aa,5647ab988590
2,5647ab9201e9,0
2,5647ab9205a9,0
2,5647aba205a9,0
2,5647aba001af,0
4,5647a88095e0,7f91a87c8830
2,5647ab9005a3,5647ab9005b1
2,5647ab9005e3,5647ab9005fa
2,5647aba289e3,0
7,5647aba099a3,5647a95d3bcb
3,5647ab9885a3,5647a8809db0
4,5647a8809da0,7f91a8735380
2,5647ab2889e2,5647ab2889ef
2,5647aba001a2,0
2,5647ab9205e0,0
1,5647aba08de6,5647aba08bf9
2,5647aba205e5,0
2,5647aba28da5,5647aba28d54
3,5647abaa81e4,5647a9004da0
2,5647aba281b9,5647aba28205
2,5647aba001b8,0
2,5647ab9885b8,0
3,5647aba289ff,5647a8809590
2,5647aba205bd,0
2,5647ab9005bc,5647ab900650
2,5647ab2889fc,0
2,5647aba201fc,0
4,5647a8809db0,7f91a7e87f80
4,5647a8809df0,7f91afb52a00
2,5647ab9205f3,0
4,5647a88095b0,7f91a874df50
2,5647aba201f3,0
1,5647aba289f3,5647aba28a18
2,5647ab9885f3,5647ab988640
2,5647ab9885b3,5647ab98859c
4,5647a88095f0,0
2,5647ab9005f0,5647ab9005fa
2,5647aa0a89b4,0
2,5647aba281b4,0
1,5647aa0a89ca,5647ab8d7470
2,5647ab2889cb,5647ab288a3f
2,5647aba0018b,0
2,5647ab9201ca,0
2,5647ab288dca,0
2,5647aba08d89,0
1,5647ab9205c8,5647ab9206f0
2,5647ab9885c8,0
2,5647aba08d8f,5647aba08bf9
2,5647aba28d8e,0
1,5647aba2898e,5647aba28890
4,5647a8809580,7f91a874dfa0
2,5647ab920183,0
7,5647ab9a11c3,5647ab99fc3a
3,5647ab9885c1,5647a8809db0
7,5647ab929980,7f91a87353e0
2,5647ab2889c0,0
3,5647aba20587,5647aba1c8b0
1,5647a93a8d85,5647aba27130
2,5647abaa81c6,0
1,5647aba28986,5647aba288f0
2,5647aba08dc6,0
3,5647aba205c5,5647aba57670
2,5647aba08185,5647aba08047
2,5647aa0a8d85,5647aa0a903d
2,5647abaa81db,5647abab4957
2,5647aba2819b,5647aba281d0
3,5647ab9a059a,5647ab9b49c0
2,5647aba205da,0
2,5647aba281da,0
2,5647ab98859a,5647ab9885b5
2,5647aa0a8d99,0
1,5647ab9a059f,5647ab99fc0e
2,5647aba281df,5647aba2819d
2,5647aa0a8d9f,5647aa0a903d
2,5647aba2059d,5647aba205a4
2,5647ab90059c,0
3,5647aba08d9c,5647aba092e0
4,5647a8809590,7f91a7e87ba0
2,5647abaa0d93,0
4,5647a88095d0,7f91a874e090
2,5647ab988992,0
2,5647ab920191,0
2,5647ab9885d1,5647ab9885eb
2,5647ab2889d0,0
2,5647ab288995,5647ab2889b1
2,5647ab90056a,5647ab900620
2,5647ab90052a,0
1,5647aba20169,5647aba1ffce
2,5647aba20529,5647aba2055a
2,5647ab928d28,0
2,5647aba0812d,0
2,5647ab928d2c,0
4,5647a8809520,7f91a7e8b590
4,5647a8809560,7f91a8737240
2,5647abaa8163,0
2,5647abaa0d62,5647abaa91b0
1,5647ab928d62,0
2,5647aa0a8d20,0
2,5647aba28d61,0
2,5647ab920120,0
3,5647aba20160,0
2,5647abaa0d26,5647abaa0d40
3,5647aba28d26,5647aba270f0
3,5647aba08125,5647aba08b70
1,5647ab90053a,5647ab90054d
2,5647abaa0539,5647abaa0558
7,5647a918153b,5647aba55fc2
2,5647abaa057f,0
2,5647aa0a8d3f,5647aa0a8d68
2,5647ab288d3e,5647ab288e23
2,5647ab28897d,5647ab2889c2
2,5647a93a8d3f,0
4,5647a8809d70,7f91a87ca6c0
4,5647a8809570,7f91a7e8bad0
4,5647a8809530,7f91a87c9880
2,5647ab288973,0
2,5647aba08133,5647aba08144
2,5647ab920572,0
3,5647abaa0532,5647a98bbb20
2,5647ab988931,0
2,5647aba28d31,0
2,5647ab900570,5647ab900577
2,5647ab288d30,0
7,5647aba01130,5647aba08dae
2,5647aba08d77,0
3,5647aba20575,5647aba21e60
2,5647a93a8d36,0
2,5647ab90054b,0
2,5647aa0a894a,0
2,5647aba28d4a,5647aba28d80
1,5647aba28909,5647aba287d8
1,5647aa0a8948,0
2,5647ab928d09,0
2,5647a93a8d4a,0
2,5647ab98890f,0
2,5647abaa050e,0
7,7f91a8314b4d,5647aa018f21
3,5647ab98894d,5647ab946b70
1,5647ab9a890d,5647ab9a82f4
2,5647aba2050c,0
7,5647ab98194c,5647ab981739
7,5647aba2990c,5647aba29c4b
4,5647a8809540,7f91a87ca1d0
1,5647ab900502,5647ab8d7d10
2,5647aba20502,5647aba20509
3,5647aba28d42,5647ab8e45c0
2,5647ab928d42,0
2,5647ab920540,0
2,5647ab288d05,5647ab288d21
3,5647aba20144,0
2,5647abaa0d5a,0
2,5647ab90051a,0
2,5647ab988919,0
3,5647ab988959,5647ab8d6440
3,5647aba20519,5647aba1cbf0
5,5647ab981919,5647ab9819f0
2,5647ab98891f,0
2,5647ab90055f,0
2,5647ab92051e,0
4,5647a8809510,7f91a8735380
4,5647a8809d10,7f91afb51f60
4,5647a8809d50,7f91adeda0e0
4,5647a8809910,7f91a87489b0
2,5647ab920553,0
2,5647aa0a8952,0
4,5647a8809550,7f91a7e87ba0
2,5647ab900512,5647ab900565
2,5647abaa0512,0
4,5647abaa1111,5647aba9b980
2,5647ab920111,0
1,5647aba20151,5647aba1ff5d
2,5647aba08151,0
2,5647a93a8d53,5647a93a8d70
3,5647ab988150,5647ab988310
2,5647ab900557,5647ab900540
2,5647aa0a8d17,5647aa0a9c58
1,5647ab988155,5647ab988087
2,5647aba204ea,5647aba204f1
2,5647ab9004e9,5647ab9004c0
5,7f91ad31ceaf,5647ab0aaae0
2,5647abaa04e9,0
1,5647aba288a9,5647aba28782
2,5647ab9004ef,5647ab9004d2
2,5647ab9888ae,0
1,5647abaa84ae,5647aba90d92
2,5647aba08cac,0
7,5647ab9098ec,5647ab909484
4,5647a88098a0,7f91a87cad30
4,5647a88098e0,7f91a874a3f0
4,5647a8809ce0,7f91aded2230
2,5647ab9200e2,0
2,5647aba204a0,5647aba21996
1,5647ab920ca7,0
2,5647aba28ca6,5647aba28cd0
2,5647aba08ca6,0
1,5647ab9004bb,5647ab9004dc
3,5647aba204bb,5647aba21e60
2,5647aba08cbb,0
3,5647aba288f9,5647ab8cff10
7,5647a93a94fd,5647a8fd52f4
2,5647aba28cbf,0
7,5647aba298fe,5647aba297f5
2,5647ab2888bc,0
4,5647a8809cf0,5647ab8d5400
2,5647abaa0cf2,0
2,5647ab9888f2,0
5,7f91ad31cef4,5647ab0aaae0
2,5647abaa04f2,0
5,5647a91814f0,5647aba1a620
2,5647ab2888b1,5647ab2888b8
3,5647ab9888b0,5647a8809510
2,5647aba00cb0,0
1,5647aba08cf0,5647aba08c71
3,5647ab9888f4,5647a8809510
7,5647ab909cb4,0
2,5647aba00cce,0
2,5647aba08c8e,5647aba08ca3
2,5647aba2048d,0
2,5647a9180c8f,0
2,5647aba0808c,5647aba08122
5,7f91ad31cec5,5647ab0aaae0
1,5647a9180c81,7f91a87370f0
2,5647ab920883,5647ab9206a0
4,5647a8809cc0,7f91aded33c0
3,5647ab9888c2,5647a8809510
3,5647aba00cc2,5647aba020d0
5,5647aba01481,5647ab8f46c0
7,5647ab9094c1,5647aba139e9
2,5647ab9888c0,0
5,7f91ad31ce9c,5647ab0aaae0
1,5647ab988099,5647ab987ed7
3,5647aba28899,5647ab8cff10
2,5647abaa0498,0
7,5647aba2989e,5647aba69c7a
2,5647aba00cde,5647aba00e08
2,5647aba28c9d,0
3,5647ab9888dc,5647ab948250
4,5647a8809890,7f91a7e8bf50
4,5647a8809cd0,7f91a87c8830
1,5647aba28cd2,5647aba28c26
5,5647ab929092,5647ab8d7510
2,5647ab9200d1,0
2,5647ab288891,5647ab2888a6
3,5647aba204d1,5647aba1c7d0
2,5647ab900490,0
2,5647ab9004d0,5647ab900508
2,5647aba20497,0
2,5647aa0a8cd7,5647aa0a8d04
1,5647a9180c97,5647a9180c5e
2,5647ab9a0c6b,5647ab9a0ec0
7,5647aba2942b,5647aba4ec7e
2,5647ab90082a,5647ab900840
1,5647a9180c28,5647ab8d7470
1,5647ab988869,5647ab9887ed
4,5647aa0a9069,5647aa0a90d0
2,7f91a831522b,0
2,5647aba28c28,0
2,5647aba08c6f,5647aba08ce8
2,7f91a831522d,0
2,5647aba2002e,0
3,5647aba2806e,5647a8809660
2,5647ab90086d,5647ab90087c
2,5647ab90082c,0
3,5647aba2046c,5647a8809520
2,5647aba0806c,5647aba08082
2,5647ab900823,0
2,5647aba20463,0
2,5647aba20863,5647aba20a50
4,5647a8809860,7f91aded21d0
2,7f91a8315221,0
2,5647aba28822,0
3,5647a9180c65,5647a9236ec0
2,5647ab9a0c27,5647ab9a0c30
3,5647aba20827,5647aba251e0
3,5647a93a8c26,5647a8809d10
2,5647aba28c24,5647aba28c90
2,5647ab90047b,5647ab900640
2,5647ab98887b,5647ab988a30
2,5647aba08c7b,0
1,5647aba2807a,5647aba27bd3
2,5647a9180c7a,0
2,5647aba08038,0
1,5647ab90087f,5647ab900808
2,5647a93a8c3c,0
5,5647aa0a9c7c,5647ab8fb130
5,5647ab9a943d,5647ab9a96e0
3,5647ab98883c,5647a88095e0
3,5647ab92087c,5647a92c42d0
2,5647aba28c3c,5647aba28cb0
2,5647aba2083c,0
1,5647a9008830,5647ab8e3c20
1,5647ab928c30,5647ab928b35
2,5647ab900877,0
3,5647ab9a0c35,5647ab9a2930
3,5647aba28c35,5647a8ba7070
5,5647aba01475,5647a95d75b0
1,5647a9180c0b,5647a9180c12
2,5647abaa8c09,5647abaa87ef
3,5647ab9a0c48,5647ab99c0f0
1,5647abaa8c0f,5647abaa4ff8
7,5647ab92904f,5647ab928d02
2,5647aba08c0e,0
2,5647aba08c4e,0
2,5647aba0804e,0
3,5647a93a8c0e,5647a8809520
2,5647aba2880c,5647aba28813
2,5647aba2084c,0
2,5647ab9a0c02,5647ab9a0c20
2,5647aba20402,0
2,5647aba08c41,5647aba08c4b
2,5647aba08041,5647aba08170
3,5647a93a8c02,5647aba10580
3,5647aba08c00,5647aba092d0
2,5647ab988407,0
2,5647ab900806,5647ab900858
2,5647aba28005,5647aba27fcf
2,5647aba08c45,0
2,5647aba00005,0
5,5647aba29c45,5647aba29900
1,5647a9008806,5647a9130300
2,5647a9008806,5647a9008830
3,5647a93a8c1b,5647ab8e2d20
3,5647ab988859,5647ab8cff10
2,5647ab988818,5647ab988870
7,5647a93a905d,5647ab97173a
2,5647a9180c1f,0
3,5647aba28c1d,5647a8809590
3,5647aba2085c,5647a8809db0
5,5647aba01453,5647ab7729f0
4,5647a8809850,7f91adecf940
7,5647aba09c12,5647ab9b4702
2,5647aba08c52,0
2,5647a9180c53,5647a9180c88
3,5647aba20015,5647aba1e940
5,7f91ad31ce12,5647ab0aaae0
2,5647ab988414,0
3,5647ab9a0c54,5647ab9a2800
2,5647aba28c14,0
2,5647aba29fab,5647aba29fb5
2,5647aba013ea,0
2,5647aba21fe9,0
4,5647ab9a0ba8,7f91a7e2de80
2,5647ab9a9be8,0
2,7f91ad31cde8,7f91ad31cdf2
4,5647abaa0fec,5647aba9b980
3,5647ab9a9be0,5647ab9c2200
2,5647aba017a0,5647aba01409
2,5647aba293a7,0
2,5647aba21fa6,0
2,5647aba29be5,5647aba29bf1
2,5647ab9a93fb,0
3,5647ab9a9bbb,5647ab9aa9c0
3,5647aba29bfb,5647ab96ce70
2,5647ab9097ba,0
1,5647abaa93f8,5647aba9eeb4
1,5647ab9a1bbf,5647ab9a133e
2,5647aba21fbf,0
2,5647ab9a9bfe,0
2,5647aba09bfe,0
2,5647aba21ffd,0
2,5647a98a13fe,0
5,5647a9180bf0,5647aba1a610
2,5647ab9a9bf2,0
2,5647aba21fb1,0
2,7f91ad31cdb6,0
3,5647aba297f0,5647aba298a0
2,5647aba21ff7,0
1,5647aba01fb6,5647aba0185b
2,5647aba013f4,5647aba01788
3,5647aba0178b,5647aba03470
3,5647ab9a978a,5647aba21e00
3,5647aba21fc9,5647a8809fd0
2,7f91ad31cdcb,0
2,7f91ad31cd85,0
2,5647aba29bc3,0
2,5647aba29fc2,5647aba29fb0
2,5647a91217c2,0
2,5647ab9a9bc7,0
2,7f91ad31cdc2,0
2,5647aba093c4,0
7,5647ab200384,0
3,5647aba29fdb,5647aba2a000
3,5647ab90979a,5647a8809890
2,5647ab9097da,0
2,7f91ad31cddf,0
1,5647aba29799,5647aba29762
3,5647ab9a979e,5647aba21f80
2,7f91ad31cd9a,7f91ad31cf98
1,5647ab9a97dc,5647ab9a9808
2,7f91ad31cdd5,0
3,5647ab9a9792,5647aba21ee0
2,5647aba21fd1,0
2,5647aba29bd0,0
2,5647aba29f97,5647aba29fc4
1,5647abaa93d5,5647aba9ec63
3,5647ab9a9bd4,5647a8809b80
3,5647aba29794,0
2,5647aba2936b,0
2,5647ab9a132a,5647ab9a1ba9
3,5647aba29b2a,5647aba29f80
2,5647aba0932a,5647aba09415
2,5647ab90972a,0
2,5647aba01769,0
1,5647ab9a1b68,5647ab9a11ee
2,5647aba21f68,5647aba21f44
2,5647aba09b68,5647aba09c13
2,5647aba2976f,0
7,5647aba28b2f,5647aba287ed
2,5647ab9a9b6d,0
1,5647aba09f6c,5647aba09bf1
2,5647ab9a9723,5647ab9a9780
2,5647aba29f61,0
3,5647aba21f60,5647a8809fd0
2,5647aba09360,0
3,5647aba09f67,5647ab7757e0
2,5647aba09365,5647aba093d0
2,7f91ad31cd3d,0
2,5647ab9a9b7b,0
2,5647ab909778,0
3,5647aba29b3d,5647aba29f80
2,7f91ad31cd7a,0
7,5647a93a8f31,5647aa0aa0dc
7,5647ab288b73,5647ab288e2b
2,5647ab9a1373,5647ab9a1557
1,5647ab9a1b74,5647ab9a1239
3,5647ab981734,5647ab981890
3,5647aba29b0a,5647ab95dab0
3,5647aba29b49,5647ab95dab0
2,5647ab909749,5647ab9098ed
2,5647aba21f48,0
2,5647a93a970d,5647a93a9600
7,5647ab9a834d,5647ab9a7435
2,5647aba09303,0
2,5647ab909702,5647ab909713
3,5647ab9a9b00,5647ab9a9680
2,5647aba09f07,5647aba09f64
2,5647ab981746,0
2,5647aba29b05,0
2,5647ab929f04,0
2,5647aba09b5b,5647aba09dea
3,5647ab9a9b1a,5647a8809b70
3,5647aba29b1a,5647ab95dab0
2,7f91ad31cd5f,0
2,5647aba29f18,5647aba29f4d
2,5647aba0931f,0
2,5647ab9a9b5d,0
2,5647ab9a1313,0
2,5647aba09b52,5647aba09dea
4,5647abaa8b10,5647abaa6f88
7,5647a93a8f12,5647aa0aa0dc
2,5647aba21f10,5647aba21f58
3,5647aba29f10,5647ab9dc720
2,5647ab989b50,0
2,5647ab9a9757,0
3,5647aba01757,5647ab9ae330
2,5647aba09316,0
2,7f91ad31cd53,0
7,5647ab928b55,0
2,5647ab9a9714,0
2,5647ab9a9b54,0
2,5647ab9a9aab,0
2,5647ab929eea,0
4,5647abaa0ea9,5647abaa2bae
2,5647ab9a92a8,5647ab9a93d5
3,5647ab9a9ae8,5647ab9a0ba0
2,5647aba29aa8,0
3,5647aba012a8,5647aba020d0
3,5647aa0a92ae,5647aba0ce50
3,5647ab9a12ef,5647a8809560
3,5647aa0a92a2,5647aba27800
2,7f91ad31cce0,0
3,5647aba21ea5,5647aba21f80
2,5647aba21eba,0
5,5647aba202f8,5647aba21e00
2,5647aba21efd,0
2,5647aba092fd,0
1,5647aba29eb2,5647aba29c83
2,5647aba012b1,0
2,7f91ad31ccb0,0
3,5647aa0a92b7,5647ab8d6440
2,5647ab9a928b,0
2,5647ab981a8b,0
2,5647ab9a968a,0
2,5647a918128b,0
1,5647aba29e88,5647aba29e5b
2,5647a93a96cd,5647a93a9600
2,7f91ad31ccc8,0
4,5647ab9886cd,5647aba166b0
2,5647aa0a928d,0
5,5647ab90068c,5647ab8eb720
2,5647ab9a9ac3,0
3,5647aba29e83,5647ab95dab0
1,5647a9801a83,5647ab8d1410
3,5647aa0a92c0,5647ab8d6440
2,5647aa0a9280,0
1,5647abaa9280,5647aba9b532
1,5647ab9a9687,7f91a7e87420
7,5647ab900ac5,5647a96f81a3
2,5647ab9a9a85,0
1,5647aa0a92c5,5647aa0a90e0
2,5647aba012c4,5647aba013dc
3,5647aba21e9a,5647aba21ee0
1,5647aba09e98,5647aba09cb7
7,5647aba00e9f,5647aba001e1
2,7f91ad31cc98,0
7,5647a8b8829e,5647aa528fca
2,5647aa0a9293,5647aa0a929a
2,5647ab9a12d2,5647ab9a14f0
2,5647aba21e92,0
2,5647ab9a9ad1,0
1,5647a9181292,5647ab94f858
2,7f91ad31cc2d,0
2,5647abaa1e29,5647abaaad58
2,5647aba29e68,0
2,5647ab929a28,0
2,5647aa0a926e,0
1,5647aba0966f,5647aba0962b
1,5647aba21e2e,5647aba21ee0
3,5647aba29a2d,5647ab95dab0
2,5647ab981a23,5647ab981a00
2,5647ab929e21,0
2,5647a9181263,0
1,5647abaa9260,5647aba9afc4
2,5647aba29a27,0
2,5647aba29665,5647aba29780
1,5647ab909625,5647ab909474
3,5647a9801a78,5647ab8d8260
2,5647ab981a79,0
2,5647aba09638,0
2,5647a93a967d,5647a93a9600
1,5647ab929a3e,0
3,5647aba29a3d,5647ab95dab0
2,7f91ad31cc7a,7f91ad31cc8a
2,5647ab9a9a3c,0
2,5647abaa1e33,0
2,5647ab9a9a73,0
2,5647ab981a73,0
2,5647ab929a33,0
7,5647aba20230,5647aba2103d
2,5647a93a9635,5647a93a9600
2,5647aa0a9277,5647aa0aa0ae
3,5647ab909636,5647ab9096e0
3,5647ab929e34,5647ab92cd60
2,7f91ad31cc32,7f91ad31cc40
3,5647a9181276,5647a9236f50
1,5647ab929e4b,5647ab92a5aa
3,5647aba21e0b,5647ab99c1b0
1,5647ab9a120a,5647ab9a1023
1,5647a93a960b,7f91a7d2d8d0
3,5647abaa1e08,5647abac18a0
2,7f91ad31cc0e,0
2,5647aba29648,0
2,5647ab929e0c,0
7,5647a98a0e4e,5647a93e8d7d
7,5647ab288a0c,5647ab9c91db
3,5647aba29a0c,5647ab95dab0
3,5647aba2924c,5647aba29500
2,5647aba09603,0
3,5647ab9a1242,5647ab8cff10
3,5647ab929e40,5647ab92c650
1,5647abaa9240,5647aba9b9ed
3,5647aba29a00,5647ab95dab0
2,5647ab9a9a07,0
2,5647a93a9604,5647a93a960b
2,5647ab9a9a46,0
2,5647aba29e06,5647aba29e52
2,5647ab981a06,5647ab981a30
1,5647ab909646,0
2,7f91ad31cc03,0
2,5647aa0a9245,0
3,5647aba29244,5647a9202910
2,5647aba09e04,5647aba09efd
2,5647aba0961a,5647aba09660
2,5647ab929a1a,0
2,5647aba29e59,5647aba29e80
2,5647aa0a9259,0
3,5647aba29a18,5647ab95dab0
3,5647ab9a121f,5647a88095e0
3,5647aba2965e,0
2,5647aba2925e,0
2,7f91ad31cc1b,0
2,5647aba29a5d,5647aba29a67
2,5647aa0a9252,0
2,5647aba29a53,5647aba29a5a
2,7f91ad31cc54,7f91ad31cc69
5,5647aba00211,5647aba07e90
2,5647aba29210,0
1,5647aba21e50,0
2,5647ab929e16,0
7,5647ab988616,7f91a87c9880
2,5647aba09616,0
1,5647ab9a1255,5647ab9a0fc1
3,5647ab9a9a55,5647ab9aaaa0
7,5647aba289ab,5647aba28a9a
5,5647aba08dab,5647ab76e3a0
2,5647aba099ab,0
3,5647aba299e8,5647ab95dab0
2,5647aba29ded,5647aba29dfc
2,5647aba09ded,0
2,5647ab9a11ac,0
2,5647aba299a0,5647aba299da
3,5647aba29de0,5647aba29ed0
7,5647ab9889a7,7f91a7e8b590
4,5647abaa0da6,5647aba9ae50
2,5647aba09da5,0
1,7f91ad31cfa2,7f91ad31cdaf
5,5647aba08de4,5647ab775d40
2,5647abaa91bb,0
1,5647ab9819f8,5647ab981a08
3,5647ab9a99fc,5647a8809560
2,5647aba291fc,0
2,5647ab9095f3,0
1,5647aba099b1,5647aba0997e
2,5647aba09db0,0
3,5647ab9a11f7,5647ab8cff10
2,5647aba095f7,0
2,5647aba09df6,5647aba09bf1
1,5647abaa91f5,5647abaa0fb2
3,5647aba299f4,5647ab95dab0
3,5647aba29d8b,5647ab95dab0
7,5647aa0a89cb,5647ab8fb7ad
3,5647ab901189,5647ab8d6440
2,5647aba095c9,0
3,5647aba09588,5647aba092d0
2,5647aba09dc8,0
1,5647ab90118e,5647ab900f90
2,5647aba095cd,0
2,5647aba09d8d,0
3,5647aba29985,5647ab95dab0
1,5647abaa91c4,5647abaa0d6c
1,5647ab9a1584,5647ab9a10b7
2,5647aba095da,0
2,5647ab9a1199,0
1,5647aba21999,5647aba20ec6
7,5647ab288dd8,5647ab9c91ec
5,5647aba00198,5647ab9ffe70
5,5647aba001df,5647aba00c80
1,5647ab92999e,5647ab929920
2,5647aba09dd3,5647aba09bf1
4,5647abaa0592,5647aba9dd10
3,5647aba09d92,5647a8809510
2,5647ab929991,0
2,5647ab9a99d1,0
3,5647aba29991,5647ab95dab0
2,5647aba09991,0
2,5647ab929997,0
2,5647abaa1dd7,0
2,5647aba095d6,0
2,5647aba09594,0
2,5647ab90952b,5647ab90944a
2,5647aba2952a,0
2,5647aba09d6a,0
3,5647ab929d69,5647ab8d3100
7,5647aba08168,5647aba00217
1,5647ab929128,5647ab928eed
1,5647ab90992e,5647ab909756
2,5647ab92992d,0
2,5647ab929d2d,0
2,7f91ad31cf2b,0
3,5647aba2996d,5647ab95dab0
2,5647aba2112d,0
2,5647ab92996c,0
2,5647ab929923,0
2,5647aba01122,0
2,5647ab929d21,0
3,5647aba29961,5647ab95dab0
2,5647aba09d21,0
2,5647ab929d60,0
2,5647ab901120,0
4,5647aa0a8966,0
2,5647ab981927,0
2,7f91ad31cf20,0
2,5647ab901126,0
2,5647ab909526,0
3,5647aba29925,5647ab95dab0
5,5647aba20565,5647aba22160
2,5647aba09d65,0
2,5647ab909925,0
1,5647ab921964,5647ab91f168
2,5647aba29164,0
2,5647aba01d3b,5647aba01d58
5,5647aa0a8d7b,5647ab8d1f40
3,5647aba29979,5647ab95dab0
1,5647aba21139,5647aba203d6
2,5647aba21939,5647aba20659
2,5647ab929938,0
2,7f91a8314b3b,0
1,5647a918153a,7f91a8735380
2,5647ab981938,0
2,5647ab9a913f,0
3,5647aba29d7f,5647ab95dab0
3,5647ab929d3e,5647ab92bd10
1,7f91ad31cf78,7f91ad31aae0
2,5647aba09d3e,0
2,5647aba09d7e,5647aba09d8a
3,5647aba2993d,5647ab95dab0
3,5647aba29133,5647a8809890
2,7f91ad31cf34,0
2,5647ab9a9132,0
3,5647aba09d72,5647ab74d4e0
3,5647aba29931,5647ab95dab0
2,5647a9181533,0
2,5647aba09d70,0
3,5647ab981930,5647ab981a40
2,5647ab901137,0
1,5647aba01d76,5647aba0141b
1,5647ab9a9d75,5647ab9a9c2d
7,5647aba28d75,5647aba27c6f
3,5647aba21134,0
2,5647ab929d0b,0
1,5647aba2990b,5647ab92d9e0
2,5647aba29d0b,5647aba29d45
2,5647ab92994a,0
2,5647ab921949,0
2,5647ab9a1109,0
3,5647aba29949,5647ab95dab0
3,5647aba29109,0
3,5647ab929908,5647ab929c00
3,5647aba2110f,5647ab8d6440
3,5647ab90990f,5647a8809e80
2,5647aba0110e,0
2,5647aba09d0e,0
2,5647ab90110c,0
2,5647ab9a914c,5647ab9a929e
2,5647aba29d4c,5647aba29d00
1,5647a918150e,5647a9181512
3,7f91a8314b0f,7f91a8311990
7,5647ab900503,5647ab8ffef7
3,5647aba09d03,5647a88095b0
1,5647aba09d43,5647aba09d54
2,5647ab929941,0
2,5647abaa1101,0
2,5647ab901140,5647ab90206d
2,5647aba09900,5647aba099a8
2,5647ab981900,0
2,5647aa0a9106,5647aa0a89a0
1,5647a9121945,0
3,5647aba21106,5647ab8d6440
3,5647a9181504,5647a8809660
2,7f91a8314b45,0
2,5647ab981906,5647ab9818e8
2,5647ab929d45,5647ab92a650
3,5647aba29d04,5647ab0e0610
2,7f91a8314b47,0
1,5647aa0a911b,5647aa0a89a0
2,5647ab9a155a,5647ab9a1572
2,5647ab929d18,0
2,5647a918151d,5647a9181524
2,5647aba01d5f,0
2,5647ab92991e,5647ab929988
2,5647ab98191e,5647ab9818e8
3,5647aba2915d,5647ab9647a0
3,5647a918151f,5647a8809510
2,5647aba2911c,0
2,7f91ad31cf15,0
2,5647ab929d53,0
2,5647aba01113,0
2,5647aba09d52,5647aba09d62
2,5647aa0a9110,0
7,5647ab928d50,0
3,5647ab929957,5647ab8ef5b0
2,5647ab921957,0
3,5647aba21117,0
2,5647aba09d17,0
2,5647aba09d57,5647aba09d48
2,5647ab9a1116,5647ab9a1192
3,5647aba29955,5647ab95dab0
2,5647aa0a90ea,0
3,5647aba210eb,5647ab8d6440
2,5647aba09ceb,5647aba09cfd
2,5647abaa10aa,0
2,5647ab9818ef,0
2,5647ab9298ee,0
2,5647ab9094ae,0
3,5647a93a94ef,5647a935d420
3,5647aba29cad,5647ab95dab0
1,5647abaa94ec,5647aba922c4
2,5647ab929ca2,0
3,5647aba210e2,5647ab8d6440
2,5647a91814e0,5647a9181510
1,5647ab9818e2,5647ab9818f1
2,5647ab9298e1,0
2,5647ab9a98e1,5647ab9a98eb
3,5647aba29ca1,5647ab95dab0
2,5647aba29ce0,5647aba29ce7
2,5647ab909ca0,0
3,5647ab929ce6,5647ab929be0
2,5647ab9098a6,0
2,5647a91814e7,5647a91814f7
3,5647aba098e5,5647aba02540
2,5647ab9298a4,0
2,5647aba298a4,5647aba298fe
2,5647a91218b8,0
3,5647aba29cb9,5647ab95dab0
2,5647aa0a90f9,0
3,5647ab929cbd,5647ab92cdc0
3,5647aba210fd,5647ab8d6440
3,5647aba290fd,0
3,5647ab929cfc,5647ab92c370
2,5647ab9298bc,0
2,5647ab9a10fc,5647ab9a0f4a
2,5647a91814fe,5647a9181509
2,5647ab9098bc,0
2,5647aba098f1,0
2,5647ab9098b1,0
2,5647abaa10b7,0
2,5647a91814f5,0
3,5647aba09cb7,5647a8809560
2,5647ab9818f7,5647ab9818e8
1,5647ab9a14f6,5647ab9a12ec
2,5647ab9210b5,5647ab920789
2,5647ab9a98f5,5647ab9a99af
3,5647aba210f4,5647ab8d6440
2,5647ab9a90cb,5647ab9a912b
1,5647a91218c9,0
2,5647ab9098cb,0
3,5647ab9818ca,5647a880b400
2,5647aba09c88,0
2,5647abaa948f,5647aba9bed2
2,5647ab929c8f,0
7,5647aba28ccf,5647aba28797
7,5647aba08ccf,5647ab9bbb68
3,5647aba29c8d,5647aba2a2e0
1,5647aa0a9ccd,5647aa0a904a
2,5647ab929883,0
2,5647ab929c82,0
7,5647ab2888c2,5647ab9c906b
7,5647a9180c82,5647ab9840cc
1,5647aba21080,5647ab949db0
2,5647aa0a9c86,5647aa0a903d
1,5647aba018c7,5647aba01d34
2,5647ab909487,0
2,5647ab9298c6,0
2,5647aba01486,0
2,5647ab9a10c5,5647ab9a10cc
3,5647aba29cc5,5647ab95dab0
2,5647aba018c5,0
3,5647abaa9484,5647ab8f84f0
2,5647aba29884,5647aba29898
2,5647aba210c4,5647aba210ce
3,5647aba01884,5647ab1f9490
3,5647a91814d9,5647a9234360
2,5647ab9a10da,5647ab9a10e1
1,5647ab92909a,5647ab92902e
3,5647aba210d9,5647ab8d6440
3,5647aa0a90d9,5647ab902590
2,5647aba09c98,5647aba09e8c
3,5647ab929cde,5647ab932f70
2,5647aba09cde,0
3,5647ab9818dd,5647a880b400
3,5647ab92989c,0
2,5647aba01493,5647aba01754
2,5647aba21096,5647aba210c1
2,5647aba09cd6,0
2,5647aba098d6,0
2,5647ab909896,0
3,5647aba29c95,5647aba29910
2,5647aba01895,0
2,5647ab9098d5,0
2,5647ab9298d4,0
2,5647aba29cd4,0
7,5647a9180c29,5647aba55fc2
2,5647ab90946b,5647ab909630
2,5647ab90982b,0
3,5647ab929c69,5647ab92be50
3,5647aba21029,5647aba2b940
3,5647aba21068,5647a8809510
3,5647a93a902d,5647a9369bd0
2,5647aba09c2e,0
2,5647ab9a9c63,5647ab9a974a
2,5647ab9a9463,5647ab9a927e
2,5647abaa9022,5647aba9dd60
2,5647aba01862,0
2,5647ab909462,0
2,5647ab9a9c20,5647ab9a9d70
2,5647aba29860,5647aba29867
2,5647aba01460,5647aba0146b
1,5647aba09420,5647aba09344
1,5647abaa9066,5647aba9e1e5
2,5647ab929026,0
2,5647aba21066,0
2,5647a93a9024,0
2,5647ab9a9425,0
2,5647aba29425,0
2,5647ab929024,5647ab929080
2,5647ab92903b,0
2,5647ab90983a,5647ab90989b
3,5647abaa9479,5647ab8f8160
3,5647aba29838,5647a8809510
3,5647aba21038,5647aba201f0
2,5647aba01838,5647aba01fa8
3,5647ab90947f,5647ab9096e0
2,5647ab9a987e,5647ab9a98ba
2,5647aba2107e,5647aba21085
2,5647ab92983d,0
3,5647ab9a103c,5647ab9a1ff0
3,5647ab929c33,5647ab915280
2,5647aba29872,5647aba29879
7,7f91a8315233,5647ab9b1f03
1,5647a93a9032,0
3,5647aba01830,5647a8809ac0
7,5647ab900837,5647ab968ae7
2,5647ab909477,5647ab909460
1,5647abaa9036,5647aba9dd60
2,5647aba29836,0
5,5647aba20436,0
7,5647aba28836,5647aba28001
2,5647ab929c74,0
2,5647ab9a980b,5647ab9a9870
7,5647a93a8c48,5647ab94f8c9
7,5647a9008808,5647ab8ea558
2,5647ab9a9c49,0
2,5647aa0a904e,0
2,5647aba2100f,0
1,5647aba0180f,5647aba0181f
2,5647ab90944f,0
1,5647ab92904e,5647aba6b248
2,5647aba2984e,5647aba29855
2,5647aba2104e,5647aba21055
2,5647ab9a100d,0
2,5647aba29c4d,5647aba29e90
2,5647ab9a104c,5647ab9a12bf
2,5647aba0140c,0
2,5647ab929c43,0
2,5647ab9a1003,0
2,5647ab9a9c40,0
7,5647aba20040,5647aba1e404
2,5647aba09400,5647aba093a8
2,5647a98a1402,0
2,5647ab9a9447,0
2,5647aba29806,5647aba2980d
2,5647aba09c46,0
1,5647a98a1404,0
2,5647aa0a9044,5647aa0a9cc6
7,5647ab988445,5647ab988155
3,5647aba21005,5647aba1aff0
2,5647ab929845,0
2,5647ab909444,5647ab9094d0
5,5647a9180c58,5647a92c88d0
1,5647ab90945a,5647ab9095e0
2,5647ab9a9459,0
1,5647aba09c59,5647aba09c84
2,5647ab9a9c18,0
2,5647a93a901a,0
2,5647ab909458,0
2,5647aba2981e,5647aba29825
2,7f91ad31ce1b,0
2,5647a93a901f,0
2,5647aba09c1d,0
2,5647ab92901c,5647ab92902e
7,5647aba0001c,5647ab9ffbec
1,5647abaa9413,5647aba964b7
2,5647abaa9052,0
4,5647ab900852,5647ab8d75b0
2,5647aba01852,5647aba01818
2,5647a93a9013,0
1,5647aba21050,7f91a8735380
2,5647ab9a9c57,0
2,5647ab9a1016,5647ab9a1b61
7,5647aba20416,5647aba1aa11
2,5647ab9a9415,0
2,5647aba01415,5647aba017f8
1,5647ab909414,5647ab908e57
3,5647aba2a3ab,5647aba2a500
2,5647ab9827aa,5647ab982801
1,5647aba22faa,5647aba233b0
1,5647aba2abe9,5647aba2a906
3,7f91ad31fdae,7f91ad31fc50
1,5647ab98a7a8,5647ab98a5af
7,5647aba03bef,5647aba05340
3,5647aba2a7ae,0
7,5647ab9833ed,0
2,5647ab9a2bec,0
4,5647a880b7a0,7f91a874e380
4,5647a880bbe0,7f91a8314b00
4,5647a880bba0,0
5,5647aba033a3,5647aba04410
3,5647aba2abe0,5647a8809660
5,5647ab90b7e7,5647ab8d5400
2,5647ab9a2fa7,0
2,5647ab922ba7,0
2,5647ab922be6,5647ab922b86
2,5647aba027a5,5647aba02844
1,5647a8b82fe6,7f91a7e87ba0
3,5647a8b82fe6,5647a8809560
2,5647ab9223fb,0
2,5647aba2a3b9,5647aba2a3c5
2,5647ab9a2bb9,0
7,5647a938b3bb,5647aba92e08
2,5647ab982bb8,0
1,5647ab90a3f8,5647ab90a24a
2,7f91ad31f5be,7f91ad31f6b8
2,5647ab9aafb8,0
2,5647ab9827bf,0
2,7f91ad31fdb8,7f91ad31fdcc
2,5647aba22fbc,0
2,5647a8b82fbf,0
1,5647ab98a7b3,5647ab98a674
2,5647ab9223f2,0
7,5647aba237f1,5647aba22ded
1,5647a8b2a7f2,0
1,5647a8b82fb2,0
2,5647ab9827f0,0
3,5647a8b2a7b4,5647ab8cff10
1,5647ab98a7f7,5647ab98a792
5,5647ab90b7b6,0
2,5647ab9a2ff5,0
3,5647ab9227cb,5647ab8e4a70
2,7f91ad31fd8c,0
2,5647aba02788,0
3,5647aba2a3cf,5647ab96ce70
2,5647aba2af8f,0
7,5647ab923b8e,5647ab92380c
2,5647ab9827cd,0
3,5647aba0278d,5647aba02ed0
2,5647ab9223cc,5647ab9223b0
2,5647ab922b8c,0
1,5647ab922bcc,5647ab922bf8
7,5647aba033cc,5647aba026a7
4,5647a880b780,7f91a7e1fe60
4,5647a880b380,7f91ae9d0a00
2,5647ab9a2b83,0
2,5647ab9a2fc2,0
2,5647ab9aabc2,5647ab9aad40
1,5647a8b2a7c1,5647a8b2a758
2,5647a9802f83,5647a98031a0
1,5647ab922781,5647ab922469
2,5647ab9a2f81,0
2,5647a8b2a782,5647a8b2a7f2
7,5647ab98bbc0,5647ab98b429
3,5647aba2a3c0,5647ab95dc90
2,5647ab922bc0,5647ab922c70
1,5647ab9227c6,5647ab922469
2,5647ab922385,0
2,5647ab98279b,0
3,5647ab90a3db,5647ab90a4f0
3,5647ab98a79b,5647ab8cff10
2,5647ab982fda,5647ab98307a
2,5647aba2a7da,5647aba2a839
1,5647a8b2a79a,7f91af489430
2,5647ab982b98,5647ab982ba2
2,5647aba2a798,0
2,5647a8b227db,0
2,5647a8b82f9b,0
2,5647ab92239f,0
2,5647ab9223de,0
2,7f91ad31f598,0
7,5647a938b7dc,5647aba95276
2,5647ab9a2b9e,0
2,5647ab982f9e,5647ab982f5b
3,5647ab982b9d,5647ab8e3c20
2,5647ab9a2fdc,0
3,5647aba22f9c,5647aba22e20
2,5647ab922393,0
4,5647a880b790,7f91af489430
4,5647a880b390,7f91ae9d3570
2,5647ab9a2bd3,0
2,5647a9802fd2,5647a9803011
2,5647ab982b90,0
1,5647ab9227d0,5647ab9224f5
7,5647ab90bfd0,5647ab8ffe4e
1,7f91ad31fdd1,7f91ad31fed0
2,5647ab9aafd6,5647ab9ab7ca
7,5647ab0abbd5,5647ab0abdba
2,5647aba02795,0
2,5647ab92272b,0
2,5647ab982f2b,0
2,5647a8b82f68,5647a8b8303e
3,5647a8b82f29,5647a8809cf0
1,5647a8b82f29,5647ab94f710
2,5647ab9aaf28,5647ab9aafb0
2,5647ab982f68,0
2,5647a9802f6d,5647a9802fd0
2,5647a8b2a72c,5647a8b2a740
1,5647a8b2a72e,7f91a87c9880
2,5647aba2a32d,5647aba2a398
2,7f91ad31fd6a,0
4,5647a880b760,7f91a7e1f9a0
4,5647a880b720,7f91ac90a770
4,5647a880bf60,7f91a875b840
5,5647ab9ab722,5647ab9d09b0
2,5647aba02762,0
3,5647ab902f21,5647ab8f9050
2,5647ab9a2b21,0
2,7f91ad31f526,7f91ad31f6b8
3,5647aba22726,5647aba30520
2,5647a9802f79,0
1,5647a8b82f78,0
2,5647ab922739,0
2,5647ab902f3f,0
2,5647a9802f3e,0
2,5647ab982b7c,5647ab982b87
2,5647aba0277c,0
4,5647a880b770,7f91aded7950
2,7f91ad31fd75,0
4,5647a880b370,7f91ae9d3f40
3,5647ab9a2b73,5647a8809560
2,5647a8b2a731,5647a8b2a740
4,5647ab9abb72,5647ab8f4760
2,7f91ad31fd37,0
2,5647a9802f73,5647a9802fd0
3,5647ab9a2f71,5647a8809560
2,5647aba22771,0
1,5647aba2af71,5647aba2af8c
2,5647aba02f30,0
7,5647aba03337,5647ab9d10f6
2,5647aba2af37,0
3,5647ab922775,5647ab8cf6b0
2,7f91ad31f572,0
5,5647abaa3f0b,5647ab8d7510
2,5647a8b2a748,5647a8b2a790
3,5647aba2af0b,0
2,5647aba2af4b,0
3,5647a8b82f08,5647a8809cd0
1,5647a8b82f08,5647ab95a5dc
3,5647ab902f4a,5647a880a050
2,7f91ad31f54c,7f91ad31f6b8
1,7f91ad31fd0f,7f91ad31fbf0
1,5647a8b2a74a,7f91a7e87420
5,5647ab9ab749,5647ab9aba40
2,5647aba2a308,0
7,5647ab9abb48,5647ab9abee4
2,5647aba02708,5647aba02c78
2,7f91ad31fd49,0
2,5647ab98a70f,5647ab98a7b0
2,5647ab9a2b4e,5647ab9a2eda
2,5647ab92274c,0
3,5647aba2af02,0
2,5647aba2af42,0
2,5647ab98a702,0
3,5647ab902f41,5647a8809d10
7,5647ab9a3741,5647aba43b79
1,5647aba2ab00,5647aba2aa58
2,7f91ad31fd40,0
2,7f91ad31f500,0
2,5647a9802f47,0
1,7f91ad31fd1d,7f91ad31fccc
3,5647ab9a2b5b,5647ab99c1b0
3,5647ab9a2f59,5647aba03c00
3,5647aba22718,5647ab9a0ba0
1,5647aba2af1e,0
7,5647aba23f5d,5647aba23776
2,5647aba0271d,0
2,5647aba0275d,0
4,5647a880b750,7f91aded77d0
2,7f91ad31fd55,0
4,5647a880b350,7f91ae9d4e00
2,5647aba22753,0
2,5647ab982f51,5647ab982fd1
2,5647aba2af57,0
3,5647ab902f56,5647ab8ed110
1,5647a8b82f15,5647a9e48450
2,5647a8b82f55,5647a8b83030
3,5647a8b82f15,5647a8809ce0
7,5647ab92bf14,5647aad25ea6
1,5647ab0aaaea,5647ab8d6490
2,5647ab9a22aa,5647ab9a22c2
3,5647aba02aea,5647aba03110
2,5647aba2aae9,0
2,7f91ad31fcae,0
4,5647ab9abae8,5647ab9c53e0
2,5647ab98a6a8,0
2,5647a8b82eac,5647a8b82df2
1,5647a8b2a6ac,0
1,5647ab9aaaaf,5647ab9a0ba0
3,5647aba02eef,5647a8809560
1,5647aba02aef,5647aba02894
2,5647ab9a2aee,0
1,5647ab9026ed,5647ab90264f
2,5647ab9226a2,5647ab9225e0
2,7f91ad3170a7,7f91ad3173df
5,5647ab9abee1,5647ab9abb00
1,5647a8b82ea3,5647a9e48450
3,5647a8b82ea3,5647a8809d10
2,5647ab9026a7,5647ab90260d
3,5647aba2aee7,0
2,7f91ad31fce0,7f91ad31fcf8
1,5647ab9a22e6,5647ab9a2224
2,5647ab9a2ee4,0
4,5647ab9abafb,5647ab8f4770
2,5647aba22eba,0
3,5647aba2aef9,0
2,5647aba026f9,0
3,5647aba22ebf,5647aba25660
1,5647a8b82ebc,7f91a7e87ba0
2,5647aba226fe,5647aba22708
2,5647ab922abc,5647ab922be0
1,5647aba2aabc,5647aba2a895
2,5647ab9a2ab3,0
4,5647a880b2b0,7f91aeccd550
4,5647a880b2f0,7f91ae9d1ae0
2,5647aba2aaf3,0
2,5647aba222b3,0
2,7f91ad31fcb4,7f91ad31fd18
2,7f91ad31f4b4,0
2,5647ab98a6b2,0
3,5647aba2aef0,5647aba50390
7,5647ab9abeb7,5647ab9ab116
2,5647aba026b7,0
2,5647aba226b6,0
2,5647ab9aaaf6,5647ab9aabb8
2,5647aba226f5,5647aba22700
1,5647aba2a2f4,0
3,5647aba2a2f4,5647a8809d50
3,5647aba226cb,5647ab8dd3d0
2,5647aba2aa8b,0
1,5647ab9a22c9,5647ab9a212d
2,5647abaaaa89,5647abaaaaa4
2,7f91ad31f48e,0
5,5647ab9abecf,5647a95b5470
2,5647aba2aace,0
2,5647ab98a6ce,0
3,5647ab98a68d,5647ab8d6440
2,7f91ad31fc8a,0
3,5647ab9a2a8c,5647a8809560
4,5647a880b2c0,7f91aecce560
1,5647abaaa6c3,5647aba92d8f
2,5647ab98a683,0
2,5647aba222c2,0
2,5647aba22e82,0
1,5647ab902682,5647ab902618
1,5647ab9aaa81,5647ab9aa9fe
3,5647abaaaac0,5647ab8e3000
7,5647ab90bec0,5647ab8d9632
7,5647ab9836c0,5647ab9834c5
2,5647a8b82ec5,5647a8b82ed6
3,5647ab92a685,5647ab929bf0
1,5647abaaaac5,5647aba97cdb
3,5647a8b2a687,5647a8b82d90
2,5647aba2aa9a,0
7,5647ab90b699,5647a9396b60
1,5647a8b82e9b,5647ab8efa90
3,5647a8b82e9b,5647a8809530
2,5647a8b2a69c,0
2,7f91ad317099,0
1,5647ab9a22de,5647ab9a20ad
2,5647abaaa69d,0
2,5647aba2269d,5647aba226c0
2,5647aba2aadd,0
2,7f91ad31f4da,0
2,5647ab98ae9c,0
7,5647aba2329c,5647aba23042
1,5647ab0aaad3,5647ab8d6f50
1,5647ab92a692,5647ab929e02
2,5647aba22692,0
2,5647ab9a2ad1,0
2,7f91ad31f497,0
1,5647a8b82ed4,5647aa0c7f00
1,5647ab9a2297,5647ab9a210e
2,5647ab9a2a97,0
2,7f91ad31fc90,7f91ad31fca0
1,5647a8b82ed6,7f91af489430
3,5647a8b82ed6,5647a8809610
2,7f91ad31fcd2,7f91ad31fcd8
3,5647ab922694,5647ab91de00
1,5647aba226d4,5647aba226a9
2,5647ab922a94,0
2,5647ab90262b,5647ab902638
3,5647ab92a66a,5647ab92c860
2,5647a8b82e69,5647a8b82e53
2,7f91ad31fc2c,0
2,5647ab9a222a,5647ab9a2265
7,5647aba2322a,5647aba4fc3d
1,5647aba2aa69,5647aba2aa88
2,5647aba02629,0
2,5647abaaa628,5647abaaa63b
2,5647ab922668,0
2,5647ab922a6f,5647ab922c20
3,5647ab92262f,5647ab91de00
2,5647ab92266e,0
2,7f91ad31f028,7f91ad31f74b
2,5647ab98a66e,0
2,7f91ad31fc6b,0
2,5647abaaa66d,0
2,5647ab98a62d,0
4,5647ab92366c,5647ab8d96b0
2,5647ab9a226c,5647ab9a227b
2,5647aba02a6c,5647aba02ac6
4,5647a880be20,7f91a7e05880
1,5647ab9a2263,5647ab9a2224
2,5647ab90a623,0
1,5647a9202a61,5647a9202a2d
2,5647ab922621,0
2,5647ab90a660,0
2,7f91ad31f466,7f91ad31fa58
1,5647a8b82e24,5647ab8f3f20
3,5647a8b82e24,5647a8809e80
2,5647ab922a67,5647ab922cc0
2,5647ab9aaa67,5647ab9aaa41
3,5647ab98a667,5647a8809590
2,5647ab98a626,0
1,7f91ad31fc3d,7f91ad31fb10
2,5647abaaa67b,0
2,5647ab90263b,5647ab90264f
2,5647ab92263b,5647ab922651
2,5647ab90a63b,0
2,5647aba02a3b,5647aba02a59
5,5647aba23e79,5647aba24c40
2,5647a9202a3a,0
2,5647aba22e78,0
2,5647aba0267f,0
2,7f91ad31fc78,0
2,5647aba2aa3e,0
3,5647ab92a67d,5647ab92cf10
3,5647ab90267d,5647ab902930
2,5647ab92267c,5647ab922710
1,7f91ad31f03a,7f91ad31ea2f
7,5647aba0363c,5647aba04b80
2,5647aba2aa33,0
2,5647ab902a72,5647ab902c1f
3,5647ab9a2272,5647a8809510
2,5647aba22232,5647aba22187
7,5647ab983a31,5647a91d105d
4,5647abaa3271,5647abaac275
2,5647aba02231,5647aba021e0
2,5647ab902631,0
2,5647abaaa630,0
2,7f91ad31f436,7f91ad31f012
2,5647aba22e30,0
2,5647ab982e37,5647ab982f21
2,5647aba02237,0
2,5647ab98a637,5647ab98a600
2,5647abaa2236,5647abab539c
2,5647abaaa636,0
2,5647ab98a676,0
2,5647ab90260b,5647ab902688
2,5647ab92264b,0
3,5647aba2224b,0
1,5647aba2a64b,5647a880bf60
2,7f91ad31fc0f,0
7,5647aba23209,5647aba263c2
1,5647abaaa649,5647abaa41ae
2,5647ab9a2208,5647ab9a2265
2,5647aba02248,0
1,5647a8b82e4b,7f91a87c8c20
2,5647aba0220e,0
2,5647a8b82e4e,5647a8b82de0
2,5647aba0224d,0
4,5647a880be00,7f91a7e04bc0
2,5647abaaa643,5647abaa47a8
2,5647aba02243,0
2,5647ab98a643,0
2,5647ab9a2242,5647ab9a2218
2,5647ab90a642,0
5,5647aba23e42,5647aba24b30
2,5647ab902642,5647ab9026e0
2,5647aba02601,0
1,7f91ad31f406,7f91ad31ea2f
1,5647aba22e00,5647aba22fb0
1,5647aba0a200,5647aba09b00
2,7f91ad31fc01,0
2,5647ab902a47,0
3,5647ab922607,5647ab922a30
2,5647ab922647,5647ab922651
1,5647ab98ae07,7f91a7e87420
2,5647ab9aaa07,5647ab9aaa50
2,5647aba2aa47,5647aba2aac8
2,5647ab902a06,0
1,5647a8b82e46,7f91a7e8b590
2,5647abaa2205,5647abaaadf0
3,5647a8b82e46,5647a8809ef0
2,5647abaaa604,5647abab674d
2,5647ab90a644,5647ab90a64b
2,7f91ad31f45d,0
2,5647ab9aaa5b,5647ab9aaa62
2,5647ab902a1b,5647ab902a36
2,5647ab92265a,5647ab922675
2,5647ab98a65a,0
2,5647abaaa658,5647abaaa6b2
2,5647ab922a58,0
1,5647aba02258,5647aba021fb
2,7f91ad31f019,7f91ad31ea2f
3,5647a9202a5c,5647a9260010
2,5647ab92a65d,0
4,5647abaa361d,5647abaabcc5
2,5647ab98a61d,0
2,5647ab90265c,0
2,5647aba02a5c,0
4,5647a880be10,7f91a7e1fec0
3,5647ab902613,5647ab902930
2,7f91ad31f015,7f91ad31eff0
7,5647aba03213,5647ab9d1107
7,5647ab90b612,5647ab9150f7
2,7f91ad31fc14,7f91ad31fc20
2,5647ab98a611,5647ab98a5e0
1,5647ab9a2210,5647ab9a222c
1,5647aba2aa10,5647aba2aa30
2,5647ab90a257,0
2,5647ab9a2256,5647ab9a22e3
3,5647ab922616,5647ab967290
2,7f91ad31fc53,0
1,5647aba22254,5647aba2221c
3,5647aba2a9eb,5647aba50390
7,5647ab98b5ea,7f91a87c8830
2,5647ab90a1aa,5647ab90a3d8
2,5647ab9825aa,0
2,5647ab9029a9,0
2,5647ab98a5a9,5647ab98a7f4
1,7f91ad31f3ae,7f91ad31f3b6
2,5647ab9aa9ef,5647ab9aaa78
2,5647a8b82dec,5647a8b82eb8
2,5647ab98a5ee,0
7,5647aba031ed,5647ab9c518a
3,5647ab9a21ec,5647a8809890
2,7f91ad31ffe5,0
4,5647a880b5e0,7f91a7e87830
2,5647ab9225e2,5647ab9225ec
3,5647aba2a9e2,5647aba50390
2,5647ab90a1a1,0
2,5647a8b2a5e3,5647a8b2a60b
7,5647aba231e0,5647aba4fc61
3,5647a8b82de3,5647a8809d10
1,5647a8b82de3,0
2,5647ab98a5a0,0
3,5647ab98a5e7,5647a8809590
2,5647ab9225e6,0
2,5647ab9029e6,0
2,5647aba021e6,0
1,5647ab9a21a6,5647ab9a2044
2,5647ab9025e5,0
2,5647ab9a2da5,5647ab9a3130
2,5647aba221e4,5647aba22248
2,5647abaaa5fb,5647ababa62d
1,5647a8b82db8,7f91a7e0d240
7,5647aba2b1fa,5647aba22ded
7,5647aba231f9,5647aba263cc
2,5647a8b82dbd,5647a8b82eb8
3,5647aba221be,5647aba25110
2,5647ab98a5fe,0
2,5647ab98adfd,0
3,5647aba2a9fd,5647aba50390
2,5647a8b82dfe,5647a8b82eb8
2,7f91ad31fbfa,0
2,5647abaa21fc,5647abab546f
1,5647ab9825bc,5647ab982794
2,5647ab9025f3,0
3,5647ab9225f3,5647ab967270
2,7f91ad31f3f4,7f91ad31ea2f
2,5647abaa21b2,5647abab53ea
2,5647ab9a21b2,0
2,5647aba2a5f2,5647aba2a605
2,5647ab98a5f2,5647ab98a630
2,7f91ad31fff7,7f91ad320178
2,5647aba025f1,0
2,5647aba22df0,5647aba22de0
2,5647ab9825b0,5647ab9825b9
2,5647aba021f7,5647aba02228
2,5647abaaadf6,5647abaa220b
2,5647ab9029b6,0
2,7f91ad31fbf3,0
2,5647ab92a5b4,0
1,5647aba2a5f4,5647aa0c7ee0
2,5647ab98adb4,0
3,5647aba2a9f4,5647aba50390
2,5647ab92a5c9,5647ab929edf
2,5647aba021c8,0
1,5647abaaa5cf,5647abaa6fd1
2,7f91ad31ff85,7f91ad31ff93
2,5647ab9029c3,5647ab9029e0
2,5647ab92a5c2,0
2,5647ab9aad80,0
2,5647aba025c0,0
2,7f91ad31ffc1,0
7,5647aba03dc7,5647ab9a2f5e
2,5647ab90a186,0
3,5647ab98a586,5647a8809520
2,5647ab9a21c5,0
2,5647aba22185,5647aba221b0
2,5647ab98a5c5,0
7,5647ab983dc4,0
5,5647aba2b984,0
2,5647aba2219b,0
1,5647aba225db,5647aba22420
2,5647ab98259a,5647ab9825b9
3,5647ab9a21da,5647a8809560
2,5647ab90299a,0
2,5647aba0a19a,5647aba0a1f8
2,7f91ad31f3df,7f91ad31ea2f
2,5647abaaad99,5647abab1aa0
3,5647aba2a5d9,5647ab95dab0
3,5647aba2a9d9,5647aba50390
2,5647aba22dd8,0
1,7f91ad31f399,7f91ad31f012
2,7f91ad31f3db,7f91ad31f3b0
2,5647aba025dc,0
1,5647ab9225d3,5647ab922682
3,5647aba225d3,5647ab8e3220
7,5647ab0abdd2,0
2,5647ab9025d2,5647ab9025dd
2,5647ab9aa9d1,0
2,5647ab9a2d90,5647ab9a3130
2,5647ab90a190,0
2,5647ab9025d7,5647ab902678
2,5647ab98a596,0
1,5647ab98a5d6,5647ab98a600
1,5647a8b82dd6,5647a8b82e04
2,5647aba021d4,5647aba02233
2,5647aba2a56a,5647aba2a5bc
2,7f91ad31f72c,7f91ad31f728
2,5647ab9a2969,5647ab9a2a2d
2,5647ab90a529,5647ab90a650
2,5647ab902969,0
2,5647aba0a569,0
1,7f91ad31f72e,7f91ad31f386
2,7f91ad31fb29,0
2,5647aba22d2f,0
2,5647aba0a52d,5647aba0a53f
2,7f91ad31ff6a,0
2,5647ab9a216c,0
4,5647a880b520,7f91af48b130
2,5647ab922563,0
4,5647a880b560,7f91a7e1c630
4,5647a880b160,7f91a7e0d240
2,7f91ad31ff26,7f91ad31ff50
2,5647ab902960,5647ab902a6e
2,5647ab90a560,0
2,5647ab90a520,0
2,5647aba22d20,0
2,7f91ad31ff21,0
7,5647aba2b167,5647aba2029e
1,5647abaaa127,5647aba976f2
4,7f91ad316f20,5647ab8cff10
2,5647ab922525,0
2,5647ab98a564,0
2,5647ab92257b,0
7,5647ab90313a,5647abac185d
5,5647ab9abd7a,5647ab9aba40
3,5647a9202938,5647ab8e3d90
2,5647ab922539,5647ab9225a3
2,7f91ad31ff79,0
2,7f91ad31ff39,0
2,5647aba2a53f,5647aba2a55f
2,5647aba0257f,0
4,5647abaa357e,5647abaabefb
2,5647ab9a217e,0
2,7f91ad31fb3b,0
2,7f91ad31fb7b,7f91ad31fb84
3,5647ab92257d,5647ab8d6f50
2,5647a920293f,5647a9202a48
2,5647ab98a57d,0
2,5647aba2253c,0
3,5647aba02573,5647a880a340
2,5647ab90a572,5647ab90a612
4,5647abaabd31,5647abaada4d
7,5647ab98b970,5647ab98b6bc
1,5647aba22130,7f91af489430
2,5647aba22137,5647aba22142
2,5647aba2a937,5647aba2a948
2,5647ab902977,5647ab902998
1,5647ab9a2136,5647ab9a2188
2,5647ab922576,5647ab922560
2,5647ab9a2175,0
5,5647ab92bd34,5647ab92f160
5,5647ab9abd4b,5647ab9abaf0
2,5647aba0a54b,0
5,5647ab9abd0a,5647ab9ac200
1,7f91ad31f74f,7f91ad31ea2f
2,7f91ad31ff0e,0
2,5647ab9a2148,0
3,5647ab9a290f,5647ab9a44c0
3,5647aba2a54e,5647ab95dab0
2,5647ab92254c,5647ab9227f4
2,5647aba2a54c,0
7,5647ab923943,5647ab977c06
4,5647a880b140,7f91a8759340
7,5647ab92bd41,5647ab929d43
2,5647ab9a2d41,0
1,5647a9202903,5647ab8d1410
2,5647ab9a2100,5647ab9a21ab
2,5647aba22140,0
2,7f91ad31fb40,7f91ad31fb48
4,5647abaabd06,5647abaabd08
2,5647aba02106,0
2,7f91ad31ff03,0
1,7f91ad317742,7f91ad317070
2,5647ab9a211b,5647ab9a229c
2,7f91ad31ff5c,0
2,5647ab9aad5a,0
2,7f91ad31fb1e,0
3,5647ab98a558,5647ab8d7e40
3,5647abaaad5f,5647a96d8470
2,7f91ad31f719,0
3,5647ab9a215d,5647a8809b30
2,5647ab92255c,0
2,5647ab9a2d1c,0
2,5647aba2a91c,5647aba2a923
4,5647a880b510,7f91af489430
2,5647ab90a513,0
2,5647ab9a2d13,0
4,5647a880b550,7f91a7d9a9f0
2,7f91ad31fb54,0
3,5647ab9aad52,5647a880b750
1,5647aba2a152,0
2,5647aba22d16,0
2,7f91ad31fb13,0
2,5647aba2a514,5647aba2a534
1,5647aba02554,5647aba0256a
2,5647aba2a954,5647aba2a998
3,5647aba0a554,5647aba0be60
2,5647abaa20e9,0
3,5647aba22ce8,5647aba21e40
2,5647aba028a8,5647aba02cc0
3,5647aba22caf,5647a925fd60
2,5647ab90a4ae,0
2,5647aba2a0ae,5647aba2a150
2,5647ab922ced,5647ab922bf8
2,5647ab9224ac,5647ab9224d6
2,5647ab9a2cec,0
4,5647a880bce0,7f91a7d2d4e0
2,5647abaa20a2,0
3,5647aba22ca0,5647aba21e50
2,5647ab9a2ca7,0
3,5647aba2a4e7,5647a880a2f0
1,5647ab90a4e6,5647ab93f510
4,7f91ad316ee0,7f91a7e8bf50
2,5647aba2a4e5,0
2,5647ab90a4e4,5647ab90a4b0
2,5647ab98ace4,0
2,5647aba2a4a4,5647aba2a4c8
5,5647ab98bcfb,5647ab8d7470
3,5647ab9a28b9,5647ab9a2900
2,7f91ad31f6f9,0
3,5647aba22cff,5647aba22dc0
1,5647ab9a28be,5647ab9a283c
7,7f91ad31eaba,7f91ad32034a
1,5647ab90a4bc,5647ab8d6470
2,7f91ad31fef5,0
2,5647ab98acf3,0
3,5647aba22cf1,5647aba230c0
2,5647a92028f3,0
1,5647a92028f3,5647ab8d1410
7,5647ab90bcf0,5647ab8d9632
2,5647ab9224b7,5647ab9224b0
1,5647aba2a4f7,5647aba2a4a6
2,5647aa0aa0b7,0
3,5647ab9a20f6,5647a8809b40
2,5647ab9a2cf5,0
2,5647aba028b5,5647aba028c7
2,5647ab9a28b4,0
4,5647aba034ca,5647aba03608
3,5647aba22cc9,5647aba30e50
1,5647a92028cc,5647ab8f3f20
3,5647aba22cce,5647aba2b2b0
2,5647aba0288e,5647aba02a20
2,5647a92028cc,5647a92028d0
1,5647aba02ccc,5647aba028ae
4,5647a880b480,7f91a7d2d4a0
2,5647a93a2cc1,0
2,5647aba22cc3,0
3,5647aba22c82,0
2,5647aba2a882,5647aba2aab0
2,5647aba2a8c2,5647aba2abe0
2,5647aba02c82,5647aba0270e
2,5647ab902081,0
2,5647ab922c81,0
1,5647aba22081,5647aba22008
2,5647a93a2c82,0
5,5647ab983080,5647ab98e310
2,5647ab9a2c80,0
2,5647ab9a2087,0
2,5647ab922c87,5647ab922bc6
1,5647a92028c5,7f91a7e87ba0
1,5647abaaacc6,5647aba9a212
2,5647ab922cc6,0
2,5647aa0aa0c4,0
3,5647ab98ac85,5647ab8d66a0
2,5647ab9a2cc5,5647ab9a3a14
2,5647aba02885,0
3,5647aba22484,5647aba2a610
2,5647ab9a209b,5647ab9a22ce
2,5647ab92249a,0
1,5647ab902099,5647ab901185
5,5647ab9abc9e,5647ab9abb80
2,5647ab9a2c9e,0
1,5647aa0aa0dc,5647aa0a92bc
2,5647ab9224dd,5647ab9227cb
4,5647ab9834dd,5647ab982e00
3,5647abaa20d3,5647abac18a0
3,5647aba22cd3,5647aba22290
2,5647ab90a4d2,0
2,5647a93a2cd0,0
2,5647ab98acd2,0
3,5647aba2a4d2,5647a8812e30
2,5647ab9224d0,0
3,5647aa0aa0d7,5647a93a8e80
2,5647ab90a495,5647ab90a4c8
2,5647a93a2c97,0
3,5647ab902094,5647a93a8e80
2,5647aba028d4,0
1,7f91ad31fa6d,7f91ad31f386
7,5647a8b83029,5647a8b87706
1,5647ab902c28,5647ab902a3a
2,5647ab9a2868,0
3,5647ab9a206f,5647a8809560
1,5647aba2a46f,5647ab95dab0
2,5647ab9a282e,0
2,5647aba0286e,0
2,7f91ad31fa6b,7f91ad31fa67
3,5647ab9a2c6c,5647ab9a2800
4,5647a880b020,7f91a7d2d520
2,5647aba22022,0
3,5647aba2a461,5647ab95dab0
3,5647aba2a020,5647ab95dab0
3,5647a8b2a823,0
1,5647abaaa867,5647aba9e608
1,5647ab982827,5647a926c800
2,5647ab9a2827,0
2,5647ab922c26,0
3,5647ab9a2c26,5647a8809510
1,5647a8b2a866,5647a8b2a841
2,5647ab9a2064,5647ab9a21a0
7,5647ab98343b,5647aba1ce7f
7,5647ab90303a,5647ab9430bc
2,5647ab9a207a,0
2,5647ab9a283a,5647ab9a2858
1,5647a8b2a839,5647ab904b20
2,5647ab9a2038,5647ab9a206a
2,5647aba2a878,0
7,5647ab92383e,5647aaf859f8
1,5647aba2a47e,5647aba2a45a
2,5647ab92243d,5647ab9227b5
3,5647aba22c7d,5647a88511f0
4,5647a880bc70,7f91a7d2c0d0
7,5647ab90b473,5647ab90a3f8
7,5647aba23073,5647aba230cf
2,5647ab922432,0
2,5647ab9a2c77,0
1,5647a8b2a874,5647a8b82d90
2,5647ab922476,0
2,5647ab922c76,0
7,5647aba2b436,5647aba22cd3
2,5647ab902074,0
3,5647ab98ac74,5647ab98aca0
3,5647aba22074,5647ab8cff10
5,5647ab98340b,7f91a7e2de80
2,5647aba2244a,0
2,5647ab9a2849,0
2,5647aba02849,5647aba0286a
1,5647a8b2a84a,5647aa0c7ee0
1,5647a8b2284a,0
2,5647aba2240e,0
3,5647ab9a200d,5647ab8d21d0
2,5647ab922c4d,5647ab922bf8
2,5647aba2a00d,0
2,5647abaa2c03,5647abab81bf
3,5647ab922803,5647ab8d6490
2,5647aba2a443,0
2,5647aba2a843,0
4,5647a880bc40,7f91a7d2d060
4,5647a880b400,7f91aded58d0
7,5647a9803040,5647a980542d
2,5647aba22400,0
2,5647ab9a2047,5647ab9a2140
2,5647ab9a2c47,0
2,5647a8b2a844,5647a8b2a850
2,5647aba22006,5647aba2206b
2,5647ab922c05,0
5,5647ab9ab805,5647ab9abb60
2,5647abaaa85a,0
2,5647ab9a2c1a,0
3,5647ab9a281a,5647ab99c1b0
2,5647ab922419,5647ab922490
7,5647ab9ab059,5647ab9943c8
2,5647aba2a458,5647aba2a478
1,5647a8b2285b,0
4,5647aba03c5e,5647aba03d98
2,5647ab92241e,0
1,5647a8b2a85e,7f91a7e8b590
3,5647a8b2a85e,5647a88096d0
2,5647ab9a285c,0
2,5647aba2a85c,5647aba2a870
2,5647ab9a2053,5647ab9a206a
1,5647ab922813,5647ab922552
2,5647aba2a012,5647aba2a040
2,5647ab922410,0
2,5647ab9a2c50,0
1,5647a8b2a853,0
3,5647a8b2a853,5647a8809630
1,5647a8b2a815,0
2,5647a8b22855,0
2,5647ab982814,0
2,5647ab92bfab,5647ab92bea0
2,5647aba237ab,5647aba237bb
2,7f91ad31e9ec,7f91ad31eac0
2,5647aba2b3a9,0
2,5647aba23fe8,0
2,5647ab0ab7af,0
5,5647ab922bad,5647ab971bc0
1,5647ab0abbec,5647ab0ab7e1
2,5647ab98bbac,0
4,5647a880a3e0,7f91a7d9aad0
2,5647ab9abfa3,5647ab9abfb8
2,5647aba233e3,5647aba237f8
2,5647ab98bfa2,5647ab98c32a
1,5647aba23fa2,5647aba23cad
3,5647aba23fe1,5647aba24d50
2,5647ab90b7a1,0
3,5647ab0abbe0,5647ab8d7470
2,5647aba237e0,0
1,7f91ad31e9e1,7f91ad31e9fc
2,5647aba2b3e7,0
3,5647ab0abba5,5647a880ac70
2,5647ab98bbe5,5647ab98bcf8
2,5647a938b3a7,0
2,5647aba03be4,0
2,5647aba2b3fb,0
3,5647aba23fba,5647a8809520
2,5647ab983ffa,0
2,5647aba033b8,0
2,5647abaabbbf,5647abaabb34
2,5647ab0abbbe,0
3,5647ab90b7fd,5647ab8d6600
2,5647ab98bffc,0
4,5647a880a3b0,7f91a7e82510
2,5647ab98bff2,0
2,5647aba23ff2,5647aba2400c
2,5647ab90b7f1,5647ab90b8b0
5,5647ab90a3f1,5647ab90a490
2,5647ab983ff0,0
2,5647ab983fb7,0
2,7f91ad31e9cc,7f91ad31eac0
2,5647a938b7c8,0
2,5647ab90b7c9,0
7,5647ab982bc8,5647ab982597
2,5647ab98bf8f,5647ab98c188
2,5647ab9ab7cd,0
2,5647aba0338d,0
3,5647ab0ab7cc,5647ab91cd70
2,5647aba237cc,5647aba237d3
2,5647ab90b78c,0
4,5647a880a3c0,7f91a7d42ff0
2,5647ab0ab7c3,5647ab0ab970
4,5647a880abc0,7f91a7d9bb60
4,5647a880af80,7f91a7e87300
5,7f91ad31fd84,5647ab0aaae0
3,5647ab98bfc2,5647ab98c340
2,5647ab9abfc2,5647ab9ac061
2,5647aba2b382,0
2,5647ab92bf81,0
3,5647ab9abf81,5647a88095d0
2,5647ab90b781,0
2,7f91ad31e9c6,7f91ad31ea28
5,5647ab9aafc0,5647a95b5450
1,5647ab9abb87,5647ab9ac210
3,5647aba23fc7,5647ab8e2d20
2,5647aba2bb87,5647aba2bc60
1,5647a938b3c4,5647a938b37e
7,5647aba22fc5,5647aba22ded
2,5647ab0ab7db,5647ab0ab9c8
2,5647ab98bf99,0
2,5647aba233d9,0
3,5647ab98bfdf,5647a8809520
2,5647ab92bf9d,0
2,5647a882339f,5647a88247ce
4,5647a880af90,7f91aded0230
1,5647ab9ab7d3,5647ab9ab06c
4,5647a880abd0,7f91a7e135d0
2,5647ab90b7d2,0
2,5647ab90b792,5647ab90b799
2,5647ab92bf90,0
2,5647ab98bb90,0
2,7f91ad31e9d6,0
2,5647ab983fd0,0
7,5647aba2af97,5647aba50333
2,5647ab98bfd6,0
7,7f91ad31fdd3,5647ab0ab732
2,5647ab9abf95,0
2,5647aba23bd5,5647aba23f70
2,5647ab983fd5,5647ab983fe8
3,5647aba2b3d4,5647a880a480
2,5647aba23f94,0
2,5647aba23794,5647aba237a4
1,5647aba23f6b,5647aba23bbc
2,5647ab9a372a,0
2,5647ab90b76a,0
1,5647aba23369,5647ab8d1410
5,5647aba22768,5647aa773d50
2,5647aba2bb28,5647aba2c480
2,5647aba2b32f,0
3,5647aba2bb6f,5647aba33110
3,5647ab903f6f,5647ab904150
2,5647ab923b2e,5647ab923c08
2,5647ab98bf6c,0
3,5647ab98bb6c,5647ab8d6440
4,5647a880ab60,7f91a7d2d890
2,5647ab9abf63,5647ab9ac165
4,5647a880af20,7f91aded3180
2,5647ab90b722,0
1,5647ab923b62,5647ab923b6a
3,5647abaab321,5647a93a2c50
3,5647aba2bb61,5647aba226e0
1,5647ab90b760,5647ab90b7c1
2,5647ab0ab767,0
2,5647ab9ab767,5647ab9ab032
2,5647ab92bf66,0
1,5647abaab326,0
2,5647aba23f26,5647aba23f39
7,5647aba02f66,5647aba02792
1,5647ab9a3f25,5647ab9a3a42
3,5647aba2bb7b,5647aba22750
7,5647aba22779,5647aba2bb80
1,5647ab903f79,5647ab93cea0
3,5647ab92bf38,5647a88097b0
2,7f91ad31e97e,7f91ad31e9a3
3,5647ab98bb7e,5647a8809510
1,5647aba2337d,5647aba23312
2,5647aba2377d,0
2,5647ab98bb7c,0
2,5647abaabb3c,0
7,5647ab982f7c,7f91ae9d48f8
3,5647a938b37e,5647ab902930
7,5647ab902f73,5647ab9563d4
4,5647a880af30,7f91aded22b0
4,5647ab9a2b31,5647ab9a2b3d
2,5647ab9ab731,0
3,5647aba23771,5647aba23b10
2,5647ab92bf70,0
2,5647ab923b77,0
2,5647ab9abf37,5647ab9abf4f
3,5647aba2b337,5647a880aa00
3,5647ab90b776,5647ab8d95b0
3,5647ab98bf75,5647a8809520
2,5647ab0ab734,0
2,5647ab9a3f0a,0
2,5647a938b348,5647a938b3c0
2,5647abaabb49,5647abab1308
2,5647aba23f09,5647aba23f1c
2,5647ab9abb08,0
2,5647ab9a370f,0
2,5647ab90b70e,0
1,5647abaa3f0e,5647abaa3ee0
1,5647aba0334e,5647aba03330
2,5647aba2b30d,5647aba2b323
2,5647ab92bf4c,0
3,5647ab90b74c,5647ab8d54a0
2,5647ab92bf43,0
4,5647a880a340,7f91aded7340
1,5647aba23343,5647aba2328c
5,5647ab982f41,5647ab9ae550
3,5647aba2b301,5647a8809b70
2,5647a938b343,0
3,5647ab90b740,5647ab8d95b0
7,5647aba22700,5647aba3d28f
2,5647ab0ab747,0
2,5647ab923b47,0
3,5647aba2bb07,5647a8809520
2,5647aba23f46,0
3,5647ab90b705,5647ab8d95b0
2,5647ab92bf04,0
2,5647aba23b5b,5647aba23f60
2,5647ab90b71a,0
2,5647aba2331a,5647aba23321
3,5647ab9a3718,5647a8809510
2,5647ab9a3f18,0
5,5647aba02718,5647ab9aba40
2,5647ab92bf1f,0
3,5647aba2331c,5647a8809510
1,5647aba2331c,5647ab8d7940
2,5647ab9abf52,0
2,5647ab98bf50,0
2,5647ab98bb10,5647ab98bbe0
2,5647aba23310,5647aba23360
2,5647abaabf17,5647abaabe91
1,5647aba23356,5647aba232c0
2,5647ab9ab755,0
5,5647aba2a314,5647aba2a440
2,5647aba032ab,5647aba031c0
1,5647aba232eb,5647ab8d6470
5,5647ab9026ea,5647ab8eb720
3,5647ab983ae9,5647ab8d6440
3,5647aba2b2e9,5647a880aa00
2,5647ab923aa8,5647ab923a88
2,5647ab92beef,0
2,5647aba232ee,5647aba23309
2,5647a938b6af,0
2,5647abaabeac,5647abab1c8a
2,5647ab9836ac,0
2,5647ab9abeec,5647ab9abd00
7,5647aba2aaac,5647aba22ca5
2,5647aba23eec,5647aba23eff
2,5647aba236ec,0
2,5647ab92bea3,5647ab92beec
2,5647abaabea3,5647abab1d50
4,5647a880aae0,7f91a90e8d00
2,5647ab9abea3,0
2,5647ab90b6e2,5647ab90b6e9
7,5647ab98a6e2,5647aa8045c2
3,5647ab98b6a1,5647ab8d6440
2,5647aba236a1,5647aba236b1
3,5647ab923aa0,5647a8809520
2,5647abaa3ee7,5647abab037b
3,5647ab98bae7,5647ab8e2d20
2,5647abaa3ea6,5647abab037b
1,5647ab98b6a6,5647ab98b5c0
2,5647aba232a6,5647aba23350
2,5647ab9836e5,5647ab98369f
5,5647aba026a4,5647aba03350
2,5647ab923aba,0
2,5647a938b6b8,0
2,5647ab92bef9,0
7,5647aba226b9,5647aba2c1f7
3,5647ab923af9,5647a8809e80
4,5647ab9a2ef8,5647ab9a2f52
2,5647aba236b8,5647aba236c8
3,5647ab90b6bf,5647ab911850
2,5647a938b6bd,5647a938b934
2,5647aba23ebf,5647aba23fb0
2,5647aba2bafe,0
2,5647ab98bafd,0
3,5647ab9a3abd,5647a8809510
2,5647abaa3efc,5647abaa3ed8
1,5647ab98b6bc,5647ab98b68d
2,5647abaab2fc,5647abaab317
2,5647ab983ab3,0
2,5647abaa3ef3,5647abaa3ee0
2,5647ab98baf3,0
3,5647ab923ab3,5647a8809b30
4,5647a880a2f0,7f91aded7410
2,5647aba232b3,0
1,5647ab983af2,5647ab9839bd
3,5647aba23eb2,5647aba24320
2,5647ab92beb1,0
2,5647aba0beb1,5647aba0c002
4,5647ab98aeb0,5647ab98b181
3,5647ab98b6b7,5647ab98b830
2,5647ab92beb6,0
2,5647aba236f6,0
2,5647ab9a3ab4,0
5,5647aba026f4,5647ab9aba40
7,5647a9802689,5647aba22cf6
2,5647ab983aca,0
2,5647aba2368a,5647aba2369a
2,5647ab90b6c8,0
2,5647a938b68a,0
2,5647ab98b68f,5647ab98b69d
3,5647ab9836cf,5647a880b140
2,5647aba23ecf,5647aba23ee2
2,5647ab9a3a8e,5647ab9a3a70
4,5647a880a280,7f91a7d2d4c0
1,5647ab923a83,5647ab923aa5
1,5647aba232c3,5647ab8d7360
4,5647a880aa80,7f91aded85c0
3,5647aba232c3,5647a8809560
2,5647ab90b682,0
2,5647aba23e82,5647aba23e92
2,5647ab983ac0,0
2,5647aba2be87,5647aba2c1e8
2,5647ab9abec7,0
3,5647aba0be87,5647a880a860
3,5647aba2bac5,5647aba22750
2,5647ab92bec4,0
2,5647ab92bedb,5647ab92bee7
1,5647aba2329b,7f91a87353e0
2,5647a938b698,0
2,5647ab9abed9,0
2,5647aba236d9,5647aba236e0
2,5647abaa3ed8,5647abaa3ee0
2,5647abaabe98,0
2,5647ab923ad8,0
2,5647ab98369d,5647ab9836c8
2,5647aba2b2dd,0
2,5647ab90b6dc,0
2,5647aba23e9c,5647aba23eaf
5,5647aba02adc,5647aba03340
4,5647a880aed0,7f91a7db3540
7,5647aba222d2,5647aba22cd8
1,5647abaa3ed1,5647abaa3eed
2,5647aba2bad1,0
2,5647abaa3e97,5647abab7f9e
2,5647ab923a97,0
7,5647a8b82ed5,7f91a7e87420
7,5647aba22ed6,5647aba230d4
1,5647ab9a3ad4,5647ab9a2ce2
2,5647ab92be6a,0
2,5647aba2be69,5647aba2be84
2,5647aba03629,0
1,5647aba23269,0
2,5647ab9a3a28,0
2,5647aba23e68,0
1,5647ab98ba2f,5647ab98b992
3,5647ab983e2f,5647ab8d6440
7,5647ab90a66e,5647ab90a3e0
3,5647ab98b66e,5647a880ae30
3,5647ab98b62d,5647a8809b30
2,5647aba2326c,5647aba23279
4,5647a880a620,7f91a7de28e0
4,5647a880ae20,7f91afb57400
4,5647a880aa60,7f91a87c8830
4,5647a880ae60,7f91a87a8230
2,5647ab98b662,0
3,5647aba23e22,5647aba24430
7,5647aba02222,5647ab9c2691
7,5647ab90a267,5647ab95bfe0
2,5647aba23267,5647aba232a0
2,5647ab9a3a67,0
2,5647abaabe25,5647abab9a2b
1,5647a9803227,0
2,5647ab983a64,5647ab983ab0
3,5647aba2be24,5647aba3cef0
2,5647ab983a3b,0
1,5647ab983e38,5647ab983d90
2,5647ab92363f,0
2,5647ab98b67f,5647ab98b6b0
2,5647ab98b63f,0
3,5647aba2367e,5647aba23b10
2,5647ab92be7c,5647ab92bf18
2,5647ab903e7c,5647ab903f68
2,5647ab92be73,0
2,5647ab923633,0
4,5647a880a670,7ffd0b153f10
4,5647a880ae30,0
2,5647ab9a3a73,0
7,5647aba22e32,5647aba22fa1
2,5647aba23e31,0
7,5647ab902670,5647aa0a90de
3,5647aba2be37,5647ab8cf6b0
2,5647ab98b676,0
2,5647ab9a3a35,5647ab9a3efd
2,5647ab98b634,5647ab98b67c
2,5647a938b676,5647a938b682
2,5647ab983e0b,0
2,5647aba23e4b,5647aba23e5e
4,5647abaa2249,5647abaa3520
7,5647aba2a609,5647aba2a3b0
3,5647ab98b608,5647a8809fd0
7,5647ab98ae08,5647ab98ac79
3,5647abaa3248,5647abac18a0
3,5647ab92364f,5647ab9184f0
2,5647ab98b64f,0
2,5647aba0360f,0
1,5647ab983a4e,5647ab983a0d
2,5647ab92364d,0
2,5647ab9a3a4d,0
4,5647a880aa00,7ffd0b153d40
2,5647ab983a43,0
2,5647abaa3e02,0
3,5647ab923641,5647ab9184f0
7,5647a9202a42,5647aba29249
2,5647aba23600,0
2,5647abaa3606,0
2,5647aba2be45,5647aba2be60
3,5647ab9a3a45,5647a8809560
7,5647ab9aaa45,5647ab9a9bc0
2,7f91ad31ec02,7f91ad31f423
1,5647ab98b204,5647ab98adf0
3,5647aba2ba04,5647aba2d550
2,5647ab983a5b,0
2,5647ab98b61b,0
3,5647ab923658,5647ab918520
1,5647aba2325f,7f91a7e87ba0
2,5647ab983a1d,0
2,5647abaa325d,0
2,5647aba2ba1d,5647aba2baba
7,5647aba22e1c,5647aba230fb
4,5647a880ae10,7f91a8747ed0
4,5647a880ae50,7f91a8748260
5,5647aba02611,5647ab9c3a40
1,5647ab90b610,5647ab8eb690
2,5647aba2ba10,0
7,5647ab902a57,5647a938b383
2,5647abaa3217,0
2,5647ab9aba55,5647ab9abae8
1,5647ab98b214,5647ab98adf0
2,5647a9803216,0
2,5647ab9839ab,5647ab983a50
3,5647a98031a9,5647a9802f10
2,5647aba235ab,5647aba235bb
2,5647ab9a31ea,5647ab9a31b0
5,5647aba22dea,5647ab90df90
7,5647aba221a9,5647aba36f92
1,5647ab98b9af,5647ab98b8d3
7,7f91ad3173e9,7f91ad31aa85
2,5647aba2b1ee,0
2,5647abaa3ded,5647abaa8b18
2,5647aba2b9ad,5647aba2b9b4
2,5647ab9abdec,5647ab9abf28
5,5647aba025ec,5647ab9aba40
4,5647a880ade0,7f91adca2da0
2,5647ab0ab9a3,0
2,5647aba235e3,0
2,5647aba03da1,0
2,7f91ad31ebe7,7f91ad31ebf8
2,5647aba2b9e1,5647aba2b9fc
2,5647a98031a2,0
1,5647ab98b1a0,5647ab98adf0
1,5647ab9a31a7,5647ab9a31ce
7,7f91ad31fbe0,7f91ad31fdb3
3,5647abaa3de6,5647ab95b3a0
2,5647abaabda6,0
1,7f91ad31efa3,7f91ad31eb0a
3,5647aba235e5,5647a8809510
2,5647ab9839e4,5647ab983a38
2,7f91ad31eba2,0
2,5647ab98b9bb,5647ab98ba2c
2,5647aba2b1bb,5647aba2b1cd
5,5647ab9029f9,5647a9267c80
2,5647ab9839bf,0
1,5647ab0ab9bf,5647ab0ab7f7
2,5647ab983dff,0
2,5647ab9835ff,5647ab98368f
2,5647a98031fe,5647a980301f
2,7f91ad31ebfa,0
4,5647a880adb0,7f91adca2d40
2,5647abaabdb3,5647abab4883
4,5647a880adf0,7f91a8747eb0
2,5647ab983df2,0
2,5647abaa35b0,0
3,5647abaa35f0,5647abac18a0
2,5647ab983db6,0
2,5647aba235f6,0
7,5647aba22df6,5647aba22d04
2,5647ab90b5f5,5647ab90b610
2,5647a98031b6,5647a98031e1
2,5647aba03db4,0
2,5647aba0318b,5647aba03298
2,5647ab9839ca,0
3,5647ab98b588,5647a8809b30
2,5647ab9a31c8,5647ab9a34e8
4,5647ab98adc8,5647ab98b209
3,5647aba23588,0
5,5647ab98258f,5647ab982b50
2,5647ab98b58f,5647ab98b600
2,7f91ad31eb8b,7f91ad31ebaf
3,5647aba2bdcd,5647ab8d66a0
7,5647aba0258c,5647ab288aba
2,5647aba031cc,0
4,5647a880a580,7f91a7e11bb0
2,5647aba235c2,5647aba235d2
3,5647ab98b981,0
7,5647aba0a580,5647aba05d6c
2,5647ab0abdc7,0
2,5647aba031c7,5647aba031f0
3,5647aba23d86,5647a8809560
3,5647ab9abd85,5647a8809560
3,5647ab98b5c4,5647ab8d6440
3,5647ab98b99b,5647ab8cff10
2,5647ab0ab9d9,5647ab0abbe0
2,5647abaabd99,0
2,5647ab9a31d9,0
3,5647ab9abdd9,5647ab9ac3f0
2,7f91ad31ebd9,7f91ad31f39e
2,5647ab983d9f,0
2,5647aba2b1df,0
3,5647ab9839dd,5647ab984550
2,5647ab983d9d,0
4,7f91ad31ffd5,7f91ad31ffe0
4,5647a880ad90,7f91adca2ba0
3,5647aba2b9d3,5647aba0ca40
2,5647ab0ab9d2,0
2,5647ab983dd2,0
2,5647ab983d92,5647ab983da6
2,5647ab9abd91,0
2,5647ab9839d0,0
7,5647ab9a2196,5647a956bd0a
2,5647ab98b5d6,0
2,5647ab983dd6,5647ab983df0
3,5647ab0ab994,5647ab8d6440
7,5647ab9aad94,5647ab98e545
2,5647aba23594,5647aba235a4
3,5647aba2b994,5647a88098a0
2,5647abaa356a,0
2,5647ab98b929,5647ab98b930
2,5647ab92bd28,0
2,7f91ad31eb2e,7f91ad31eb81
2,5647ab9a316f,0
2,5647ab98b52d,0
2,5647ab98b56d,0
4,5647a880a520,7f91aded74c0
4,5647a880a960,7f91aded7270
2,7f91ad31ef67,0
2,5647ab9abd20,5647ab9ac128
7,5647ab9a2920,5647ab9a28be
2,5647aba23127,5647aba23135
3,5647ab98b566,5647a8809b30
3,5647ab923925,5647ab8cff10
2,5647aba0313b,5647aba03158
1,5647ab0ab93a,5647ab0abb9e
2,5647ab98b53a,0
2,5647a938b938,0
1,7f91ad31eb3f,7f91ad31eb51
2,7f91ad31eb7f,0
1,5647aba23139,5647a9802680
2,5647a900393d,5647a9003944
2,5647ab983d7f,5647ab983dc8
7,5647aba22d3d,5647aba20ff4
3,5647aba0317c,5647aba06de0
2,5647ab98b573,0
3,5647ab0ab973,5647ab8dd250
1,7f91ad31ef75,7f91ad31eaa0
2,5647ab9ab133,5647ab9ab710
3,5647ab923930,5647a8809d10
2,5647a9003934,5647a9003944
3,5647ab0ab935,5647ab8d6440
2,5647ab90b975,5647ab90b8f7
2,7f91ad31eb33,0
7,7f91ad31ff4d,5647ab0ab814
3,5647ab90310b,5647ab8cff10
3,5647ab98b94a,5647ab8d6440
3,5647aba23109,5647aba262c0
2,5647aba23d48,5647aba23d6b
3,5647ab98b50f,5647ab8e45c0
7,5647aba2a14f,5647aba29102
2,5647aba2bd0f,0
7,5647a920290c,5647a926224b
1,5647ab90b90c,5647ab90b94c
2,7f91ad31eb04,7f91ad31ef80
7,5647aba22142,5647aba2c3ea
3,5647ab98b941,5647ab98bf20
1,5647ab98bd01,5647ab98bb68
2,5647a938b942,5647a938bccf
1,5647ab92bd40,0
2,5647ab98b547,0
4,5647ab98ad07,5647ab98adb0
2,5647ab983507,0
2,5647aba23107,0
1,5647a9003944,5647abad4720
2,5647ab9a3146,5647ab9a2d80
2,5647ab0ab905,0
3,5647aba23504,5647a88095e0
3,5647abaa355a,5647abac18a0
2,5647ab98351a,5647ab9835f5
2,5647aba0315f,5647aba0317c
3,5647ab90311e,5647ab8cff10
3,5647ab92bd1c,5647ab92d140
2,5647ab98b95c,0
2,5647ab9ab11c,0
2,5647aba2bd1c,5647aba2bd2f
3,5647aba2bd5c,5647a88095e0
2,5647ab98b551,0
3,5647ab9ab111,5647ab9abc60
7,5647aba22551,5647aba22c87
1,5647ab90b950,5647ab90b856
1,5647a9003952,5647abad4720
2,5647abaabd16,0
2,5647ab98b516,0
2,5647aba23115,5647aba23120
1,5647ab90b4a9,5647ab8efa90
2,5647aba034a8,0
7,5647aba028e8,5647aba01456
2,5647abaabcee,0
2,5647ab9830ad,5647ab982f98
2,5647ab9abca3,0
3,5647aba230e3,5647aba4f900
2,5647aba2bce0,5647aba2bcf4
2,5647ab90b4a7,5647ab90b44d
3,5647ab98b8e7,5647ab9a1ff0
2,5647ab9238e6,0
3,5647ab98b8a4,5647a8809520
3,5647aba230fb,5647aba4fc20
3,5647aba2bcfb,5647aba2cbd0
2,5647ab9abcba,5647ab9abcf2
2,5647ab9abcfa,5647ab9abec0
2,5647aba034ba,0
2,5647ab98b8be,5647ab98b9b8
2,5647ab9a34fe,5647ab9a3707
4,5647abaa20fd,5647abaabba2
2,5647aba2bcbd,5647aba2bcd1
2,5647ab9030bc,0
2,5647ab98b8fc,5647ab98b91a
1,5647ab90b4b3,5647ab90b444
4,5647a880a0b0,7f91afb54aa0
1,5647ab0ab8b2,5647ab0ab77b
5,5647a93a2cb3,5647ab8e9cc0
2,5647ab9ab0b0,0
2,5647ab9238b7,0
2,5647aba234b7,5647aba234be
3,5647ab0ab8f6,5647ab8d6440
3,5647ab9a34f6,5647ab729b50
3,5647aba230f6,5647aba22e10
3,5647ab90b8b4,5647ab8ff1d0
2,5647ab98b8b4,5647ab98b978
2,5647ab9ab0b4,0
2,5647ab9030cb,0
2,5647ab90b48a,0
2,7f91ad31eacc,7f91ad31eae4
3,5647aba230ca,5647aba23000
2,5647aba234ca,0
5,5647aba02cca,5647aba04360
2,5647ab90b889,5647ab90b66f
2,5647ab983089,0
2,7f91ad31ea8e,7f91ad31ef6d
3,5647aba23cc8,5647a8809560
3,5647aba230cf,5647aba22e50
2,5647ab90b8cd,0
7,5647ab92248d,5647ab91fd45
3,5647ab98b48c,5647ab8e45c0
7,5647a92028ce,5647a92608b1
4,5647a880a480,7f91adeced90
2,5647ab90b8c3,0
2,5647ab90b883,0
2,5647ab98b882,0
7,5647aba2a4c2,5647aba2a47e
7,5647ab90a4c1,5647ab90a3f8
2,5647a8b83082,0
3,5647ab9834c0,5647ab9834e0
1,5647ab923880,0
2,5647ab0ab8c7,5647ab0ab7a8
2,5647ab923887,0
2,7f91ad31eac3,7f91ad31eb00
2,5647ab9ab0c4,5647ab9ab7e4
1,5647aba2b084,0
2,5647ab90b8db,5647ab90b8f7
2,5647ab98b89b,0
2,5647ab92389a,0
1,5647a938bcd8,5647a938bbf8
2,5647aba2bc9a,5647aba2bcae
2,5647aba0349a,0
2,5647ab9ab099,0
5,5647ab922cdf,5647ab904100
2,5647ab90b49e,0
2,5647ab90309c,0
7,5647a93a2cde,5647abaab326
2,5647aba0349c,0
2,5647ab90b493,5647ab90b4b0
2,5647ab98b493,5647ab98b500
2,5647ab0ab8d0,0
1,5647a8b83093,0
2,5647ab9238d7,0
7,5647ab98ac97,5647a984b727
2,5647aba23496,5647aba234a6
2,5647ab983095,0
1,5647ab90b894,5647ab90b66f
2,5647aba234d4,0
1,5647a8b83028,7f91a7e87830
2,5647ab98b86a,0
2,5647aba03c2a,0
2,5647ab903029,5647ab903034
3,5647ab90b869,5647ab8cf6b0
3,5647ab9a3029,5647a8809510
2,5647abaabc69,0
7,5647ab982828,5647a9d50ace
2,5647aba23468,5647aba23478
2,5647a980302c,0
1,5647ab90b46e,5647ab8d6480
1,5647ab9a306e,5647ab9a2d3a
2,5647aba03c2c,0
3,5647ab98bc2c,5647ab8cff10
4,5647a880ac60,7f91ad31fed0
3,5647ab98b863,5647ab98cd40
4,5647a880a860,7f91a87592f0
3,5647aba2bc63,0
2,5647ab903062,0
1,5647ab9ab822,5647ab9ab0e1
2,5647aba2b422,0
2,5647ab0ab861,5647ab0ab8c0
1,5647ab903021,0
2,7f91ad31ea26,7f91ad31e9e8
2,5647ab90b466,0
2,5647ab98b465,0
2,5647aba2b065,0
2,5647ab903024,5647ab903000
2,5647ab9a3024,0
7,5647aba2a424,5647aba29c92
1,5647ab98343a,5647ab96a590
2,5647ab0ab839,5647ab0ab844
1,5647ab98bc39,5647ab98bad5
2,5647ab983438,0
3,5647ab98b478,5647ab8fdba0
2,5647aba03c38,0
4,5647ab9a2878,5647ab9a28b0
5,5647aba2a478,5647aba2a490
5,5647ab922c3f,5647ab8d1f40
2,5647aba2347f,5647aba2348f
1,5647a8b8303c,5647a8b82fc1
2,5647ab90307e,0
2,7f91ad31ea3b,7f91ad31e97a
3,5647aba2303d,0
1,5647a8b8303e,5647aa0c7f00
3,5647a8b8303e,5647a88096e0
4,5647a880ac70,7f91ad322300
4,5647a880ac30,7f91ad31cc00
2,7f91ad31ea34,7f91ad31ea48
2,5647aba2b071,0
2,5647ab98b430,5647ab98b448
2,5647ab90b437,0
2,5647aba2b077,0
2,5647aba2bc77,5647aba2bc8b
2,7f91ad31ea73,7f91ad31ef50
1,5647aba23835,5647aba233e9
2,5647ab90b874,0
2,5647ab923834,0
2,5647ab983474,5647ab9834c0
7,5647aba22034,5647aba21eaa
2,5647ab90b44b,5647ab90b4a9
2,5647ab923c0b,0
2,5647ab90b808,5647ab90b768
3,5647ab0ab80f,5647a880ac60
2,5647ab98b44f,5647ab98b463
2,5647aba03c4e,0
2,5647ab9a304c,0
1,5647a938bc0e,5647a938b7b0
4,5647a880a000,7f91afb543e0
2,5647ab9a3043,0
4,5647a880ac40,7f91ad31b050
4,5647a880a840,7f91a7e00e50
2,5647ab90b442,0
2,5647ab9ab042,0
2,5647a8b83001,0
7,5647aba2a040,5647aba29fe0
3,5647aba23807,5647ab960320
3,5647a8b23c44,0
1,5647ab90bc05,5647ab911c40
2,5647a8b23846,0
3,5647aba2b404,5647a9373b90
2,5647ab98341a,0
2,5647ab90b419,5647ab90b478
1,5647ab923c1f,5647ab923b2c
3,5647ab90b85d,5647ab8cf6b0
2,5647ab90b45c,5647ab90b46b
3,5647ab92381c,5647ab923870
2,5647abaabc1c,5647abab518f
3,5647aba2345c,5647aba23b10
4,5647a880a050,7f91a7d9a9a0
2,5647ab0ab853,5647ab0ab8c0
7,5647ab9a2853,5647ab9a0c59
1,5647a8b23c50,0
1,5647ab90bc10,5647ab9114a0
3,5647aba2b410,5647a8809b80
2,5647a8b83053,0
2,5647ab0ab857,5647ab0ab8cd
4,5647abaa2c16,5647abaa3520
7,5647ab922c15,5647ab93cd19
2,5647a8b23856,0
2,5647ab923814,0
1,7f91ad321dad,7f91ad320b44
1,7f91ad3219ad,7f91ad32105c
2,5647ab93cbeb,0
2,5647a92343a8,0
2,5647a92343e8,5647a92344a0
2,5647ab9b43e9,0
2,5647ab9bcfa9,0
3,5647aba3c3af,5647a8809560
2,5647ab9b4faf,0
1,5647aba1c7ef,5647aba500c0
1,5647abab4fef,5647aba92e9d
2,5647ab9343ef,5647ab9343f6
5,7f91ad320da8,5647ab0aaae0
2,5647ab914bee,0
3,5647ab9bcfae,5647ab9bdaa0
2,5647ab9147ed,5647ab914804
2,5647ab9b43ad,5647ab9b43cc
2,7f91ad3215aa,7f91ad321c28
2,5647ab91cfec,0
2,5647aba3cfec,5647aba3d073
2,5647ab93c3a3,0
7,5647ab91d3a3,5647ab8da3fc
2,5647ab99cfa3,0
2,5647aba3cfe1,0
2,5647ab9343e1,0
2,5647aba3c3a6,0
2,5647aba3c3e6,5647aba3c41d
2,5647ab99c3a4,0
3,5647ab93c3bb,5647ab918560
2,5647ab994bbb,5647ab994bc6
7,5647ab995bbb,5647ab99546c
2,7f91ad3219bf,0
1,7f91ad3215ff,7f91ad321611
7,5647ab9b53f9,5647ab9b97be
2,5647aba94bbf,5647aba94bd8
2,5647ab9b43ff,0
3,5647aba347ff,5647ab8cff10
1,5647ab93cbfe,5647ab8fbb10
2,5647ab9bcfbe,0
2,5647ab9bcbfe,0
2,7f91ad3211bb,7f91ad321258
2,5647a92343ff,5647a92344bb
2,5647aba3c3fd,5647aba3c461
1,5647ab9bc7fd,5647ab9bc713
2,5647ab9343fd,0
2,7f91ad3219ba,7f91ad3219f6
2,5647ab91cfb3,0
2,5647ab9943b2,5647ab9943bb
3,5647aba94bb1,5647a938eca0
2,7f91ad3215f7,0
3,5647ab9343f1,5647a8809510
2,5647ab9347b1,5647ab9352df
2,5647ab994bb0,0
2,5647a92343b2,5647a92343b9
2,5647a92343f2,5647a9234488
2,7f91ad3211f1,7f91ad321258
1,5647aba3c7b7,5647aba3bf77
2,5647ab91cff6,0
3,5647ab9bcfb6,5647ab9b5180
1,5647ab9b4fb5,5647ab9b4df0
2,7f91ad3219f2,7f91ad3219d0
2,7f91ad3215f2,7f91ad32162e
2,5647aba3c3f4,0
7,5647ab9b57cb,5647ab9b4a0e
2,5647ab99cfc9,0
2,5647aba947c8,5647aba947e0
2,5647ab9b43cf,5647ab9b43dd
3,5647aba3c78f,5647ab8cff10
2,7f91ad321588,7f91ad321a80
2,5647ab914bce,5647ab914be6
2,5647ab99c78e,0
2,5647a92343cc,5647a92343e0
1,5647ab91c38d,5647ab91c2a3
3,5647ab99478c,5647ab9d0220
2,5647a923438e,0
3,5647ab91cfcc,5647a88097b0
7,5647ab995383,5647ab99359d
1,7f91ad3219c7,7f91ad3219d9
7,5647aba1d781,5647aba1aa61
2,5647ab9343c0,5647ab9343c7
1,7f91ad3215c1,7f91ad32066f
2,7f91ad321181,7f91ad321258
2,5647ab93c3c6,5647ab93c355
3,5647a9234384,5647aba24fd0
3,5647ab934786,5647ab9354b0
3,5647ab994b85,5647a880ae20
2,5647ab9bcfc5,5647ab9bd118
2,5647ab914784,0
2,5647ab9b4384,0
7,5647ab9bdb84,5647ab998d75
2,5647ab91c39b,5647ab91c401
1,5647aba3c79b,5647aba3c723
2,5647ab9b439a,0
2,5647a9234398,0
2,5647aba1c7da,0
4,5647ab99db99,5647ab99dc0d
2,7f91ad32119e,7f91ad321258
2,5647ab9bcfd8,0
7,5647ab93539f,5647ab9344c5
2,7f91ad3211d8,7f91ad321258
2,5647ab99439e,0
5,5647ab9bd39e,5647ab9bdc30
3,5647ab93479e,5647a8823380
1,5647abab4f9d,5647aba976c3
2,5647ab99cfdc,0
2,5647aba3c393,0
3,5647ab934792,5647ab9354b0
2,5647ab9b4391,0
2,5647ab99c391,0
2,5647ab9343d1,0
3,5647ab93c397,5647ab918560
2,7f91ad321591,7f91ad321df2
4,5647ab91d3d6,5647ab91d5d0
2,5647ab9bc7d6,0
2,7f91ad3219d3,0
3,5647ab994b95,5647a8809e80
3,5647aba3cfd5,5647aba226e0
1,7f91ad321d92,7f91ad320b03
2,5647ab91cfd4,0
2,5647ab93c32a,5647ab93c380
3,5647ab93c369,5647ab91dda0
2,7f91ad32152f,0
2,5647aba3c768,5647aba3c718
2,5647aba3cf6f,0
3,5647ab93c72f,5647ab8ed110
2,5647ab91cf6d,0
2,7f91ad32152a,7f91ad321586
2,7f91ad32112a,7f91ad321258
2,5647aba1cf6c,5647aba1d068
2,5647ab9bc76c,5647ab9bc802
3,5647ab93c322,5647ab8cfb10
2,5647ab91c322,5647ab91c410
2,7f91ad321164,7f91ad321258
2,5647ab9b4362,5647ab9b4381
2,5647aba3c721,5647aba3c786
2,5647ab934761,5647ab934778
4,5647ab995f60,5647ab994d70
3,5647ab93c727,5647ab8ed110
3,5647ab93c766,5647a880a050
2,7f91ad321d62,0
2,5647aba3c324,5647aba3c332
2,5647ab9bc724,0
2,5647aba3c73b,5647aba3c7a9
4,5647aba9df3a,5647abaaec57
2,5647aba3c33a,5647aba3c498
7,5647ab9b5f3a,5647ab9b5988
2,7f91ad32157f,0
3,5647ab994779,5647a880b140
2,5647ab914778,5647ab91476e
1,7f91ad321d3e,7f91ad321d49
2,5647ab9bcf78,5647ab9bcfcb
5,5647ab995b7f,5647ab9c3a40
7,5647ab9b537f,5647ab9b5153
2,5647aba9477f,5647aba94798
2,5647ab99437e,5647ab994395
3,5647ab99433d,5647a8809560
3,5647ab91cb3c,5647ab8d7470
1,5647ab91cb32,5647ab91cac5
3,5647ab93c772,5647ab8ed110
2,5647ab91c331,5647ab91c360
1,7f91ad321537,7f91ad321549
3,5647aba94771,5647a9391f30
2,7f91ad321d36,0
2,7f91ad321d31,7f91ad321d66
2,7f91ad321d70,0
2,5647ab9b4336,0
3,5647aba3c776,5647a88095e0
2,5647ab91cf75,5647ab91d110
2,7f91ad32110d,7f91ad321258
2,5647aba1cf4a,0
1,5647ab9bc74a,5647ab9bc696
1,5647ab91cb48,5647ab91cae1
3,5647ab994348,5647ab994740
1,5647aba3c70f,5647aba3c73d
1,5647ab914f0e,5647ab914bc8
2,5647aba14f0e,5647aba13c63
2,5647ab93c70d,0
3,5647ab91cf0c,5647ab8e3220
2,5647ab994b4c,5647ab994b7e
2,5647ab994b43,0
5,5647ab995b43,5647ab9aba40
1,5647ab9b4702,5647ab9b428c
2,5647ab91c341,5647ab91c2e0
7,5647ab91df41,5647ab922634
2,7f91ad321147,7f91ad321258
3,5647ab93c741,5647ab8f9050
4,5647ab99d700,5647ab99db28
2,5647aba3c740,0
4,5647ab935300,5647ab935302
3,5647aba3cb07,5647ab8cff10
2,5647ab914f06,0
2,5647ab91c305,5647ab91c1cd
2,7f91ad321543,0
2,5647ab9b4b45,5647ab9b4bd8
2,5647aba3c344,0
1,5647aba3cb1b,5647aba3c668
2,5647ab93c75b,0
2,5647ab994358,5647ab99436f
5,5647ab995b58,5647ab9aba40
7,7f91a810011b,7f91a8100bc1
2,5647aba3c31f,0
3,5647ab93c75d,5647a8809d10
2,5647aba3c71c,0
3,5647ab9bc75c,5647ab26a0c0
3,5647aba1cf52,5647ab8e2d20
1,5647ab91cf11,5647ab91ce14
4,5647aba95317,5647aba96004
2,5647ab93c716,5647ab93c948
2,5647aba3c755,5647aba3c760
2,5647aba3c354,5647aba3c4b2
2,5647ab9942ab,0
2,5647ab9b42ea,5647ab9b426f
3,5647ab994aea,5647a8809e80
2,5647aba3c2e8,0
2,5647aba3c6a8,0
3,5647ab9b42ef,5647ab997910
3,5647ab99c6af,5647ab99e040
2,5647aba1ceec,0
2,5647ab91c2e3,5647ab91c398
2,5647ab9bc6a3,0
3,5647ab93c6e3,5647ab902f10
2,5647ab994aa2,5647ab994ad4
7,5647ab9b52a0,5647ab9c9205
2,5647ab914aa7,0
2,5647ab93cea7,5647ab93ccb6
2,5647ab91c2a6,5647ab91c2d0
7,5647ab91d2a6,0
2,5647ab91cabb,5647ab91cb30
3,5647ab99cebb,5647ab9d0220
2,5647aba3c6bb,0
2,5647aba3c6fb,0
2,5647ab9146ba,0
2,7f91ad3210bc,7f91ad321f01
3,5647ab914ab8,5647a9004490
2,5647aba3c2f8,0
2,5647ab99c6b8,5647ab99c780
2,5647ab9bc6b8,5647ab9bc7e0
3,5647ab93c2bf,5647ab8d97c0
1,5647ab91c2ff,0
2,5647ab994afd,5647ab994b1d
3,5647ab9b46fd,5647aba09b00
3,5647ab93c6bd,5647ab8f9050
2,5647aba1ceb3,5647aba1cec0
2,7f91ad3210b4,7f91ad321c59
2,5647ab9b42b2,0
2,5647ab93c2f7,0
2,7f91ad3210f0,0
2,5647ab9b42f6,5647ab9b432d
1,5647ab91caf5,5647ab91ca77
2,7f91ad321cb2,0
3,5647ab9942b4,5647a8809540
7,5647aba1daf4,5647aba1a838
2,5647ab93c68a,0
2,5647ab99ce8a,0
4,5647ab99568a,5647ab7769e0
2,5647ab9146c9,0
7,5647ab9b52c9,5647ab26a1c5
2,5647ab914688,0
2,7f91ad321089,7f91ad321a60
3,5647ab9b428f,5647ab9975b0
3,5647aba1cecf,5647ab8f9240
2,5647ab91c2ce,0
2,5647ab914ace,5647ab914ce0
2,5647ab9bc6cd,0
1,7f91ad321c85,7f91ad321c99
7,5647ab91d2c3,5647abab6755
4,5647ab99d2c1,5647ab99d3c5
2,5647ab914a80,0
7,5647aba1de80,5647aba5be69
1,5647ab91ce80,7f91a7e87420
2,5647ab9b4286,5647ab9b46f8
7,5647aba15a84,5647aba1261e
3,5647aba3c6c4,5647a8809560
1,5647ab91cedb,5647ab91cdce
3,5647ab994adb,5647a880ae20
2,5647ab9b4299,0
2,5647ab994a99,0
7,5647aba1ded9,5647aba4ec2c
2,5647ab9bc699,0
7,5647ab915298,5647ab8f2e0d
3,5647ab9b42d8,5647ab9b49c0
2,5647ab91cadf,5647ab91cb38
2,5647ab914a9f,0
2,5647ab9b429f,5647ab9b441d
2,5647ab9bc6df,5647ab9bc7d0
2,5647ab91c2de,0
4,5647ab91dedd,5647ab91eb28
3,5647ab99c69d,5647ab99ce40
3,5647aba3c2dd,5647a8809560
1,5647ab9b42dd,5647ab9b3c48
2,5647ab9bca9d,0
2,5647ab93c69c,5647ab93c930
1,5647ab9146dc,5647ab91470a
2,5647ab93c693,0
1,5647aba3c2d3,5647aba3c22b
3,5647ab93c2d0,5647ab8d97c0
2,5647ab91c297,5647ab91c410
2,5647ab91ce97,5647ab91ced0
2,5647ab9b4ed7,5647ab9b4d30
2,5647ab9bc6d7,0
4,5647ab9b5297,5647ab76a020
7,5647aba15e96,0
1,7f91ad321cd3,7f91ad320b03
2,7f91ad3210d3,0
1,5647aba34695,5647aba33a76
3,5647ab93c6d5,5647ab8f9050
3,5647ab91cad4,5647ab91cd70
2,5647ab91ca94,0
2,7f91ad321092,7f91ad321a60
7,5647ab915a6b,5647a9006a1f
2,5647ab99ce6b,5647ab99cea0
2,5647ab9b4e2a,5647ab9b4d73
3,5647aba1ce2a,0
2,5647ab9bca2a,0
2,5647aba3c628,0
2,7f91ad321c2b,7f91ad321f67
2,5647ab9b426d,5647ab9b42e2
2,5647aba3c62d,5647aba3c640
2,5647ab9bca6c,0
2,5647aba3c662,5647aba3cafe
2,5647ab9b4e61,0
2,5647ab9bca21,0
7,5647aba1de20,5647aba1db77
2,5647ab91c267,5647ab91c285
2,5647ab91ca66,0
2,5647ab9b4e66,5647ab9b4ed0
2,5647aba3c225,5647aba3c2c9
2,5647aba94e24,0
2,7f91ad321c7d,0
2,5647ab91463b,5647ab9148a9
3,5647ab994a3a,5647a880ae20
2,5647ab91c27f,0
2,5647aba3c23f,5647aba3bde3
2,5647ab9bc67f,5647ab9bc740
2,7f91ad321c78,7f91ad321cb6
7,5647aba35e7d,5647aba33cde
7,5647ab9bde73,5647ab9bd063
2,5647ab91c232,5647ab91c310
2,5647ab914a72,5647ab914c30
2,5647ab914631,0
2,5647ab99c631,5647ab99c69a
2,5647ab9bca71,5647ab9bca80
2,5647ab9b4271,0
2,5647ab914677,0
2,5647ab91ce76,5647ab91ce55
3,5647aba1ce36,5647aba1ceb0
2,5647ab91ca75,5647ab91caa8
5,5647aba1de75,5647aba1cee0
2,5647ab99ce74,0
2,5647ab914a4a,0
2,5647aba3464a,5647aba34666
3,5647ab9b4a09,5647ab9b55f0
2,7f91ad32100e,7f91ad321d97
5,5647a939d60a,5647ab8d1410
2,5647aba3c648,0
2,7f91ad321009,0
2,7f91ad321049,0
1,5647ab91ce4f,5647ab91ce2d
1,5647aba3c24c,5647aba3bff0
2,5647ab9bca03,0
2,5647ab91c202,5647ab91c22c
1,5647aba1ce42,5647aba1da70
2,5647ab91ce01,5647ab91cf00
2,5647ab93c601,5647ab93c910
2,5647aba3c601,0
2,5647ab9b4e00,5647ab9b4d73
2,5647ab914e07,5647ab914f00
4,5647aba95e06,5647aba94d6b
3,5647ab994a45,5647a8809e80
2,5647ab9b4a04,0
2,5647ab9b4a1b,0
3,5647ab914a1a,5647ab9117d0
1,7f91ad321c5c,7f91ad3212a3
2,5647ab9b4e1a,0
4,5647aba9d619,5647abaae8f6
2,5647ab9bca59,5647ab9bca62
1,5647ab914e1e,5647ab914bc8
2,5647ab91461d,0
2,5647ab91ce53,5647ab91ce78
2,5647ab914a53,0
2,5647ab914e12,5647ab914bc8
2,5647aba3c652,0
2,5647ab914657,0
2,5647ab994a57,5647ab994a76
2,5647ab914dab,5647ab914e03
5,5647aba1ddeb,5647aba5be30
2,5647ab9bc5ab,5647ab9bc5c7
3,5647aba1cdea,0
2,5647ab99c1e9,0
2,5647ab93c9e9,5647ab93c6ad
2,5647ab9b4dee,0
4,5647ab9b5dee,5647ab9b5eb0
3,5647aba3c5e2,5647a8809560
2,5647ab93c5a1,0
1,5647ab99c5a1,5647ab99c55f
2,5647ab9bc9e1,0
2,5647aba949a0,5647aba949b8
2,5647aba94da0,0
2,5647aba94de0,5647aba94df8
2,5647aba94da6,0
2,5647ab9941a5,5647ab9910c5
2,5647ab994da5,5647ab9950a8
7,5647aba1d1e5,5647aba1db11
2,5647ab9bc5e5,5647ab9bc74f
2,5647aba949e4,0
2,5647ab99c1e4,0
2,5647ab9bc9bb,0
2,5647ab93c5ba,5647ab93c560
2,5647ab91cdb9,5647ab91ce88
3,7f91ad321bb9,7f91ad322d80
2,5647ab99c1ff,0
1,5647ab9145bd,5647ab914582
7,5647ab91ddf3,5647ab93c36e
3,5647ab9b4df3,5647ab9b8ce0
2,5647ab91cdf2,0
2,5647aba3c5f1,0
7,5647a939d5b2,5647a93a570e
2,5647ab914db0,5647ab914bc8
2,5647ab9bcdb7,5647ab9bcff0
1,5647ab9bc5f7,5647ab9bc64f
1,7f91ad321ff0,7f91ad3209ef
2,5647aba1cdf6,5647aba1ce1a
2,5647ab93c5b5,0
2,5647ab9b49f4,0
5,5647ab93d58a,5647ab8d1410
2,5647ab9bc5ca,0
2,5647ab93c589,5647ab93c5a3
2,5647ab99c589,0
3,5647aba94d89,5647ab906be0
2,5647ab99c988,5647ab99cce0
2,5647ab93c5ce,5647ab93c5b7
2,5647ab91cd81,5647ab91ce80
2,5647ab914580,5647ab9145b0
1,5647aba14dc0,5647aba12927
2,7f91ad321bc0,7f91ad321fdc
2,5647ab9bc9c5,0
7,5647ab93d5da,5647ab93d442
2,5647ab994d9a,0
2,5647ab9b4dd9,5647ab9b4fa0
2,5647ab93c5d8,5647ab93c630
3,5647ab99c598,5647a8809660
2,5647ab9bc5d8,0
2,5647ab99c99f,0
2,5647ab9b4d9c,5647ab9b4d06
4,5647aba9dd93,5647abaa1dc0
7,5647aba15dd3,5647aba199d5
2,5647ab91cdd2,0
7,5647aba15d92,7f91a874dfa0
2,5647ab9b4d91,0
3,5647ab914590,5647ab8e30e0
2,5647ab91c1d0,5647ab91c1fe
2,5647ab91c197,5647ab91c1cd
2,5647aba94d97,5647aba94db0
4,5647ab99d597,5647ab99d7e0
7,5647aba1d196,5647aba1db7c
5,5647ab915995,5647ab8e0770
2,5647ab9bcd94,0
2,5647ab9bc9d4,0
3,5647ab93456a,5647ab935d20
2,5647ab914d6f,5647ab914d58
1,5647aba1416e,5647aba12ae8
3,5647ab91456c,5647ab8edb60
2,5647ab99c16c,0
2,5647aba1416c,0
1,5647aba34523,5647aba33928
2,5647ab99c122,5647ab99c148
1,7f91ad321366,7f91ad320e38
2,5647ab91c127,0
2,5647abab4967,5647abaa81e1
2,5647ab99c527,5647ab99c598
4,5647ab99d927,5647ab99dd24
2,5647aba14127,0
1,5647ab93c926,5647ab93c641
2,5647aba14125,0
1,5647ab994d64,5647ab994440
1,5647ab99cd24,5647ab99c992
3,5647aba3cd24,5647ab8ff1d0
2,5647ab9b4d3a,0
1,5647aba1cd7e,0
2,5647ab9b4d7d,5647ab9b4d06
2,5647aba94d3c,0
2,5647ab93457c,0
2,5647ab9bcd73,0
2,7f91ad321b74,7f91ad321b60
1,7f91ad321f74,7f91ad32045b
3,5647aba1cd72,0
7,5647ab9b5132,5647ab9b3d74
7,7f91a8100b71,7f91a80fd223
5,5647ab915970,5647ab8d9570
2,5647ab914577,0
1,5647ab99c177,5647ab99c127
2,5647ab99c137,0
3,7f91ad321330,7f91ad316f20
2,5647ab9b4d76,0
2,5647aba3cd36,0
2,5647ab99c575,5647ab99c57c
2,5647ab91c134,5647ab91c168
2,7f91ad321b32,0
3,5647ab934534,5647ab9336b0
2,5647ab99454b,5647ab994503
4,5647aba9d90a,5647aba9a4c7
5,5647ab995d0a,5647ab9d09b0
2,5647aba1cd0a,0
2,5647ab93c94a,5647ab93c71c
2,5647ab9b4d48,0
1,5647ab994108,5647ab990fb6
2,5647ab93450f,5647ab93452d
2,5647ab99c14c,0
1,5647aba1410c,5647aba14119
2,5647ab994903,0
2,5647ab934543,0
2,5647ab93c541,0
1,7f91ad321f07,7f91ad321258
2,5647ab994501,5647ab994528
1,5647ab93c940,5647ab93c77a
4,5647ab99d147,5647ab99d305
2,5647a9394144,0
4,5647ab915105,5647ab90b5e0
2,7f91ad321343,7f91ad32134c
3,5647aba94944,5647a9390420
5,5647ab915904,5647ab8efa90
3,5647ab994544,5647ab730ce0
3,5647aba1cd59,0
2,7f91ad321359,0
7,5647aba3d11f,5647aba2be29
2,5647ab93455f,5647ab934567
1,5647ab93c55e,5647ab93c5b7
2,5647ab93c51c,5647ab93c840
5,5647ab91591c,5647ab8d5460
1,5647ab93cd1c,5647ab93cbde
7,5647ab915113,5647ab95381c
2,5647ab914d53,5647ab914d71
2,5647ab9b4d13,0
2,5647ab93c552,0
2,5647aba94952,5647aba94970
2,5647ab994512,0
2,5647ab934551,0
3,5647ab99c110,5647ab99c1b0
7,5647aba1dd50,5647aba4ec22
7,5647ab9b5d57,5647ab9a6099
2,5647ab99cd16,0
3,5647ab93cd14,5647ab922a30
2,5647ab93c4ab,0
2,5647ab99ccea,0
2,5647aba3cca8,0
3,5647a92344aa,5647a88095e0
2,5647ab91c0ed,5647ab91c120
2,5647aba94cad,5647aba94cc8
1,5647abab48ad,5647abaabdf0
2,5647ab93cced,5647ab93cd08
2,5647ab9b4cec,5647ab9b4e50
3,5647ab9344ac,5647ab26a920
2,5647aba3cca3,0
2,5647ab9344e3,5647ab9344ea
7,5647ab9950a2,5647ab996cf8
3,5647aba3c4a1,5647a88095e0
2,5647aba1cce0,5647aba1cd50
2,7f91ad3212a1,7f91ad3212b6
2,5647ab9b4ce7,5647ab9b4d06
3,5647aba3c4bb,5647ab8cff10
2,5647ab9b48bb,5647ab9b48ce
2,5647ab9344bb,0
1,5647ab9148b9,5647ab9146ab
2,5647ab9b4cf9,5647ab9b4d30
2,5647aba140f9,0
2,5647aba94cf8,5647aba94d10
1,5647aba14cff,5647aba12526
2,5647aba3ccff,5647aba3cc20
3,5647ab99c4fe,5647ab733c50
3,5647ab93c4bd,5647ab91bfb0
2,5647aba94cbc,0
2,5647ab91c0b2,5647ab91c0e9
2,7f91ad3212b4,7f91ad3212b0
2,5647ab9344f2,5647ab934505
1,5647aba348b0,5647aba331af
2,5647aba140b0,0
2,5647aba1c8b7,0
2,5647aba3ccf7,0
2,5647aba94cb6,0
5,5647ab9150f4,5647ab90b5e0
2,5647ab93c4b4,0
3,5647aba3cccb,5647ab8d6600
2,5647ab93c4ca,5647ab93c4d9
1,7f91ad321ecc,7f91ad320d30
2,7f91ad32128c,7f91ad321278
2,5647ab9b48ca,0
2,5647aba140ca,0
1,5647aba3c4c8,5647aba3c35a
5,5647ab915c88,5647ab8d1410
7,5647aba1dcc8,5647aba4ec46
3,5647ab99488f,5647ab9949d0
2,5647ab99c48e,5647ab99c494
2,5647aba3488e,5647aba348aa
3,5647ab9344cd,5647a8809700
7,5647a913d48f,5647a92752b0
1,5647aba1408d,5647aba14093
3,5647ab994883,5647ab9949d0
2,5647aba3ccc3,5647aba3cd20
4,5647ab9bdc82,5647ab9b6000
2,5647ab91c481,5647ab91c06a
2,5647ab93c081,0
2,5647ab99c480,5647ab99c488
2,5647aba1ccc0,0
3,5647ab9344c0,5647ab934740
2,5647abab4887,0
3,5647a92344c4,5647ab8cff10
2,5647aba1ccc5,0
3,5647ab934484,5647ab934740
1,5647ab91c4da,5647ab91c06e
3,5647ab93ccd9,5647ab8cf6b0
2,7f91ad321e9e,7f91ad3203c0
2,5647aba3ccd8,0
2,5647aba344d8,5647aba344f4
1,7f91ad3212d9,7f91ad320376
3,5647abab489e,5647ab95b3e0
1,7f91ad32169b,7f91ad320a06
7,5647a8b1d49e,5647a93697aa
3,5647ab93c4dc,5647ab91bfb0
1,7f91ad321a9a,7f91ad3202e5
3,5647aba94c9c,5647ab906be0
1,5647a92344d1,5647a9234405
2,5647ab934493,5647ab9344a5
1,5647a9234493,5647a9234405
3,5647ab93ccd0,5647ab8e94a0
2,5647ab93c090,0
2,7f91ad3212d0,7f91ad3203c0
7,5647ab91d095,7f91a87353e0
7,5647aba1d095,5647aba1a9fc
2,5647ab9bcc6b,5647ab9bcd69
3,5647aba3c46a,5647ab8cff10
5,5647ab995469,5647ab995670
3,5647ab934428,5647a8809510
2,5647ab9b442f,0
2,5647a923442d,5647a9234434
2,5647ab93c46e,5647ab93c4a2
3,5647a923442f,5647a8809510
2,5647ab91482c,5647ab91483e
2,7f91ad32162a,0
2,5647aba3cc6c,0
2,5647aba1402c,5647aba1403a
1,5647aba34423,5647aba333c4
3,5647ab93c461,5647ab91bfb0
1,7f91ad321667,7f91ad320c4e
2,5647ab914860,0
2,5647aba3c420,0
2,5647aba3cc66,0
2,7f91ad321223,0
2,5647ab91c064,0
1,5647a9394879,5647a9393ecd
2,5647aba3cc7b,0
2,7f91ad32123c,0
3,5647ab99447a,5647a8809540
2,5647ab93c439,0
2,5647ab9b4439,5647ab9b42a5
2,5647ab91c478,5647ab91c026
2,5647ab99c478,0
2,5647aba1cc38,5647aba1cc50
3,5647ab934478,5647a8809510
1,7f91ad321e7b,7f91ad321a8e
2,5647aba3cc3d,0
2,5647aba1403d,0
2,7f91ad321e75,7f91ad3215a7
2,5647ab91c072,5647ab91c0af
2,7f91ad321a74,7f91ad321a70
3,5647aba3cc32,5647ab8fc580
2,5647ab914831,0
2,5647ab994471,0
1,7f91ad321a76,7f91ad3212b6
2,5647ab934430,5647ab9343d3
2,5647ab914837,0
1,5647aba3c476,5647aba3c3ff
2,5647ab934476,0
7,5647aba1dc75,5647aba1aa36
3,5647ab914c34,5647ab8ff1d0
2,5647aba3c434,5647aba3c43b
3,5647ab93c44b,5647ab91bfb0
1,7f91ad32164d,7f91ad320466
1,5647aba1400b,5647aba135a0
1,7f91ad321e0d,7f91ad321e3e
3,5647ab93440b,5647a8809510
5,5647ab91584a,5647ab8d4270
3,5647ab93444a,5647a8809890
2,5647ab914c49,0
7,5647ab93d408,5647ab9537c0
2,5647aba94c08,5647aba94c20
2,5647aba3cc48,0
2,5647ab9b4c0e,5647ab9b4ce0
2,5647aba1c80e,0
2,5647aba3cc4e,0
2,5647ab91484d,5647ab914790
2,5647ab93c40c,5647ab93c430
2,5647aba94c4c,0
2,7f91ad32120a,0
2,5647aba9480c,0
2,5647aba3c443,5647aba3c3f0
2,5647ab93c442,0
3,5647aba3cc02,5647ab8d54a0
2,5647aba34000,5647aba3401b
2,5647aba3c000,5647aba3c2d8
1,7f91ad321a41,7f91ad3203d3
7,5647ab93d446,0
2,5647a9234444,0
2,5647ab934406,0
1,5647ab93c845,5647ab93c53a
3,5647aba34044,5647ab8eea50
2,5647aba3cc5b,0
2,5647ab93441b,5647ab934422
5,5647ab93d41a,5647ab8eb690
2,5647abab4c1a,5647abaa7c16
2,5647aba1c81a,0
2,5647ab93c458,0
1,5647ab9b4418,5647ab9b4277
3,5647a923441d,5647a8809660
1,5647ab91c41e,5647ab91c32e
3,5647aba3441e,5647a8809660
5,5647ab9bd05d,5647ab9bdc90
4,5647ab93541d,5647ab93545b
1,5647ab914c5c,5647ab8f3f20
2,5647aba1405c,0
3,5647a9234411,5647ab8d6440
2,5647aba1cc53,0
1,5647aba34812,5647aba33347
2,5647aba34052,5647aba33e4b
3,5647aba3c451,5647a88095e0
2,7f91ad321e56,7f91ad321e10
2,5647aba3c417,5647aba3c1f0
7,5647ab9b5417,5647ab9b5965
1,5647aba3cc17,5647aba3cc9b
1,5647ab9bc817,5647ab9bc6a0
2,5647ab914c16,5647ab914a50
2,7f91ad321e13,0
1,7f91ad321a12,7f91ad3203db
2,5647abab4814,5647abaa4178
2,5647aba3d3eb,0
2,5647ab99d3ea,5647ab99d75d
2,5647aba35fa9,5647aba35f90
1,5647aba15bef,5647aba159d9
7,5647ab99cfef,5647ab99c6a2
3,5647aba35fef,5647ab8e2d20
7,5647ab994bed,5647ab994894
3,5647ab935fed,5647a8809890
2,5647ab93d7ac,0
3,5647ab99d7ec,5647ab9d0220
2,5647ab995fac,0
2,5647ab9bdbec,5647ab9bdb65
7,5647ab9bcfec,5647ab9b516a
2,5647ab93d3e3,0
2,5647ab93d7a3,0
2,5647ab99d7e3,0
2,5647aba1dba3,5647aba1dbae
1,5647ab9b53e3,5647ab9b53f0
3,5647ab9353e3,5647a8809510
1,5647ab91d3a2,5647ab8f3f20
2,5647aba15be2,0
4,5647ab99c7a2,5647ab99c978
2,5647aba35fe1,0
1,5647ab9bd3a1,5647ab9bd354
2,5647ab9353e1,5647ab9353e8
2,5647ab995ba7,0
2,5647ab935fa6,5647ab935fd1
2,5647aba35fa5,5647aba35fb9
1,5647ababdba4,5647abaa41ae
2,5647ab93dffb,0
7,5647aba1cbfb,5647aba2051e
7,5647ab93c7ba,5647ab956419
2,5647ab995fba,0
5,5647ab9b43f9,5647ab9b6030
7,5647ab99c3b9,5647aba21e10
2,5647ab9353f9,5647ab935400
2,7f91ad320dbe,7f91ad320dd5
2,5647aba35fff,5647aba366ae
2,7f91ad3201b8,7f91ad320f58
2,5647ab9953fe,5647ab995442
2,5647ab9b57bd,5647ab9b5910
1,5647abab53fd,5647abaa21b8
2,5647ab93dff3,0
2,5647ab9157f3,0
1,5647abab53b2,5647abaa223f
2,5647aba3d3f2,5647aba3dc00
2,5647a9395ff3,0
2,7f91ad320df7,7f91ad321330
2,5647ab91d3b1,0
2,5647ab9353b1,5647ab9353b8
4,5647ab99cfb7,5647ab99d170
3,5647aba3dfb7,5647a8809770
2,5647ab91d3b6,0
2,5647ab9157b6,0
1,5647ab93d7b6,5647ab93d579
2,5647a9395ff7,0
2,7f91ad320db3,0
2,5647ab9b53f5,0
2,5647ab93d3f4,5647ab93d410
1,5647abab5bb4,5647abaa7d3c
3,5647ab9353cb,5647a8809510
2,5647ab995fca,5647ab996115
2,5647ab9353c9,0
1,5647aba35f88,5647aba35fa7
2,5647ab935388,0
1,5647aba15bce,5647aba15a9d
2,5647ab995b8e,0
2,5647aba1db8d,0
2,5647ab91d38c,0
2,5647aba3dfcc,0
2,7f91ad3201ca,7f91ad320380
2,7f91ad320184,0
2,5647ab91d3c2,0
2,5647aba1db80,5647aba1dc30
2,5647aba35fc0,0
2,5647aba3d3c7,0
2,5647ab9157c7,0
2,7f91ad3201c1,0
5,5647ab9943c6,5647ab994d60
3,5647aba1db86,5647aba1cc00
2,5647ab99db85,0
2,5647ab995b85,5647ab995d00
2,5647aba1dbc5,5647aba1dc48
2,5647ab9bdbda,5647ab9bdc08
2,5647aba3d3d9,0
4,5647ab9b4bd8,5647ab8f46c0
2,7f91ad320dd8,0
2,5647aba3d3d3,0
7,5647ab9943d2,5647ab991bb0
3,5647aba1db92,5647aba4ec00
2,5647aba35f92,0
2,5647ab9bd392,0
3,5647aba1db97,5647aba572f0
2,5647aba3dfd7,5647aba3dd0f
1,5647ab93d796,5647ab93d505
2,5647ab9b57d6,5647ab9b58a0
2,5647aba35f96,0
2,7f91ad320d93,7f91ad320db9
2,5647ab9157d5,5647ab9158de
2,5647ab935f95,5647ab935f9c
2,5647ab995b94,0
2,5647aba35f6b,5647aba35f7d
2,5647ab93532b,5647ab935332
2,5647aba3d76a,5647aba3d880
2,5647ab93536a,5647ab935371
2,5647ab935f2a,5647ab935f51
3,5647ab935f69,5647a8809890
2,5647ab91df68,5647ab91f140
2,5647ab915b2f,0
1,5647ab99df2f,5647ab99dd64
2,7f91a810012c,7f91a810010a
2,5647ab99d32e,5647ab99d335
2,5647aba1d76e,0
2,5647ab91df2d,0
2,5647aba1d72d,0
2,5647ab9b5f2c,0
4,5647a8814320,7f91a7e201e0
3,5647ab9b5723,5647a880b140
2,5647ab9bdb63,5647ab9bdbcc
2,5647ab9bdb23,0
2,5647aba9df22,0
1,5647ab99d722,5647ab99d539
2,5647ab91d361,5647ab91d3a8
2,7f91ad320d66,0
2,5647ab995360,0
3,5647aba1db60,5647aba1c800
2,7f91ad320520,7f91ad321a30
2,5647ab995b25,0
2,5647ab915b24,0
2,5647ab9b5764,0
7,5647ab93c37b,5647ab95f996
1,5647ab91df7a,5647ab91dea8
3,5647ab91573a,5647ab8f0630
2,5647ab9bdb3a,0
1,5647ab99d779,5647ab99d405
7,5647ab9bc738,5647ab9bbe14
2,5647aba35f7f,0
3,5647ab9bdb3f,5647a8809d10
2,7f91ad32017b,0
1,5647ab99d73d,5647ab99d4cf
2,5647ab9b537d,5647ab9b5350
2,5647ab915b7d,5647ab915740
2,5647ab99d33c,5647ab99ce6d
2,5647ab93537c,5647ab935383
2,5647ab99db33,5647ab99db3a
2,5647ab995b33,0
1,5647aba15b72,5647aba15a69
2,5647ab99db72,5647ab99db79
2,5647ab9bdb72,0
3,5647aba1db72,5647aba1ddc0
2,5647ab91df71,0
2,5647ab995371,0
1,7f91a8100132,7f91a81000c0
3,5647ab995b70,5647ab9a6010
2,7f91ad320d71,7f91ad320d80
3,5647aba1db77,5647aba1d120
2,5647ab995336,5647ab9953f0
2,5647ab9bd376,5647ab9bd38a
2,5647ab9b5774,5647ab9b57d0
3,7f91a8100d08,7f91a80f09d0
1,5647abab5b4a,5647aba9aa08
2,5647ab9b570a,0
1,5647ab9b5b0a,5647ab9b593c
2,5647ab9bdb4a,0
2,5647aba15b0a,0
2,5647ab915708,5647ab915740
2,5647ab995b08,0
2,5647ab995b48,0
2,5647ab9b5348,5647ab9b5355
3,5647ab9bdb08,5647ab9bdaa0
3,5647ab9b5f0f,5647a880b390
1,5647ab99df0e,5647ab99ddcf
1,7f91a8100d0d,7f91a8100af2
2,5647ab91574c,5647ab9157a1
3,5647aba1db0c,5647aba1d1a0
2,5647ab9b5743,5647ab9b58c0
2,5647ab935343,5647ab93534a
3,5647ab935f03,5647a8809510
2,5647aba9df01,0
2,5647ab935f01,0
1,5647ab91df40,5647a92c4700
1,5647ab915b40,5647ab915633
1,5647aba15f00,5647aba15e78
2,5647aba1d746,0
2,5647ab91d345,0
2,5647ab99db45,5647ab99db4c
2,7f91ad320502,0
2,5647ab91df04,5647ab91df20
2,5647aba95304,0
2,5647ab9b5f1b,0
2,5647ab99db5a,5647ab99db61
2,5647ab935f19,5647ab935f20
2,5647aba15b58,0
1,5647ab99d758,5647ab99d46d
2,5647ab935358,5647ab93535f
2,7f91ad320d58,0
2,5647ab9bd35e,5647ab9bcf9f
2,5647ab91d35d,0
2,5647ab995b5d,5647ab995c80
2,5647ab995b1c,0
2,5647ab9b535c,0
2,5647ab9b5353,0
2,5647ab935313,5647ab93531a
3,5647aba1db11,5647aba1c800
3,5647ab9b5710,5647a880b140
2,7f91ad320d51,7f91ad320d80
2,5647ab99d316,5647ab99d31d
1,5647aba1db16,5647aba1dadf
2,5647ab915755,5647ab9156d0
2,5647ab915715,0
2,5647aba15b15,5647aba15c60
2,5647ab9bdb54,0
2,5647ab99d2ab,0
2,5647aba15eeb,0
2,5647aba15aaa,5647aba15ab3
2,5647ab995aea,5647ab995afb
2,5647aba15aea,0
7,5647aba1cea9,5647aba1e37f
2,5647aba3d2a9,5647aba3d763
2,7f91a81000aa,0
2,5647ab9b5ae8,0
2,5647aba1dee8,0
3,5647ab935ea8,5647a8809510
2,5647aba1deaf,0
2,7f91ad3204a8,0
1,5647ab9b5aee,5647ab9b57c3
7,5647aba1ceee,5647aba1cecc
2,5647ab9952ed,5647ab99532d
2,5647ab99d6ec,0
2,5647aba1daec,0
2,5647ab9352ec,0
2,5647ab9156e3,5647ab915b78
7,5647ab91caa2,5647a93d87cb
3,5647ab9b56a2,5647aba06de0
2,5647ab99d2a2,0
2,5647ab9bdae1,5647ab9bdb4c
1,5647ab9152a0,5647ab8f4e80
2,5647ab915aa6,5647ab915db5
1,5647ab99d6a6,5647ab99d26c
2,5647ab935ea6,5647ab935ead
2,7f91ad3204a3,7f91ad3204fc
2,5647ab91dee4,0
3,5647aba15ee4,5647aba16010
2,5647ab9156bb,5647ab9157a1
2,5647ab9156fb,0
2,5647ab935ebb,5647ab935e58
2,5647ab91deba,0
2,5647aba1deb9,0
2,7f91a81000ba,0
2,5647ab9b52b8,5647ab9b52c9
2,7f91a8100cfb,0
2,5647ab9156ff,0
2,5647ab9bdaff,0
2,5647aba15aff,0
2,7f91ad3204f8,0
2,5647aba952be,5647aba952d8
2,5647ab995afe,0
2,5647aba1defc,5647aba1dec0
1,5647ab99def3,5647ab99de34
2,5647aba1def3,0
3,5647ab935eb3,5647a8809510
5,5647ab93c2f2,5647ab8edcc0
2,5647ab91def2,0
2,5647ab915ab2,0
2,5647ab9b56b1,5647ab9b58e0
7,5647ab9bcab1,5647ab9bbfb8
2,5647ab995af0,5647ab995ae0
2,5647ab91d2b7,5647ab91d2c3
1,7f91ad3204b0,7f91ad3204c1
2,5647aba15ab6,5647aba15abf
3,5647aba1def5,5647a9ea4400
2,5647ab91deb4,5647ab91dee0
2,5647aba15af4,5647aba15afc
3,5647aba3d28a,5647aba226e0
2,5647aba15eca,5647aba15ed8
7,5647aba1ce89,5647a99103d5
2,5647ab9b5289,5647ab9b52a0
7,5647ab9b42c9,5647ab9b2ca4
5,5647aba1cec9,5647aba1cee0
2,5647ab935e88,0
2,5647aba15a8f,5647aba15bc0
1,5647aba15acf,5647aba159d9
1,7f91a8100ccc,7f91a8100bd2
2,5647ab995ace,0
2,5647aba1decd,0
5,5647aba3468d,5647aba36960
1,5647ab91528c,0
7,5647ab91ce83,5647ab0ab7d1
2,5647aba9dec3,0
2,5647ab9b5283,0
2,5647ab99de83,5647ab99dec5
2,5647ab915ac3,5647ab915da6
2,5647aba15ac2,5647aba15bd8
2,5647aba95282,5647aba952a0
7,5647ab9942c1,5647ab9939ec
2,5647ab91d2c1,0
2,5647aba1d681,0
1,5647ab99dec0,5647ab99d6e0
2,7f91a81000c3,7f91a8100108
1,5647ab99d6c7,5647ab99d203
2,5647aba1d6c7,0
2,5647ab91dec6,0
1,5647ab9bdac5,5647ab9bdadb
2,5647aba15e85,0
1,5647ab9156c4,5647ab91574e
3,7f91a8100cc7,7f91a80f09d0
3,5647ab9156db,5647ab8d1510
1,5647ab99dedb,5647ab99de97
2,5647aba1d69b,5647aba1d660
2,5647aba15adb,0
2,5647ab915a9a,0
2,5647ab9952d9,0
2,7f91a810009a,0
2,5647aba15a9f,5647aba15aa7
1,5647aba1d6df,5647aba1d726
2,7f91a81000dc,7f91a8100126
4,5647ab99ce9e,5647ab99cfc0
7,5647aba1cede,5647aba1ce3b
2,5647ab9b5292,0
2,5647ab935e91,0
1,5647ab995ad7,5647ab995aec
2,5647aba3d297,0
2,5647ab915296,5647ab9152a0
2,5647aba1da96,0
1,5647ab915296,7f91a7e87420
3,5647ab935e96,5647a8809510
5,5647ab914a95,5647ab9667a0
2,5647ab995ed5,5647ab995f60
3,5647ab935ed5,5647a8809890
7,5647ab9b4a2b,5647ab9a059f
2,5647aba35e2b,5647aba35d50
5,5647ab914a68,5647ab8d5400
2,5647ab91de68,5647ab91df60
2,5647aba1de6f,0
2,5647ab91de2e,0
2,5647aba35e6d,0
2,5647ab9b5a2c,5647ab9b5a5b
2,5647ab9b5e6c,5647ab9b5dd0
1,7f91a8100c21,7f91a8100b60
2,5647aba3d221,5647aba3e247
2,5647ab91de60,0
2,5647ab935e67,0
2,5647ab9b5626,0
2,5647ab935e26,5647ab935e30
2,5647ab915665,0
3,5647aba3d265,5647aba3f220
3,5647ab915a3b,5647ab8cf6b0
2,5647ab9b5a7b,5647ab9b5a50
2,5647aba1de7a,0
2,5647ab935e7a,5647ab935e81
5,5647aba1ce79,5647ab9833f0
2,5647aba1d638,0
7,5647ab91ce7c,5647ab91cad9
3,5647ab935e7c,5647a8809510
3,5647ab915633,5647ab8e4a70
3,5647aba1d673,5647a880a960
2,5647ab91de71,5647ab91deb0
3,5647aba95271,5647a938b640
2,5647ab995a30,0
4,5647aba94e37,5647abaa4258
2,5647aba15a76,0
2,5647aba1de36,5647aba1de68
1,5647ab995674,5647ab995680
2,5647aba3d274,0
2,5647ab9b560b,5647ab9b56a2
2,5647a939d608,0
2,5647ab91560a,0
2,5647ab91564a,0
2,5647ab915a0a,5647ab915948
2,5647ab91de49,0
2,5647ab9b5649,5647ab9b5692
2,7f91a8100c4a,7f91a8100cf8
3,5647aba3d208,0
4,5647ab99c20f,5647ab99c388
2,5647aba3d20f,0
2,5647ab9b520d,0
2,5647ab9bde0c,0
3,5647ab935e43,5647a8809510
1,5647ab9b5a42,5647ab9b594e
3,7f91a8100c01,7f91a80ff350
2,5647aba9d601,0
2,5647ab935e41,0
2,5647ab995a40,5647ab995abd
1,5647aba1d200,5647aba1d1ae
2,5647aba35e00,0
2,5647aba1d647,0
2,5647ab9bde47,5647ab9bde4f
2,7f91ad320402,7f91ad321040
2,7f91ad32045d,7f91ad3215f0
1,5647aba1d65b,5647aba1d691
2,5647ab9bde1a,5647ab9bde00
2,7f91ad32001f,7f91ad321660
2,5647ab9b5a59,5647ab9b5a30
2,5647ab9b5619,5647ab9b5880
2,5647ab91561f,5647ab915a6c
2,5647ab9bde5f,0
2,5647ab99de1c,5647ab99dedd
1,5647ab9b521c,5647a8809d10
2,5647aba35e1c,0
2,5647aba1d613,5647aba1d631
3,5647aba3d253,5647aba29310
2,5647ab935e52,0
2,5647ab915651,5647ab916070
2,5647ab99d251,5647ab99d68a
3,5647aba35e11,5647aba35f30
3,7f91a8100c13,7f91a80ff3f0
2,7f91ad320c50,7f91ad321ebf
2,5647a939d617,5647a939d58d
2,5647ab915a54,0
2,5647aba159eb,5647aba15b5e
2,5647ab9bddab,0
2,5647aba95daa,5647ababa199
3,5647aba1ddaa,5647ab8d6440
2,5647ab9355aa,5647ab9355ca
2,5647ab9355ea,0
2,5647ab99d1e8,5647ab99d6ab
2,5647ab935de8,5647ab935e23
2,5647ab915daf,0
2,5647ab93d5ae,0
2,5647ab9bddee,0
2,5647ab9159ad,0
2,5647ab995dac,5647ab995b8b
2,5647aba1d1ac,5647aba1d1f0
2,7f91a8100baf,7f91a8100c30
2,5647ab91dda3,0
2,7f91ad3203e5,7f91ad320680
2,5647ab9159a3,0
3,5647aba35da3,5647ab8e2d20
2,5647a939d5a0,0
2,5647ab9bdde2,0
1,5647ab91d5e1,5647ab91d37f
3,5647aba1dda1,5647ab8d6440
3,5647aba3d1a1,5647ab8d6440
2,7f91ad320fa6,0
7,5647ab9145a6,5647ab911adc
2,5647ab93d5a6,0
2,5647a939d5e7,0
2,5647ab9355a5,5647ab935550
2,5647aba1d5a5,0
2,7f91a8100be7,0
1,5647ababd9ba,5647abaad904
2,5647aba15dba,5647aba15dcd
1,5647ab9bddfa,5647ab9bde12
2,5647ab9355ba,5647ab9355c1
2,5647aba1ddf9,5647aba1de18
3,5647aba35db9,5647a8809520
2,5647ab915db8,0
2,5647ab9b51b8,0
1,5647aba1ddb8,5647ab8d6440
2,5647aba3d1b8,0
2,5647aba95dbf,5647aba95dcc
2,5647ab935dbf,5647ab935dc6
3,7f91a8100bbc,7f91a8100080
1,5647aba3d1fe,5647aba3cf99
3,5647ab9355bc,5647a8809510
2,7f91ad320bb5,7f91ad321b28
2,5647aba95df3,0
2,5647ab9159b3,5647ab915c70
3,5647aba3d1f2,5647ab8d6440
2,7f91ad3203f7,7f91ad3219a0
7,5647ab99c9b1,5647ab999cb5
2,5647aba35db0,0
4,5647aba949f7,5647abaa4150
2,5647aba9d5f7,0
2,5647ab99ddb7,5647ab99def8
2,5647aba1d1f7,0
2,7f91a8100bb4,7f91a8100ba8
2,5647aba9d5b6,0
2,7f91ad3203b0,0
1,5647aba159b5,5647aba15b42
1,5647ab9355f4,5647a8809d10
1,5647abab518a,5647abaa59dc
3,5647aba35d88,5647a8809fd0
2,5647ab9355c8,5647ab9355b0
3,7f91a8100b8b,7f91a80f0a80
2,5647ab9bddcf,0
3,5647ab9355cf,5647a8809d10
7,5647ab93458f,5647aba45199
2,7f91a8100bcc,7f91a8100cc0
1,5647aba1d98d,5647aba1d610
2,5647aba3d18d,0
2,5647aba1598c,5647aba15b40
2,5647aba3d1cc,0
2,5647aba15983,0
3,5647ab9b5983,5647ab9b5d70
3,5647ab9b5d83,5647aba06de0
2,5647ab99d583,0
2,5647aba1ddc3,5647aba1ddd0
2,5647aba1d1c3,0
3,5647ab9bddc3,5647ab9c81d0
2,5647ab91ddc1,5647ab91ddda
1,7f91ad3203c7,7f91ad320304
2,5647ab915dc1,0
2,5647aba1dd81,5647aba1dd94
2,7f91a8100b82,0
1,7f91ad320bc6,7f91ad320b7d
2,5647aba9dd80,5647abab6a26
3,5647aba3dd80,5647ab8d6440
3,5647ab935580,5647a8809510
2,7f91ad320bc1,7f91ad320b5d
2,5647ab93d5c6,0
3,5647aba35dc6,5647ab8e2d20
2,5647aba3d186,0
2,5647aba95dc5,0
1,5647aba3dd85,5647aba3d88d
2,5647aba159c4,5647aba15a88
2,7f91a8100bc7,7f91a8100c30
2,7f91a8100b9a,7f91a8100bb1
2,7f91ad320f9e,0
3,5647aba1dd98,5647ab8cf6b0
2,5647ab9bdd98,0
2,5647aba95d9f,0
3,5647ab9355de,5647a8809d10
3,5647ab995d9c,5647ab995f70
2,5647aba1d59c,0
2,5647ab9355dc,0
2,7f91ad3203d5,7f91ad3219b8
2,5647aba35d93,0
2,5647aba3d193,5647aba3d19a
1,5647ab915dd2,5647ab915b1e
2,5647ab9b5d92,5647ab9b5e50
2,5647ab9b51d2,5647ab9b5200
2,5647aba1d1d2,5647aba1d1df
2,5647aba35dd2,0
2,5647aba3d1d2,0
3,5647ab935592,5647a8809510
7,5647ab99c591,5647aba43b4b
1,5647ab9b5990,5647ab9b57c3
2,5647ab935590,5647ab935597
2,5647ab935dd0,5647ab935dd7
2,5647ab93d597,5647ab93d4a0
1,5647abab5196,5647abaac2a1
2,5647ab91d5d5,0
2,5647aba15995,5647aba15c40
2,5647aba1d52b,0
3,5647a8b1d528,5647a8809610
2,5647ab9b596a,5647ab9b5ae0
2,5647ab915929,0
2,5647ab9bd129,5647ab9bcf73
2,5647ab91d128,0
3,7f91a8100b2c,7f91a80f0820
2,5647ab9b592e,5647ab9b5af8
2,5647aba3d16e,0
1,5647ab9b516e,5647ab9b5115
3,5647ab93556e,5647a8809510
1,7f91ad320b2b,7f91ad320a06
2,5647aba35d6d,0
3,5647aba3dd6c,5647ab8d6440
2,5647ab93556c,5647ab935573
2,5647aba35d23,0
4,5647a8814120,5647ab8d5400
2,5647ab995d22,5647ab995d7a
2,5647ab9b5122,0
2,5647ab9bdd21,0
3,5647ab9b5960,5647ab9b5410
2,5647ab99d120,5647ab99d127
7,5647ab994520,5647ab99a62c
3,5647ab9b5d60,5647ab9a7010
2,7f91ad320b60,0
2,5647a8b1d565,0
2,5647aba15d65,0
2,5647ab93d525,5647ab93d790
7,5647ab9b4d25,5647ab996354
1,5647ab9b5d65,5647ab9b5cce
2,5647aba1d565,5647aba1d57d
3,5647ab9b5165,5647ab9bcc20
2,7f91ad320b22,7f91ad320b10
2,5647ab99d524,5647ab99d70c
3,5647aba35d64,5647ab8d6440
2,7f91ad320f7c,0
2,5647aba1d53a,0
2,5647aba35d7a,5647aba35e60
2,5647aba3dd39,0
3,5647ab99d17f,5647ab9d0220
1,5647ab91593f,5647ab915958
2,5647aba3dd3f,0
2,5647aba1597e,5647aba159c0
2,5647ab93557e,5647ab935585
1,5647ab91d13e,5647ab91cfac
1,7f91ad32037b,7f91ad31ffbe
2,5647aba1d13d,5647aba1d165
8,7f91ac90a77b,7f91ac90a77d
2,5647ab99d133,0
1,5647a8b1d570,7f91a7e87ba0
2,5647ab91d133,0
2,5647ab935532,0
2,5647ab935d72,5647ab93601e
2,5647aba35d30,0
2,7f91a8100b33,0
3,5647aba15d77,5647a88095d0
2,5647ab99d577,0
3,5647aba1d177,5647a8809890
2,7f91ad320370,0
2,5647aba1dd36,0
2,7f91ad320f73,0
2,5647aba15935,0
2,5647aba3d174,0
3,5647aba3dd74,5647a8809d10
2,5647aba3d10b,0
1,5647aba35d4a,5647aba35d80
7,5647aba3cd4a,5647aba336ac
2,5647ab93554a,5647ab9355a7
2,5647ab99dd49,5647ab99df13
2,5647aba3dd09,5647aba3dfa8
2,5647aba15d08,0
2,5647ab93d508,5647ab93d7a0
2,5647ab99d908,0
2,5647ab99d108,5647ab99d10f
2,5647ab915948,5647ab91594f
2,7f91ad320b09,0
4,5647aba94d4f,5647abaa4258
2,7f91ad320308,7f91ad3214f0
3,5647ab9b514e,5647ab9b5340
2,5647aba15d0d,5647aba15d40
3,7f91ad320345,7f91ad31e870
2,5647aba15d03,0
2,5647aba15d43,0
2,5647ab9b5942,5647ab9b59f8
2,7f91a8100b41,0
1,5647abab5941,5647aba93bda
7,5647ab99c141,5647ab9a0c4d
3,5647aba3dd01,5647ab8d6440
2,5647ab935d45,5647ab935d4c
3,5647aba35d5b,5647ab8d6440
5,5647aba3451b,5647aba36960
2,5647aba9dd5a,5647abaa9010
2,5647ab9b595a,0
7,5647aba1cd1a,5647aba206eb
2,5647ab93555a,5647ab935561
2,5647ab91d11a,0
2,5647aba3dd58,0
4,5647ab9b4d5f,5647ab9b4dc8
3,5647aba3d15f,5647ab8e2d20
3,5647aba3dd1f,5647ab8e2d20
4,5647a939415c,5647a9394873
2,5647aba3dd5e,0
2,7f91ad320b5b,7f91ad320bc3
3,5647aba15d5c,5647ab8d6490
4,5647ab99c15c,5647ab99c168
3,5647ab93555c,5647a8809510
2,7f91ad320315,7f91ad3214f0
7,5647ab994913,5647ab99ef91
2,5647ab935d53,5647ab935d5a
4,5647a8814110,0
2,5647a8b1d550,0
2,5647ab995d12,0
2,5647ab915952,5647ab915a21
3,5647aba3dd12,5647a8809520
2,5647ab99d911,0
2,5647aba3dd51,0
3,5647ab9b5910,5647a880b140
2,5647aba35d50,0
1,5647a8b1d513,5647a8b1d483
2,5647aba95d56,5647abab718f
1,5647abab5556,5647aba9a525
3,5647aba1d556,0
2,5647ab93d514,0
3,5647aba3d8ab,5647a8809520
1,5647abab54ea,5647aba9b005
2,5647aba3d0aa,5647aba3d238
7,5647ab9b48aa,5647ab9b9387
2,5647aba3d8ea,0
2,7f91ad320aaf,0
3,5647ab915ca8,5647ab8f0630
1,5647ab91d4e8,5647ab91d37f
2,7f91a8100aec,7f91a8100b78
2,7f91ad3202e8,7f91ad320680
2,5647aba9d8ad,5647abab2e52
2,5647ab93d4ad,0
1,5647ab915cad,5647ab915a05
5,5647aba3cced,5647ab8d9570
3,5647ab9b50ad,5647ab9b48b0
2,7f91ad320aaa,0
2,7f91ad320eaa,7f91ad31ff28
2,5647aba9d8a3,0
3,5647aba1d8e3,5647a8809560
2,5647ab9354e3,5647ab9354d0
2,5647aba3d8a2,0
2,5647aba3d0a0,5647aba3d0a7
3,5647ab91d4e0,0
2,5647ab91d0a7,5647ab91d013
2,5647ab9158e6,5647ab915a21
2,7f91ad320ea3,7f91ad320eb0
2,5647aba3dca5,0
2,7f91ad320ae2,0
1,5647aba15cfb,0
2,5647ab99d4ba,5647ab99d727
1,7f91ad320ebf,7f91ad31ff28
5,5647aba3ccb9,5647ab8d5460
2,5647ab9b50b9,5647ab9b5138
1,5647ab93d4f9,0
2,5647ab9b5cf8,5647ab9b5d41
3,5647aba3d8b8,5647ab8e2d20
2,5647ab9150fe,5647ab915110
2,5647aba15cfe,0
4,5647ab99ccfe,5647ab99cd12
3,5647aba3dcbe,5647a880b560
1,5647a8b1d4bd,7f91a7e87420
1,5647ab93d4bd,5647ab93d5b9
2,5647aba1d4fd,5647aba1d519
2,5647ab93d4fc,0
2,5647aba1d4bc,0
2,5647ab9b58f3,5647ab9b56e9
3,5647aba3dcb3,5647a880b550
3,5647aba3dcf2,5647aba2dba0
1,7f91ad320ab7,7f91ad320ac9
1,5647ab9b58b1,5647ab9b57a3
1,5647ab9950b1,5647ab995080
2,5647ab99d8b0,5647ab99e011
2,5647ab99d0f0,5647ab99d0f7
2,5647aba9d8f7,0
2,5647aba1d8f7,0
3,5647aba3d0f6,5647ab8d6440
2,7f91ad320eb3,0
2,5647ab93d4b5,0
2,5647aba1dcb5,0
1,5647aba3d8f5,7f91afb51f60
2,5647a8b1d4b7,5647a8b1d510
1,5647ab995c8b,5647ab995b63
2,5647ab91588a,0
3,5647aba3d08a,5647aba2cbd0
3,5647aba3dc8a,5647ab9716b0
2,5647ab9354ca,5647ab9354df
2,5647aba9d889,0
2,5647ab995c89,0
2,5647aba3dcc9,0
1,7f91ad32068e,7f91ad320d30
2,5647ab9b5cc8,5647ab9b5d60
2,7f91ad320e89,0
2,5647ab91588e,0
7,5647ab9b48ce,5647ab9b50b2
2,7f91ad320a8b,7f91ad321680
2,5647ab99508d,0
1,5647a913d48e,5647ab8d1410
2,5647ab93d4cc,0
7,5647ab9b48cc,5647ab9b50b2
1,5647ab9354cc,5647ab93552a
2,5647ab93d482,5647ab93d4c8
3,5647aba1d4c2,5647a880a620
7,5647aba1c8c2,5647aba2058c
2,5647a8b1d481,5647a8b1d4a0
2,5647ab91d081,0
3,5647ab9b5880,5647ab9a7010
7,5647ab994487,5647ab992ad8
2,5647aba3d887,5647aba3dc60
1,5647ab91d4c6,5647ab91d37f
1,5647ab9b5885,5647ab9b561f
2,5647aba1d085,0
2,5647ab935484,5647ab93548b
2,5647ab93d49a,5647ab93d5a0
3,5647a913d498,5647a8809d10
2,7f91ad320a9f,7f91ad321c73
2,5647aba9d899,0
2,5647ab99d0d8,5647ab99d0df
2,5647ab9158d8,5647ab915828
2,5647aba1d8d8,0
1,5647a913d49d,5647a913d438
3,5647aba3dcdf,5647ab8e2d20
1,5647a8b1d49d,5647aa0c7e28
7,5647ab93c09e,5647ab9337bc
7,5647ab99c49d,5647ab99e2e4
2,5647aba1d4dd,0
2,5647ab9354dd,5647ab93552a
3,5647aba3d8dc,5647aba3fc60
2,7f91ad320a95,7f91ad321d2c
2,5647a8b1d490,5647a8b1d528
2,5647aba9d893,0
2,5647ab935493,5647ab935332
1,5647aba15892,5647aba12753
1,5647ab9b58d2,5647ab9b5751
3,5647aba3dcd2,5647a8809520
5,5647aba3cc90,5647ab8e0770
2,5647ab915897,5647ab9158d0
2,5647ab93d496,0
3,5647aba3dc96,5647ab8d6440
2,7f91ad320e93,7f91ad320e9a
2,5647ab9b5cd5,0
2,5647aba1dc6b,0
1,5647ab93d42a,5647ab93d3f6
3,5647ab91586a,5647ab8d1510
2,7f91ad320e6f,0
3,5647ab9bdc68,5647ab9be090
2,5647a913d46d,0
2,5647ab91582f,5647ab9158de
2,5647ab9bd06f,0
3,5647a8b1d46e,5647a880a0b0
1,5647a8b1d46e,5647ab8e30e0
1,5647aba15c6d,5647aba159a8
3,5647ab91d06c,5647ab8ef5b0
2,5647ab93546c,5647ab935473
1,5647ab915822,5647ab915835
2,5647a939d423,5647a939d5e0
2,5647ab93d420,0
2,5647aba9d826,0
2,7f91ad320e7d,0
3,5647ab93d47a,5647ab8d1510
2,7f91ad320a7f,0
1,5647ab995479,5647ab99535e
3,5647aba1dc38,5647aba1dd70
2,5647aba9d87f,0
2,7f91ad320a38,0
2,5647ab91d03e,0
2,5647ab9bd07e,5647ab9bd36f
1,5647aba1dc3d,5647aba1db86
2,7f91ad320674,7f91ad31fff2
2,5647ab915872,0
3,5647aba1d071,5647ab8d6440
3,5647aba3dc70,0
2,5647ab9bdc70,0
2,5647aba9d877,0
1,5647abab5476,5647abaa2202
2,5647ab99dc36,5647ab99dc3d
3,5647aba3d076,5647aba32ef0
2,7f91ad320a33,7f91ad320a87
7,5647ab914874,5647ab913d2b
2,5647a913d436,5647a913d490
2,5647ab91d034,0
7,5647ab91c409,5647ab93c4e1
2,5647ab91d049,0
7,5647aba1cc09,5647aba1db8b
2,7f91ad320a09,7f91ad32204d
2,5647a939d40c,0
2,5647ab91d00d,5647ab91d0a0
2,5647ab93540d,0
3,5647ab9bdc0c,5647a8809d10
5,5647ab914c03,5647ab8d5480
2,5647ab9bdc43,0
2,5647aba35c41,5647aba35d20
1,5647ab91d001,0
3,5647aba3dc00,5647ab8d7470
7,5647ab9bcc00,5647ab9bb490
1,5647aba3d407,5647aba3d0ef
4,5647ab994447,5647ab7793a0
2,5647ab99d847,5647ab99dff0
1,7f91ad320a40,7f91ad320a51
1,5647aba3dc05,5647aba3d3ff
2,5647ab91d004,0
2,5647ab99dc44,5647ab99d0c7
2,5647ab9b5004,5647ab9b5010
2,5647ab9bd004,0
2,5647ab91d05b,0
2,7f91ad320e5c,7f91ad320e67
2,5647ab91d01a,0
2,5647a939d41b,0
2,5647ab915859,0
2,5647aba1dc58,0
4,5647aba94c5f,5647abaa4258
2,5647ab9bd01f,0
4,5647aba9481f,5647abaa4258
2,5647a8b1d45d,5647a8b1d483
2,5647ab99dc1e,5647ab99dc25
7,5647ab914c5d,5647ab8d95f1
7,5647aba1c81c,5647aba33159
2,5647ab915853,5647ab915828
2,5647ab91d052,0
1,5647ab9bdc11,5647ab9bdbe6
2,5647ab9bd011,0
1,5647aba15c51,5647aba159a8
3,5647a913d455,5647ab924c10
5,5647ab9b4416,5647ab9b4be0
2,5647ab995456,0
2,5647ab99d455,5647ab99d742
1,5647ab9b5014,5647a880b2f0
7,5647a9234456,5647a91814de
2,5647aba3e3ab,5647aba3e3c3
2,5647aba167ab,5647aba167c5
2,5647ab9963ab,0
2,5647aba3ebea,0
2,5647a913ebe8,0
1,5647a913e7ea,5647a913e4c2
2,5647ab99ebe8,0
2,5647ab996ba8,0
2,5647ab93efaf,0
2,5647ab9967ae,5647ab9968ab
1,5647ab996bae,5647ab99644e
3,5647aa016faf,5647a8809ac0
3,5647aba36fae,5647ab8e2d20
2,5647aba9efae,5647aba9f050
2,5647ab9be3ad,0
2,5647aa016fed,0
3,5647ab93efe3,5647ab93f4f0
3,5647aba167a3,5647aba17530
3,5647ab9963e3,5647a8809510
2,5647ab91eba2,0
2,5647a9396ba3,0
3,5647aba3eba1,5647a9396dd0
2,5647a913eba3,0
3,5647aba36fa1,5647a8809520
3,5647aba36fe1,5647ab8da330
5,5647ab9b7fa1,5647ab9b7d80
2,5647a98367a2,0
3,5647ab916be0,5647ab916d40
2,5647ab91efe0,0
1,7f91ad3239e6,7f91ad323b38
2,5647ab99e7e7,0
1,5647a98367a4,5647a98367f0
2,5647ab93ebe5,5647ab93ed10
2,5647a98363a6,0
2,5647aba167e4,0
2,5647aba16fe4,5647aba16feb
3,5647aba1e3e4,5647aba1ec10
2,5647ab93efbb,0
1,5647ababe3bb,5647abaa598a
2,5647ab9967fb,0
2,5647aa016fba,0
2,5647aba3ebba,0
1,5647a9396bfb,5647a9396b90
3,5647a98363bb,5647a9261040
2,5647aba3ebf9,0
2,5647aba96fb9,5647abab7b78
2,5647aba16bb8,5647aba171cd
2,5647ab9963f8,0
3,5647ab9963bf,5647ab9987b0
2,5647ab9963ff,0
3,5647aba1e3ff,5647aba1fed0
2,5647ab99ebfe,5647ab99ec13
2,5647a98367ff,0
2,5647ab93ebfd,5647ab93edb0
2,5647a913e3fe,0
3,5647ab99ebbc,5647ab99ee40
1,7f91ad323dba,7f91ad323b08
2,5647aba3ebb3,0
2,5647a93963b0,0
2,5647aba167f2,5647aba16dfc
2,5647aba16ff2,5647aba17005
1,5647a9396bb2,5647ab8d7940
2,5647aba3ebf0,0
2,5647a913ebf2,5647a913ee00
2,5647ab91efb0,0
2,5647ab9963b0,0
2,5647aba1e3b0,5647aba1e3c4
2,5647ab91ebb7,0
2,5647aba96ff7,0
2,5647ab91eff7,0
2,5647aba167b7,5647aba167c5
3,5647ab99e7b7,5647ab99f600
2,5647ab91ebf6,0
2,5647a93963b4,0
2,5647ab9963b6,0
2,5647aa016ff7,0
2,5647ab9be3b6,0
2,5647ab93eff5,0
2,5647ab93ebf5,0
2,5647aba3e3f5,5647aba3e358
3,5647aba36ff5,5647ab8eea50
2,7f91ad3239f3,7f91ad323f80
2,5647a913e7b6,5647a913e896
3,5647ab916bcb,5647ab8dd250
2,5647ab9963cb,5647ab9963db
2,5647ab99e78a,0
3,5647a983678b,5647ab967110
5,5647ab997788,5647ab9b4be0
3,5647aba3e3cf,5647ab8d6f50
1,5647ab996b8f,5647ab9964ec
1,5647ab9befcf,5647ab9beffa
2,5647ab93efce,0
2,5647aba3eb8d,0
2,5647ab9befcd,0
3,5647ab99ef8c,5647ab994740
2,5647ab93efc3,0
2,5647ab99e7c3,5647ab99e7da
2,5647ab91eb82,0
1,5647a9396b80,5647a9396b57
3,5647aba16782,5647a8814320
2,7f91ad323987,7f91ad322f00
2,7f91ad3239c7,0
2,5647ab91ebc0,0
2,5647aba3ebc0,0
2,5647ab91efc0,0
3,5647aba3e3c7,5647ab8db460
2,5647aba1e386,0
2,5647ab9be3c6,5647ab9be427
2,5647aba3eb85,0
3,5647aba167c5,5647a880b140
3,5647ab99eb85,5647a8809560
2,5647ab99e785,0
2,5647ab916bc4,0
2,5647aba36fc4,0
2,5647aba3e3db,0
2,5647ab99679b,0
2,5647ab91eb99,0
4,5647a983f39b,0
2,5647a983639a,0
2,5647aba36f98,0
2,5647ab9be398,5647ab9be2f7
3,5647aba3e39f,5647a880ae10
2,5647ab9963de,0
2,5647ab91ebdd,0
2,5647ab99e79d,0
2,5647aba1e39d,0
2,5647ab91ef9c,0
3,5647aa016fdd,5647a8809540
2,5647ab996bdc,5647ab996c3d
2,5647a9836391,0
2,5647aba3ebd3,5647aba3ed90
2,5647ab99e793,0
3,5647ab9967d3,5647a8809560
4,5647aba9f3d2,5647abaa6f88
2,5647ab99ebd2,0
1,5647a98363d0,7f91aaf3f420
2,5647a913e393,0
2,5647aba36fd1,5647aba381ce
2,5647ab99eb90,0
2,5647aa016fd1,0
1,5647ab9bef97,5647ab999240
2,5647ab93efd6,0
2,5647aba1e396,0
2,5647ab91ebd4,0
5,5647ab9973d4,5647ab997050
2,5647ab99632b,0
3,5647aa016f2a,5647a8809ac0
7,5647ab9b772b,5647ab9b60e4
2,5647aba16b2a,0
3,5647aba3eb29,5647aba2d5a0
7,5647ab0b7f2f,5647ab0b9af0
2,5647a913e76d,5647a913e748
7,5647aa01732e,5647aa0181b4
2,5647aba36b2f,0
2,5647aba3e36e,5647aba3e390
2,5647aba36f6e,0
2,5647ab996b6d,0
2,5647aba9ef6d,0
2,5647aba9ef2c,0
1,5647a9396b6e,5647ab91d5d0
2,5647ab996323,5647ab9961ab
1,5647a9396b20,5647ab8d1410
1,5647ab99e762,5647ab99e774
7,5647ab93f761,5647ab93e8dd
2,5647aba16b21,0
2,5647ab916b60,0
3,5647aba3e360,5647aba6c6e0
2,5647aba16760,0
2,5647aba36b27,0
2,5647ab9be327,0
1,5647ab996765,5647ab996794
2,5647ab996724,5647ab99672b
2,5647ab9be364,0
2,5647ab91ef7b,0
2,5647ab99637b,5647ab9964bf
3,5647aba1e37a,5647aba1ce90
3,5647aba36f79,5647ab8e2d20
3,5647aba16738,5647ab9d0220
2,5647aa016f3e,0
2,5647ab996b7f,5647ab996c59
2,5647ab93ef7e,5647ab93e8c2
2,5647ab91eb3e,0
2,5647ab99633e,5647ab99647d
2,5647ab91eb7d,5647ab91eb60
1,5647abab6b3c,5647abaa506d
2,5647ab91eb33,0
2,5647ab9be333,0
2,5647ab99e772,5647ab99e782
2,5647a913eb33,0
2,5647ab996371,0
2,5647aba3eb30,0
2,5647a913e772,5647a913e7a5
2,7f91ad323131,0
3,5647aba3eb77,5647ab9af010
2,5647ab99e777,5647ab99e768
2,5647ab996737,0
2,5647ab9be377,0
2,7f91ad323970,7f91ad322f00
2,5647aba36b36,5647aba36b44
4,5647aba97736,5647abaa4150
2,5647aba3e374,0
3,5647ab91ef74,0
2,5647aa016f35,5647aa017b22
2,5647aba1e334,0
2,5647aba3eb0b,0
2,5647a913e709,0
2,5647ab99eb0b,0
2,5647ab91eb4a,0
1,5647aa016f4b,5647aa016f9a
2,5647a913e74b,0
2,5647a913eb4a,5647a913eb96
3,5647ab99ef4f,5647ab9d0310
2,5647ab99674f,5647ab9963f0
1,5647aba36b4f,5647aba36ac8
2,5647aba16f0e,5647aba17111
3,5647ab99670e,5647a8809510
2,7f91ad32314b,0
2,5647a983630e,0
2,5647ab99670c,0
1,5647a939674e,5647ab8d7360
2,5647a9396700,0
3,5647aba3eb01,5647aba3f460
3,5647aba9ef00,5647a96bc370
2,5647a913e742,0
2,5647ab9be340,5647ab9be81f
3,5647aba36b47,5647ab8d7470
2,7f91ad323d01,7f91ad323b38
2,7f91ad323d41,7f91ad324028
2,5647aba36f46,5647aba36f4d
2,7f91ad323103,0
2,7f91ad32315c,7f91ad323170
2,5647ab99eb1a,0
3,5647aba36f1a,5647a8809890
2,5647ab91ef59,0
3,5647aba36b19,5647ab8d01a0
2,5647a9396b5a,0
1,5647abab6758,5647abaaa612
2,5647a983631d,0
2,5647ab9be35e,0
2,5647ab99e75d,0
2,5647ab9be31d,5647ab9be346
2,7f91ad32311a,0
1,7f91ad32395a,7f91ad3232c8
2,5647a9836350,0
3,5647aba16b52,5647ab9d0220
1,5647ab916f11,5647ab916e0f
1,5647abab6311,5647aba9ef35
2,7f91ad323156,0
3,5647abab6750,5647aba6db90
1,5647a9396b52,0
2,5647ab9be310,0
2,5647ab9be350,0
2,5647a9396b55,5647a9396b78
5,5647ab9bfb16,5647ab9aba40
2,7f91ad323d13,7f91ad323e38
2,7f91ad323d52,7f91ad324086
5,5647aba372eb,5647aba21e00
3,5647ab9966aa,5647a8809540
2,5647ab99e6a9,0
2,5647ab99e6e8,0
2,5647ab99eaa8,0
2,5647ab9be2a8,0
2,5647a913e6ed,5647a913e868
2,5647aba16aed,5647aba16b05
2,5647aba9eeec,0
1,5647ab99e2ec,5647ab99e25b
1,5647a9296eae,5647aba35c10
2,7f91ad3230e7,0
2,5647ab9162a1,0
2,5647ab99e2e7,0
2,5647aba166e6,0
2,7f91ad3230a2,0
3,5647aba9eee4,5647ab8f2990
3,5647a9236ee6,5647a8809520
7,5647ab9976e4,5647ab996485
2,5647aba9eeba,5647abab14f0
2,5647aba166fa,0
2,5647aa016ebb,0
2,5647ab99e6f9,5647ab99e818
2,7f91ad3230b9,0
2,5647aba9e6bf,0
2,5647ab9be2bf,0
3,5647ab99eefe,5647ab9d0220
2,5647aba366be,5647aba36005
7,5647ab9bf6be,5647ab9bf1d8
3,5647a913e6bf,5647a8809e80
5,5647ab99f6bd,5647ab8f46c0
3,5647ab9966bd,5647ab997070
2,5647aba36efc,0
7,5647ab9172b3,5647ab916e3a
7,5647ab997ab2,5647ab9b42f4
1,5647ab99e6b2,5647ab99e6c4
2,5647ab9be2b2,0
2,5647a93966f3,5647a93966fd
3,5647a9236ef3,5647ab8e2d20
3,5647aba3eaf1,5647aba3f220
5,5647ab99f6b1,5647a95d75b0
5,5647ab9b76f1,5647ab9b7ed0
2,5647aba16ab0,0
1,5647ab99eaf7,5647ab99eae0
3,5647aba366b7,5647ab967750
1,5647abab6ab6,5647abaa5a96
2,5647ab916eb6,5647ab916f07
1,7f91ad3238b3,7f91ad323010
2,5647ab99e2b4,0
5,5647ab9bfaf4,5647ab9aba40
2,5647ab9be28a,0
2,5647ab996288,5647ab996bd2
2,5647aba16e8f,0
2,5647ab91628e,0
2,7f91ad32308b,0
2,5647a98362ce,0
1,5647a9396e8e,5647a9396e27
4,5647aa0172cd,5647aa017806
2,5647ab99e6c2,5647ab99e6d2
2,5647aba36a82,5647aba36b10
3,5647aba36e82,5647a95066b0
1,5647a913eac3,0
2,5647ab9be280,0
2,5647a913eac5,0
2,5647ab99e687,0
2,5647ab99e6c7,5647ab99e6b8
2,5647ab9be2c7,0
2,5647a9396e87,0
7,5647aba3f29a,5647aba3d26a
3,5647aba9eed9,5647ab8f8160
2,5647a98362db,0
1,5647aba1ea99,5647aba1ea64
5,5647ab9bfad8,5647ab9aba40
2,5647aba9ee9f,5647abaa93e0
3,5647ab99e2df,5647ab99c470
2,5647ab9be2df,5647ab9be390
2,7f91ad3238d8,7f91ad322f00
2,5647ab99e6de,0
3,5647ab99ee9d,0
1,5647ab9162d3,5647ab91624e
3,5647a913e693,5647a880ae20
2,5647ab9162d1,0
3,5647aba16ad0,5647aba06de0
2,5647ab99e290,5647ab99e2a7
3,5647ab996690,5647a8809540
3,5647aba36e90,5647aba3ab10
3,5647ab99e2d7,5647ab99c0f0
2,7f91ad3230d0,0
2,5647aba16e96,5647aba16e60
2,5647ab99e6d5,0
2,5647a913e6d6,0
3,5647aba1ea94,5647a9260010
2,5647ab99ea6b,5647ab99eaa0
2,5647ababe26a,5647abaaad64
2,5647aba36a6a,0
2,5647ab99e66e,0
2,5647aba16e6d,0
2,5647aba9e66c,0
2,5647aba9e623,5647aba9e630
7,5647aa017e22,5647aa018cec
2,5647aba36a63,0
2,5647aba9e662,0
2,7f91ad323824,7f91ad322f00
1,5647aba36a22,5647aba3ba30
2,7f91ad323026,0
2,7f91ad323426,7f91ad323620
2,7f91ad323060,0
3,5647ab99ee66,5647ab99f320
2,5647ab9bee66,5647ab9bee71
3,5647ab916e26,5647a8809ec0
1,5647aba3ee64,5647aba3ee2a
2,5647aba16a3b,0
2,5647a913e678,5647a913e485
2,5647ab91ea7a,5647ab91e920
2,5647ab91627a,0
2,5647a9396e3b,0
2,5647ab99e679,5647ab99e800
5,5647ab9bf279,5647ab9bf3c0
2,5647ab9bee79,0
2,5647ab996278,0
7,5647ab9bf63f,5647ab9bf2c0
2,5647aba9e67e,5647aba9e698
3,5647ab99623e,5647ab997910
2,5647aba36a7d,0
2,7f91ad32303a,0
1,5647abab6a3c,5647aba9dd89
2,7f91ad32343a,7f91ad323614
2,5647ab996633,0
2,7f91ad323074,0
2,5647aba36a72,0
2,5647ab9be232,0
2,5647aba1ea71,0
1,5647ab93ee77,5647ab93ec5d
1,7f91ad323871,7f91ad323010
2,5647ab996677,0
2,5647aba3ee36,5647aba3ec9c
2,5647ab996235,0
3,5647ab916e35,5647ab9170b0
2,5647ab91ea4b,0
2,7f91ad32304c,0
3,5647ab99664a,5647a8809540
2,5647aba16a49,0
2,5647aba16e09,5647aba16e3a
1,7f91ad323809,7f91ad322ec3
2,7f91ad323449,7f91ad323614
1,5647aba3e24e,5647aba3d14f
2,5647ab9bee4e,0
2,5647aba16a0d,5647aba16a29
1,5647ab996a4c,5647ab996129
2,5647aba9e642,0
2,5647aba16e41,5647aba16e54
1,5647abab6240,5647aba9879f
2,5647ab916e47,0
1,5647a913ee05,5647a913eb1a
2,5647ab996607,0
1,5647aba36a47,0
2,5647ab91ea06,0
2,5647ab91ea46,5647ab91ea28
2,5647ab996245,5647ab996b63
1,5647a9396e46,5647ab94f710
2,7f91ad32345d,7f91ad3236a0
2,5647aba9ee5a,0
2,5647ab91ea5a,0
3,5647ab99661a,5647a8809540
2,5647aba9e659,0
2,5647ab99e259,5647ab99e2d0
2,5647aba16a58,0
2,5647aba16e5e,5647aba16e7e
3,5647ab99665d,5647a8809540
2,5647aba36a1d,0
7,5647aba3fe5d,7f91a8735380
2,5647aba9e613,5647abab1e08
2,5647ab91e613,5647ab91e06d
2,5647ab91ea13,0
2,7f91ad323415,7f91ad323620
2,5647ab996253,0
1,5647a913e650,5647a913e44d
2,5647ab996212,5647ab996232
2,5647aba9e650,0
2,5647aba9e210,0
2,5647aba16e57,0
4,5647a983f217,0
2,5647ab916254,0
2,5647aba169eb,0
5,5647ab9bf1ab,5647ab9bee20
2,5647ab9965e9,0
3,5647ab9965ae,5647a8809650
3,5647ab9965ee,5647a8809520
2,7f91ad3233ea,7f91ad323683
2,5647aba369ac,5647aba369bc
3,5647aba161ac,5647ab9716b0
2,5647aba3ede2,5647aba3ebe0
2,5647aba3eda1,0
3,5647ab9965e1,5647a8809540
2,5647ab99e5e0,5647ab99e65e
2,5647ab9be1a0,0
1,5647a913eda5,5647a913eac3
1,5647ab91e9e7,0
7,5647ab917de4,0
2,5647ab91e5a4,0
1,5647a9136de6,5647a9136d3d
2,7f91ad3233bd,7f91ad3237d2
4,5647ab93f5fb,5647ab93f860
2,5647ab91e9fb,0
3,5647aba9e5ba,5647a914c260
1,5647a93969b8,5647a9396997
1,5647abab65b8,5647aba9f3c8
2,5647ab9961b8,5647ab996329
2,5647aba161b8,0
7,5647ab0b79fe,5647ab92f443
1,5647ab93edbe,5647ab93ec0d
2,5647a9396dfc,0
1,5647a9396dbc,5647a9396d16
2,5647ab91e5fd,0
2,7f91ad3237ba,0
3,5647aba16dfc,5647a8809d50
3,5647aba3edb3,5647ab8e95b0
2,5647ab91e9b3,0
2,7f91ad3233b7,7f91ad3233d4
2,5647a9396df2,0
7,5647aba175f0,5647aba167a8
2,5647ab9be1b0,5647ab9be21b
2,5647aba9e5f5,5647abaaa850
2,5647ab91e5b5,5647ab91fd40
7,5647ab99f5f5,5647ab99ee6b
1,7f91ad32378d,7f91ad323010
2,5647ab91e9cb,0
4,5647ab9b718b,5647ab9b8c60
3,5647aba161ca,5647a8809770
2,5647aba36d89,0
2,5647ab9965c8,0
7,5647aa0bf98f,5647aa0c1dd7
2,5647ab9be18d,0
2,7f91ad323385,7f91ad323396
2,5647ab916d83,5647ab916d50
7,7f91ac90a785,5647aba3f319
1,5647ab9be581,5647ab9be186
2,5647ab916181,5647ab9162c0
5,5647aba3f980,5647ab8d1410
2,5647aba36987,0
2,5647aba16187,5647aba160f3
3,5647ab996585,5647a8809520
4,5647ab9bf1c5,5647ab9bf2f8
1,7f91ad323f82,7f91ad323b28
2,5647ab91e5db,5647ab91e5f7
2,5647a9396999,5647a9396b20
1,5647aba161db,5647aba1612d
2,5647aba9e5d9,0
2,5647aba3edd9,0
2,5647aba3ed98,0
2,7f91ad32379e,7f91ad322f00
2,5647aba9e1df,5647abaa9040
2,5647ab91e99f,0
2,5647aba3699f,0
2,7f91ad323398,7f91ad3233a1
2,5647aba1619e,0
2,7f91ad3233da,7f91ad323683
2,5647aba3edd3,0
2,7f91ad323394,7f91ad323390
2,7f91ad3237d4,7f91ad3237e7
3,5647aba169d1,5647a880a620
2,5647a9396995,5647a93969b0
2,5647aba36997,5647aba369a8
7,5647ab997196,5647ab9d1326
3,5647aba161d6,5647ab8d6440
5,5647ab9bf596,5647ab779380
7,7f91ad32236d,5647ab0abbaa
2,5647a9136d29,0
2,5647ab91e56a,5647ab91e920
2,5647aba3ed29,0
2,5647ab91e969,0
1,5647abab6969,5647aba97d3d
2,5647ab93e969,5647ab93ec78
2,5647ab93e928,0
2,5647a913e52a,5647a913e858
3,5647aba16128,5647ab8d6440
1,5647a9396d2d,5647aa0c7e28
2,5647ab99e92f,0
3,5647ab99656f,5647a8809520
3,5647aba1e96f,5647ab8e3d90
2,5647aba1616e,0
2,5647aba3ed6d,5647aba3ed74
2,5647ab99e56d,5647ab99e5a2
2,5647ab99612c,5647ab996320
2,5647aba3ed23,0
2,5647ab91e923,0
2,5647ab996123,5647ab996931
2,5647aba36d62,5647aba36d80
2,5647aba36d60,0
5,5647ab9bf560,5647ab9c21f0
5,5647ab9b7960,5647ab9560b0
1,7f91ad323f66,7f91ad323a89
2,5647aba3ed67,0
2,5647ab99e967,0
2,5647ab916127,0
2,7f91ad323320,7f91ad323690
5,7f91ad322360,5647ab0aaad0
2,5647ab996566,0
3,5647aba3ed7b,5647ab8cf6b0
3,5647ab99653b,5647ab997030
3,5647aba1617b,5647a936ac70
2,5647ab99613a,5647ab996320
3,5647aba3697a,5647ab8cebd0
2,5647ab91e938,5647ab91df20
2,5647a913e53d,0
1,5647aba3ed3e,5647ab90b70a
2,5647ab93e93d,5647ab93e8cb
3,5647ab9be57c,5647ab9b5cb0
2,5647ab916133,0
2,5647aba9e532,0
2,7f91ad323377,7f91ad323360
3,5647aba16131,5647ab8d6440
2,5647ab91e971,5647ab91fad0
2,5647aba3ed36,5647aba3ed4e
2,5647ab91e536,0
2,5647aba1e976,5647aba1ea80
2,5647ab93e935,0
4,5647aba97934,5647abaa2bae
2,7f91ad323b32,7f91ad323d07
2,5647aba3ed0b,5647aba3ed12
1,5647ab996d0b,5647ab9964c9
2,7f91ad32374c,7f91ad322f00
2,5647ab91e54a,0
3,5647ab99e94a,5647ab9a5e70
3,5647aba1ed4a,5647ab8cff10
5,7f91ad32234f,5647ab0aaad0
2,5647a913e50b,5647a913e388
7,5647ab997108,5647ab9966c2
2,5647ab99e90f,0
2,5647ab9be50f,5647ab9be575
2,5647aba1610e,0
4,5647ab93f50d,5647ab93f578
7,5647ab9bf10c,5647ab9be29e
2,7f91ad323b0a,7f91ad323ce8
2,5647ab916d43,0
2,5647ab91e503,0
2,5647ab99e902,0
2,5647aba3ed41,0
2,5647ab996501,0
5,5647ab99f900,5647ab9a6ff0
2,5647aba3ed47,5647aba3ed4e
4,5647aba97d47,5647aba9ef5b
2,5647ab996947,5647ab996a35
1,5647ab9b6107,5647ab9b8900
2,7f91ad323b41,7f91ad3239f0
2,5647aba16146,0
7,5647ab9b7d06,5647ab9b770a
2,5647ab93e946,5647ab93e94b
2,5647ab916d45,0
2,5647aba3ed05,0
1,5647a9836906,7f91af489430
1,5647ab93e904,5647ab9428a0
2,5647ab9be104,5647ab9be505
5,5647ab9b7944,5647ab9b7180
2,5647ab93ed1b,5647ab93e8ab
2,5647a913e519,0
2,5647ab91e95b,0
2,5647a9396d19,0
2,5647a9836918,5647a9836881
2,7f91ad32331c,7f91ad32333b
1,5647aba3ed5a,7f91a874e090
1,5647aba1ed5a,5647aba1ecf5
1,7f91ad32371f,7f91ad323010
2,5647ab916159,0
2,5647aba3ed18,5647aba3ed30
2,5647ab99e958,0
2,5647a9136d5a,0
2,5647ab93e95e,0
2,7f91ad323b5b,7f91ad323d10
2,5647ab93e91c,0
3,5647aba1611c,5647a8809770
2,5647aba3ed5c,0
2,5647a9396d10,0
2,5647ab99e952,0
3,5647ab93e952,5647a93e1070
3,5647aba3ed51,5647ab8cf6b0
2,5647aba1ed11,0
2,5647aba16d10,5647aba16fcf
3,5647ab996515,5647ab22ca30
2,7f91ad323b13,0
2,5647ab91e4eb,0
2,5647aba1ece9,0
3,5647aba3ecef,5647ab8decf0
5,5647aba370ef,5647aba47370
7,7f91ad322eeb,7f91ad322284
7,5647ab99f0ed,5647ab99ebc1
3,5647aba16ca3,5647a880a960
2,5647ab9968a3,5647ab996890
2,5647aba1ece3,0
2,5647ab9be0e3,0
1,7f91ad3236e4,7f91ad3232bb
1,5647a9396ce0,0
2,5647aba964e1,0
4,5647aba9f0a1,5647aba9af80
2,5647aba960a7,5647abab754b
3,5647a913e8a5,5647a8809d10
2,5647ab9964a7,0
2,5647ab99e8e6,0
2,5647a98368a7,0
2,5647ab93e8a5,5647ab93ebe0
1,7f91ad3236a3,7f91ad323620
3,5647aba160fb,5647ab9710e0
2,5647aba3ecfa,5647aba3ed12
3,5647a913e4fb,5647ab97b780
2,5647ab93e8b8,5647ab93ee70
2,5647a9136cba,0
2,5647aba9ecbf,0
2,5647ab996cff,0
2,5647a9136cfc,0
1,5647ab9968bd,5647ab9967d3
2,7f91ad3236ba,7f91ad3236c4
2,5647aba1ecf3,5647aba1ed44
7,5647ab9bfcb3,5647ab9bf599
1,5647ab9b60f2,5647a8809700
2,5647aba16cb1,5647aba16cf2
2,5647aba160b1,5647aba160c1
1,5647a913e8b5,5647a913e7bc
3,5647aba3ecb6,5647aba3f6a0
2,5647ab91e4f6,0
2,5647aba1e0b6,5647aba1e0c1
2,5647ab93e8f5,0
7,5647aba3f8f5,5647aba389ea
2,5647aba16cf5,0
2,5647ab99e0b5,5647ab99e0c7
2,5647a9396cc8,5647a9396b90
2,5647aba16cca,5647aba16c90
2,7f91ad323a8c,7f91ad323b08
1,5647ab916088,5647ab915657
2,5647ab99ec88,0
2,7f91ad323289,7f91ad3236a8
2,5647aba1688f,0
2,5647aba3ecce,0
2,5647aba3608e,0
3,5647a9136ccc,0
2,5647a913e48f,0
2,5647ab99648d,0
3,5647aba168cc,5647ab9d0220
2,5647aba160cc,5647aba16160
1,7f91ad323685,7f91ad323300
5,5647abab70c3,5647ab8eb720
2,5647ab9964c3,5647ab996ceb
2,7f91ad323284,7f91ad3232a4
7,5647ab9bf482,5647ab998a81
2,5647aba16082,0
2,5647aba16881,0
2,5647ab99ec81,0
3,5647ab996480,5647ab9975b0
1,5647ab996887,5647ab9968a0
3,5647aba1ecc7,5647a8809ef0
2,5647ab9be0c7,0
7,5647aba178c6,5647aba18285
1,5647aba16c86,5647aba16cc1
3,5647aba964c6,5647ab8f8160
2,5647ab93e8c5,0
2,5647aba9ec85,0
3,5647aba1609b,5647a88097b0
2,5647ab93e89a,0
7,5647aba3f4da,5647aba3eb06
2,5647ab99689a,5647ab9963a8
5,5647ab9b749a,5647ab9b6100
2,5647a983689a,0
3,5647ab93e8d8,5647ab93f4f0
2,5647aba3ecd8,0
3,5647ab9b60df,5647ab9b71a0
1,7f91ad323ed9,7f91ad323b08
1,7f91ad323698,7f91ad32333b
2,5647a913e4df,0
4,5647aba9709d,5647aba97b99
2,5647ab99e09d,0
3,5647aba9ec93,5647a96c6760
2,5647aba96493,5647abaa9400
2,5647a98368d0,0
2,7f91ad323294,7f91ad32392d
2,5647a913e4d0,0
2,5647ab99e0d2,5647ab99e0a8
2,5647ab99e091,0
1,5647a9396cd4,5647a9396b90
2,5647a9136cd4,0
2,5647ab996494,0
2,5647ab99ec2b,0
2,5647ab996c6b,0
1,7f91ad323e2d,7f91ad323a4c
2,5647ab99646a,0
2,7f91ad32322e,0
5,5647ab9bf428,5647ab9a6ff0
2,5647ab936028,0
5,5647aba3706f,0
3,5647ab99682e,5647a88095b0
2,5647aba3602e,0
1,5647ab93602e,5647ab935dae
2,5647ab93ec2d,5647ab93ef77
3,5647a913e42f,5647ab8f7f10
1,5647ab99e02d,5647ab99d8cb
2,5647ab91ec2c,0
3,5647ab99646c,5647a8809510
2,5647a9836821,0
2,7f91ad323265,7f91ad323240
1,5647ab9b6023,5647a8809700
2,5647ab93ec61,5647ab93e8cb
1,5647a913e863,5647a913e530
2,5647a913e464,5647a913e670
2,5647ab99ec66,0
2,7f91ad323e60,0
2,5647aba3ec65,5647aba3ee60
2,5647ab99e065,0
2,5647a913e426,0
2,5647aba16c64,0
1,5647ab91ec7b,5647ab91df20
2,5647aba3ec3b,5647aba3ec48
5,5647aba37c3a,0
2,5647aba96079,0
2,5647a983687b,0
2,5647a913e47b,5647a913e7fc
2,5647a913e83b,5647a913e683
2,5647aba16c39,5647aba16c58
2,5647ab996839,0
5,5647ab99fc38,5647ab9a0a10
3,5647ab996478,5647a8809b50
2,7f91ad323a3e,7f91ad323dd8
3,5647ab93ec78,5647ab8d75b0
2,5647a983683d,5647a9836910
3,5647ab91607f,5647ab8f1cc0
2,5647aba1683f,0
2,5647aba1603f,0
2,7f91ad323638,7f91ad323645
2,5647ab99687e,0
2,5647ab93ec3d,5647ab93ec5d
3,5647aba9ec7d,5647ab8f2990
2,7f91ad323a7b,7f91ad323f10
1,5647ab93ec7d,5647ab93e8dd
2,5647aba9ec3c,5647abaa93c0
7,5647ab9bf43c,5647ab9bf585
2,5647aba96073,5647aba96080
2,5647aba1ec33,0
3,5647aba9ec72,5647ab8f8160
2,5647aba16c72,0
3,5647ab91e071,5647ab8cf6b0
1,5647ab996c71,5647ab996b85
2,5647a9836872,0
1,5647aba36030,5647aba36074
2,5647ab93e877,0
3,5647ab916077,5647ab8f8160
1,5647ab99e077,5647ab99e08d
2,5647ab99ec77,0
2,5647aba36077,5647aba36081
2,7f91ad323e71,7f91ad323ffe
3,5647aba16077,5647ab94ac30
3,5647ab91ec76,5647ab8d6440
1,5647ab91e076,5647ab91df20
1,5647a913e874,5647a913e6ff
2,5647a913e437,5647a913e648
2,5647ab99ec35,0
2,5647aba3ec4b,0
2,7f91ad32364d,7f91ad32365a
2,5647aba3ec0a,0
7,5647ab99704a,5647ab996540
2,5647ab91ec09,0
2,5647ab936009,5647ab936038
3,5647ab916c08,5647ab8d6440
2,5647ab91ec48,5647ab91fa50
3,5647ab93ec08,5647ab91ca40
2,7f91ad323a4e,7f91ad323b08
2,5647ab99ec4f,5647ab99ec5b
2,5647aba1e40f,5647aba1e416
7,5647ab9bf00f,5647ab996280
5,5647ab99784f,5647ab997020
2,7f91ad323a09,7f91ad323b55
2,5647a913e80c,0
4,5647aba97c4e,5647aba9ae50
2,5647a913e40f,0
7,5647ab99740d,5647ab996208
1,5647ab99e00c,5647ab99d862
1,5647ab99e80c,5647ab99e67f
3,5647ab9be44c,5647ab995f70
2,5647ab996803,0
2,5647ab996842,0
2,7f91ad323247,7f91ad32325e
2,5647a913e803,0
3,5647ab9be841,5647ab995f70
7,5647ab93f000,5647ab9407ad
2,5647ab93e007,0
2,5647aba3ec04,0
2,5647aba3ec5b,0
2,5647aba9ec1a,0
1,5647ab99e81a,5647ab99e702
2,5647ab99641a,5647ab996ba1
7,5647ab997059,5647ab9973d7
2,5647ab93ec18,0
2,5647a913e41c,0
3,5647aba1685e,5647ab9d0220
3,5647aba3601e,5647ab8d6440
2,5647aba9605d,5647ababa2a6
2,5647ab916c1d,0
3,5647aba3ec1d,5647aba3f6a0
2,5647ab9be45c,5647ab9be2f7
2,5647a9836811,0
2,5647ab91ec13,5647ab91fa78
2,5647ab996c53,5647ab996b85
2,5647aba96052,0
2,5647aba16052,0
2,5647aba16851,0
2,5647ab9b6011,5647ab9b601e
2,5647ab9be851,5647ab9be346
7,5647ab99f850,5647ab99e7bc
2,5647ab996810,5647ab996828
2,5647ab996850,0
7,5647ab997017,5647ab997842
3,5647ab99e056,5647ab9a44c0
2,5647aba96015,5647abab7c3d
2,5647aba1e455,0
3,5647aba36015,5647ab8eea50
3,5647a9836856,5647a9261190
2,5647ab91f3ab,0
2,7f91ad322dec,0
3,5647aba9fbea,5647ab8ebf20
2,5647aba3f3aa,5647aba3f32d
3,5647aba97bea,5647ab95a230
7,5647ab9befaa,5647ab996945
2,5647aa017feb,5647aa018257
1,5647aba3ffaa,5647aba3fda4
2,5647ab9977e9,5647ab997848
2,5647aba97fa8,0
5,5647ab9be3a8,5647ab9c3a40
2,5647ab9b7ba8,0
2,5647ab99fbef,5647ab9a0590
2,5647ab9bfbaf,5647ab9bfbe6
2,5647ab9bfbef,0
3,5647ab9977af,5647a88097b0
3,5647aba3ffaf,5647a8809610
2,5647aba97fae,0
2,5647aba97bac,0
2,5647aa017bad,0
3,5647aa017ba2,5647a8809ac0
2,5647ab9bf3e3,5647ab9bf420
3,5647ab9b77e3,5647ab9b7c20
2,5647ab9973e1,5647ab9973f3
2,5647aba97fa0,5647aba97fb8
2,5647aa017fa1,5647aa017fa8
1,5647aa017fe1,5647aa018008
2,7f91ad322de0,7f91ad322dd0
1,5647ab93ffe6,5647ab93f81f
2,5647abab7fa4,5647abaa3e9d
2,5647aba1ffe4,5647aba1ffeb
2,5647ab91f3bb,0
2,5647aa017ffa,5647aa018040
2,5647aba3ffbb,5647aba4001c
3,5647ab93f7ba,5647ab940120
7,5647a93963fb,5647aba93d70
7,5647ab99e7f9,5647ab99e286
2,5647ab9bf7f9,0
2,7f91ad322dbe,0
7,5647a913ebba,0
2,5647aba9f3bf,0
2,5647aba1ffff,0
3,5647ab9b77ff,5647ab9b7c20
2,7f91ad322df8,0
2,5647ab9bfbfd,0
2,5647ab93f7fc,0
2,5647aba9fbfc,5647abaa8ac8
3,5647aba373b2,5647ab8eea50
2,5647abab7fb2,0
7,5647a9396bb3,5647aaf8c518
3,5647aba1fff1,5647aba24f60
1,5647ab9b7bb0,5647ab9b7bbe
2,5647ab9977b7,5647ab997838
2,5647abab7fb6,5647abab0370
2,5647ab9bf3f6,5647ab9bf403
1,5647ab9b7fb6,5647a8809700
1,5647ab91fff6,5647ab91f1d8
2,5647aba373f5,0
2,5647ab9b73f5,5647ab9b7402
2,5647aba3f78b,5647aba3f8a8
3,5647ab91f3cb,5647ab8f8c10
1,5647abab7b8b,5647aba96fbf
2,5647ab9bf7cb,0
2,5647ab9b7fcb,5647ab9b7f27
2,5647ab91738b,0
2,5647ab93f78a,0
4,5647a93963c8,5647a93963f7
2,5647aba1ff8a,5647aba20160
2,5647ab9bfb8a,5647ab9c0042
2,7f91ad32218f,7f91ad322248
2,5647ab93f7c9,0
7,5647aba3e388,0
2,5647aa017bce,0
5,5647aba36f8f,0
2,5647aa0bff8f,5647aa0c0060
2,5647aba373ce,0
7,5647ab9be38e,5647ab9bdc6d
4,5647ab9bef8e,5647ab8f4750
3,5647aba3738c,5647ab8d6440
1,5647aa017382,5647aa017223
2,5647aba97bc2,5647aba97bdd
2,5647a983f380,0
2,5647ab9b7bc1,5647ab9b7bb8
2,5647aba373c0,0
3,5647ab9b77c7,5647ab74b720
2,5647ab9b7387,0
2,5647aa0bff87,0
3,7f91ad322183,7f91ad322d80
3,5647aba97f85,5647ab8fc580
1,5647ab9bf784,5647a880b2f0
2,5647ab93f79b,0
3,5647aa017bda,5647a8809540
2,5647ab93f7da,0
2,5647aa0bff98,5647aa0c0060
1,5647aba3ff99,7f91a7e87420
2,5647ab91f398,0
1,5647ab9b7bd8,5647ab9b7c20
2,5647ab9b7f98,0
2,5647ab9b739f,5647ab9b73c0
1,5647aa017bdf,5647aa01730a
3,5647aba3739e,5647ab8da330
3,5647ab93ffdd,5647ab8cff10
5,5647a983639f,5647aa7f2a90
2,5647ab9bf3dd,0
7,5647a98363d1,5647aa7f39ca
2,5647ab91f3d3,5647ab91f419
2,5647aba97fd3,5647aba97ff0
2,5647ab9b73d2,5647ab9b73ee
2,5647aa017f90,5647aa018170
2,5647aa017fd4,0
2,5647ab997795,0
1,5647aba3f394,5647aba3f267
2,5647aba373d4,0
7,5647ab916b6b,7f91a7e8b590
2,5647aba3f32b,5647aba3f3a0
2,5647ab9b7f2b,0
2,5647aa017f6b,0
3,5647ab9bfb69,5647a8809b90
2,5647aa017f2f,5647aa017ef0
1,5647ab0b7b2d,5647ab0b7c29
7,5647ab99eb23,5647ab9a4ae6
2,5647aba37363,0
2,5647aba97723,0
1,5647aba17323,0
2,5647aa017f63,5647aa0181b9
2,5647aba3f321,0
2,5647aa017360,0
2,5647aa017f21,5647aa017ee0
2,5647aba1ff20,5647aba1ff38
2,5647aa0bff67,5647aa0c0005
3,5647aba37726,5647ab8d6440
2,5647aba97f25,5647aba97f40
2,5647a9137f67,5647a9138186
1,5647aa0bff64,0
2,5647aba37f24,0
2,5647ab0b7b3b,5647ab0b7d28
2,5647aa017f3b,0
3,5647aa017f7b,5647a8b68680
3,5647aba3ff78,0
4,5647aba9ef3f,5647aba9af80
2,5647aa01733e,5647aa017281
3,5647ab9bfb7d,5647a8809510
2,5647ab91733c,0
4,5647a9396b71,5647a9396bf8
2,5647aba3f332,5647aba3f390
3,5647aba37732,5647ab8d6440
2,5647aba37371,0
2,5647ab9bfb30,5647ab9c007b
3,5647ab917370,5647ab9891b0
2,5647aba37377,0
2,5647aa0bff77,0
2,5647ab99fb36,5647ab99f68b
3,5647ab9bfb75,5647ab9c1080
2,5647ab9bf774,5647ab9bf780
2,5647aba37f34,0
2,5647ab9b7f34,0
2,5647aba37f4b,5647aba3847c
2,5647ab99770b,0
2,5647aba1ff4a,0
3,5647aba3730a,5647ab8e2d20
2,5647aba1ff09,0
7,7f91ad323d0f,7f91ad325b73
2,5647ab9b730f,5647ab9b77c0
7,5647a939674f,5647aad395ba
2,5647ab93f74d,0
5,5647ab99e74c,5647ab99e8c0
2,5647ab99fb0c,5647ab9a0668
2,5647aa017f0d,5647aa017ee0
2,5647aa017f4d,0
2,5647aba3770c,0
3,5647ab93fb4c,5647ab941fc0
2,5647aba9fb02,0
2,5647aba9fb42,5647aba9fbe0
2,5647aba37742,5647aba38981
7,5647a9236f03,5647a9180c6a
1,5647aa017b40,5647aa017b8d
3,5647aba1ff01,5647a8809f30
2,5647aba1ff40,0
1,5647ab997b07,5647ab997a91
3,5647aa017f06,5647a8809590
2,5647aba37f07,5647aba37f0e
2,5647ab0b7b06,5647ab0b7b0d
2,5647aba37706,0
2,5647ab997706,0
2,5647aa017304,0
2,5647ab9b7f45,0
3,5647ab9b7705,5647ab9b8110
2,5647aba97f44,5647abaab2e8
3,5647ab99f304,5647a8809cf0
3,5647ab99fb04,5647a8809ac0
2,5647ab9b7f04,5647ab9b7fc0
2,5647ab0b7f1b,0
2,5647ab9bfb1b,0
3,5647aba3771a,5647ab8d6440
2,5647aba97f5a,5647aba97f75
2,5647aba37319,0
2,5647aa017f19,0
2,5647ab9b7f5f,5647ab9b7f65
7,5647a9236f5d,5647a918127b
3,5647aa017f5c,5647a8809590
2,5647ab9bf31d,5647ab9bf1e0
1,5647ab99f313,5647a8809cc0
5,5647ab996352,5647ab9b4be0
1,5647ab93fb51,5647ab93f7f2
2,5647ab0b7b10,0
2,5647aba1ff57,5647aba2013b
2,5647ab997717,5647ab997774
3,5647ab9b7f57,5647a88097b0
2,5647ab9b7717,0
3,5647aba17317,5647aba186c0
4,5647a9396714,5647a939674e
2,5647aa017317,0
3,5647aba37355,5647ab8eea50
3,5647aba37f15,5647ab8d6440
3,5647aba3f314,5647a880b720
3,5647ab99f2eb,5647a8809cd0
3,5647aba376ea,5647ab8eea50
2,5647ab9b76e9,0
2,5647aa017eee,0
2,5647aba376ae,0
2,5647ab0b7aed,0
2,5647aba976ec,5647abaaa120
2,5647aa017ee2,5647aa017f28
2,5647aba37ee3,5647aba37eea
1,5647ab99fae1,5647ab99faf6
2,5647ab9b72e1,0
7,5647ab99eae7,5647ab9a4a70
2,5647ab9bf6a6,5647ab9bf6b0
1,5647ab91faa6,5647ab91f168
2,5647ab0b7abb,5647ab0b79dd
3,5647ab9bf2bb,5647ab9bf600
2,5647aba9f2ba,0
2,5647aba3f6ba,0
2,5647ab997af9,0
2,5647ab9bfaf9,5647ab9bfb0c
3,5647ab99f2f8,5647a8809ce0
2,5647aa017eb9,0
2,5647aba376f8,0
2,5647ab9bf6b8,0
3,5647ab9bf2ff,5647ab9bee40
2,5647aa017efc,5647aa017ed0
3,5647aba372fd,5647a8809520
2,5647aba976bd,5647abab4f8e
3,5647ab9b76fc,5647ab9c9a90
7,5647ab9162b3,5647ab9afb22
7,5647ab99eab2,5647aba37072
3,5647aba37ef1,5647ab8d6440
2,5647ab9976f1,0
2,5647ab9b72f0,5647ab9b7840
2,5647ab0b7eb7,5647ab0b7ebd
2,5647aa0172b6,0
3,5647ab0b7af6,5647ab930280
2,5647ab91faf4,0
2,5647aba372f4,0
3,5647aba3feb4,5647ab8cff10
1,5647ab9b7eb4,5647a8809700
1,5647ab0b7e8b,5647ab0b7ed2
2,5647aba176cb,5647aba17601
2,5647ab997a8a,5647ab997ab8
2,5647aba3f289,0
7,5647ab99e2c9,5647ab99a73a
1,5647ab9b7ec9,5647ab9b7e8a
3,5647aa017e8f,5647a8809540
2,5647ab9bf68e,0
3,5647aba37ecd,5647ab8d6440
2,5647ab9bf28d,5647ab9bf0d0
2,5647ab0b7acc,0
2,5647ab9976c3,5647ab9976e8
2,5647ab9bf283,5647ab9bf075
2,5647ab99f6c2,0
2,5647ab9b72c2,0
3,5647aba37ec1,0
1,5647aba3fec1,5647aba3fce2
2,5647aa017681,5647aa01793c
1,5647ab9bf2c0,5647ab9bf1e0
2,5647ab9bfa80,5647ab9bface
5,5647ab916280,5647a926c100
1,5647aa017ec6,5647aa017ef0
2,5647ab9b7ec7,0
3,5647aba37685,5647aba3a6e0
3,5647ab0b7ac4,5647ab930280
5,5647ab99e284,5647ab776290
5,5647ab9be29b,5647ab9bf010
2,5647ab91fada,0
7,5647aba36ada,5647aba376a4
5,5647ab9be2da,5647ab9c3a40
2,5647ab0b7edf,5647ab0b7e90
2,5647ab99f6df,5647ab99fa38
3,5647aba3769f,5647aba36a50
2,5647aba37e9f,5647aba37eba
2,5647ab91729f,0
2,5647ab0b7e9e,0
2,5647ab997a9e,0
2,5647aba9f2dd,5647aba9f398
2,5647ab9bfadd,0
5,5647ab99e693,5647a95b54a0
3,5647ab9b72d3,5647ab9b8210
4,5647aba9e6d2,5647abaa7660
1,5647abab7ed2,5647abaa7c82
2,5647ab9976d2,0
2,5647aa017ed3,5647aa01823f
2,5647aa017293,0
3,5647aba37e91,5647ab8eea50
2,5647ab9b7e91,5647ab9b7ea8
2,5647ab0b7ed0,5647ab0b7ef8
2,5647aba372d7,5647aba372e1
2,5647ab9bf297,5647ab9bf0d0
3,5647ab0b7ed6,5647ab930280
2,5647ab997ad6,5647ab997af6
2,5647ab99f6d6,0
3,5647aba3fe96,5647a88095e0
2,5647ab99f695,5647ab99f6a7
2,5647aba3f6d4,5647aba3f768
2,5647aa01722a,0
5,5647ab99e669,5647ab9c3a40
3,5647aa017e28,5647aa0066e0
2,5647ab0b7e28,5647ab0b7e60
2,5647ab0b7e6f,0
2,5647aa017e2f,5647aa017e5e
2,5647aa01726c,5647aa01732f
2,5647ab9b7a6d,5647ab9b7b99
2,5647ab9bf26c,0
2,5647ab0b7e23,0
4,5647aba9e223,5647abaa4258
2,5647ab99f662,0
2,5647ab9bfa61,0
2,5647aba3f260,5647aba3f2d4
2,5647ab99fa60,5647ab99fbe8
2,5647ab9b7260,5647ab9b72b9
3,5647aba37e67,5647ab8cf6b0
2,5647ab9bf626,5647ab9bf631
2,5647aa017e65,0
7,5647ab9bee24,5647ab9bf1ae
2,5647ab9b7624,0
2,5647ab0b7a3b,5647ab0b7a75
2,5647aa017e7a,0
3,5647ab91fa7a,5647ab8e2e90
7,5647aba1ea79,5647aba2001a
3,5647aba37639,5647ab967750
2,5647ab9bf639,0
2,5647ab9b7638,5647ab9b764b
1,5647ab91fa7f,5647ab91ec1e
7,5647ab9bee7f,5647ab9bf304
2,5647ab0b7a7d,5647ab0b7a30
7,5647aba16e7d,7f91ae9d48f8
2,5647ab997a7d,0
5,5647ab99627d,5647ab9befb0
2,5647ab99f67c,5647ab99fcb0
2,5647ab99f673,0
2,5647aa017233,0
5,5647aba36e72,5647aba36a10
2,5647ab997a70,5647ab997a8c
2,5647ab99f637,0
3,5647aba37e37,5647ab8eea50
2,5647ab9b7e35,5647ab9b7e3c
3,5647ab0b7a34,5647ab0e0610
3,5647aba3fe34,5647aba40040
1,5647aa0bfa0b,5647aa0bf97b
2,5647ab99fa4a,0
2,5647aa017e0b,0
2,5647aba3fe49,5647aba3ffaf
3,5647aba1760f,5647aba18220
2,5647ab9b7a0f,5647ab9b7a32
2,5647ab0b7a0e,0
2,5647aba3760e,0
2,5647ab9bf60e,0
2,5647ab9bf24d,0
2,5647aba3f242,0
1,5647aba17640,5647aba175d3
2,5647aa017241,0
2,5647aba37640,5647aba389d9
2,5647ab9b7a40,5647ab9b7c11
3,5647ab9b7e07,5647a8809510
2,5647ab9b7e47,5647ab9b7e4e
7,5647aba36a06,5647aba37c40
5,5647ab996206,5647ab9971a0
7,5647a9396e47,5647aba3eba6
3,5647aba37605,5647a8809530
2,5647aba37e45,0
2,5647ab9b7e05,0
7,5647ab916e5b,5647ab916bc1
3,5647ab99f65b,5647ab9a73f0
2,5647aba3761b,0
2,5647aba37e59,0
2,5647ab91fa58,5647ab91ec6a
2,5647aba17618,0
2,5647ab9b7658,5647ab9b769e
3,5647aa017e5e,5647a9e07db0
3,5647aa01725e,5647aba3aa60
1,5647ab91f21d,5647ab91deb0
2,5647ab9b7e1d,5647ab9b7e24
2,7f91ad322055,7f91ad322137
5,5647aba36e13,5647aba47370
2,5647aba37e53,0
5,5647ab9be251,5647ab26be20
2,5647ab99f650,0
2,5647aba37650,5647aba38192
4,5647a9396e17,5647a9396e80
2,5647aba37615,0
2,5647ab9b7e55,5647ab9b7ec0
2,5647ab0b79ea,0
3,5647aba375ea,5647a8809520
2,5647aba379ea,5647aba3809f
2,5647ab9bf1ea,5647ab9bf247
2,5647ab0b79a9,0
2,5647aba37de9,0
2,5647ab9b75e9,5647ab9b793e
2,5647aba37daf,0
4,5647a93969ad,0
2,5647ab9b7ded,5647ab9b7df4
2,5647abab7da3,5647abab1426
1,5647aba171e3,5647aba16bcd
7,5647ab99e5a2,5647ab995b82
3,5647aba37da1,5647ab8e30e0
2,5647aba175e0,0
2,5647ab93f5e5,0
2,5647ab9b7da5,5647ab9b7dac
1,5647abab71a4,5647aba95d5c
5,5647ab9961e4,5647ab9bef80
2,5647ab9971e4,5647ab9973d0
2,5647ab9bf9bb,5647ab9bfa4e
5,5647aba36df9,5647aba47370
2,5647aa017df9,5647aa017e28
2,5647ab9bf1b8,0
2,5647aba375bd,0
2,5647aba37dbd,0
2,5647ab9b7dbd,5647ab9b7dc4
2,5647ab91f1b3,0
3,5647aba379b3,5647ab8eea50
1,5647abab7db1,5647abab1426
1,5647aba3f9f0,0
2,5647aba375b7,0
2,5647aba37df7,0
3,5647aba3fdb6,5647ab8e2d20
3,5647ab91f1f5,5647ab8d6f50
2,5647a983f1f7,0
2,5647ab9b79f4,5647ab9b7c01
2,5647ab9b75b4,0
2,5647ab9bfd8b,5647ab9bfc93
2,5647ab91718b,0
1,5647ab93f589,5647ab93f5a0
2,5647aa0bf988,0
7,5647aba369c9,5647aba33bae
2,5647ab9171c8,0
2,5647aba379cf,0
3,5647aba3758e,5647aba3f6a0
2,5647ab0b79c3,5647ab0b7a00
2,5647aba37983,0
2,5647aba37dc3,0
2,5647ab9b7583,5647ab9b7594
2,5647ab9b75c3,0
2,5647aba379c1,0
3,5647ab9bf580,5647ab9bf430
2,5647ab9bfd80,0
2,5647ab9171c0,0
1,5647aba3f987,5647aba3f8d8
2,5647ab9bf587,0
1,5647ab9b79c7,5647ab9b8ad0
2,5647ab91f1c6,5647ab91f1b0
1,7f91ac90a783,5647ab8f8690
2,7f91ac90a783,0
2,5647ab9975db,5647ab9976b5
1,5647ab9bf599,5647ab9bf465
2,5647ab91f1df,5647ab91f20e
3,5647aba3799f,5647ab8da330
2,5647ab9b75de,0
2,5647ab91719e,0
2,5647aba375dd,0
2,5647ab917ddc,0
2,5647ab93f5dc,0
2,5647ab91f19c,5647ab91fff3
3,5647ab9bf1d3,5647ab9bf680
7,5647ab916d91,5647ab916be5
2,5647aba379d5,0
2,5647ab9b7dd5,5647ab9b7ddc
2,5647ab91f194,0
2,5647aba37dd4,0
2,5647ab9b75d4,0
3,5647ab0b7d2b,5647ab930280
4,5647ab9b616b,5647aba15da0
2,5647aba17569,5647aba176c8
3,5647aba37529,5647ab8e2d20
3,5647aba3792f,5647ab8eea20
2,5647aba3796f,0
3,5647aba37d2f,5647ab8edb60
2,7f91ad322f28,7f91ad323788
7,5647a9136d6c,0
1,5647ab93f56c,5647ab9451a0
2,5647aba1712c,5647aba1713f
2,5647aba37d23,0
1,5647ab9b7963,5647ab9b75ef
1,5647abab7561,5647aba960b0
2,5647aba97921,5647abab8fee
3,5647aba37961,5647ab8eea50
2,7f91ad322326,7f91ad322330
2,5647aba37920,0
2,7f91ad322321,0
2,5647aba37d67,0
3,5647ab9b7527,5647ab26a920
2,5647ab0b7d66,5647ab0b79dd
3,5647ab0b7964,5647ab930300
1,5647ab93f524,5647a93d93d0
2,5647aba3fd24,0
2,7f91ad32233c,0
7,5647ab99e979,5647ab99e752
1,5647ab0b7d38,5647ab0b7c17
3,5647ab91f178,5647ab8d6490
2,5647ab0b797f,0
2,5647ab91713f,0
3,5647ab9b753e,5647ab9b7c20
2,5647ab99793d,5647ab997a66
2,5647aba3797d,0
2,5647aba3757c,0
7,5647aba36d7c,5647aba38600
3,5647ab9bfd73,5647ab9975b0
3,5647ab917172,0
2,5647aba3fd31,5647aba3fe28
2,5647ab997177,5647ab997180
2,5647ab0b7976,0
2,5647aba37936,0
3,5647aba37575,5647ab967750
2,5647aba97d34,5647abab6953
3,5647ab997134,5647ab8cff10
2,5647aba37d74,0
2,7f91ad32234d,0
1,5647ab93f54b,5647ab942c00
3,5647aba37d49,5647ab8da330
5,5647ab996d08,5647a95b5420
3,5647aba37908,5647aba3b9e0
2,5647aba1754f,0
2,5647aba3790f,0
2,5647aba37d0f,0
3,5647aba3fd0f,5647a8809510
2,5647ab91f14e,5647ab91faa0
3,5647aba3794d,5647ab8da330
2,5647aba3fd0d,0
2,7f91ad32230a,0
1,5647ab99f903,5647ab99f82c
2,5647aba37503,5647aba3751e
2,5647aba37543,5647aba388ca
5,5647ab99e942,5647ab9a4db0
5,5647ab996942,5647ab9b3230
1,5647aa017943,5647aa01747d
1,5647ab997141,5647ab9970d8
3,5647aba37d01,5647ab8eea50
2,7f91ad322f06,7f91ad3238ae
1,5647ab93f540,5647a93d9b10
3,5647ab91fd40,5647ab922350
2,7f91ad322303,0
7,5647ab93e905,5647a93dc61e
7,5647a9836907,5647ab8d7663
1,5647ab91fd45,5647ab91e5c0
2,5647aba37104,5647aba372cd
2,5647ab91f15b,5647ab92193c
2,5647ab9bf55b,0
2,7f91ad322f1c,0
7,5647aba1615a,5647aaf0f1d4
3,5647ab99711a,5647a88095e0
3,5647ab9b751a,5647ab26a920
3,5647ab0b7959,5647ab930300
2,5647aba1755f,0
2,5647aba1711f,0
2,5647a9137d1c,5647a9137f60
2,5647ab91711e,0
7,5647aba1ed1d,5647aba1e3e9
2,5647aba37d1d,0
2,5647ab9b755d,5647ab9b7578
1,5647ab93f553,5647a93ddca0
2,5647aba17150,5647aba16731
2,5647ab9b7510,5647ab9b74e0
2,5647aba3fd17,0
1,5647ab93f516,5647ab941250
7,5647a913e554,0
2,7f91ad322313,0
2,7f91ad322f12,7f91ad32371a
2,5647ab9b7954,0
2,5647ab917154,0
2,5647aba3f8ab,0
7,5647ab99e0ea,5647ab99c6b4
2,5647aba3fcaa,0
2,5647aba378e9,0
3,5647aba37caf,5647ab8eea50
2,5647aba3fcaf,5647aba3fcc0
2,5647ab9bf4af,0
3,5647aba37ced,5647ab8da330
3,5647ab93f8ac,5647a93d7ca0
2,5647ab9970ac,5647ab9970c0
2,5647aba3f4a0,0
2,5647ab9bf0e0,0
2,5647ab9bf4a0,0
2,5647ab9bfca0,0
2,5647ab9bf4a6,0
2,5647ab9b74e6,5647ab9b7502
2,5647aba3f4a5,0
7,5647aba360a5,5647a9505f0b
3,5647ab9b74a5,5647ab779fa0
2,5647aba370a4,5647aba370bf
2,5647ab9bf4bb,5647ab9bf54a
4,5647aba960ba,5647aba9f2a8
2,5647aba97cf9,0
2,5647aba3fcf9,0
4,5647aba964f9,5647abaad14b
2,5647ab9bf0f8,0
2,5647aba97cff,0
4,5647ab99e8be,5647ab99eb70
7,5647ab9964be,5647ab995da1
3,5647aba378be,5647ab8e2d20
2,5647ab99fcbd,0
2,5647aba37cbd,5647aba37cd8
5,5647ab99e8fc,5647ab99e8b0
2,5647ab9970fc,0
3,5647ab9b74bc,5647ab9b79d0
1,5647ab93f8b1,5647ab93f740
2,5647aba97cf1,5647aba97d08
2,5647aa0170b6,5647aa017355
2,5647aba978b5,0
5,5647ab996cf5,5647ab995ec0
2,5647ab9b7cf5,5647ab9b7d02
2,5647ab93f4f4,0
3,5647ab99fcb4,5647ab99c0f0
2,5647aba378f4,5647aba38080
2,5647aba3f8cb,5647aba3f980
2,5647aba3748b,0
2,5647ab9bf08b,5647ab9bf1a0
2,5647ab9b748b,0
2,5647aba9708a,0
2,5647aba3f4c9,0
2,5647ab9970c8,5647ab997110
2,5647aba3fcc8,5647aba3fe88
2,7f91ad322e88,7f91ad32385e
2,5647aba9f08e,0
4,5647ab93e88d,5647ab93e890
3,5647aa01748d,5647aa0115c0
2,5647aba3f482,0
2,5647aba97c81,5647abaaaa78
2,5647aa0178c0,0
2,5647aba37c81,5647aba38446
2,7f91ad322286,7f91ad321e92
1,5647abab7487,5647abaa0e9f
2,5647ab99fcc7,5647ab99fabd
5,5647aba160c7,5647ab949b80
1,5647abab70c6,5647aba9a250
3,5647aba370c6,5647ab8d6440
2,5647aba978c4,5647abaa8e48
2,5647aba3789a,0
2,5647ab9b7cd9,5647ab9b7cee
7,5647ab99ec98,5647ab99e8ff
5,5647ab9964d8,5647ab9d1200
2,5647aba378d8,5647aba378e6
2,5647aba3f8de,0
2,5647ab99f09e,0
2,5647ab99f0dd,0
1,5647aa017492,5647aa0172fd
2,7f91ad322ed4,0
4,5647aba9ecd2,0
3,5647aba370d2,5647ab8d6440
2,5647ab9bf492,0
2,5647aba3fc91,0
2,5647aa017891,5647aa017868
3,5647aba37096,5647ab8eea50
2,5647ab9b74d6,0
1,5647aa0178d5,5647aa017448
2,5647aba37494,5647aba39145
1,5647ab9bf42b,5647ab9bf3e5
2,5647ab93f829,0
7,5647ab916c29,5647ab916b53
2,5647aba37028,0
2,5647ab9bf06f,0
2,7f91ad322e28,0
2,5647ab93f86e,5647ab93f8a0
2,5647ab99fc6d,5647ab99f818
2,5647ab9b746d,5647ab9b7480
3,5647ab0b7c2c,5647ab930280
2,5647ab91f06c,0
2,5647ab9bf82c,0
2,5647ab99fc63,0
2,5647ab9bf463,5647ab9bf488
2,7f91ad322e64,7f91ad32397b
1,5647ab91f462,5647ab91df20
2,5647ab99fc21,0
2,5647aba9f061,0
2,5647ab0b7c20,5647ab0b7d63
2,5647ab99f820,0
1,5647aa0bf821,0
1,5647ab997027,5647ab997fe0
2,5647ab99f826,5647ab99f8f0
2,5647aa0bf824,5647aa0bf978
7,5647aba1e465,5647a885119d
3,5647aba37464,5647aba3f6a0
2,5647ab9bfc24,5647ab9bfd70
2,5647aba97c3b,0
2,5647ab91f03b,0
2,5647ab9b7c3b,5647ab9b7cd2
2,5647ab93f83a,0
2,7f91ad322e7c,0
2,5647ab99703a,0
3,7f91ad32227f,7f91ad322d80
2,5647ab99f839,0
2,5647ab9bf079,5647ab9bf289
2,5647aba9703d,0
3,5647aba3703d,5647ab8da330
3,5647ab99783d,5647ab997010
1,5647ab9bf83c,5647ab9bf845
2,7f91ad322e34,7f91ad3237ae
2,5647ab9bf472,0
2,5647aba37031,0
2,5647ab91f030,0
7,5647ab9b6037,5647ab9b43fc
2,5647aa0bf837,0
2,7f91ad322e70,7f91ad323818
2,5647ab91f076,0
2,5647ab0b7c34,5647ab0b7b38
2,5647ab91f434,0
2,5647ab9b7434,5647ab9b745a
2,5647ab93f80b,5647ab93ffd0
2,5647ab91f44b,0
3,5647aba3744b,5647ab967750
2,7f91ad322e4c,7f91ad323792
2,5647aa01744b,5647aa01766e
3,5647ab9b740a,5647a8809700
4,5647a939600b,5647a9396010
2,5647ab917409,5647ab917362
2,5647aa0bf849,5647aa0bfa08
2,5647ab9bfc08,0
1,5647ab9b7848,5647ab9b7306
2,5647ab9b780f,5647ab9b7375
3,5647aa01700f,5647a8809ac0
5,5647ab996c4e,5647ab9bef90
2,5647ab99780d,0
7,5647ab93e00c,5647ab95fa03
2,5647aba9700c,0
2,5647aba1700c,5647aba16f09
2,5647aa01780d,0
2,5647aba37c4c,0
1,5647ab9b7c0c,5647ab9b79fa
2,5647aba37003,0
2,5647aba37c43,0
2,5647ab997403,0
2,7f91ad322e04,0
1,5647ab997842,5647ab9977c5
2,5647aa0bf840,5647aa0bfa08
2,5647aba37847,5647aba380fe
5,5647a9836804,5647aa697e90
2,7f91ad322e40,7f91ad3238cc
7,5647ab936046,5647ab93456f
2,5647aba97c05,0
3,5647aba37405,5647ab8e2d20
2,5647ab9bf805,0
2,5647ab91f444,0
2,5647ab99fc44,5647ab99fc5b
2,5647aa01701a,0
2,7f91ad322e1c,0
3,5647ab93f81a,5647ab941fc0
2,5647aba9701a,0
2,5647ab9b741a,0
3,5647aba9f05a,5647a97f1da0
2,5647ab9bf819,0
2,5647a9137c5b,0
2,5647ab99fc18,0
2,5647aba3705f,5647aba3820c
2,7f91ad322e58,7f91ad323964
1,5647ab99781e,5647ab9976c5
3,5647ab91f45d,5647ab8d6440
3,5647ab9b741c,5647a8809510
2,5647ab9bf853,5647ab9bf9b1
1,5647ab93f852,5647ab93f740
1,5647abab7c52,5647aba9601b
2,5647ab91f012,0
2,5647ab91f052,0
2,5647aba37452,0
1,5647ab997852,5647ab9977f5
2,5647aba37011,0
3,5647aba37051,5647ab8eea50
1,5647ab9bf411,5647a8809700
2,5647aa017851,0
2,5647aa017816,0
2,5647aba37017,0
2,7f91ad322e10,7f91ad323740
2,5647ab9bfc16,0
2,5647ab997816,0
7,5647a9396017,5647aad395e0
2,5647aba37c55,5647aba383d9
1,5647ab9b7c15,5647ab9b7a5b
2,5647aba107aa,5647aba109c0
2,7f91ad3255ef,7f91ad325648
2,5647abab03e8,5647abab2ebd
2,5647a9130faa,0
2,5647aa0183ae,5647aa0183f1
3,5647aa018bee,5647a8b68ce0
2,5647ab9303ae,0
2,5647a91b83ec,5647a91b8407
3,5647ab930fee,5647ab0b7910
5,5647ab991bae,5647ab994310
2,5647aa0183ef,5647aa0183b0
3,5647aa0187ef,5647aba44fd0
1,5647a9138bac,0
2,5647aa018bad,5647aa018e00
2,5647aa0183a2,5647aa0183e8
2,5647a91303a3,5647a9130400
2,5647aba107a0,0
2,5647aba30ba0,0
2,5647aa0183e1,5647aa0183a0
4,5647ab9993a7,5647ab999540
7,5647a93b97e4,5647ab94852d
2,7f91ad325da0,7f91ad325db1
2,5647ab990fe6,5647ab990e25
2,5647aba107a5,0
3,5647a9138ba7,0
1,5647a9390fe6,5647a9390b80
2,5647ab930bbb,0
1,5647a91303f9,5647ab8f3f20
2,7f91ad325dbc,7f91ad325ebc
2,5647aa0183fb,0
2,5647aa0187bb,5647aa0187e8
2,5647ab9983ba,5647ab998440
2,5647abab03f9,0
2,5647ab990fb9,5647ab990a86
2,5647aba307ff,5647aba3080e
3,5647aa018bfe,5647a880a860
2,5647ab930bfe,0
2,7f91ad3255b8,0
2,5647aa0183bc,5647aa018390
2,5647a9138bbf,0
2,5647a91b83fe,0
3,5647aba307f3,5647aba2fe60
2,5647ab910fb2,0
2,7f91ad3259b4,7f91ad325ee9
2,5647aba387b1,5647aba387b8
2,5647a99103b2,5647a99103d0
2,5647a91b83f2,0
7,5647ab9313b7,5647ab92f18a
1,5647ab930ff6,5647ab930dd9
2,5647aa0187f7,0
2,7f91ad3255f3,0
1,5647aa01838a,5647aa0183b0
2,5647ab910bcb,5647ab910aaa
2,5647ab930bca,0
2,5647ab918fca,0
2,5647aba387c9,5647aba387d0
3,5647aa018789,5647a880a860
2,5647a9138bca,0
3,5647a9138b8a,5647a9137c10
2,5647a9390b8d,0
1,5647aba1078f,5647aba107ba
2,5647ab99038f,5647ab990480
2,5647ab910b8f,0
2,5647aa018b8f,5647aa018b50
7,5647ab999bcd,5647ab990808
2,5647abab03cc,0
2,5647a913038e,0
2,5647aa0183cd,5647aa0183a0
2,5647ab910f83,5647ab911372
2,5647ab910bc3,0
2,5647aa018bc3,0
2,7f91ad325dc4,0
2,5647ab910fc1,5647ab911397
2,5647a9130383,5647a913038c
5,5647ab9b9f81,5647ab9a6ff0
2,5647aba107c0,5647aba10798
2,5647a9130fc2,0
2,5647aa018b81,5647aa018b40
2,5647abab0387,5647abab03a3
3,5647aa0183c6,5647a8809590
2,5647ab998387,5647ab9983a1
2,5647a9138bc4,0
2,5647aba18786,5647aba18870
2,5647ab9303c4,5647ab9303e0
2,5647aba1079b,0
3,5647aba3879b,5647a8809510
2,5647aa018b9b,0
2,7f91ad3255df,7f91ad325620
2,5647aba38799,0
2,5647aa0183d9,0
2,5647ab93039f,5647ab930438
2,5647ab930bdf,5647ab930bfb
1,5647a99103dd,5647a9910390
2,5647a991039d,0
7,5647a92b1fdd,5647ab8f863f
1,5647ab910b9f,5647ab910bb9
1,5647ab918fdd,5647ab90b5e0
7,5647a9331f9f,5647a92607d6
2,5647a913039f,5647a9130380
2,5647ab9987dd,0
2,5647aba387dd,0
3,5647a9138b9f,0
2,7f91ad3255da,7f91ad32560a
2,5647a9138bde,5647a9138b37
2,5647ab918fd3,0
2,5647abab0b93,0
2,5647aba30bd3,0
3,5647a99103d0,5647aba1ce70
2,5647a9130fd0,5647a9130feb
2,5647aa018393,5647aa01903f
7,5647ab9b9f92,5647ab9b9512
2,5647abab0390,5647abab03a3
2,5647a9138bd5,0
7,5647ab911fd6,5647ab911473
2,5647aba98796,5647abab622a
2,5647ab9903d6,0
4,5647ab999fd6,5647ab99a908
2,5647a9130bd4,5647a9130ae0
1,5647a9390b97,5647ab8d5480
2,5647abab0395,5647abab0f40
1,7f91ad3255d3,7f91ad325615
1,5647ab910bd5,5647ab910afc
1,5647ab910fd4,5647ab911008
2,5647a9138b96,0
2,5647ab99836b,0
2,5647ab910f2a,0
2,5647aa01872b,0
2,5647aba38729,0
1,5647aa018b29,5647aa018b50
2,5647aba30f2f,0
3,5647aba3872e,5647a8809510
3,7f91ad32556b,7f91ad324520
3,5647aba3876d,5647a8809890
2,5647aa018b6d,5647aa018b40
2,7f91ad325d25,7f91ad325d18
3,5647aba10761,5647a880b020
2,5647a9138b63,0
2,5647aba38720,0
2,5647aba30720,0
2,5647ab910b27,5647ab910b2e
3,5647ab238b27,5647aafe5450
3,5647aa018b66,5647a8809590
1,5647ab910b66,5647ab8d7940
2,5647abab0b66,0
1,5647ab238b65,0
2,5647ab990325,0
2,5647ab9b8b24,5647ab9b8b3b
2,7f91ad325d3d,7f91ad325d30
2,5647ab99033a,0
2,5647ab99037a,0
2,7f91ad32513f,7f91ad325130
2,5647ab238b39,0
3,5647aa018779,5647a8b68ce0
2,5647aa018b79,0
2,5647aba1073f,0
2,5647ab910b7f,0
2,7f91ad325939,7f91ad325f2e
7,5647aba1937f,0
1,5647ab238b3e,0
2,5647aba3873e,5647aba38745
4,5647a9391f7c,5647a9392020
2,7f91ad32553b,0
3,7f91ad32557b,7f91ad324520
2,5647a913033f,5647a9130460
2,5647aba3073d,5647aba30750
1,5647a9390f3f,5647a9390b80
5,5647ab9b937d,5647ab9b4b30
2,5647ab910b3d,0
2,5647aa01837d,0
2,5647aa01873d,5647aa018db0
2,5647ab99833c,0
2,5647ab910f33,5647ab9112e0
2,5647aa018b33,5647aa019063
5,5647a9131373,5647ab8d5480
2,5647ab990371,0
3,5647ab998371,5647a880b140
2,5647ab910b30,5647ab910b48
2,5647aa018f31,0
3,5647ab998b37,5647a880b370
2,5647ab910b37,0
2,5647ab910f76,0
2,5647aba10776,0
2,5647aba10736,5647aba111a4
2,5647a9130334,0
2,5647aa018f37,0
2,5647aba30736,0
3,5647abab0376,5647ab8ffb80
2,5647ab910b76,5647ab910bd1
5,5647a9131337,5647ab8d5400
3,5647aba18734,5647ab9d0220
1,5647aba1070b,5647aba10734
2,5647aba1074b,0
3,5647aba3874b,5647a8809510
2,5647a9130308,0
3,5647ab99834a,5647ab998b00
2,5647aa018709,0
2,5647ab238b4f,0
2,5647aa018b4e,5647aa018b91
2,5647a9130f0c,5647a9130fa0
2,5647aba30f0e,0
2,5647ab93030d,5647ab930340
2,5647ab998b4d,0
2,5647ab918f0c,5647ab918ec7
2,5647aa01830d,0
2,5647aa018f0d,0
1,5647abab0f43,5647abab03a3
2,5647a9130b41,5647a9130c50
2,5647aa018b42,5647aa018b88
2,5647a9138b41,5647a9138b4d
3,7f91ad325d04,7f91ad3240b0
3,5647ab990342,5647ab7275b0
2,5647aa018f40,5647aa01834a
3,5647aba30f01,5647aba31aa0
2,5647aba30f40,0
2,5647a9390b44,0
3,5647aba98745,5647a96c0940
2,5647aa018304,5647aa018ce0
4,5647ab991744,5647ab9917f0
3,5647aba18704,5647a8809560
2,7f91ad32515d,7f91ad325150
2,7f91ad325d5d,7f91ad325d50
2,5647ab99035b,0
2,7f91ad32511f,7f91ad325110
2,5647a9130b1b,0
2,5647abab0b59,0
2,5647ab910b18,5647ab910b2e
2,5647ab9b8b18,0
2,5647ab910b1f,0
2,5647a9138b1d,5647a9138bb1
2,5647aa01871f,5647aa0186e0
2,5647aba3071e,0
2,5647ab998b1e,0
7,7f91ad324518,7f91ad325b7e
3,5647aa018f1c,5647a880bbe0
2,5647aa018b1c,0
2,5647aa018b5c,5647aa018b30
2,5647aa018312,5647aa018ef0
2,5647aba38753,5647aba386f0
7,5647aba31b53,5647aba30f06
2,5647ab910f52,5647ab910f48
2,5647a9910310,5647a99103b0
3,5647ab990312,5647ab9901e0
2,5647aa018753,0
2,5647aba38712,5647aba38719
3,5647ab998352,5647ab9985c0
2,5647ab910b50,5647ab910a48
2,5647aa018711,5647aa0186d0
2,5647aba30717,0
2,5647ab918f56,5647ab918ec7
2,7f91ad325550,7f91ad325bf5
1,5647aba30756,5647ab8d7470
2,5647ab238b15,0
2,5647ab238b54,0
3,5647aba38714,5647a8809510
2,5647a9138b56,0
2,5647aba18714,0
2,5647aba10aea,5647aba112f6
2,5647ab9982aa,0
2,5647aba182a9,0
2,5647aba18ee9,0
3,5647aa018ea9,5647a8809590
2,5647a91b82ed,5647a91b82fc
2,5647a9130eed,0
3,5647aba38eef,5647ab8d7470
1,5647ab9b8aef,5647a8809700
3,5647a9130aed,5647ab8ff340
2,5647aa0186af,0
2,5647aa018aef,0
2,5647aa0186ec,5647aa0186c0
2,5647aba386ed,0
2,5647ab910aec,5647ab910af4
2,7f91ad3258ea,7f91ad325c78
1,5647aba30eac,0
2,5647aba30eac,5647aba30eb6
1,5647ab238ae3,7f91a8737240
2,5647aba10ae1,0
5,5647aba196e1,0
1,5647aba302a0,5647aba301c2
2,7f91ad3258e1,0
2,5647a9130ee4,0
2,5647aa0182a7,0
3,5647aa018ae7,5647aba44fd0
2,5647aba386a6,5647aba39bab
2,5647ab990ea5,5647ab99210c
2,5647ab910aa4,5647ab910b70
2,5647a99102f9,0
1,5647aba38efb,5647aba36fd7
2,5647a9130af8,5647a9130b10
2,5647aa018efb,0
3,5647aba106b9,5647a8809e80
2,5647aba306b9,0
2,5647aba186f9,0
2,5647aba306f8,5647aba30708
1,5647ab238aff,0
2,5647aba386ff,0
2,5647aba306bf,0
2,5647a91b82ff,5647a91b844d
2,5647aba10abd,0
2,5647a9010eff,5647a9011000
1,5647aa0186bc,5647aa0186e0
2,7f91ad3258ba,7f91ad3258c7
2,5647aa0186fd,5647aa0186d0
2,5647ab9902b2,0
2,5647aba306b2,0
2,5647aa018eb0,0
2,5647a9010ef5,5647a9010e28
2,5647ab9902b7,5647ab990290
1,5647ab238af7,7f91a8737240
3,5647aa0186f6,5647a8809590
2,5647aa018ab6,0
2,7f91ad3258f3,0
2,5647aba30ef4,0
2,5647aa01828a,0
2,5647ab99868a,5647ab99864c
2,5647ab990289,0
2,5647a9010e8a,0
2,5647aba10acf,0
2,5647aba3068f,0
3,5647a9010ecc,5647a8809570
2,5647ab93028d,5647ab9302c0
2,5647ab990e8c,5647ab990ea2
2,5647aa018682,0
2,5647aba18ec3,0
2,5647aa0186c3,5647aa019035
3,5647ab998682,5647a880a2f0
2,5647a9390a83,0
2,5647ab990e81,0
1,5647ab998a81,5647ab99888e
2,5647aa018e80,5647aa018a49
2,5647ab9982c1,0
2,5647ab910ac0,5647ab910a98
3,5647aba18280,5647aba178b0
3,5647aba38680,5647a8809520
2,5647aba30ec7,5647aba30ecb
3,5647aba386c6,5647aba3b870
2,5647ab9982c6,5647ab998334
2,5647ab910ac5,0
2,5647aa018ec4,0
3,5647aa018a84,5647a880a860
1,5647a9390ed9,5647a9390b80
3,5647ab238adb,0
1,5647ab238adb,7f91a8737240
2,5647aa01829a,0
1,5647ab918a99,5647ab918a5e
2,5647aa0182d8,5647aa0182f2
7,5647ab9b9ed9,5647ab9ba275
7,5647aa0116de,5647aa017492
2,5647aa0186de,5647aa018721
2,5647aba3869d,0
3,5647ab99829d,5647ab9a7010
2,5647aba386dc,5647aba386e3
2,5647aba3069c,0
3,5647ab9b8adc,5647ab9bb270
2,5647aa0186d2,5647aa018718
2,5647aba38693,0
1,5647ab918ed2,5647ab918d30
1,5647ab910a92,5647ab910ab4
2,5647ab930292,5647ab9302b0
7,5647ab9b9692,5647ab9b3ac2
2,5647ab990a92,0
2,5647aa018ed0,5647aa0188c9
1,5647ab918e90,5647ab918d9e
3,5647aa0182d1,5647a9e07db0
2,5647ab930297,5647ab9302d0
1,5647aba30e97,5647a880bc40
2,5647aba30696,0
2,5647ab918a95,0
2,5647aba30295,0
2,5647aba306d5,5647aba306e9
2,7f91ad32502d,7f91ad325035
1,5647ab99026a,5647ab990200
2,5647aba38a2a,0
2,5647a9130e2b,0
2,5647ab9b8e69,0
1,5647aba38229,5647aba37065
1,5647aba38e69,5647aba38a12
2,5647ab918a6f,5647ab918a5e
2,7f91ad325c29,7f91ad325c10
2,5647ab990e2f,0
1,5647ab998e6f,5647ab998e0c
2,5647ab910a6e,0
2,5647ab91862c,0
2,5647a9010e6e,5647a9010e50
2,5647ab998a6c,0
2,5647aba38a6c,0
2,5647aba3066c,0
4,5647ab991263,5647ab991301
2,5647aba10622,0
2,5647ab998a62,0
2,5647aa018a23,0
2,5647ab9b8a62,0
2,5647aa018e60,0
2,5647a9390a62,0
2,5647ab990a20,0
7,5647ab911667,5647ab911468
1,5647ab9b8a67,5647ab9b8a25
2,5647ab918e66,0
2,5647ab990a26,5647ab990d86
2,5647ab998e26,5647ab998de2
3,5647a9010e67,5647ab8f9290
2,7f91ad325c23,7f91ad325c10
2,5647aa018e24,0
2,5647ab998665,0
7,5647ab0b9e64,5647ab92f48a
2,7f91ad32503d,7f91ad32506d
3,5647aa01867a,5647aba44fd0
2,5647aba1827a,0
2,5647ab910a39,0
3,5647aba38639,5647ab8eea50
2,5647aba30679,0
2,5647ab9b8e38,5647ab9b9010
2,5647a9010e3d,5647a9010ee8
1,5647aba38a7f,5647aba37646
1,5647aba1063e,5647aba11ef0
2,5647ab99023e,0
1,5647a9130e7f,5647a9130edc
2,7f91ad325c7b,7f91ad325e1e
2,5647aba1063c,0
2,5647a9130e3e,0
2,5647ab998a3c,5647ab998a58
2,5647ab990e73,0
2,5647aba30673,0
2,5647ab918232,0
2,7f91ad325074,7f91ad325010
2,5647aba38a72,0
2,5647ab998272,5647ab99823a
2,5647ab9b8a32,0
2,5647aa018e30,5647aa018bc1
1,7f91ad325076,7f91ad324b67
2,5647aba18270,0
2,5647aba38a30,0
2,5647ab918e77,5647ab918f30
2,5647aba38677,0
1,7f91ad325c30,7f91ad325556
2,5647a9390a74,0
2,5647aa018e74,0
3,5647aa018a74,5647a8b68ce0
3,5647a9010e36,5647ab8f9290
2,5647aa018a35,5647aa018e50
2,5647a9130649,0
1,5647a9010e48,5647a9010e70
2,5647aa018a4b,0
2,5647ab918609,0
1,5647a98b020b,5647a98b0160
2,7f91ad32504f,0
2,5647aa018648,0
2,5647aba30649,0
2,5647aa018a09,5647aa0189c8
3,5647aa018e09,5647a8809590
2,5647aba38a48,5647aba38a5c
2,5647ab910a4e,0
7,7f91ad324448,7f91ad325d09
3,5647aba1060d,5647aba10670
3,5647ab9b8e4d,5647ab9b90f0
3,5647aba3860d,5647a8809520
1,5647ab9b820d,5647ab9b819a
2,5647ab990a0c,0
2,5647aba38a0c,5647aba38e58
1,7f91ad325c05,7f91ad325c20
1,5647aa018242,5647aa017f03
3,5647aa018603,5647a8b68ce0
2,5647aa018a01,0
2,5647ab910e40,0
2,5647ab998240,5647ab99813f
1,5647ab918207,5647ab8d96b0
2,5647aba38647,0
2,5647a9130e44,0
2,5647ab910e45,5647ab910e4b
2,5647ab918e44,5647ab918f00
2,5647a9010e46,5647a9010e5c
2,5647ab990a44,0
2,5647ab910a04,5647ab910d5a
2,5647ab910e04,5647ab910df0
2,5647ab9b8244,5647ab9b8536
2,5647ab910a5b,0
2,5647a9130e59,5647a9131308
1,5647aa01825a,5647aa01801b
2,5647aba3865b,0
2,5647aba30e5a,5647aba30e90
3,5647aba3861a,5647ab8e2d20
2,5647ab9b8a59,0
3,5647aa018e59,5647a8809590
2,5647aba38218,0
2,5647ab990e5f,0
2,5647aba38a5f,0
2,5647ab9b8a1f,5647ab9b8a48
2,5647ab91861e,0
2,5647aba3821e,0
1,5647a913065e,5647a91303f0
2,5647a9010e1e,0
2,7f91ad325c1a,7f91ad325f4b
2,5647aba1825c,0
2,5647aba38e5c,0
1,5647ab910e5c,5647ab910b56
3,5647ab918612,5647ab8d97c0
2,5647a9130e50,0
2,5647ab990251,5647ab990270
2,5647ab990a51,0
2,5647aa018e10,0
2,5647aba30650,0
3,5647a9130655,5647a900e650
2,5647ab9b8e57,0
2,5647ab990e57,5647ab990dc8
3,5647aa018616,5647a880a860
2,5647a9138215,0
2,5647abab0e16,5647ababa3fc
2,5647ab990a16,0
2,5647aa018a17,5647aa0189d8
2,5647aba30656,0
2,5647ab910e56,5647ab910d80
2,5647ab918e55,0
2,5647aba38655,0
7,7f91a838cc16,0
2,5647a9010e56,5647a9011040
1,5647aba30dab,5647aba30db9
2,5647abab09aa,0
3,5647aba301aa,5647aba44fd0
3,5647a91381aa,5647a9004d30
3,5647aa0189ee,5647a8809590
3,5647aba385ef,5647ab8cf6b0
2,5647ab9189ee,5647ab918a90
3,5647aa0181af,5647aa016e80
2,5647aa0185af,5647aa018570
5,5647aba199ee,5647ab953f90
2,5647ab9901ed,0
2,7f91ad025fab,7f91ad025fc0
2,5647ab910ded,5647ab910e06
2,5647aba309a3,5647aba309ac
3,5647aba389a3,5647ab8eea50
3,5647aba385e3,5647ab8cf6b0
2,5647a98b01a0,5647a98b01e6
2,5647aa0185e3,0
3,7f91ad025fa4,7f91ad026b70
2,5647ab9189e1,5647ab918a68
4,5647ab9919e1,5647ab991b00
2,5647aa018de0,5647aa018751
2,5647ab9185a0,5647ab9185b8
2,5647aa0185a1,5647aa018560
7,5647a93319e2,5647a9260625
1,7f91ad325ba6,7f91ad3256e5
2,5647aa0189a6,0
1,5647aba381a7,5647aba37670
2,5647a91381a5,0
1,5647ab918da6,5647ab918d30
2,5647abab0de6,0
2,5647a98b01e4,5647a98b01b8
1,7f91ad325fa0,7f91ad325c2d
7,5647ab9b91a6,5647ab9b8e52
2,5647ab9985e6,0
2,7f91ad3257a0,0
2,5647aba105a5,0
2,5647aa0189e4,5647aa0189b8
3,5647aba389e5,5647aba3f6a0
3,5647aba385fb,5647aba36d50
2,5647aa0185bb,0
2,5647aa0189bb,5647aa019073
1,7f91ad325fbc,7f91ad325faa
2,5647ab9901f9,5647ab990211
1,5647aba30df9,5647ab956c80
2,5647aba309b9,0
2,5647ab9109f8,5647ab910a23
3,5647aa018db9,5647a8809590
1,5647ab9185bf,5647ab9185cc
1,5647ab990dbf,5647ab990a40
2,5647a91381bd,0
2,5647ab9109be,0
2,5647ab9901fe,5647ab990258
3,5647ab9185fd,5647ab8d97c0
2,5647ab918dbd,5647ab918dc8
2,5647aba301bc,5647aba30280
2,5647ab9109fc,0
2,5647ab9985f3,5647ab998680
2,5647aba301b2,0
1,5647aa0189b3,5647aa0189d8
2,5647aba389b1,0
2,5647ab9909b0,5647ab990a08
2,5647aba381f0,0
3,5647a91381b2,0
2,5647aba30df7,0
2,5647aba381f7,5647aba38eec
2,5647aba30db7,5647aba30ddd
2,5647ab918db6,0
1,7f91ad325bf0,7f91ad3255ed
2,7f91ad3257b0,7f91ad325fb7
2,5647ab9185f5,0
2,5647aba305b5,5647aba305c1
1,5647aa0181b4,5647aa017f96
2,5647a98b01f6,0
2,5647ab9901f4,0
1,7f91ad325fb2,7f91ad325880
2,5647aa0189f5,5647aa0189c8
2,5647ab91858b,0
2,5647ab918dcb,0
2,5647aa0189ca,5647aa018a10
2,5647a9138189,0
1,5647aba305ca,5647aba30548
2,5647ab990d8a,0
2,5647ab990dca,5647ab990fd8
2,5647aba90d89,5647abaa8498
2,5647ab9109c9,0
2,7f91ad325f8f,0
2,5647ab998d89,5647ab998e68
2,5647aba389c9,0
2,5647aba30dc9,5647aba30db0
3,5647a98b018a,5647a973a7f0
3,5647aba38188,5647ab8d6440
3,5647abab89cf,5647a96f7f70
3,5647aba3898f,5647ab8da330
2,5647a913898d,5647a9138b19
1,5647aba3818d,5647aba37882
2,5647ab9b818d,0
7,5647ab91118c,5647a9267ce1
1,7f91ad325fca,7f91ad325faa
2,5647aa01858d,5647aa018560
2,5647aa0185cd,5647aa018d60
2,5647aba389c3,0
2,5647ab9b81c3,0
2,5647ab930d82,0
2,5647ab918581,0
2,5647aa018dc0,0
3,5647aba385c1,5647aba4c200
2,7f91ad325b86,7f91ad325be6
3,5647aa018586,5647a8809590
2,5647ab918586,0
1,7f91ad325f80,7f91ad325f95
2,7f91ad325780,0
2,5647aa0181c7,0
3,7f91ad025fc0,7f91ad026a90
2,5647aa018d84,0
2,5647ab990984,5647ab990ab0
2,5647ab998d84,0
2,5647ab930d9b,5647ab930fe8
7,5647aba111db,5647aba10612
2,5647aba381db,0
3,5647aba3819b,5647ab8e2d20
4,5647aba9999b,5647aba9af80
2,5647aba30ddb,5647aba30db9
2,5647ab9185da,5647ab9185c8
2,5647abab0dd9,0
2,5647ab918dd8,0
2,5647abab89d8,0
2,5647a98b01da,5647a98b01e1
2,5647aba301d8,0
2,5647aa018599,0
2,5647ab9b8198,5647ab9b8208
2,5647ab9185df,0
2,7f91ad325f99,7f91ad325f88
1,5647abab89de,5647abaad8f2
2,5647ab918ddd,5647ab918d74
2,5647aba1099d,0
2,5647a9010ddf,0
2,7f91ad325b9a,0
2,5647ab930d93,0
7,5647a9139191,0
2,5647ab9185d2,0
2,5647abab0592,0
2,5647aa0181d3,5647aa017f69
5,5647aba199d2,5647ab9b6160
2,5647aa018d90,5647aa0185e1
2,5647aba381d1,0
2,5647aba30d91,0
2,5647ab918597,0
2,5647ab930d97,0
2,5647ab918d97,5647ab918d4a
2,5647abab0997,0
2,5647abab09d7,0
3,5647aba30997,5647ab8cf6b0
2,5647aa0189d6,0
3,5647ab9109d6,5647ab910f10
2,5647a98b01d4,5647a98b01e1
2,7f91ad325790,7f91ad325fc5
1,5647abab81d5,5647abaa2c0c
2,5647aba109d5,5647aba10ab0
2,5647aa018dd4,0
2,5647ab918dd4,0
1,7f91ad325b92,7f91ad3255ed
1,5647aba389d4,5647aba3783c
2,5647ab9b81d4,0
2,5647ab998d6b,0
2,5647ab9b892b,5647ab9b8a04
3,7f91ad32576c,7f91ad324520
3,5647a9910168,5647aba1ce70
3,5647aba10529,0
3,5647abab8929,5647abac2d00
2,5647aba30969,5647aba30970
2,5647aba30168,5647aba301a0
2,7f91ad32532e,7f91ad325359
3,5647aa018d69,5647a8809590
3,7f91ad325b6e,7f91ad3239a0
2,5647ab91852f,5647ab91853b
2,5647a91b852d,0
3,5647aba3012f,5647a880a860
2,7f91ad325329,0
2,5647aa01856e,0
3,5647aba30d2e,5647aba32860
2,5647aa01896f,0
1,5647abab052d,5647abab0480
2,5647a91b856f,5647a91b857f
2,5647ab910d6c,0
2,5647ab99812c,0
2,5647ab918523,0
2,5647abab0923,0
2,5647aba30963,0
2,5647aa018562,5647aa0185a8
3,5647aba30922,5647ab8d6440
2,5647aa018d20,0
2,5647a91b8562,5647a91b856b
1,5647aba30560,7f91a87c8830
2,5647ab9b8567,5647ab9b8541
3,5647aa018967,5647aba44fd0
2,5647aba38166,0
3,5647aba30d26,5647aba22750
3,7f91ad325b63,7f91ad3239a0
2,7f91ad325f62,0
2,5647ab998124,5647ab998288
2,5647a98b0179,0
3,5647a91b8539,5647ab8fd440
2,5647aba3817a,0
2,5647a9130d3b,5647a9130e20
2,5647aba30939,5647aba30944
2,5647ab998139,5647ab998260
1,5647abab8938,5647abaad8f2
2,5647aba30578,0
3,5647ab998d78,5647ab9b5180
2,5647ab9b8138,0
1,7f91ad325b7e,7f91ad325d09
3,5647a98b013d,5647a973a7f0
2,5647ab9b853f,5647ab9b8563
3,7f91ad325b79,7f91ad3240b0
3,5647abab0d3e,5647a95e3f40
1,5647aba30d3e,5647aba21e40
2,5647aa01857c,5647aa018550
3,5647ab9b813d,5647ab9b8150
2,5647abab8932,0
2,5647aa018933,5647aa018960
2,5647ab9b8172,0
2,5647abab8971,0
2,5647aa018d70,0
2,5647aba38971,5647aba37549
2,5647ab998131,0
3,5647ab998d70,5647ab9bdaa0
1,5647a9910175,5647a99100e0
3,5647ab9b8177,5647ab9b5cb0
3,5647aba10536,5647ab8e2d20
2,5647aa018537,0
2,5647aa018d34,0
2,5647ab930d74,5647ab930d79
2,7f91ad325f72,0
2,5647aba38174,0
2,5647aa01850a,0
1,5647ab9b814b,5647ab9b7c20
2,5647ab99894a,5647ab998829
1,5647aa018d0b,5647aa01830a
2,5647abab0509,0
3,5647aba38948,5647aba405e0
2,5647a991010d,0
2,5647a98b014d,0
2,7f91ad32570b,7f91ad32575c
2,5647aba3090d,0
2,5647aa01810c,0
3,5647aba3810d,5647abac1820
2,5647a913890f,0
2,5647ab99814c,0
2,5647aba10d03,5647aba11040
3,5647aa018502,0
2,7f91ad325f04,7f91ad325a31
3,5647aba10541,5647a8809d10
2,5647aa018d00,0
2,5647aa018d40,5647aa018421
2,5647aba30540,5647aba30560
3,5647aa018901,5647a880a860
1,7f91ad325f46,7f91ad3259ad
3,5647aba30107,5647a8809510
2,5647ab998d07,0
3,5647aa018d06,5647a8809510
2,5647ab998106,0
2,5647abab0d45,5647abaa5fa0
2,5647aba30105,0
1,5647aa018544,0
2,7f91ad325b43,7f91ad325ab9
7,5647ab911904,5647ab8f5bf6
3,5647aba3895b,5647aba3a690
3,5647aba30d1a,5647aba30d80
2,5647aa018118,5647aa018079
2,5647a98b015a,5647a98b0208
3,5647aba30118,5647a8809510
3,5647aa018d19,5647a8809590
3,5647aba38158,5647ab8eea50
2,5647ab998118,0
2,7f91ad325b1e,7f91ad325b5d
2,5647aba30d18,0
1,5647abab051e,5647abaa5fa0
1,5647aba3055e,7f91a8737240
2,7f91ad325b5b,7f91ad325b20
2,5647ab91891c,0
3,5647aba30d5c,5647a9299150
2,5647aba3095c,0
2,5647aba3811c,0
2,7f91ad32571a,7f91ad325b97
2,7f91ad32575a,7f91ad32570d
2,5647ab918913,0
2,5647ab918d53,0
2,5647a91b8550,0
5,5647ab991112,5647ab9907f0
2,5647aa018553,5647aa019047
2,7f91ad325716,7f91ad3256d0
2,5647ab9b8d10,5647ab9b8e2e
2,5647abab0950,0
2,5647a9390555,0
2,5647ab998d17,5647ab998d36
1,5647abab8556,5647aba9a2b5
2,5647aba10556,0
2,5647aba30116,0
2,5647a9390514,0
2,5647abab0916,0
2,5647aba30555,0
2,5647a91b8556,0
2,5647ab9b8154,5647ab9b8160
3,5647aba30ce9,0
2,5647aba380e8,0
2,5647a99100ed,0
2,5647aba380ee,0
2,7f91ad3256eb,0
1,5647ab2388ed,0
2,5647ab998ce3,5647ab998cfb
1,7f91ad325ee4,7f91ad325dcf
2,5647aa0188a3,0
3,5647aba300e1,5647aba52230
2,7f91ad3256e7,7f91ad325740
2,5647aba30ca1,5647aba30cc6
2,5647aa0180a0,0
2,7f91ad3256a6,0
2,5647aba30ce7,5647aba30d50
2,5647a99100e4,0
5,5647abab14e6,5647ab8d7940
2,5647aba308a6,0
3,5647aa018ce7,5647aa017db0
2,5647a91388e7,0
7,7f91ad324ee2,7f91ad325771
2,5647abab04fb,5647abab0d38
2,5647abab88bb,0
2,5647aa0180f8,0
1,5647aba380f9,5647aba37c30
2,5647aa0180be,5647aa017dfb
2,5647ab998cfe,0
3,5647aa0184bf,0
4,5647aba99cfc,5647abaa4f40
3,5647aba30cfc,0
2,5647ab9188b3,0
2,5647ab9184f3,0
1,7f91ad325ab7,7f91ad325b25
3,5647aa0180f1,5647a8809590
2,5647aa0180b1,5647aa0180b8
3,5647aa0188f1,5647a8b68ce0
3,5647aba300f6,5647a8809510
2,5647a99100b4,5647a9910168
2,5647aba300b4,0
2,5647aba300f4,0
2,5647aa0188b5,5647aa018ea0
3,5647aba380b4,5647ab8da330
2,5647ab9b8cb4,5647ab9b8cda
3,5647aa01808b,5647a8b68680
2,5647aa0188cb,0
2,5647aa018889,5647aa018848
3,5647aba380c8,5647ab8eea50
1,5647ab93048f,5647ab9303b0
2,5647aa01848e,0
2,5647aba308ce,0
4,5647aba99c8d,5647aba9a1a8
4,5647ab91188d,5647ab911940
1,5647a939088f,5647a9390548
2,5647ab918883,0
3,5647ab990883,5647a8867580
4,5647a8811480,7f91acf8ada0
3,5647aba98882,5647a92773e0
1,7f91ad3256c4,7f91ad32570d
1,5647aba18882,5647aba18799
2,5647aa018881,0
5,5647ab991887,5647ab98fc60
4,5647aba99886,5647aba98850
2,5647aa0184c7,0
3,5647aba300c5,5647a8809540
3,5647aba30885,5647ab8ffe30
2,5647ab99889b,0
2,5647aba3089a,0
1,5647aba3809a,5647aba378fa
2,5647ab2388d9,5647ab238ac8
3,5647aba388d8,5647a88098a0
2,5647ab9b8c98,5647ab9b8ca8
2,5647aba388df,0
5,5647abab149e,5647ab8f0d00
2,5647aa0184dc,0
2,5647ab9188dc,0
2,5647ab9188d3,0
1,5647a9130cd1,5647a9130d30
2,5647ab9b8c93,0
1,5647ab990492,5647ab9903a1
2,5647abab04d1,0
2,7f91ad3256d7,7f91ad325718
2,5647aba30097,0
2,5647aba988d6,0
2,5647aba380d6,0
3,5647aba38095,5647aba3a690
2,7f91ad3256d2,7f91ad325702
2,5647ab2388d4,0
2,5647aba38494,5647aba38599
2,5647ab93046b,0
2,5647aba30829,0
2,5647aba30428,0
3,5647aba30868,5647aba41930
3,5647aa01886e,5647a8809590
2,5647aba1046e,0
2,5647a9390c2c,0
1,5647aba3042e,5647aba2feb3
2,5647ab99882e,0
3,5647aba3086d,5647aba30c40
5,5647ab911823,5647ab8f3f20
2,5647ab998823,5647ab998948
3,5647aba30863,5647aba2fe40
2,5647aa018423,0
1,5647a91b8423,5647ab8d5480
3,5647ab930460,5647ab932da0
2,5647aba98860,0
1,5647a9130464,5647a913035b
2,5647aa018824,0
2,5647aa018864,5647aa018838
2,7f91ad325622,7f91ad325b83
2,7f91ad325662,7f91ad325615
2,5647aa018025,5647aa017ff8
2,5647aa018065,5647aa0180e8
3,5647aba38824,5647ab8cff10
2,5647aa01807b,0
2,5647aa01883b,5647aa01906b
2,5647ab998839,0
1,7f91ad325e3e,7f91ad325cf3
2,5647aa018039,5647aa017ff8
1,5647ab9b8c78,5647ab9b8c87
2,5647ab99883f,0
2,5647aba3083f,0
2,5647aba3087c,0
7,5647a933187e,5647aba2910e
2,5647abab0472,5647abab0523
2,5647aa018c33,0
2,5647aba10870,5647aba1099a
2,5647aa018031,0
1,5647aa018831,5647aa018858
1,5647aba38837,5647aba386ac
2,5647aba30836,0
7,5647ab911834,5647ab914a1f
2,5647aa018875,5647aa018848
2,5647aa01884a,0
2,5647ab99844a,5647ab99812e
2,5647ab998849,0
2,5647a91b840a,5647a91b841a
3,5647aa018449,5647a8b68ce0
3,5647aba1044f,5647ab902fe0
2,5647aba3000f,0
2,5647aba3840f,5647aba37c73
3,5647ab930c0d,5647ab8cff10
2,5647a939044f,0
2,5647ab99800d,5647ab9980fc
2,5647abab044c,0
7,5647a901100e,5647ab96e47d
2,5647aa01840d,5647aa018d10
3,5647ab990803,5647ab999990
2,5647a9910041,0
3,5647aba38401,5647ab8eea50
7,5647a9131045,5647aa5b7c21
3,5647aba30007,5647a8809540
2,5647aa018006,5647aa018049
7,5647ab911406,5647ab8f5c1e
2,5647aa018047,5647aa018008
1,5647a91b8459,5647a91b83da
2,5647ab99881b,0
3,5647aba30859,5647aba41950
1,5647aba38459,5647aba37c9c
2,7f91ad32561e,7f91ad3255d8
3,5647aa01801e,5647a8809590
7,7f91a838ce1d,7f91a83151ff
3,5647aba3085e,5647aba2fe20
2,5647aba3005d,0
5,5647ab9b981d,5647ab9bb730
3,5647aa01845c,5647a880a860
3,5647aba1045c,5647ab8e2e90
2,5647aba9801c,0
2,5647ab998852,5647ab998a30
2,5647aa018053,0
2,5647a9910050,0
2,5647a9130413,0
2,5647aba30c51,0
7,5647ab999411,5647ab996c51
2,5647aba30c17,5647aba30c32
2,5647aa018856,5647aa018899
2,5647ab930456,0
3,5647a91b8454,5647ab904150
7,5647ab911455,5647ab8d95f1
2,5647aba30015,0
2,7f91ad325613,7f91ad325664
2,5647aa018014,5647aa017fe8
1,5647a9130c56,5647a9130c90
1,5647ab990854,5647ab99e220
3,5647aba30854,5647ab9d0260
3,5647aba38454,5647ab8d66a0
2,5647a9910056,5647a99100b0
7,5647a99103a9,5647ab95a75f
3,5647aba11fab,5647a880bc70
3,5647aba11feb,5647a880bc70
1,5647ab9917eb,5647ab990fb6
2,5647a91393e9,0
2,5647abab13aa,0
7,5647ab9903ea,5647ab99a012
4,5647aba987a9,5647aba9a1a8
2,7f91a838cdea,0
2,5647ab9b17a9,0
7,5647ab9303e8,5647ab0b9a45
2,5647ab9313a8,0
2,5647ab9113e8,0
2,7f91ad3245ae,7f91ad3245c9
1,7f91ad3249ae,7f91ad324960
1,5647ab9113a8,5647ab911008
2,5647ab9913ef,0
2,5647ab0b9bee,0
2,5647ab911fae,5647ab911fb5
1,7f91ad3249e8,7f91ad324840
1,5647aba39bae,5647aba3881b
2,5647aba997ad,5647aba997b4
1,7f91ad3245eb,7f91ad324634
2,5647a93317ef,0
2,5647a93b97ef,0
2,5647ab9113ec,5647ab911410
3,5647aba997ec,5647ab8d4840
2,5647ab991bec,5647ab992592
2,5647a93b97a1,5647a93b97e8
2,5647ab991be3,0
3,5647ab9113a3,5647ab8e3220
2,5647ab9313a2,5647ab9313af
2,5647ab9117e1,0
2,5647a9331fa3,5647a9332038
3,5647abab13a1,5647a96f7f70
2,5647ab9913a1,0
2,5647a91393a2,5647a9139408
2,5647aba997a7,0
2,7f91a838cde4,0
2,5647ab9913a7,0
2,5647ab999fa7,0
2,7f91ad3241e1,7f91ad324460
2,5647a9331fe4,0
1,7f91ad3249a0,7f91ad3247a0
4,5647abab0ba6,5647aba9e1a0
2,5647ab9913e6,0
2,5647a91393e4,0
2,5647ab0b9be5,0
2,7f91ad3241a3,7f91ad3240f0
2,5647a93317a7,5647a93317da
1,5647aba31ba5,5647aba31b45
3,5647aba997fb,5647ab8d6440
3,5647aba11fbb,5647a880bc70
3,5647aba11ffb,5647a880bc70
3,5647a93317f9,5647a8809d10
2,7f91a838cdf9,0
2,5647ab9917fa,0
2,5647ab9993ba,0
2,5647ab9b17b9,5647ab9b189f
3,5647ab9b97b9,5647ab9b53e0
7,5647a91303fa,5647aa5b4746
2,5647a93b97bc,5647a93b98d0
2,5647ab9913fe,0
2,5647ab991fbd,5647ab99375f
2,5647ab9993fd,0
2,5647ab0b9bbc,0
2,5647a9331ffe,0
2,5647ab9117f2,5647ab911840
2,5647ab991bb2,5647ab991bc3
2,5647ab999ff2,0
2,5647a9331fb0,0
2,5647a93317f3,0
2,5647ab9b93b1,0
2,5647a91393f3,5647a913941c
2,7f91ad3245b6,7f91ad324588
1,5647abab13b0,5647abab1248
2,5647ab9913b0,0
2,5647ab999fb0,0
7,5647aba30bf0,5647aba3086d
1,7f91ad3249b6,7f91ad324840
2,5647ab9b97b7,0
2,5647ab9117f6,0
1,5647ab9313b6,7f91afb543e0
2,5647ab999bb6,0
2,5647ab9113f5,0
2,5647ab9913f5,0
7,5647aba387f4,5647aba335d6
3,5647aba11fcb,5647a880bc70
7,5647aba30b8b,5647aba41c7d
2,5647ab9913ca,5647ab9913dc
2,5647aba31b8a,5647aba31b9e
2,5647aba99789,5647aba99790
2,5647a913138b,5647a9131328
1,5647ab991789,5647ab990fb6
1,5647aba31b89,7f91a874dfa0
2,5647ab991bc8,5647ab99199e
3,5647aba997cf,5647abac1820
2,5647ab991fce,5647ab992aae
3,5647aba11f8d,5647a880bc70
2,5647ab9917cd,0
2,5647ab93138c,5647ab931520
2,5647ab99938c,0
1,5647aba31bcc,5647aba31b1d
2,5647aba99783,0
2,5647ab911fc2,0
2,5647ab999fc2,0
3,5647ab9b9382,5647ab9b48a0
2,5647ab9993c2,5647ab9993f0
2,5647aba31bc2,5647aba31c16
2,5647ab911f81,5647ab911f58
2,7f91ad3245c7,7f91ad3245b0
3,5647aba31b80,5647ab962ef0
2,5647ab9b97c0,5647ab9b97f0
1,7f91ad3249c6,7f91ad324700
1,7f91ad324581,7f91ad3245b0
1,5647a9331fc4,5647ab8e3160
3,5647a9331fc4,5647a8809560
2,5647ab0b9bc5,0
2,5647ab991fc5,0
2,5647ab999f85,5647ab99a2ee
2,5647a9131386,0
3,5647aba11f9b,5647a880bc70
3,5647aba11fdb,5647a880bc70
2,5647ab9b179b,0
2,5647ab9b9b9b,5647ab9b9cc0
1,5647a92b1fd9,7f91a7e87ba0
2,7f91ad3245dc,7f91ad324f80
7,5647a9390b98,5647aaf229b7
5,5647ab918fd9,5647ab90b5e0
2,5647ab911fd9,5647ab911ed6
1,5647abab93d9,5647aba99c83
3,5647ab9b9399,5647ab9b9fd0
2,5647ab991398,5647ab992e8d
2,5647ab9b93d8,5647ab9b9698
7,5647ab918fde,5647ab9150f7
2,5647a91393df,0
2,5647ab0b9b9c,0
1,5647a9331f9e,5647aa0c7e28
2,5647ab991b9c,0
2,5647ab9917dc,5647ab9937d7
2,5647ab0b9b93,0
3,5647a9131391,5647ab8ff1d0
7,7f91ad325195,7f91ad31aa98
2,5647ab991b93,0
1,5647ab911392,5647ab910fa3
2,5647ab9b1bd2,5647ab9b1cff
2,5647ab911f90,0
1,5647aba11b97,5647aba119f4
1,5647ab911fd5,5647ab8f3f20
2,5647aba99794,0
3,5647a93b9796,5647a8809b40
1,5647a9131396,5647a9130e60
3,5647aba11f2b,5647a880bc70
2,5647ab99172b,0
2,5647ab99176b,0
2,5647ab999f6b,0
2,5647aba1936b,0
2,5647ab9b1f6a,5647ab9b22bf
1,5647a9331f6b,7f91a87c8c20
2,5647aba9976f,0
2,5647ab99132e,5647ab991340
2,5647a9331f6f,5647a9331fa0
1,5647abab972d,5647abaafc8c
2,5647aba31b2d,0
2,7f91ad32456a,0
3,5647aba11f63,5647a880bc70
2,5647ab9b9f63,0
2,5647ab931362,0
2,7f91ad324964,7f91ad324980
2,5647ab991362,0
1,5647a9131323,5647a913137e
2,5647aba11760,5647aba11b13
2,7f91ad324966,7f91ad324910
2,5647a9131362,0
2,5647ab991720,0
2,5647aba31b20,5647aba31b09
2,5647ab911f67,5647ab912048
7,5647ab910b67,5647ab8d95f1
2,5647ab9b9f27,5647ab9b9f2e
1,5647aba11b26,5647aba11779
2,7f91ad324920,7f91ad324980
2,5647ab999365,0
2,5647ab911f24,0
1,5647aba19f24,5647aba198a7
2,5647ab991f3b,0
2,7f91ad32493c,7f91ad324960
2,5647ab91137a,0
2,5647ab99177a,0
2,5647a9331738,0
3,5647aba11f39,5647a880bc70
1,5647aba11338,5647aba1086b
3,5647aba11f7f,5647a880bc70
2,5647ab9b1f3f,5647ab9b1f60
7,5647ab9b8b3f,5647ab9bb4ac
1,5647aba1177d,5647aba11513
1,5647a9331f3f,5647ab8d1410
2,7f91ad32417b,7f91ad324403
2,5647ab99937d,0
3,5647a9331f3f,5647a880b790
2,7f91ad32497a,7f91ad324910
2,5647ab99137c,5647ab99138e
2,5647ab0b9b73,0
5,5647a9130b30,0
1,5647a9399370,0
2,5647ab931371,0
3,5647aba11f71,5647a880bc70
1,5647a9331f32,5647ab8e30e0
3,5647a9331f32,5647a880a0b0
2,5647ab9b9f70,5647ab9b9f88
2,5647ab999370,0
2,5647ab0b9b37,0
2,5647ab931376,5647ab931510
2,5647a9331f74,5647a9331f7d
3,5647ab9b1b75,5647a880b140
2,5647ab999f75,0
3,5647ab93134b,5647ab9325a0
7,5647ab93034b,5647ab0b7969
1,5647ab991f4b,5647ab990fb6
2,5647a9399349,0
2,5647ab9b9b0a,5647ab9b9c40
2,5647ab99134a,0
2,5647ab999f4a,5647ab999f60
2,5647aba1970a,5647aba19850
3,5647ab9b9f49,5647ab9bb910
3,5647ab911708,5647ab8e3220
1,5647ab991b0f,5647ab990fb6
2,5647ab0b9b4d,0
1,5647ab91170d,5647ab911545
1,5647ab911f0d,0
2,5647ab0b9b03,0
2,5647a9131341,5647a913138d
2,5647abab1343,0
2,5647aba31b43,5647aba31b54
2,5647ab911f02,5647ab911ef0
2,5647aba11302,0
2,5647ab9b1702,5647ab9b1b75
2,5647ab0b9b40,0
5,5647a9130f02,5647ab8d5400
1,7f91ad324906,7f91ad324922
5,5647ab918f07,5647ab9189d0
3,5647aba11f47,5647a880bc70
2,5647ab931345,0
2,5647aba11f05,0
2,5647ab9b9305,5647ab9b95c0
2,5647aba19705,0
2,5647ab9b9345,5647ab9b9aa8
3,5647a9131346,5647a9004490
2,5647ab991304,0
2,5647aba39304,5647aba374fa
2,5647aba19f04,0
3,5647a9399359,5647a93963a0
2,5647ab9b9b1b,5647ab9b9b2a
4,5647a9390b58,5647a9390f34
2,5647ab9b9f5a,0
2,5647ab991359,0
2,5647ab911f1f,5647ab911f8d
2,7f91ad324118,7f91ad324450
3,5647aba11f1d,5647a880bc70
2,5647a9391f5f,0
2,5647ab9b9313,5647ab9b97f0
2,5647ab991353,0
2,5647ab911f12,5647ab911e80
2,5647a9399350,0
2,5647aba19352,0
1,5647aba31b52,5647ab8d5460
2,5647aba31b12,5647aba31bc2
5,5647ab918f51,5647ab9189d0
1,5647ab911f51,5647ab911f77
3,5647a9131313,0
3,5647aba11f10,5647a880bc70
2,5647aba19f10,0
2,5647ab931357,5647ab93135e
2,7f91ad324951,7f91ad3249a8
3,5647a9131355,5647ab8ff340
2,5647ab9b9f17,0
7,5647ab998b57,5647ab99834f
2,5647ab9b9b56,5647ab9b9b6e
3,5647aba11f55,5647a880bc70
2,7f91ad324953,7f91ad3249f0
2,5647ab991314,0
3,5647aba19354,5647a8809510
3,5647ab0b9aeb,5647ab0b7df0
2,5647ab911eea,5647ab911f04
3,5647aba196aa,5647ab9a9680
4,5647ab990aa9,5647ab9941a2
3,5647ab9b16ef,5647ab9b2bb0
1,7f91ad3244a8,7f91ad324174
1,5647ab9b9aad,5647ab9b9372
2,5647ab0b9aac,0
2,5647ab911ea2,5647ab911e90
2,5647ab9b96a2,5647ab9b9ab8
1,7f91ad3240a4,7f91ad323b08
3,5647ab9b16e1,5647a880b350
2,5647a9331aa3,5647a9331933
1,7f91ad3240e6,7f91ad324181
2,7f91a838cce4,0
1,5647ab9116a6,5647ab911610
2,5647ab911ae4,5647ab9119e5
2,5647aa0116a5,0
2,5647ab0b9aba,5647ab0ba118
7,5647aba182ba,5647ab9d0483
2,5647aba19efa,0
1,5647abab1ab9,5647abab098a
7,5647ab9302bf,5647ab92faf6
2,7f91a838ccbd,0
3,5647ab9b1efe,5647a880d1b0
2,5647ab999abd,5647ab999c00
4,5647aba18efd,5647aba19000
2,5647aba31afd,0
2,5647ab9b16bc,0
1,5647ab9b9abc,5647ab9b9422
2,5647ab0b9af3,0
2,5647ab9b92f3,0
7,5647ab990ab2,5647ab98f89e
2,5647ab911eb1,5647ab911ec9
2,5647aba19ef1,0
2,7f91ad3248f1,7f91ad324a2d
7,5647aba30eb6,5647aba22ded
1,5647ab9112f6,5647ab910fa3
3,5647ab999ab4,5647ab7284a0
3,5647aa0116b5,5647a8809540
7,5647ab9302cb,5647ab92f225
2,5647ab9b9eca,5647ab9b9ed7
7,5647ab9902c9,5647aba42510
2,5647ab9b16c9,0
2,5647aba19688,0
2,5647ab911e8e,5647ab911ea4
2,5647aba3928e,0
3,5647ab0b9a8d,5647ab9325a0
2,5647aba31acd,0
2,5647ab9b9ec3,0
3,5647ab9116c2,5647a92607b0
2,5647ab911681,0
5,5647ab918680,5647ab8d97b0
7,5647ab9b8e80,5647ab9b4df8
1,5647aba11ec7,5647aba119c6
1,5647ab9116c7,5647ab911545
2,5647aba19ec7,0
1,5647ab991686,5647ab9912d8
2,5647aa0116c7,0
2,7f91ad324080,0
3,5647aba196c5,5647a8809b70
2,5647ab9b9ec5,0
2,5647ab0b9a84,0
1,5647ab9912db,5647ab991227
2,5647ab91169b,0
1,5647a901169b,5647a9010dc0
2,5647aba196d8,0
3,5647ab9116d8,5647a9262230
2,5647aba11a9e,5647aba1182d
5,5647aba3029e,5647aba583e0
2,5647ab0b9a9d,0
3,5647aba11e9d,5647aba10630
7,5647ab9302dc,5647ab92faf6
7,5647ab918693,5647ab93c3c0
2,5647ab9b16d2,0
2,5647aba19ed1,0
2,5647ab911691,5647ab911610
5,5647ab918a90,5647ab918220
2,5647ab911ed0,5647ab911fd7
3,5647ab911ad7,5647ab914550
2,7f91ad3240d1,0
7,5647aba18ed7,7f91af4ae439
4,5647a9390a97,5647a9390b40
3,5647aba19695,0
1,5647aba31a95,0
7,5647ab918ed4,5647ab9537fc
2,5647ab91162b,5647ab91163e
2,5647ab911e6b,5647ab911f18
2,5647ab99122a,5647ab9925c5
1,5647ab911e29,5647ab911e3a
2,7f91ad32442f,7f91ad3244c0
2,5647ab991669,0
2,5647aa011628,0
3,5647ab0b9a28,5647a8809890
1,7f91ad324468,7f91ad32423c
3,5647aba3926d,5647a8809540
2,5647ab99926d,5647ab99935c
1,5647ab9b9a6c,5647ab9b97a0
2,5647ab999e63,5647ab999f28
2,5647ab911622,5647ab911610
2,5647ab911e62,5647ab911e59
2,5647ab991620,0
4,5647abab0e26,5647abaa21a0
2,5647a9011224,5647a9011680
1,5647ab911666,5647ab8efa90
2,5647ab9b1666,5647ab9b16b4
7,5647aba10625,5647a93d96d0
7,5647ab918a64,5647ab918f0a
1,5647abab1624,5647aba92d8f
5,5647ab9b8a64,5647ab9b79c0
2,5647ab9b967b,0
2,5647ab99163a,5647ab99164c
3,5647aba31a3a,0
2,5647aba19a79,0
2,5647aba39239,5647aba39210
2,5647ab911678,5647ab911651
3,5647aba11a78,5647a8809520
2,5647ab99167f,0
5,5647ab998a7e,5647ab9a6ff0
1,7f91ad324478,7f91ad324371
2,5647ab991233,0
7,5647ab998673,5647ab998357
2,5647ab991672,0
2,7f91ad324837,7f91ad3249d0
1,5647abab9a37,5647abab3784
2,7f91ad324831,7f91ad3249b0
2,5647ab911636,5647ab91163e
1,5647ab911634,0
1,5647ab91160a,5647ab911619
2,5647ab99124a,0
5,5647ab9b8a0a,5647ab997fe0
3,5647ab0b9a08,5647ab930380
2,5647ab991608,5647ab992e8d
2,5647aba19a48,5647aba19a73
2,5647ab91164f,5647ab911610
2,5647abab160f,0
7,5647ab91820e,5647ab9184fc
2,5647ab0b9e4d,0
2,5647aa01160c,0
2,5647aba11a4c,0
1,5647abab124c,5647abaaf6e5
2,5647aba11a43,0
2,7f91ad324844,7f91ad324860
2,5647ab999a42,5647ab999aa8
2,5647aba31a42,0
2,5647ab911a01,5647ab9118e7
2,5647ab911641,5647ab911670
2,5647aa011600,0
3,5647ab0b9a40,5647ab930380
1,5647abab9200,5647aba92c20
2,7f91ad324846,7f91ad3247f0
2,5647ab991240,0
3,5647ab999e40,5647ab9a5110
7,5647ab990a00,5647ab98f736
7,5647ab9b8a40,5647ab9b749d
7,5647ab918247,5647ab918a93
2,5647ab911646,5647ab911610
7,5647a98b0204,5647ab8ebbad
2,7f91ad324800,7f91ad324860
2,5647ab991245,0
3,5647aba11a1a,5647aba120b0
2,5647aba11a5a,0
2,7f91ad32481c,7f91ad324840
1,5647abab9e5a,5647abaa7d29
1,7f91ad32401c,7f91ad323b08
2,5647abab1619,0
2,5647aba39259,0
2,5647ab999a18,5647ab99ace8
1,7f91ad324459,7f91ad324174
2,5647ab99165f,0
2,5647a913921c,5647a9139528
2,5647ab0b9a5d,0
2,5647ab91165d,5647ab911619
2,7f91ad32485b,7f91ad3247f0
2,5647ab9b165d,0
1,5647abab1e13,5647aba9e619
1,7f91a838cc10,0
2,5647ab999e53,0
1,5647abab9a52,5647aba9ba72
2,5647ab991251,0
2,5647ab991611,0
3,5647ab0b9a50,5647a8809890
3,5647ab999a10,5647a8809ac0
2,5647ab0b9a17,0
2,5647ab911617,5647ab91165f
2,5647ab991617,0
2,5647ab991656,0
7,5647a9138254,5647a9138b8f
2,5647abab1deb,0
3,5647aba391ab,0
4,5647abab09ea,5647aba9a4c7
7,5647ab998dea,5647ab98f1cf
7,5647ab918da8,5647ab9537fc
7,5647aba301ef,5647aba2c3a6
2,5647ab9115ee,5647ab91165f
5,5647ab9185ed,5647ab8edcc0
2,5647aba199ad,0
2,5647ab9915ec,5647ab9915fe
1,7f91ad324fe5,7f91ad324660
2,5647ab9911e3,0
3,5647abab1de2,5647a96f7f70
1,5647ab9315a2,5647ab931492
2,5647aba199e2,0
7,5647ab930de1,5647ab92dc2f
2,5647aba119e1,5647aba11b92
1,7f91ad3247e7,7f91ad324802
2,5647ab9995a1,5647ab9993b7
2,5647ab9b1da0,5647ab9b1ecd
2,5647ab9911a0,0
2,5647ab9115e7,5647ab9115ca
7,5647aba30de7,5647aba30d1f
2,5647ab9119e5,5647ab9118e0
4,5647abab05a5,5647aba99c53
2,5647aba199bb,0
2,5647ab9915ba,0
2,5647ab9115f8,0
2,5647ab9911f8,0
2,5647aba391ff,0
2,5647ab9b15be,0
2,5647ab9b15fe,0
2,5647ab9911bd,0
2,5647aba199fc,5647aba19669
2,5647aba391bc,0
1,5647ab9999f3,5647ab9999ff
2,5647aba391b3,0
1,7f91ad3243f5,7f91ad324158
2,5647ab0b9db1,0
1,5647abab1df1,5647abab1d43
2,5647ab9b15f1,0
2,5647aa0115f0,0
1,5647ab9119f0,5647ab9118e0
3,5647ab0b99f6,5647ab930380
2,5647abab15f6,0
2,7f91ad3243b3,7f91ad3244a0
4,5647aba109b4,5647aba1174e
1,5647ab9b91b4,5647ab9b9140
2,5647ab9919b4,0
2,5647a93319f6,5647a933194d
7,5647a91b8589,5647ab9669c9
5,5647ab9b81cb,5647ab9d0780
5,5647aba30dcb,5647aba32e80
2,5647ab9919ca,0
2,5647ab9b95ca,5647ab9b9660
2,5647ab0b9d89,5647ab0ba3f8
2,7f91ad3247cf,7f91ad324f76
2,5647ab9915c9,0
7,7f91ad025fcf,7f91acf8ada9
2,5647ab9115c8,5647ab9115e9
2,5647aba99988,0
1,7f91ad324f88,7f91ad324fd8
1,5647ab0b9dcd,5647ab0b9e40
7,5647aba309cd,5647aba2fd5b
2,5647a93319ce,0
2,5647ab9915c3,0
1,5647abab15c0,5647aba9a285
2,5647aba119c0,5647aba11e80
4,5647aba90dc7,5647aba96004
2,5647aba111c7,0
2,5647ab9b15c7,0
2,7f91ad324381,0
2,5647ab9911c6,0
2,5647aba199c6,0
2,5647abab1d84,0
2,5647ab991584,0
2,5647ab9999c4,5647ab999fe0
2,5647aba19984,0
2,7f91ad324fdd,0
2,5647ab9911db,0
2,5647aba1199a,0
1,5647aba111da,7f91a7e8b590
1,5647ab91119a,5647ab911121
7,5647ab9b81da,5647ab9b8142
2,5647aba119d9,0
2,5647ab99159e,5647ab9915b0
2,5647ab0b9d9d,0
2,5647ab9911d3,0
5,5647ab918d92,5647ab9189d0
2,5647ab9b1592,5647ab9b15b6
2,5647ab9b9192,0
2,5647ab9915d2,0
3,5647ab999592,5647a8812e30
2,5647aba19991,0
2,5647abab1597,5647abab15b0
2,5647ab991197,5647ab9924a0
3,5647ab0b9d94,5647ab931330
2,5647ab91116b,0
2,5647ab9b916b,5647ab9b9172
2,5647aba1992a,0
2,5647aba3916a,0
2,5647ab999569,5647ab999580
1,5647a913952b,5647a913939e
2,5647aba19968,0
2,5647a933192d,5647a9331a90
4,5647a939052c,5647a9390889
2,5647ab99112e,0
2,5647ab99152d,0
2,7f91ad324b6a,7f91ad324d70
2,5647ab99156c,5647ab992e8d
7,5647a9910121,5647ab95a5dc
2,5647ab911523,5647ab9116cc
3,5647ab9b9163,5647a880b380
4,5647abab0963,0
7,5647a9138921,0
4,5647ab918d61,5647ab918e40
7,5647a9390563,5647aba94949
7,5647aba10560,7f91a7e87420
2,5647aba19920,0
7,5647ab998160,5647ab9b8a10
2,5647ab931527,5647ab931392
2,7f91ad324b61,7f91ad324ac0
2,5647ab991527,0
7,5647ab918926,5647ab95f9ac
2,5647ab911d66,0
3,5647a9331964,5647a880b790
5,5647aba30565,7f91a7e2de80
1,5647aba19125,5647aba18eb6
1,5647a9299166,5647ab8efa90
2,5647ab9b1564,0
2,5647ab91157b,5647ab91155e
2,5647ab9b157b,0
2,5647ab99157b,0
2,5647ab999d3b,5647ab999da9
2,5647ab911d7a,5647ab911e2b
2,5647aba1997a,0
2,5647ab0b9d78,5647ab0b9a80
1,5647ab911578,5647ab8d5400
1,5647ab931538,5647ab931350
2,5647a933193a,0
2,5647a933197d,0
2,5647a913917d,0
1,5647a929917c,5647ab8d5460
2,5647ab93153e,5647ab9313af
2,5647ab9b917e,0
1,7f91ad324f7b,7f91ad324860
2,5647ab99117c,5647ab9928ea
3,5647a9299171,0
2,5647ab0b9d32,0
2,5647ab911132,5647ab91114b
2,5647ab911172,5647ab91117a
2,5647ab911532,5647ab9116fc
2,5647ab931532,0
2,7f91ad324734,7f91ad324680
2,5647aba39172,0
2,5647aba11531,5647aba11998
3,5647ab9b9177,5647a880b390
2,5647ab991536,0
2,5647a9331974,0
2,5647ab991575,0
4,5647ab91850b,5647ab8d96b0
2,5647abab1d0a,5647abab1d43
1,5647ab93150a,0
2,5647ab911149,5647ab911138
1,5647a93b990b,5647a93b9854
2,5647ab0b9d48,5647ab0ba0c0
3,5647ab9b1d4e,5647a880d1b0
3,5647ab99954e,5647ab9a7010
2,5647ab999d0d,5647ab99a37f
2,5647ab99114d,5647ab992e95
3,5647ab9b950d,5647ab9b9f00
1,5647ab911903,5647ab9113d0
1,5647abab1503,5647aba9eeca
2,7f91ad324704,7f91ad324720
2,5647ab991502,5647ab991514
3,5647abab1d01,5647abac2d00
2,7f91ad324706,7f91ad3246b0
2,7f91ad324b06,7f91ad324b1b
1,5647abab1d47,5647abaafc5c
2,5647ab911947,5647ab9118e7
2,5647ab911106,5647ab911190
3,5647aba19945,5647aba1a680
2,5647a9331947,5647a93319ec
2,5647aba19904,0
2,5647aba1995b,0
2,5647ab91111a,5647ab911121
1,5647ab91115a,0
2,5647a913915b,5647a913916d
3,5647ab9b9158,5647a880b370
7,5647aba3055f,5647aba1a662
7,7f91ad325359,7f91ad31a17c
2,5647ab9b911f,5647ab9b91b0
2,5647ab99151e,0
1,5647aba3955e,5647aba392e5
2,5647ab91115d,5647ab9110d0
2,5647a929915f,0
2,7f91ad32471b,0
3,5647aba39552,0
7,5647ab9b8552,5647ab9b72d8
7,5647ab918551,5647ab92365d
2,5647aba19951,0
2,5647ab991550,5647ab991562
2,5647ab9b9550,5647ab9b9430
2,7f91ad324316,7f91ad324470
2,5647ab931517,0
2,5647aba11517,0
2,5647ab991117,5647ab991126
2,5647ab9b9516,5647ab9b9a60
2,5647ab991155,5647ab992450
3,5647a9331957,5647a880a0b0
2,5647a9139156,0
2,5647ab9110eb,5647ab911101
2,5647aba198ab,0
1,5647ab9b9cea,5647ab9b966e
3,5647a93b98a8,5647ab8d6f50
2,5647aba99ce9,5647abab93f9
1,5647abab14e9,5647abaaad64
4,5647aba988e9,5647aba9a1a8
2,7f91ad324eaf,7f91ad324ea0
1,5647ab9314e8,5647ab8d1410
2,5647ab9914e8,0
7,5647ab9988af,5647ab9963c4
2,5647aba198ef,0
2,5647ab9910ad,0
2,5647abab14ac,5647abaaad64
2,5647ab9114e3,5647ab9116ab
1,7f91ad3246a5,7f91ad3246c2
2,5647ab9918a2,0
7,5647ab9188a1,5647ab95f9cd
3,5647ab999ca0,5647a8809520
2,5647aba198a0,5647aba19888
2,7f91ad324ae1,7f91ad324ae9
2,5647ab9b18a7,0
3,5647ab0b9ca6,5647ab930b90
7,5647ab9188e6,5647ab95f9b6
2,5647aba198e5,0
2,5647ab9910a4,0
2,5647a93b98a6,5647a93b98ad
2,5647ab9110fa,5647ab911101
1,5647ab9918ba,5647ab990fb6
3,5647ab0b9cb9,5647ab930b90
5,5647ab9184f9,5647ab918200
2,5647abab14b8,0
1,5647a93b98fd,5647a93b97ce
2,5647ab9910bf,5647ab993673
3,5647ab999cff,5647ab99c0f0
2,5647abab14be,0
2,7f91ad324ebb,7f91ad324e80
2,5647aba99cbc,0
1,5647aa0118f2,0
2,5647ab9110b2,0
7,5647aa0184f3,5647aba4f778
2,5647ab0b9cf1,0
2,7f91ad3246f7,7f91ad324a10
2,5647ab9110f0,0
4,5647ab2388f0,7f91a8737240
3,5647ab999cb0,5647ab99c600
2,7f91ad3246f1,7f91ad3249c0
2,7f91ad324af1,7f91ad324b5a
1,5647ab9314f7,0
2,5647ab9910b6,5647ab9936c9
3,5647aba198b5,5647a8809b80
2,5647ab9118f4,0
2,5647ab9114f4,0
2,5647ab9914b4,5647ab9914c6
2,5647ab99148b,0
2,5647ab911c8a,5647ab911d50
7,5647ab9188c9,5647ab95f9c4
2,5647aba11088,5647aba1072c
2,5647ab9910cf,0
2,5647ab999cce,0
2,7f91ad324ecb,0
2,5647ab99188c,5647ab99189d
7,5647aba30ccc,5647aba30872
2,5647ab911cc2,0
2,5647ab991482,0
1,5647abab9081,5647aba9a1c0
2,5647ab9b18c1,5647ab9b1558
3,5647aba198c1,5647ab9c2200
1,5647a93b98c3,5647a93b97a6
2,7f91ad324e86,7f91ad324eb4
3,5647ab999cc0,5647ab99c0f0
4,5647aba10887,5647aba1099a
2,7f91ad3246c0,7f91ad324720
2,5647ab991086,0
2,5647a93b9887,5647a93b9908
2,7f91ad3246dc,7f91ad324700
2,5647ab99149a,0
2,5647ab9914d9,0
2,7f91ad324a9e,7f91ad324fea
1,5647a91394da,5647a91393d5
2,5647ab9914df,0
7,5647ab9b8cde,5647ab9b7947
2,5647ab9910dd,0
2,7f91ad3242db,0
2,5647a93b98de,5647a93b98f2
2,5647ab93149c,0
2,5647abab1c93,0
2,7f91ad324a95,0
2,5647ab991093,0
3,5647ab0b9c92,5647ab930b90
2,5647abab14d2,5647abaacdb0
2,5647ab911c92,5647ab911d56
2,7f91ad324697,0
2,5647ab991491,0
2,5647ab9914d0,0
2,5647ab9110d6,0
2,5647ab911cd6,5647ab911e32
3,5647ab999c95,5647ab990860
7,5647ab990895,5647ab99afb7
2,5647a93b9897,5647a93b985c
2,5647aba19894,5647aba19a40
2,7f91ad324e6d,0
2,5647ab93146b,5647ab931598
3,5647ab0b9c6a,5647ab930b90
2,5647aba19028,5647aba19120
4,5647aba9802f,5647aba9af80
1,5647aa01906e,5647aa01886b
2,5647aba1986f,0
1,5647a913946d,5647a9139158
3,5647ab91146e,5647ab90bc00
4,5647a939046c,5647a9390510
1,7f91ad324a28,7f91ad324700
7,5647ab99086e,5647ab999c9a
2,5647a913102e,0
3,5647ab911463,5647ab90bc10
2,5647aba31c23,5647aba31c45
1,5647ab9b9022,5647ab9b8e59
2,5647ab9b9462,5647ab9b94ff
2,5647abab1420,5647abab7d9b
3,5647aba11067,5647ab8cff10
1,5647aa019066,5647aa018b63
2,5647ab911066,5647ab91105c
7,5647a91b8424,5647ab966a79
2,5647ab9b9826,5647ab9b9b01
2,5647ab991866,0
2,5647ab991466,5647ab991478
7,5647ab930c25,5647ab0b9cbe
4,5647a9130427,5647a9130646
2,5647ab991825,0
1,5647ab9b9425,5647ab9b952c
2,5647aba99824,0
2,5647ab911c7b,5647ab9121fb
2,5647ab9b943b,5647ab9b9450
2,5647a9139439,0
2,5647ab91107a,5647ab9110ab
2,5647aba99c7a,5647abab93c3
2,5647ab911879,0
2,7f91ad32463f,0
2,5647ab999c39,5647ab999c90
1,5647aa019038,5647aa0186f3
3,5647aba99838,5647ab8d6440
2,7f91ad324639,7f91ad324658
3,5647ab0b9c7e,5647ab930b90
2,5647ab99143d,0
2,5647aba1987d,5647aba1989d
1,5647a93b983f,5647a93b985c
7,5647aba30c32,5647aba420c6
2,5647a9331870,0
2,5647a9139430,0
7,5647aba10471,5647aba0fcf8
2,5647a93b9873,5647a93b9848
1,5647aba11830,5647aba10cf0
2,5647ab0b9c37,0
2,5647ab991837,5647ab993a25
1,5647aa019076,5647aa0189eb
1,5647ab911476,5647ab91144b
2,5647aba99876,0
2,5647ab991876,0
2,5647ab911875,0
2,5647a93b9837,5647a93b98a0
2,5647ab991434,5647ab992e8d
3,5647a9131009,5647ab8ff1d0
2,5647ab99184b,0
1,5647aa01904a,5647aa018583
2,5647abab140a,5647ababbf46
2,5647aba19008,0
2,5647aba31c48,5647aba327da
2,5647ab91180f,0
1,5647abab940f,5647aba99cf2
2,7f91ad324249,7f91ad3242d0
2,5647ab0b9c0e,0
1,7f91ad324a08,7f91ad324960
3,5647ab999c0e,5647ab99c4a0
7,5647ab99080e,5647ab991115
2,5647a913940c,0
1,5647ab91180d,0
7,5647aba1880d,5647aba1731c
7,7f91ad325e0a,7f91ad31a160
2,5647ab99144c,0
2,5647ab991443,0
1,5647aa019042,5647aa0183c3
2,5647a9331801,5647a93317da
4,5647a9390c40,5647a9390fc7
3,5647a9131000,5647ab8cf6b0
1,5647ab9b9c42,5647ab9b9b2f
1,5647a9011043,5647a9010e70
2,5647ab0b9c40,0
2,5647abab1440,5647abab32c6
2,5647ab911800,5647ab91180b
3,5647aba99847,5647ab8d6440
2,5647aba11047,0
1,5647ab911846,5647ab91180b
3,5647a9139444,5647ab8d66a0
1,5647ab911405,5647ab8f3f20
2,5647ab9b9805,0
2,5647a9331847,0
3,5647a93b9807,5647ab8d6490
1,5647abab9004,5647aba9792a
2,5647a9331806,5647a933182d
3,5647ab93145b,0
3,5647a93b9818,5647a8809890
2,5647aba1901a,0
2,5647ab991418,5647ab99142a
2,5647a93b985a,5647a93b98a0
2,5647ab99185f,0
2,5647aba9981e,0
3,5647ab9b901d,5647ab9b5000
2,5647a913941f,0
2,5647ab991813,0
2,5647ab911412,5647ab911460
2,7f91a838ce11,0
2,5647ab9b9452,0
2,5647ab0b9c17,0
3,5647a9131015,5647ab8cf6b0
3,5647ab0b9c56,5647ab930b90
2,5647aba99816,5647aba99829
2,5647abab1456,5647abab147d
1,7f91ad324653,7f91ad3245f7
1,5647ab911454,5647ab8f3f20
2,5647a9139416,5647a91394d7
2,5647aba12feb,0
2,5647aba327eb,0
2,5647aba1a7aa,0
1,5647a98bafe8,5647a9e48450
2,5647a939a3ab,0
2,5647ab99afa8,5647ab99afaf
2,5647aba3aba8,5647aba3b370
1,5647ab9ba3a8,5647ab9ba1f8
7,5647aba3bbaf,5647aba36e78
2,5647aba3afaf,5647aba3b350
3,5647ab9b2bed,5647ab9834e0
2,5647aba923ac,5647aba92398
3,5647aa892fa2,5647aa8d62b0
2,5647a98bafe1,0
7,5647ab91b7e1,5647ab2002d4
7,5647ab91bfa1,5647ab9edcd3
7,5647ab9bbba1,5647ab9b9f4e
1,5647a939a3e5,5647a939a4e2
2,5647aba9afa6,5647abaa9248
5,5647aba33ba6,5647aba36960
1,5647ab932ba5,7f91af489430
2,5647aba327e5,0
4,5647aba93be4,5647abaa2bae
2,5647ab9b2be4,5647ab9b2fd0
1,5647ab9ba3bb,5647ab9ba2c8
2,5647ab9babba,5647ab9bac60
3,5647aba12fb8,0
2,5647aba327f8,0
4,5647ab91b7bd,5647ab91b970
2,5647aba9affc,5647abab54d4
5,5647aba337bc,0
3,5647aba3abb3,5647ab8e2d20
3,5647ab99afb2,5647ab990870
3,5647aba3aff2,5647ab8eea50
1,5647a93323b3,5647ab8d4270
2,5647aba123b1,5647aba123a0
3,5647a93323b3,5647a880b790
2,5647aa892fb1,5647aa89318e
2,5647ab932bb0,5647ab932c00
2,5647aba12bb7,0
1,5647ab99afb7,5647ab99a0b9
1,5647aba123b6,5647aba1217f
3,5647aba1a7f6,5647aba26950
5,5647ab9337b6,5647ab93c060
2,5647aba923b5,5647aba92390
1,5647aba9238b,5647aba9239c
2,5647ab9ba3cb,0
2,5647aba12b8b,0
1,5647ab99a389,5647ab999d13
2,5647aba3abc9,5647aba3ad10
3,5647aba3ab88,5647a8809510
2,5647aa892f8e,5647aa892f94
2,5647ab9babce,5647ab9bab98
2,5647aba12f8e,0
2,5647ab932fcd,5647ab9331b3
2,5647aba1238d,0
1,5647a93323c0,7f91af489430
3,5647a93323c0,5647a880b7a0
2,5647ab9bab82,0
1,5647aba1ab80,5647aba1a9aa
2,5647aa892f86,0
2,5647aba3ab86,5647aba3ab8d
2,5647ab932fc4,0
2,5647a881af87,5647a881af90
2,5647aba9a3db,5647aba9a3f0
2,5647aba9239f,5647abab0540
7,5647ab91bb9f,5647ab9724d5
2,5647ab932b9f,0
3,5647a881af9c,5647a881af00
2,5647aba1a79f,0
2,5647ab9bab9f,0
2,5647aba1a7d3,0
3,5647aba3afd3,5647ab8e2d20
2,5647aba9a3d2,0
1,5647ab9b2fd2,5647ab9b2e93
2,5647aba92390,0
2,5647aba12b90,0
1,5647ab9bab90,5647ab9babc0
2,5647ab9b2bd7,0
2,5647aba1a795,0
1,5647a93323d6,5647aa0c7f00
2,5647aba12bd4,5647aba14cf8
1,5647aa892f2a,5647aa892d6b
2,5647ab99af2b,5647ab99bf61
2,5647ab9bab6b,0
2,5647ab99a76a,5647ab999ba9
2,5647a881af29,5647a881af48
2,5647aba92329,0
2,5647ab9ba369,5647ab9ba3c0
1,5647aba1ab68,5647aba1a932
7,5647ab9bb728,5647ab9ca22a
3,5647aba3ab6f,5647ab8e2d20
1,5647a939a32c,5647a939a2d9
2,5647ab932b6c,0
3,5647ab932f2c,5647a880a580
3,5647aba3af2c,5647aba3b870
2,5647aba12f6c,0
1,5647ab992322,5647ab990fb6
3,5647aa892f60,5647a880e200
2,5647aba32f21,5647aba32f31
1,5647a881af63,5647a881af2e
3,5647aba3ab60,5647aba55700
2,5647ab932b67,5647ab932b90
2,5647aba12727,0
3,5647ab932b27,5647a8809610
1,5647ab932f66,0
4,5647aba9bf65,5647aba9a8e0
3,5647a939a327,5647ab94f7e0
3,5647aa892f25,5647a880dcd0
2,5647ab9ba364,0
2,5647ab932f3b,5647ab932ed0
1,5647a939a339,5647a939a2bc
2,5647aba1233a,0
2,5647aba12378,5647aba123b3
2,5647a881af3b,0
2,5647aba3af7f,5647aba3af9a
3,5647aba32f3f,5647aba4c510
3,5647aba12b7f,5647a8809d10
2,5647ab932b7d,0
2,5647aba1237d,0
1,5647ab932f3d,0
2,5647aba1273c,0
2,5647ab932f33,0
2,5647aba12373,5647aba12358
2,5647aba12b72,5647aba12b8d
2,5647ab932b71,0
1,5647ab992331,5647ab990fb6
3,5647aba3af71,5647ab8eea50
2,5647aa892f76,0
3,5647aba1ab77,5647a8809660
3,5647aba92376,5647abac19a0
3,5647a939a334,5647ab94f7e0
2,5647aba12f35,0
3,5647ab9b230b,5647a880b140
3,5647a881af48,5647a881ae90
1,5647ab99a30a,5647ab999f8b
3,5647ab99a70a,5647a8809660
2,5647ab9bab49,5647ab9bac90
1,5647ab992b08,5647ab990fb6
2,5647aba12f48,0
2,5647ab932b4e,5647ab932b7f
2,5647a8b1a30d,0
2,5647aba12f0e,0
2,5647a939a30f,0
2,5647aba12f4d,0
1,5647ab932b0c,5647ab932a03
5,5647aba3b343,0
2,5647aba32f03,0
2,5647aba3af42,5647aba3af49
2,5647ab99af42,5647ab99bf18
2,5647aba3af01,5647aba3b330
2,5647ab9bab41,5647ab9baeb0
1,5647ab992340,5647ab990fb6
2,5647ab99af00,0
3,5647aba3ab07,0
2,5647ab932b06,0
5,5647abab3346,5647ab9459c0
1,5647ab992746,5647ab990fb6
2,5647aba1a706,5647aba1a792
2,5647aba12745,5647aba1588d
2,5647ab99a744,5647ab99a75b
2,5647aba3a704,0
1,5647ab932b5a,7f91a7e87420
2,5647ab99235a,5647ab991081
1,5647aba32f58,5647aba4fcd0
2,5647aba9235e,0
3,5647ab932f1d,5647ab932e60
2,5647aba1275d,5647aba13ad0
2,5647aba1271c,5647aba133a8
2,5647a881af1f,0
5,5647aba3b353,5647aba3aa50
2,5647aa892f53,0
3,5647aba92352,5647abac1f40
2,5647aa892f10,0
3,5647aba3a710,5647ab903040
2,5647ab932f57,0
3,5647aba92317,5647ab95b390
2,5647aba12757,0
1,5647ab9b2317,5647ab9b178a
2,5647a8b1a315,0
2,5647aba12b16,5647aba12b62
2,5647aa892f14,5647aa892f50
1,5647a939a316,5647ab8e0770
3,5647ab932eeb,5647a8809d50
2,5647aba3aaaa,0
2,5647ab932ee9,5647ab932f47
3,5647aba3a6a8,5647ab8e2d20
2,5647aba126e8,0
1,5647aba32ea8,0
2,5647aba922ef,0
2,5647aba12aef,0
2,5647aba3aeae,0
1,5647ababa2ad,5647aba96063
3,5647a939a2ef,5647ab8d6440
2,5647a939a2af,0
2,5647aba9a2ac,5647abab8540
3,5647a939a2e1,5647ab97b9a0
2,5647aa892ee3,0
2,5647ab99aea2,5647ab99a5c0
2,5647aba12ee2,0
2,5647ab99a6a1,0
2,5647ab9b2ea0,0
2,5647ab99a6e0,5647ab99b860
7,5647ab91bea7,7f91a7e87420
1,5647ababa6a7,5647aba9b5b9
2,5647a881aee5,0
2,5647aba922e4,0
2,5647aba3aaa4,0
3,5647a939a2f8,5647ab8d6440
2,5647ab99a6fa,5647ab99a6c0
2,5647aba1a6ba,0
1,5647ab99a6b9,5647ab99a6c7
7,5647a93b36fb,0
2,5647ab992ab8,0
3,5647ab932aff,5647ab932b30
2,5647ab932eff,0
5,5647aba33aff,5647aba36960
2,5647ab9326bd,0
2,5647aba126fd,5647aba1270a
2,5647ab99aebd,5647ab99b614
2,5647aba3a6bd,5647aba3a6d0
3,5647aa892efd,5647a880e760
2,5647aba12ebc,0
2,5647aba3a6f2,0
2,5647ab9baeb2,0
1,5647ab9326f1,5647ab9325e3
2,5647ab99aef1,0
7,5647a881b2b2,5647ab2c9c26
2,5647ab992af0,0
2,5647aba3aab0,0
2,5647a939a2b5,5647a939a2bc
3,5647ab99a2f7,5647ab8cff10
2,5647ab99aef7,0
2,5647aba3aef7,0
2,5647ab932ef6,0
2,5647aba3a6b6,5647aba3a6c6
2,5647aba3aab6,5647aba3aa96
3,5647ab932eb5,5647ab92f150
3,5647aa892eb4,5647a880e1f0
2,5647abab2ecb,5647abab03ee
2,5647aba3aa8b,0
7,5647a92332c8,5647a9180bdf
2,5647aba9aeca,0
7,5647a881b289,5647ab2c9c26
2,5647ab9b22c9,5647ab9b230b
3,5647a881aecb,5647a881ae20
1,5647ab9baecf,5647ab9bab64
2,5647a939a2cc,0
2,5647aba3aacc,5647aba3aa96
7,5647aba3b2cc,5647aba36e95
2,5647a939a2c0,5647a939a320
7,7f91ad026c87,7f91ad025fa9
2,5647aa892ec6,0
2,5647ab99aec7,0
2,5647ab9baec5,0
2,5647aba1a6c4,0
2,5647ab9ba284,0
2,5647ab992ada,5647ab992aeb
3,5647ab99a6d8,5647a8809ac0
3,5647aba3ae9f,5647ab8d6440
3,5647ab932edd,5647a880b750
2,5647aba9229d,5647abaa94d8
2,5647a939a29f,5647a939a330
1,5647ab992e9d,5647ab991153
3,5647aba3aedd,5647a8809520
2,5647ab9ba29d,5647ab9ba3b0
3,5647aba922d3,5647ab8f8160
2,5647aba126d3,0
2,5647aba9aad3,0
1,5647aba12e92,0
2,5647a939a2d2,5647a939a2d9
1,5647ab992e90,5647ab991227
2,5647aba3aa90,5647aba3aaa0
3,5647aba3a6d0,5647ab8d7470
2,5647ab9ba290,5647ab9ba200
2,5647aa892e96,0
2,5647ab99aed7,5647ab99b63e
2,5647aa892ed7,0
1,5647aba3aa96,5647ab8d6470
2,5647aba3aa94,5647aba3aac8
2,5647aba3aed4,0
2,5647aba92e94,5647abab4fd9
2,5647aba32a2b,0
2,5647aba1aa6b,5647aba1a8ab
2,5647aba12a6a,5647aba12c20
2,5647ab932a69,5647ab932af9
2,5647aba3aa69,0
1,5647ab932a29,7f91a87353e0
2,5647aba3ae68,0
2,5647aba9a26e,0
7,5647aaa1326f,7f91a7d2d8b0
2,5647ab99a62e,0
2,5647aba1262d,5647aba127f8
2,5647aba9a22d,5647aba9a232
2,5647aba1a22d,0
2,5647abab222c,5647aba9b578
4,5647a8813220,7f91a7d2d8b0
2,5647aba92263,0
2,5647abab2223,0
2,5647aba92e23,0
4,5647a8813e20,7f91ad6f14e0
1,5647aba1a623,5647aae0f720
1,5647aba32a62,5647aba30df0
2,5647aba1aa22,5647aba1aa29
3,5647aba1a662,5647aba1b190
3,5647aba3ae60,5647ab8e45c0
3,5647ab99a627,5647ab9944e0
3,5647aba1a667,5647aba58cd0
2,5647aba9a266,5647aba9a280
2,5647aba9a225,5647aba9a232
2,5647aba9227b,0
2,5647aba9a23b,5647abab70b0
1,5647aba1a27b,0
2,5647aba3a63a,5647aba3a620
5,5647aba3327a,5647aba2cbb0
2,5647aba12e7a,0
2,5647ab992238,5647ab99273c
3,5647aba3ae7e,5647a936ac70
4,5647aba9ba7c,5647aba9dd10
3,5647aba3aa7c,5647ab1ff4d0
4,5647a8813270,7f91a8747dd0
2,5647aba32a33,5647aba32a50
2,5647aba3aa73,5647aba3aa88
4,5647a8813e30,7f91ad6f16d0
1,5647ab912232,5647ab911e1c
2,5647ab9b2e72,5647ab9b2e8e
1,5647ababa671,5647abaad86b
2,5647ababa630,5647ababdb9c
1,5647ab992230,5647ab990fb6
2,5647ab992270,5647ab99362a
2,5647aba1a237,0
1,5647aba3a637,0
2,5647aba9a236,5647aba9a250
2,5647aba9a274,5647aba9a280
2,5647ab99ae74,5647ab99b40b
2,5647aba3ae74,0
2,5647ab91220b,0
1,5647ab99220a,5647ab990fb6
3,5647aba1a64f,5647ab9a0ba0
3,5647aba1a24e,0
2,5647aba92e4e,0
3,5647ab9ba24e,5647ab9bab10
2,5647aba3ae0c,0
2,5647aba1a243,0
3,5647aba92e03,5647a938b300
2,5647ab9ba203,5647ab9ba296
2,5647aba9a202,5647abab1580
7,5647aba3ba02,5647aba3790d
2,5647ab932a40,0
7,5647aba3be07,5647aba3bb0b
2,5647aba1aa47,5647aba1aa4e
2,5647ab99a646,0
5,5647aba33204,5647aba2cbb0
2,5647ab932a1a,5647ab932b27
7,7f91a838e859,7f91a8314b14
3,5647aba12619,5647aba15900
2,5647aba12e1e,5647aba12e65
3,5647aba1a65d,5647aba30520
2,5647aba92e1d,0
3,5647aba1aa5c,5647aba1d440
2,5647aba92e5c,0
2,5647ab9ba25c,0
4,5647a8813210,7f91a7d2d8d0
3,5647aba3a613,5647a8813220
4,5647a8813e10,7f91ad6f18f0
2,5647ab912212,5647ab912219
2,5647aba3a611,0
1,5647ab932a50,0
7,5647ab91be10,5647ab91bd18
2,5647ab9ba210,0
1,5647ab932657,5647ab932c30
2,5647aba3ae17,5647aba3acd0
2,5647abab2e56,5647ababb79f
2,5647ab99a656,0
2,5647aba92e56,0
2,5647ab932655,0
2,5647ab932a54,0
2,5647ab992214,0
2,5647aba92e14,0
2,5647ab9329e9,5647ab9329fc
5,5647ab9939e9,5647ab994270
5,5647ab9b31e8,5647ab9b5280
3,5647aba3a5ef,5647ab8dd250
2,5647ab9b2dae,5647ab9b2c9b
2,5647ab9921ee,0
2,5647ab99a9ae,5647ab99a9b5
2,5647aba9a1ed,5647abaaacb8
7,5647ab91b1ac,7f91a7e8bad0
2,5647ab99a5ec,5647ab99a5f9
2,5647ab9ba9e3,0
3,5647ab9329e2,5647ab932b30
2,5647a8b1a9a1,0
3,5647ab9b2da2,5647ab9ff8d0
2,5647aba1a9e1,0
1,5647ababa1a0,5647aba95db0
2,5647aba3a5e7,0
3,5647aba3ade5,5647aba3b870
4,5647aba93da4,5647aba9f2a8
2,5647aba3adbb,0
2,5647aba3adfb,5647aba3ae02
2,5647ab9329fa,5647ab932a30
2,5647aba9a1ba,5647abab906e
2,5647a8b1a9f9,5647a8b1a9c8
2,5647ab9ba1fa,0
2,5647aba9a9ff,5647abab5b34
7,5647ab9bb5bf,5647ab9b8ae1
2,5647aba1a9fe,0
2,5647aba3a5fd,0
2,5647a8b1a9bf,0
2,5647aba12dfc,0
1,5647ab9325f1,5647ab93264b
2,5647aba3adb1,0
5,5647aba339b1,0
3,5647a8b1a9b4,0
2,5647aba329b7,0
2,5647aba92db6,0
7,5647ab91bdb6,5647ab91bb87
2,5647ab9325ca,5647ab932880
2,5647ab9925ca,5647ab9939be
2,5647a939a58a,0
2,5647aba1298f,5647aba13bb9
2,5647aba3ad8e,0
1,5647ab93298d,0
4,5647aba9b5c3,5647abaa2bae
3,5647aba12182,5647aba12410
2,5647aba1a9c0,5647aba1a9c7
2,5647a93b25c2,0
3,5647aba329c0,5647ab8d6f50
7,5647ab9b31c7,5647ab9b2ca4
3,5647ab932dc5,5647a880a000
1,5647aba329c5,5647aba32890
2,5647aba12dc5,0
2,5647aba3adc4,5647aba3b75e
1,5647a93b21d8,5647a93b2210
5,5647ab99359a,5647ab9952b0
2,5647aba3a5da,0
2,5647aba12dd8,0
2,5647a939a59d,0
2,5647aba12d9f,0
2,5647ab99a5de,0
2,5647ab9ba9de,0
2,5647ab99a9dd,5647ab99aeb2
5,5647aba331dd,5647aba36960
2,5647aba12ddd,0
1,5647ab99259c,5647ab990fb6
2,5647aba1a9d2,5647aba1a9d9
2,5647aba9a991,0
2,5647ab9ba191,0
2,5647ab932dd0,0
2,5647ab99a5d0,0
2,5647aba12197,0
2,5647ab9325d7,5647ab9326d8
2,5647aba329d7,0
3,5647aba3ad97,5647a8809520
1,5647aba32995,5647aba32917
2,5647aa892dd5,0
7,5647ab9331d4,5647ab929ce3
2,5647a93b21d6,0
2,5647ab99a9d4,0
7,5647ab91b56a,5647ab91b978
2,5647aba1292a,5647aba1293e
1,5647ab93292a,5647ab932934
2,5647aba12d69,0
2,5647a93b216b,0
2,5647aba3292f,0
2,5647ab99252e,0
2,5647ab0ba12c,5647ab0ba141
2,5647aba9a923,0
3,5647aba3ad23,5647ab8e2d20
2,5647a93b2521,0
2,5647ab9ba523,0
2,5647aba32922,5647aba329b0
2,5647aba1a920,5647aba1ab58
2,5647ab9bad20,0
1,5647ab932967,0
5,5647aba3b167,5647aba2d700
2,5647aa892d27,5647aa892e78
2,5647ab992525,0
2,5647aba3ad64,0
2,5647aba3293b,5647aba32990
2,5647aba92d39,5647abaaa650
2,5647aba12d79,0
2,5647ab9ba538,0
2,5647ab99a93f,5647ab99b3fa
1,5647ab932d7e,5647ab932ccc
2,5647ab99213e,0
1,5647ab99253e,5647ab990fb6
3,5647aa892d72,5647a880dcd0
2,5647aba12533,0
2,5647aba12d33,5647aba139d0
3,5647aba92d32,5647ab8ebf20
7,5647aba3b931,5647aba386cb
5,5647ab9b3d71,5647ab9b5070
3,5647ab9ba530,5647a8809510
1,5647aa892d77,5647aa892dc5
2,5647aba12976,0
2,5647ab992136,5647ab993664
2,5647ab9bad35,5647ab9bacb0
5,5647ab9b3134,5647ab9aba40
3,5647ab93294b,5647ab9329a0
2,5647aba12d0b,0
2,5647ab0ba14a,0
3,5647aba1a909,5647a8809540
2,5647ab9b2d49,0
4,5647ab91b548,5647ab91b590
4,5647aba9b108,5647aba9a1a8
2,5647ab99a90f,0
7,5647a881b10c,5647ab2c9ba6
2,5647aba1210e,0
2,5647ab99214d,5647ab992522
1,5647aba3ad03,5647aba3ae4d
3,5647ab9ba503,5647a8809510
3,5647aba3ad42,5647ab8eea50
1,5647ab9bad01,5647ab9bac68
3,5647ab9ba541,5647a8809510
3,5647ab932d00,5647ab8cff10
2,5647aba12100,0
2,5647ab9b2d40,5647ab9b2e60
2,5647ab992147,0
2,5647aba92d46,5647abab15f0
3,5647ab9ba146,5647a8809560
2,5647aba12905,5647aba12923
2,5647ab9b2d1a,5647ab9b2d35
3,5647aa892d18,5647aa8d6110
2,5647aba1211f,5647aba12338
2,5647aba1a95f,5647aba1ab70
3,5647ab9ba11f,5647a8809560
2,5647aba3ad5e,0
1,5647a93b251f,5647ab93f510
2,5647aba9a51c,5647abab5540
2,5647ab9ba553,0
1,5647ab0ba150,5647ab0b9ac5
2,5647aba3ad50,0
2,5647ab9ba517,0
2,5647aba12116,0
2,5647ab932956,5647ab932930
2,5647ab992115,5647ab993f7a
2,5647aba9a4eb,0
2,5647ab9bacaa,5647ab9bad10
2,5647aba124a9,0
2,5647ab9328a8,0
3,5647ab9ba4e8,5647a8809510
2,5647ab9928ef,5647ab992cfc
2,5647ab932cae,0
3,5647aba120ee,5647aba12450
2,5647aba3ace1,5647aba3acf0
7,5647a881b0a4,5647ab2c9ba6
2,5647aba328a6,5647aba329ca
5,5647aba33ca6,5647aba47370
2,5647aba9a4e5,0
1,5647ab9924a4,5647ab990fb6
2,5647ab99a0e4,0
5,5647ab91b4fb,5647ab8d1410
2,5647aa892cfa,0
2,5647ab9bacf9,0
2,5647ab9b2cf8,5647ab9b2d13
2,5647aba1a8b8,0
3,5647ab9ba0b8,5647a8809560
3,5647aba3acfe,5647aba3a690
2,5647a939a4ff,0
2,5647ab99a8bc,0
2,5647ab992cfc,5647ab99328f
2,5647ab932cb3,5647ab932d70
2,5647ab9ba4f0,0
1,5647ab99acf6,5647ab999a3b
1,5647ab9328b4,5647ab9326b0
2,5647aba128f4,0
2,5647ab9bacb4,0
1,5647ab0ba0cb,5647ab0b9d50
2,5647aba128cb,0
2,5647aa892cca,0
3,5647ab9b2cca,5647ab9ff8d0
2,5647ab99a0c9,0
7,7f91ad026acf,7f91ad025fc5
2,5647aba1288f,0
7,5647ab9bb88e,5647ab9b9820
2,5647ab932c8d,0
2,5647aba128c3,0
2,5647ab932c80,0
2,5647aba124c0,0
3,5647ab932887,5647ab9329a0
1,5647ab9b2c87,5647ab9b2d4f
2,5647aba124c6,5647aba12608
3,5647aba1a8da,5647aba21e60
2,5647aba3acda,0
2,5647ab9ba4da,0
2,5647ab9bacdf,0
4,5647ab91b0dd,5647ab91b200
2,5647aba9a4dd,5647aba9a4f0
2,5647aa892cdd,0
2,5647ab99a8d3,5647ab99ae6c
2,5647ab99a0d2,0
2,5647ab9ba4d1,0
3,5647ab9ba0d7,5647a8809560
2,5647ab932896,5647ab932924
2,5647aba128d6,5647aba13b48
2,5647ab9b2cd6,5647ab9b2cf1
2,5647aba12495,0
2,5647ab9bac95,0
3,5647aba1202b,5647a880bc70
3,5647aba1206b,5647a880bc70
2,5647aba3282b,0
1,5647aba12828,5647aba1268f
2,5647aba12428,0
2,5647ab9b2c6e,0
2,5647ab9ba02e,5647ab9ba0a5
2,5647aba12c6e,5647aba12cf4
1,5647aba3282d,5647aba31b39
1,5647a933202e,5647a9331f85
2,5647ab99206c,5647ab993750
1,5647ababa423,5647abab30a7
5,5647aba33863,5647aba36960
2,5647ab932c62,0
7,5647a98bbc25,5647abaa0537
2,5647a9392065,0
3,5647aba1a826,5647aba1a630
2,5647a9392024,0
2,5647ab9b2c65,0
2,5647aba12c25,0
7,5647aba33c24,5647aba2bb74
2,5647ab9bac64,0
3,5647aba1203b,5647a880bc70
2,5647aba1a83b,5647aba1a8d0
1,5647ab99a03a,5647ab9999ca
1,5647a933203d,5647a9331fbd
2,5647ab9ba43e,5647ab9ba4aa
1,5647ab91203d,5647ab911ed6
2,5647aba12833,0
2,5647aba92c71,5647aba92d10
3,5647ab932c70,5647ab932e80
2,5647ab9ba430,0
2,5647a8b1a435,5647a8b1a420
2,5647ab9bac75,0
3,5647aba1200b,5647a880bc70
3,5647aba1204b,5647a880bc70
2,5647a9332008,0
2,5647ab99a84a,0
7,5647ab0bb448,5647aad264c2
4,5647aba9b00f,5647aba92251
2,5647ab91204e,5647ab911f88
2,5647ab9b2c0e,0
1,5647ab0ba40d,5647ab0b9d8f
2,5647aba1284d,5647aba1286f
3,5647ab99a00d,5647ab9902e0
1,5647aba3284c,0
2,5647aba3284c,5647aba3285a
4,5647a8813c00,7f91a7e8b720
2,5647aba92c02,0
2,5647ab9b2c01,0
7,5647aba1b401,5647aba1a667
3,5647aba32801,5647a8809580
7,5647aba1b040,5647aba2100a
2,5647ab0ba407,0
2,5647a8b1a444,0
2,5647aba12c44,5647aba12c6b
3,5647aba1201b,5647a880bc70
3,5647aba1205b,5647a880bc70
3,5647aba3281b,5647ab8d6f50
2,5647aba92c1a,5647abab91ed
2,5647a8b1a419,5647a8b1a400
1,5647a939241b,5647a9392058
2,5647ab9b2c58,0
2,5647aba9a41d,0
2,5647ab99a853,5647ab99b6cd
3,5647aba32813,5647a8809b90
1,5647ababa412,5647abab0e1c
1,5647a8b1a411,0
2,5647ab992452,5647ab991179
1,5647a9332012,7f91a7e87ba0
2,5647ab99a817,0
2,5647ab932c55,5647ab932cf0
4,5647aba33455,5647aba33457
2,5647ab9ba014,0
3,5647ab9ba414,5647ab9c5b10
3,5647aba93bab,5647ab911850
2,5647aba333ab,0
1,5647a93b3be8,5647a926c800
2,5647ab9337aa,0
3,5647ababb7a9,5647ab96b2c0
2,5647ab91b7a9,0
2,5647ab91b3af,5647ab91b3e1
2,5647aba1b3ed,0
1,5647ab9937e3,5647ab990fb6
2,5647ab91b7a1,5647ab91b9a0
3,5647aba337e1,5647ab8cf6b0
1,5647ab91b7e0,5647ab8d1410
3,5647ab9337e0,5647a8809b70
2,5647ab9b3ba6,0
2,5647ab91b3e4,5647ab91b3fb
3,5647ab91b3fb,5647ab91b780
2,5647aba33bbb,0
3,5647aba33bfb,5647ab967290
3,5647ab99b3fa,5647a8809660
1,5647aba133b9,5647aba12722
3,5647ab9337ff,5647a8809b80
1,5647aba13fff,5647aba13a3e
2,5647aba333be,5647aba34413
3,5647ab9b3bbe,5647a8809560
2,5647ab9bbbbd,5647ab9bbdfc
2,5647ab9b3bfd,5647ab9b3c0c
1,5647ab9bbfbd,5647ab9bbf23
3,5647aba33fbc,5647a94e0810
2,5647ab9b3bb3,0
3,5647ab9bbfb3,5647ab9bc980
2,5647aba13bf2,0
3,5647aba33ff2,5647ab8eea50
2,5647ab9337f1,0
2,5647aba337f0,0
7,5647a881afb5,5647a8b68740
2,5647aba3bfb6,0
2,5647aba33bb5,0
1,5647ababb7b4,5647aba9d8c8
7,5647ab932b8b,5647ab932b04
2,5647a98bbb89,5647a98bbbb0
2,5647aba337cb,0
3,5647aba33bcb,5647ab8cf6b0
3,5647ab91bf88,5647a880a000
1,5647aba3b388,0
2,5647a98bbbcd,5647a98bbf60
2,5647aba3378f,0
3,5647aba33f8d,5647a9505e00
2,5647ab9bbb8d,0
2,5647ab91bfcc,5647ab91c470
2,5647ab9bb3cc,5647ab9bb650
2,5647ab91bfc3,0
2,5647aba33fc3,0
3,5647ab91bb82,5647ab91bcf0
3,5647aba3b380,0
1,5647ab993f87,5647ab992128
3,5647ab9337c5,5647ab9a9680
1,5647aba33f9a,5647aba33cb7
1,5647abab3799,5647abab0dd2
2,5647ab9937d9,0
2,5647aba33bd9,5647aba33bf4
2,5647aba3bb9f,0
2,5647aba333df,0
2,5647ab9bbf9f,0
2,5647aba3339e,0
2,5647aba93bd1,5647abab592b
2,5647aba337d1,0
2,5647aba137d0,0
2,5647ab91bb97,0
5,5647ab932b97,5647ab94f710
3,5647ab91bf96,5647ab8cff10
2,5647ab91b7d5,0
7,5647a93323d7,5647ab8e7051
1,5647abab37d5,5647abaabc15
3,5647aba33f95,5647ab8db460
2,5647aba33394,0
1,5647ab9bbf6b,5647ab9bbb60
3,5647a98bbf6a,5647ab95f800
2,5647aba3bb28,5647aba3bb8f
3,5647ab99bf68,5647a8809660
3,5647aba33f6f,5647ab941fc0
1,5647ab993763,5647ab990fb6
3,5647ab9bbb63,5647aba08b70
2,5647aba9bf22,0
1,5647aba3b322,5647aba3af11
7,5647aba3a721,5647aba3768a
1,5647aba3b761,5647aba3b526
3,5647aba33f21,5647aba3cbd0
2,5647aba33f60,0
7,5647ab932f67,5647ab932c75
2,5647aba33327,0
1,5647a9233364,5647a9233291
1,5647aba33f26,5647aba33676
2,5647ab9bbf65,0
1,5647aba13725,5647aba13735
3,5647aba33b24,5647ab8cf6b0
2,5647aba3b37b,0
2,5647a98bbb38,0
2,5647aba3373a,5647aba33755
1,5647a93b3738,5647a93b36ee
2,5647aba33b79,0
5,5647ab99a738,5647ab990850
2,5647aba3377f,0
3,5647aba33f7e,5647ab8dd3a0
2,5647ab993f7d,0
3,5647ab9bbf3d,5647ab9c2320
1,5647aba3b33c,5647aba3b306
2,5647a98bbf71,5647a98bbc18
2,5647aba3b333,0
2,5647aba33b33,0
2,5647ab9bbb72,5647ab9bbb7d
2,5647aba33331,0
2,5647aba33771,0
3,5647a93b3733,0
1,5647aba3b370,7f91a7e87ba0
3,5647aba33f37,5647ab8dd210
2,5647aba33376,5647aba33389
1,5647ab99bf74,5647ab99af89
1,5647a923330b,5647a9233235
2,5647aba33309,0
1,5647ab99bf49,0
2,5647aba9bf0f,0
2,5647ababbf4f,5647abac0976
3,5647aba3b30f,5647ab8cff10
2,5647aba3bb0e,0
2,5647aba3330e,5647aba3331c
2,5647aba33f4e,0
2,5647aba33b0e,0
3,5647aba33f0d,5647aba3cbd0
2,5647aba13b4c,5647aba14db7
2,5647ab9bbf4c,5647ab9bbf5e
2,5647aba13743,5647aba137bc
1,5647aba33f02,5647aba335e0
2,5647a98bbb43,5647a98bbb4e
2,5647aba33341,5647aba347f6
2,5647aba13741,0
7,5647a881af43,5647a881afa1
2,5647aba9bf06,0
3,5647aba3bb06,5647aba3bcc0
2,5647ab933746,5647ab9337a2
1,5647aba3b345,5647aba3b08b
2,5647aba33b45,0
1,5647ab91bf5b,7f91a7e2de80
1,5647ab99375a,5647ab990fb6
3,5647a923335a,5647a8809db0
2,5647aba9bf18,0
2,5647aba3375f,0
2,5647ab9bb71e,5647ab9bb728
5,5647ab932b5d,5647ab932c30
2,5647a98bbb51,5647a98bbb80
2,5647aba33b53,5647aba33b6f
2,5647aba9bf52,0
1,5647aba33f12,5647aba33676
1,5647abab3351,5647abab14a9
2,5647aba13711,0
5,5647aba3ab50,7f91a7e87ba0
2,5647aba3bb17,5647aba3bb21
7,5647a939a317,5647a93a5751
2,5647ab9bb755,5647ab9bb890
1,5647aba3b355,5647aba3b2d5
2,5647ab91bf54,0
4,5647ab99af14,5647ab99af16
2,5647aba33b14,0
1,5647a9393ee9,0
2,5647ab9936af,5647ab993912
3,5647a881b2ac,5647a881ade0
7,5647a881aeed,5647a881af4d
2,5647aba33aac,5647aba33ac8
3,5647aba3baa3,5647a8809560
2,5647ab9b3ae2,5647ab9b3ba1
2,5647aba3b2a1,5647aba3b2a8
2,5647a92332e3,5647a92331e9
1,5647ab9336e1,5647a8809860
2,5647a93b36e3,0
2,5647ab9936a7,5647ab993926
3,5647aba336a7,5647aba3cbd0
4,5647aba92ea7,5647abaa21a0
4,5647aba9aae6,5647aba9a1a8
2,5647aba336e6,5647aba33731
2,5647aba9bef8,0
4,5647aba9a2bf,5647aba9be45
3,5647ab9b3abd,5647ab9b92b0
2,5647aba33efc,0
2,5647aba336b3,5647aba3367f
7,5647aba32eb0,5647aba30dcd
1,5647ab99b6f7,5647ab99a89d
2,5647aba33eb5,0
2,5647aba3b2b5,0
2,5647a92332b6,0
7,5647ab9b2eb4,5647ab9b16f4
3,5647aba3bab4,5647a8809890
3,5647aba3b28b,5647ab8d6440
1,5647aba13a8b,5647aba12d61
2,5647aba136ca,5647aba13670
2,5647ab9b3ac9,5647ab9b425e
7,5647a881ae8a,5647a881aed0
2,5647ab91be89,5647ab91be90
2,5647abab32c8,5647abab3328
2,5647aba33288,0
2,5647aba33688,0
7,5647aba3a6cf,5647aba27c0c
3,5647ab9b3acf,5647ab9c3620
2,5647aba33a8c,0
3,5647ab9336cc,5647a8809b60
2,5647ab993683,0
2,5647aba336c0,5647aba336c7
3,5647ab91be80,0
1,5647ab91be87,0
2,5647ab91b285,5647ab91b3aa
1,5647ab9936c4,5647ab990fb6
2,5647aba13adb,5647aba12830
1,5647aba3b2d9,5647aba3afc7
2,5647a9393eda,0
2,5647aba336d8,5647aba336df
2,5647ab99369f,0
2,5647aba3369f,5647aba33650
2,5647a923329c,5647a92332a6
7,5647aba3a6de,5647aba3809a
2,5647aba33a9e,0
4,5647aba9aedd,5647aba9a1a8
2,5647ab91be9d,0
2,5647aba136dc,5647aba1370e
1,5647ab9936d3,5647ab990fb6
2,5647ab993293,5647ab99358e
2,5647aba33293,0
3,5647aba33ed3,5647a8809890
2,5647aba3ba92,0
2,5647aba33ad2,0
7,5647ab9326d1,5647ab931350
2,5647ab993a91,0
2,5647ab9bb2d1,5647ab9bb3c1
1,5647ab993a97,5647ab993228
2,5647a881b294,5647a881b2a8
7,5647aba3aa97,5647aba40ad0
5,5647ab992ad5,5647ab994450
3,5647a92332d7,5647ab94f7e0
3,5647ab9336d5,5647a8809850
1,5647ab9b3a94,5647ab9b3da8
1,5647ab99322b,5647ab991848
2,5647aba13a2b,0
7,5647ab932a2a,5647ab93288c
3,7f91ad026c6c,7f91acf81908
2,5647aba9ba69,5647abab9a3c
2,5647aba3b229,0
2,5647ab91be6f,0
1,5647ab99366e,5647ab990fb6
2,5647a881b26d,5647a881b290
2,5647a923322f,0
2,5647aba33e23,0
7,5647aba32a63,5647aba32995
2,5647ab993a61,5647ab993228
1,5647ab9bb661,5647ab9bb3f5
2,5647a9233222,5647a9233300
7,5647aba3a660,5647a95068de
1,5647ab993a20,5647ab990fb6
2,5647a881b263,5647a881b268
7,5647ab932e67,5647ab932f22
4,5647aba1a626,5647aba1cf20
3,5647ab99b624,5647a88095e0
2,5647aba3ba7f,0
3,5647aba3b27f,5647ab8d6440
2,5647aba13a7e,0
2,5647aba3367d,5647aba336b5
3,5647aba33a7d,5647ab8cf6b0
2,5647ab99363c,0
4,5647a8812e30,7f91a7e1fe90
5,5647aba1aa33,5647aba1db40
3,5647aba3b273,5647ab8eea50
5,5647ab9ba273,5647ab9b9ec0
2,5647aba3ba72,0
2,5647aba33e31,0
2,5647aba33230,5647aba331d0
2,5647aba33670,5647aba33f17
2,5647aba13a70,0
2,5647aba9be77,5647abaa9450
2,5647ab993a77,0
1,5647ab9b3237,5647ab9befa0
3,7f91ad026c71,7f91acf81930
2,5647aba33e37,0
7,5647aba1a676,5647aba1a82b
2,5647ab9bbe36,5647ab9bbe46
2,5647aaa13234,0
2,5647ab993a35,0
2,5647ab993a4b,5647ab993228
2,5647aba33609,0
2,5647ab9bbe49,5647ab9bbf21
1,5647ab91be08,0
2,5647ab9b3a08,5647ab9b3a61
1,5647ab993648,5647ab990fb6
2,5647ab993a08,0
7,5647a8b1aa0c,5647ab82f178
3,5647ab9bbe0f,5647ab9bc570
2,5647ab91be0e,0
5,5647aba1aa0e,5647aba20240
3,5647a9233241,5647ab8d6440
2,5647aba3b203,0
7,5647ab9baa03,5647ab9bacf7
2,7f91a838e401,0
1,5647abab3e01,5647aba9ba42
1,5647ab993241,5647ab9909f2
2,7f91a838e842,0
2,5647aba3b241,5647aba3b248
1,5647aba1b200,5647aba1b3e0
2,5647ab9bbe40,5647ab9bbf9c
3,5647aaa13246,5647ab8d6440
3,5647ab99b647,5647ab8cff10
7,5647a881ae04,5647a881b2b1
1,5647aba33646,5647aba3367f
1,5647ab91b205,5647ab91b198
2,5647aba33e45,5647aba33fbc
2,7f91a838e407,7f91a838e444
2,5647aba13a44,0
2,5647a9233259,5647a9233350
3,5647aba3b25b,5647ab8eea50
2,5647ab9bb65b,0
2,5647a9233218,0
2,5647aaa1325b,0
1,5647ab99b65a,5647ab99aedd
2,5647aba13a5f,0
2,5647aba3361d,0
2,5647aba3365d,5647aba33f07
2,5647ab9bbe1c,0
2,5647aba1365c,5647aba1370e
4,5647a8812e50,7f91a7e1f970
5,5647aba32a53,5647aba69b80
2,7f91a838e450,0
4,5647aba9aa12,5647aba9a1a8
2,5647a9233253,5647a9233291
2,5647aba3b211,0
2,5647aba13a51,5647aba13a59
2,5647aba9be57,0
7,5647aba3aa57,5647aba3b355
2,5647aba3b217,0
4,5647aba1a616,5647aae0a170
2,5647aba3ba56,0
7,5647a93b2217,5647aad431aa
2,7f91a838e456,7f91a838e834
3,5647aba33e15,5647ab8eea50
2,5647aba13615,0
2,5647aba33254,0
1,5647ab91b1ab,5647ab8d1410
7,5647aba121ab,5647aba11a1f
1,5647ab91b9ab,5647ab91b7a7
2,5647ab9bb5ab,0
1,5647ab9b31eb,5647ab9b31a1
3,5647aba1b5aa,5647a880abd0
2,5647aba3b9e9,0
3,5647ab9b31a9,5647a8809700
1,5647ab91bdee,5647ab91bd75
2,7f91a838e3ed,0
2,5647aba3b9ee,0
2,5647ab91bde2,0
2,5647ab9b3da2,0
2,5647a92331e2,5647a92331e9
7,5647aba329e7,5647aba30d33
2,5647aba331e7,5647aba3323f
7,5647aa892de7,7f91a7e87420
2,5647aba135a6,5647aba13590
2,5647ab91b1a5,0
2,5647aba339e5,0
4,5647aba9a9a4,5647aba95d45
2,5647ab9bb9a4,5647ab9bbba8
3,5647aba139e4,5647ab909420
1,5647ab91b1fb,5647ab91b198
2,5647ab9b31bb,0
2,5647ab9b3dba,5647ab9b3aa0
2,5647aba1b1fa,0
3,5647aba3b9f9,5647ab905470
2,5647aba9b9f8,5647abab3de9
2,5647aba139ff,0
2,5647a92331fc,5647a9233210
2,5647a92331be,0
3,5647abab3dfc,5647a96d4cb0
2,5647aba9b5b3,0
2,5647aba3b9f3,0
7,5647a939a5b1,5647a93f68f2
2,5647ab9939f2,5647ab993a03
3,5647aba33df2,5647ab8e2d20
2,5647ab9b39f1,0
2,5647aba1b5b1,0
2,5647aba3bdf0,0
2,5647ab9935b0,5647ab993230
3,5647ab91b1f0,5647ab91d2b0
1,5647aa8931b6,5647aa893010
1,5647aba135b7,5647aba12b62
2,5647aba339f7,5647aba34642
3,5647a92331b4,5647aba24fd0
2,5647aba335f6,5647aba33430
4,5647ab9ba9b6,5647ab9ba9c0
5,5647aba1a9f5,5647aba1a620
3,5647aba3b1f5,5647ab8eea50
3,5647aba33db4,5647ab8eea50
2,5647aba1b1cb,5647aba1b408
2,5647a92331c8,5647a92332d0
4,5647aba92dc9,5647abaa7660
1,5647ab91b589,5647ab91b556
2,5647aba33d89,0
2,5647ab9b3d89,5647ab9b3d9b
2,5647ab9939c8,0
2,5647aba1b5cf,0
2,5647ab9bb98d,0
2,5647aba9b9cc,5647abaa9228
4,5647a8812dc0,7f91aded7730
2,5647aba1b1c2,0
2,5647aba33dc2,5647aba33ddd
2,5647ab9331c0,0
2,5647aba339c0,0
5,5647a939a585,5647a93a7350
2,5647ab91bd86,5647ab91bd40
2,5647ab91bdc6,5647ab91bd4c
3,5647aba1b5c6,0
2,5647aba339c6,0
2,5647aba1b585,0
2,5647aba33185,5647aba3487f
3,5647aba33585,5647ab8eea50
3,5647aba3b185,5647a8809530
2,5647ab9bb985,0
2,5647aba135c5,0
3,5647aba9b584,5647a96bc370
2,7f91ad026b82,7f91ad026c5a
2,5647aba331c4,5647aba331e9
2,5647aba33984,0
2,5647aba1b59b,0
2,5647a92331d8,0
2,5647ab91bdda,0
2,5647aa893198,0
1,5647aba3b9d9,5647aba3b962
2,5647ab9b3199,0
2,5647aba135d8,0
2,5647ab99359f,0
2,5647ab9b319f,5647ab9b31e0
7,5647ab932ddd,5647ab92f960
7,5647a93b219f,5647a96cf53a
2,5647aba3b19c,5647aba3b400
2,5647aba33593,5647aba335ae
5,5647aba32993,5647aba30df0
2,5647aba13593,0
2,5647aba9b992,0
2,5647aba93d91,0
3,5647aba335d1,5647aba36da0
2,5647ab9b3190,0
7,5647a93b25d5,5647a93a737e
2,5647ab9bb597,5647ab9bb59e
2,5647aba1b1d6,5647aba1b4b0
3,5647aba3b1d6,5647ab8e2d20
3,5647aba339d6,5647ab8cf6b0
1,5647ab91b595,5647ab91b556
3,5647aba93d6b,5647a93963a0
2,5647aba1b56b,0
3,5647aba3b96b,5647ab8cff10
2,5647ab91b529,0
4,5647aba9a52f,5647aba9ae50
3,5647aba3b52f,5647ab8cff10
3,5647aba3392f,5647ab8cf6b0
2,5647ab91bd2e,0
3,5647aba3352e,5647ab8eea50
3,5647ab9b316e,5647ab995f70
2,5647ab91b563,0
2,5647aba1b122,5647aba1b0d5
1,5647ab993921,5647ab990fb6
3,5647aba33160,5647aba2dbe0
2,5647aba33d67,5647aba33d82
7,5647ab9ba567,5647ab9b939e
2,5647ab9bb967,0
3,5647ab913d26,5647ab9145f0
2,5647ab9b317a,5647ab9b3181
1,5647ab91b978,5647ab91b7c8
2,5647ab91bd78,5647ab91bd94
2,5647aba1b578,0
1,5647aba3b978,5647aba3b8d0
3,5647ab9bb578,5647a8809890
2,5647aba9b53f,0
2,7f91ad026b79,0
2,5647aba3b13e,0
2,5647aba3393e,0
2,5647ab91b57d,0
3,5647ab9bb93d,5647aba092d0
2,5647ab9b313d,0
2,5647aba3353c,5647aba33557
2,5647ab9b3d7c,0
2,5647ab9bb53c,5647ab9bb543
3,5647ab91b973,5647ab91b410
5,5647a939a531,5647ab8d6470
4,5647a93b2531,5647a93b25c0
3,5647aba3b130,5647ab8eea50
1,5647ab91bd37,5647ab91bd7a
4,5647aba9a936,5647abaa3dd0
1,5647ab993935,5647ab990fb6
2,5647aba3bd35,5647aba3c5dd
2,5647ab91b534,0
1,5647aba13934,5647aba138cd
2,5647ab9bb54b,5647ab9bb560
7,5647aba1254a,5647aba120f3
2,5647ab91bd4a,5647ab91bdc0
2,5647aba3b909,5647aba3b910
3,5647aba3314f,5647ab967270
2,5647ab9b314f,0
2,5647ab9bb94d,5647ab9bb95f
1,5647aba1b10c,5647aba1b022
2,5647aba3b14c,0
2,5647aba3bd03,0
1,5647aba3b542,5647aba3adca
1,5647ab913d40,5647ab9149f0
3,5647aba33d07,5647ab8eea50
2,5647ab91bd46,0
2,5647aba9b545,5647abab2220
3,5647aba3b104,5647a8809520
3,5647ab91bd1b,5647ab8dd250
2,5647aba1b51b,5647aba1b560
5,5647a939a559,5647ab8d6470
2,5647aba9b519,5647abaa9268
3,5647aba33d59,5647ab8eea50
7,5647ab932d18,5647ab932b63
2,5647aba3bd18,0
3,5647ab9bb518,5647a8809890
2,5647aba3395e,5647aba3397a
1,5647aa89311f,0
2,5647aba3b91d,0
2,5647ab913d1c,0
3,5647ab91bd13,5647ab91be00
3,5647aba1b512,5647a880a340
2,5647aba3b152,0
3,5647aba3b951,5647a88095e0
3,5647aba3b111,5647ab8e2d20
2,5647a881b113,5647a881b094
2,5647aba33950,0
2,5647aba33d15,5647aba33d30
3,5647aba33154,5647aba1c800
2,5647aba1b4eb,0
3,5647aba3b8ab,5647a8809520
2,5647aba338a9,5647aba344d0
3,7f91ad026aae,7f91acf81908
1,5647a93b3cea,0
2,5647aba330af,0
2,5647aba330ef,5647aba330f8
3,5647aba3b0af,5647ab8eea50
3,5647aba3b8ee,5647a8b7d370
5,5647ab9b2ca1,5647ab779230
3,5647ab9bb4a7,5647ab9b8b00
2,5647aba3b8e4,0
2,5647aba1b4bb,0
2,5647aba3b8bb,5647aba3b948
3,5647aba3b8f9,5647a8809660
2,5647aba330b8,5647aba330e8
4,5647ab99a0f8,5647ab99a810
1,5647aba330ff,5647aba41f20
3,7f91ad026ab9,7f91acf81920
2,5647ab91b0be,0
2,5647aba1b4fd,0
2,5647aba3b0bd,5647aba3b0d8
1,5647abab30bc,5647abab0b52
3,5647aba1b0bc,5647a880b720
1,5647ab91b0bc,0
1,5647a93b3cb0,5647ab8d1410
2,5647aba33cb1,5647aba33f2b
3,5647aba1b4f6,5647a880abd0
2,5647aba9b0f5,0
2,5647ab9bb4b5,0
2,5647aba330b4,5647aba330d0
2,5647aba3b0f4,0
5,5647ab9bacf4,5647ab9ba9a0
3,5647aba334cb,5647a880aa00
3,5647ab9bb48b,5647ab9bcbf0
2,5647aba3b8ca,5647aba3b9d6
2,5647ab91b0c9,0
2,5647a881b0ca,0
2,5647a881b08a,5647a881b110
2,5647aba1b0c9,0
1,5647aba33c89,5647aba335e0
7,5647ab9bac89,5647ab9ba253
2,5647ab9b30c9,5647ab9b3126
2,5647aba1b4c8,0
3,5647aba33cc8,5647a8809510
3,5647aba33888,5647ab8cf6b0
1,5647aba33ccd,5647aba335e0
7,5647aba1a8cc,5647aba1994a
3,5647aba33483,5647ab8eea50
2,5647a881b081,0
2,7f91ad026ac4,0
2,5647aba33cc2,0
2,5647ab9bb880,0
2,5647a881b0c5,0
2,5647aba3b8c5,0
3,5647aba33c84,5647ab97ca70
2,5647ab9bb4c4,0
3,5647a881b0d9,5647a881ade0
2,5647aba1b0da,5647aba1b108
3,5647aba33cd9,5647a9296ea0
2,7f91ad026a9e,0
2,5647aba3b89f,0
2,5647a881b0d0,0
2,5647aba1b0d3,5647aba1b118
1,5647ab9bb892,5647ab9bb873
2,5647aba334d2,0
2,5647ab9bb4d2,5647ab9bb504
2,5647aba33491,5647aba334ac
1,5647aba138d1,5647aba13600
7,5647ab932cd7,5647ab932b63
2,5647aba330d7,5647aba330b6
2,5647aba33897,0
2,5647aba9b4d6,0
3,5647a93b3cd7,5647ab8cff10
2,5647aba1b4d5,0
2,5647aba13c6b,5647aba14f01
1,5647ab91b06b,0
2,5647a93b3c68,0
2,5647abab3c28,0
2,5647aba1b02f,0
1,5647ab99b86e,5647ab99a703
2,5647ab91b06d,5647ab91b280
3,5647aba3b02c,5647ab8da330
2,5647aba1302c,0
2,5647ab9b3c63,5647ab9b3d51
2,5647ab9bb463,5647ab9bb474
2,5647aba13823,5647aba13930
7,5647ab932c22,0
2,5647aba3b062,0
2,5647ababb821,0
2,5647aba33c67,0
2,5647aba1b425,0
1,5647a98bb026,0
2,5647aba1b43b,0
1,5647aba13c78,5647aba12b62
2,5647aba33878,0
7,5647aba1207f,5647aba11ea2
2,5647ab93383f,5647ab9343af
1,5647a93b3c7d,0
3,5647ababb83e,5647a93a8e80
2,5647aba3343e,0
2,5647aba3b07e,5647aba3b340
2,5647aba1307e,0
4,5647a939203c,5647a9392415
2,5647ab9bb43d,5647ab9bb458
2,5647aba33c73,0
2,5647aba33872,0
2,5647aba13c31,5647aba13c10
7,5647a9392073,5647aba94776
4,5647aba9a430,5647aba96004
2,5647a881b075,5647a881b0a8
2,5647aba33836,0
2,5647abab3c35,0
5,5647aba1a835,5647aba1cde0
2,5647ab91b434,5647ab91b4f0
3,5647aba1b434,5647a880abd0
3,5647aba33c48,5647aba5b1d0
3,5647ab933808,5647ab9c2200
2,5647aba1b40f,0
2,5647aba3b00e,0
2,5647aba3b04e,0
2,5647aba33c0d,0
1,5647ab91b403,5647ab91b198
1,5647ababb843,5647abaae9aa
2,5647abab3c42,0
2,5647a93b3c40,5647a93b3ca0
2,5647aba33802,0
2,5647ab9b3c42,5647ab9b42ca
2,5647aba3b000,0
3,5647aba3b040,5647ab8eea50
2,5647ab9bb400,5647ab9bb423
1,5647aba13000,0
2,5647aba13c47,5647aba14004
1,5647ab99b406,5647ab99a98f
7,5647aba12445,5647aba12187
7,5647a8b1a447,5647a936c4e6
7,5647aba3285a,5647aba30dcd
2,5647abab3c19,0
2,5647aba1b459,0
3,5647aba33459,5647a880a670
2,5647aba13c5e,0
2,5647aba1381e,5647aba137e8
1,5647aa89301c,5647aa892f21
2,5647aba1b01c,5647aba1b07c
2,5647aba3b05c,0
2,5647aba13053,0
2,5647ababb811,0
2,5647a93b3c13,5647a93b3bfe
2,5647abab3c50,0
3,5647aba1b450,0
1,5647aba3b410,5647aba3b1ae
2,5647aba33810,5647aba3382c
2,5647ab9b3c10,5647ab9b3c16
2,5647ab933817,5647ab933827
3,5647aa893017,5647ab8d6440
1,5647abab3c56,5647abaa76af
2,5647aba13c55,5647aba12a60
1,5647ab99b414,5647ab99ae7a
1,5647aba33c54,5647aba335e0
2,5647aba3b014,0
